rollout/ep_rew_mean,time/fps,train/ent_coef_loss,train/critic_loss,train/n_updates,time/total_timesteps,train/ent_coef,time/time_elapsed,time/episodes,train/actor_loss,rollout/ep_len_mean,train/learning_rate,eval/mean_reward,eval/mean_ep_length
-131.41036925,96,-4.04229736328125,0.8392517566680908,1017,1118,0.7375020980834961,11,4,-22.269805908203125,279.5,0.0003,,
-74.9452945,94,-4.982616424560547,2.041405200958252,1265,1366,0.6851127743721008,14,8,-25.641159057617188,170.75,0.0003,,
-101.14159208333335,91,-9.580362319946289,2.605660915374756,2545,2646,0.47011956572532654,28,12,-34.93885803222656,220.5,0.0003,,
-79.665624125,91,-10.108070373535156,3.0801377296447754,2716,2817,0.4472167193889618,30,16,-35.26197814941406,176.0625,0.0003,,
-70.37245035,91,-10.917184829711914,4.82961368560791,3003,3104,0.4115086793899536,33,20,-37.120567321777344,155.2,0.0003,,
-84.050627125,90,-14.161134719848633,3.7921271324157715,4250,4351,0.2878060042858124,48,24,-38.777557373046875,181.29166666666666,0.0003,,
,,-15.363862991333008,5.101390838623047,4899,5000,0.23952187597751617,,,-37.89078140258789,,0.0003,330.5890148985189,926.2
-113.78268592857141,74,-17.910940170288086,4.314210414886475,6286,6387,0.1620876044034958,86,28,-36.588279724121094,228.10714285714286,0.0003,,
-105.79841174999999,74,-18.650259017944336,4.8842878341674805,6771,6872,0.1414816528558731,92,32,-35.638404846191406,214.75,0.0003,,
-112.14409124999999,76,-20.009296417236328,3.3781604766845703,8151,8252,0.09667718410491943,108,36,-31.285316467285156,229.22222222222223,0.0003,,
-113.74363127500001,77,-20.861604690551758,2.9619598388671875,9341,9442,0.06975336372852325,122,40,-28.399885177612305,236.05,0.0003,,
,,-19.4964599609375,3.242521047592163,9899,10000,0.05996505916118622,,,-26.096546173095703,,0.0003,-34.40942626352844,435.6
-110.39664711363638,73,-20.62961196899414,2.885338544845581,9925,10026,0.05955132842063904,135,44,-26.536691665649414,227.86363636363637,0.0003,,
-107.3764618125,74,-17.228607177734375,2.2804760932922363,11138,11239,0.04324832931160927,149,48,-22.847902297973633,234.14583333333334,0.0003,,
-99.79992805769231,76,-16.076370239257812,2.1779956817626953,12454,12555,0.031161293387413025,164,52,-21.152488708496094,241.44230769230768,0.0003,,
-91.93489469642859,77,-11.550691604614258,1.9223229885101318,14463,14564,0.019388731569051743,187,56,-17.664466857910156,260.07142857142856,0.0003,,
,,-9.802523612976074,2.0448131561279297,14899,15000,0.01764226332306862,,,-16.93329429626465,,0.0003,291.9424575117417,758.5
-77.74810996666666,74,-5.720084190368652,1.8210279941558838,16407,16508,0.013424579054117203,221,60,-16.101699829101562,275.1333333333333,0.0003,,
,,-0.5002083778381348,1.6131526231765747,19899,20000,0.012080801650881767,,,-16.889196395874023,,0.0003,660.18856126779,910.3
-42.36792051562501,72,0.9344856142997742,1.3959870338439941,20407,20508,0.012566360644996166,281,64,-17.007856369018555,320.4375,0.0003,,
-0.7212411911764806,75,1.3784412145614624,0.9156016111373901,24407,24508,0.01540625374764204,324,68,-20.738203048706055,360.4117647058824,0.0003,,
,,0.40955308079719543,1.0127756595611572,24899,25000,0.0158042311668396,,,-21.147708892822266,,0.0003,837.7069518185687,1000.0
44.28763363888888,74,-0.35780856013298035,1.2248857021331787,28407,28508,0.018399331718683243,382,72,-26.93950843811035,395.94444444444446,0.0003,,
,,0.9894431829452515,0.9518676996231079,29899,30000,0.01877686381340027,,,-28.395910263061523,,0.0003,855.4894298065453,1000.0
83.57526023684208,73,0.2082183063030243,1.016495704650879,32407,32508,0.01994197629392147,440,76,-31.82082748413086,427.7368421052632,0.0003,,
,,0.7545595169067383,1.0020431280136108,34899,35000,0.02092396840453148,,,-35.551841735839844,,0.0003,650.9726931981728,857.0
117.88261474999999,72,-0.0997610092163086,0.9370816946029663,36407,36508,0.021760504692792892,500,80,-36.15913009643555,456.35,0.0003,,
119.14323375,73,2.3306984901428223,1.330875039100647,38724,38825,0.021878516301512718,527,84,-38.948673248291016,462.20238095238096,0.0003,,
,,-0.1412060558795929,1.30525541305542,39899,40000,0.021889546886086464,,,-40.19725036621094,,0.0003,646.5270846241503,915.2
131.7338858068182,72,-0.18972983956336975,1.1852974891662598,40896,40997,0.021979443728923798,565,88,-40.67815399169922,465.875,0.0003,,
152.7886066521739,73,-0.2027570605278015,1.1115509271621704,44896,44997,0.021869197487831116,612,92,-42.67572021484375,489.0978260869565,0.0003,,
,,-0.5659154653549194,1.1780734062194824,44899,45000,0.021861471235752106,,,-41.675453186035156,,0.0003,887.1502622746397,1000.0
175.59649442708334,72,-0.15978235006332397,0.8543661832809448,48896,48997,0.021918896585702896,673,96,-44.725807189941406,510.3854166666667,0.0003,,
,,-0.6843939423561096,0.9008869528770447,49899,50000,0.02217787690460682,,,-44.54389572143555,,0.0003,892.4361533260904,1000.0
202.46647515,72,1.2954211235046387,0.8227554559707642,52896,52997,0.023120993748307228,734,100,-46.95160675048828,529.97,0.0003,,
,,-0.5795557498931885,0.7672479152679443,54899,55000,0.023111630231142044,,,-46.96238327026367,,0.0003,913.1578368175309,1000.0
242.08895639,71,-0.1151224672794342,0.8079954385757446,56896,56997,0.022666869685053825,795,104,-49.72572326660156,558.79,0.0003,,
,,-1.388108491897583,0.9987513422966003,59899,60000,0.02319442667067051,,,-51.02122497558594,,0.0003,807.7620634806342,1000.0
266.65892787,70,0.23264595866203308,0.8735742568969727,59910,60011,0.023175636306405067,845,108,-51.203277587890625,586.45,0.0003,,
306.88734047,71,-0.45805540680885315,0.9245301485061646,63910,64011,0.023226218298077583,890,112,-52.86043930053711,613.65,0.0003,,
,,-0.5782766342163086,0.63646000623703,64899,65000,0.022692425176501274,,,-53.15949630737305,,0.0003,740.2277743263955,1000.0
329.2595807099999,71,0.1324138045310974,0.811550498008728,67910,68011,0.022528938949108124,951,116,-54.12454605102539,651.94,0.0003,,
,,1.6137890815734863,0.9488041400909424,69899,70000,0.022334445267915726,,,-54.24721908569336,,0.0003,919.7523195711022,1000.0
347.4988489,70,-1.1537185907363892,0.7223780155181885,70051,70152,0.022471925243735313,991,120,-54.820465087890625,670.48,0.0003,,
388.15197952999995,71,0.3174991309642792,0.8135112524032593,74051,74152,0.023161496967077255,1035,124,-55.69624328613281,698.01,0.0003,,
,,1.048511266708374,0.8621028065681458,74899,75000,0.022684067487716675,,,-56.38642120361328,,0.0003,753.0422058346303,907.0
425.85810795,71,-0.7239488959312439,0.8614399433135986,77244,77345,0.022915367037057877,1084,128,-55.990509033203125,709.58,0.0003,,
,,-0.4278314709663391,0.9031343460083008,79899,80000,0.02238190732896328,,,-56.361351013183594,,0.0003,898.0664871625777,1000.0
461.0177534,71,0.604849100112915,0.7819228768348694,81244,81345,0.02246592380106449,1142,132,-57.864593505859375,744.73,0.0003,,
,,-0.10773082822561264,0.6549712419509888,84899,85000,0.021870167925953865,,,-59.445892333984375,,0.0003,829.6160875544417,904.0
500.16495449,71,0.44477546215057373,0.6439149975776672,85244,85345,0.021972190588712692,1199,136,-58.713008880615234,770.93,0.0003,,
528.8825643700001,71,0.20038291811943054,0.703272819519043,88257,88358,0.02216155454516411,1233,140,-58.58842468261719,789.16,0.0003,,
,,1.0742011070251465,0.6267315149307251,89899,90000,0.021626342087984085,,,-59.26774215698242,,0.0003,904.4786020362168,1000.0
566.4367721599999,71,0.07747727632522583,0.6434406042098999,92257,92358,0.021709999069571495,1291,144,-59.487274169921875,823.32,0.0003,,
,,-0.46094846725463867,0.6663629412651062,94899,95000,0.020974991843104362,,,-60.62300109863281,,0.0003,906.6881344309775,1000.0
594.5766939199999,71,-0.5095753073692322,0.5939231514930725,95267,95368,0.02158488892018795,1338,148,-60.577972412109375,841.29,0.0003,,
620.58719882,71,0.7728513479232788,0.5853438973426819,98310,98411,0.02115735411643982,1372,152,-61.86969757080078,858.56,0.0003,,
,,-1.215047836303711,0.6568249464035034,99899,100000,0.02140471339225769,,,-62.182533264160156,,0.0003,592.3779611614998,727.7
652.5895625600001,71,1.2032980918884277,0.8169870376586914,102310,102411,0.02081264555454254,1425,156,-62.052677154541016,878.47,0.0003,,
,,-0.0986429899930954,0.7884383201599121,104899,105000,0.021370315924286842,,,-62.53594207763672,,0.0003,811.2836714126461,1000.0
670.58570691,71,0.22841188311576843,0.6124516129493713,106097,106198,0.020285559818148613,1481,160,-62.42677307128906,896.9,0.0003,,
660.09647922,71,0.11482657492160797,0.5449534058570862,107212,107313,0.020768603309988976,1493,164,-62.99661636352539,868.05,0.0003,,
,,-0.05542370676994324,0.9967851638793945,109899,110000,0.020331261679530144,,,-63.059295654296875,,0.0003,520.4481196748868,934.7
658.77558223,71,-0.603791356086731,0.596773624420166,110229,110330,0.020680228248238564,1541,168,-62.60608673095703,858.22,0.0003,,
660.2838532000001,72,-0.20386797189712524,0.8301650285720825,114229,114330,0.019832812249660492,1586,172,-62.85166549682617,858.22,0.0003,,
,,0.7829573154449463,0.4819222092628479,114899,115000,0.020032517611980438,,,-63.08753204345703,,0.0003,890.7053310463671,1000.0
663.5903285500001,71,0.22616401314735413,0.42318636178970337,118229,118330,0.019782867282629013,1645,176,-64.01002502441406,858.22,0.0003,,
,,-1.6245992183685303,0.7672204971313477,119899,120000,0.01919371820986271,,,-63.0233268737793,,0.0003,804.0135717087891,902.1
667.6007314200001,71,-0.1267806589603424,0.5932711958885193,122229,122330,0.01951170340180397,1701,180,-63.70183563232422,858.22,0.0003,,
,,1.280361294746399,0.6333370208740234,124899,125000,0.019252516329288483,,,-64.65544128417969,,0.0003,755.4788927785121,908.8
696.1321546300001,71,-0.031386688351631165,0.660831093788147,126229,126330,0.01973404921591282,1758,184,-64.21055603027344,875.05,0.0003,,
,,0.5567852258682251,0.5639387369155884,129899,130000,0.019580060616135597,,,-65.88033294677734,,0.0003,874.7011677376926,1000.0
714.94312928,71,0.43537819385528564,0.5134872794151306,130229,130330,0.01917974278330803,1817,188,-65.59750366210938,893.33,0.0003,,
715.4744592500001,72,0.32544341683387756,0.6303576231002808,134229,134330,0.018693994730710983,1861,192,-65.85552978515625,893.33,0.0003,,
,,0.8457895517349243,0.7758325338363647,134899,135000,0.018181953579187393,,,-65.16313934326172,,0.0003,905.7623308898416,1000.0
721.21122265,72,-0.9267851114273071,0.6238316297531128,138229,138330,0.018831759691238403,1918,196,-65.39019775390625,893.33,0.0003,,
,,0.8370339274406433,0.3378714323043823,139899,140000,0.018397953361272812,,,-66.08890533447266,,0.0003,902.833232218986,1000.0
721.79587671,71,0.9354633092880249,0.5744632482528687,142229,142330,0.018510857596993446,1978,200,-65.76380157470703,893.33,0.0003,,
,,-1.3390674591064453,0.4900146722793579,144899,145000,0.018902618438005447,,,-66.78565216064453,,0.0003,917.2136253900826,1000.0
722.0885858000001,71,-0.47524821758270264,0.5351738929748535,146229,146330,0.019040348008275032,2039,204,-66.43043518066406,893.33,0.0003,,
724.3081199900001,72,0.48288825154304504,0.9332154989242554,149260,149361,0.018395278602838516,2072,208,-66.45765686035156,893.5,0.0003,,
,,-0.6388764977455139,0.4206838607788086,149899,150000,0.019016729667782784,,,-66.77418518066406,,0.0003,907.6304989901255,1000.0
716.6671387700001,71,-0.0770263522863388,0.5368762016296387,152310,152411,0.01845136098563671,2118,212,-66.47827911376953,884.0,0.0003,,
,,-0.007851436734199524,0.3958117961883545,154899,155000,0.017793312668800354,,,-67.45203399658203,,0.0003,917.8422636337316,1000.0
723.4109889199999,71,0.9307935237884521,0.5571498870849609,156310,156411,0.01850583776831627,2177,216,-66.86723327636719,884.0,0.0003,,
,,-0.4486795961856842,0.5186498165130615,159899,160000,0.01732996292412281,,,-67.21224975585938,,0.0003,914.9984300025739,1000.0
741.0864853400001,71,0.03080180287361145,0.3817662000656128,160310,160411,0.017263947054743767,2233,220,-67.41902923583984,902.59,0.0003,,
741.0397145100001,72,-0.1907767802476883,0.6781471967697144,164310,164411,0.018409959971904755,2279,224,-67.6343994140625,902.59,0.0003,,
,,0.8370981216430664,0.512847363948822,164899,165000,0.017624150961637497,,,-67.23768615722656,,0.0003,922.6689067552797,1000.0
750.2488063100001,72,-0.5614070892333984,0.4370627701282501,168310,168411,0.01810789294540882,2339,228,-68.23220825195312,910.66,0.0003,,
,,0.34972208738327026,0.33987119793891907,169899,170000,0.017175063490867615,,,-68.6998062133789,,0.0003,920.4071478826925,1000.0
743.2960694200001,71,1.0930423736572266,0.3864292502403259,171337,171438,0.01793610118329525,2385,232,-67.64594268798828,900.93,0.0003,,
736.9497923399999,72,0.008243530988693237,0.4953519403934479,174441,174542,0.017441637814044952,2418,236,-68.444580078125,891.97,0.0003,,
,,0.3021999001502991,0.6483315229415894,174899,175000,0.017068959772586823,,,-69.02816772460938,,0.0003,800.1781216877513,903.9
748.0756906199999,72,0.30756086111068726,0.7007638216018677,178441,178542,0.017440065741539,2476,240,-68.37803649902344,901.84,0.0003,,
,,-0.7046521902084351,0.5861326456069946,179899,180000,0.01760047674179077,,,-68.57262420654297,,0.0003,831.6168127426703,903.0
748.70459629,72,0.23576343059539795,0.6625525951385498,182441,182542,0.016684604808688164,2533,244,-68.48374938964844,901.84,0.0003,,
,,1.4663456678390503,0.39782512187957764,184899,185000,0.01711409166455269,,,-70.15498352050781,,0.0003,835.6085997937713,1000.0
748.5891646500002,71,-0.09028889238834381,0.25369030237197876,186441,186542,0.016752054914832115,2591,248,-70.21383666992188,911.74,0.0003,,
741.2720357900001,72,-0.41996267437934875,0.8043715953826904,188571,188672,0.016584036871790886,2615,252,-69.54403686523438,902.61,0.0003,,
,,-0.38221922516822815,0.49296656250953674,189899,190000,0.016565686091780663,,,-69.84455108642578,,0.0003,731.1658168694514,905.2
735.45872714,72,-0.5085214376449585,0.3675400912761688,191657,191758,0.016622276976704597,2662,256,-70.33341979980469,893.47,0.0003,,
,,-0.13332273066043854,0.4050268530845642,194899,195000,0.017251940444111824,,,-69.90985107421875,,0.0003,841.232921030838,901.8
747.27020573,71,-0.2388235479593277,0.4200269281864166,195657,195758,0.016655217856168747,2720,260,-69.52503967285156,895.6,0.0003,,
772.9160539700001,72,0.48420777916908264,0.5149276852607727,199657,199758,0.01577644608914852,2766,264,-70.21945190429688,924.45,0.0003,,
,,0.06901350617408752,1.0906304121017456,199899,200000,0.01683071255683899,,,-70.0275650024414,,0.0003,917.684814994107,1000.0
782.8655136699999,72,-0.13333247601985931,0.6130791902542114,203657,203758,0.016309985890984535,2828,268,-69.52796173095703,934.28,0.0003,,
,,-0.10179302096366882,0.5089210271835327,204899,205000,0.015817144885659218,,,-69.96427917480469,,0.0003,927.9614784431469,1000.0
783.6810694000003,71,-0.19755201041698456,0.33073365688323975,207657,207758,0.01670205220580101,2889,272,-70.6708984375,934.28,0.0003,,
,,-0.4654110074043274,0.37552833557128906,209899,210000,0.01699436455965042,,,-71.53712463378906,,0.0003,831.2668825817324,902.5
783.7244500699999,71,0.1686304360628128,0.400773823261261,211657,211758,0.016380317509174347,2950,276,-70.73026275634766,934.28,0.0003,,
,,-0.8446295261383057,0.3557421565055847,214899,215000,0.016240496188402176,,,-71.35601043701172,,0.0003,812.6200952576007,903.3
784.0894084099999,71,0.4712308645248413,0.3359178304672241,215657,215758,0.015518708154559135,3012,280,-70.64212036132812,934.28,0.0003,,
784.7525138399999,71,0.18851740658283234,0.5150406360626221,219657,219758,0.01588251069188118,3060,284,-70.90556335449219,934.28,0.0003,,
,,0.2526540458202362,0.348288893699646,219899,220000,0.016217784956097603,,,-71.88406372070312,,0.0003,844.1808855330571,903.3
785.4276519399998,71,-0.01837638020515442,0.31686216592788696,223657,223758,0.015764927491545677,3123,288,-71.9784164428711,934.28,0.0003,,
,,1.2589359283447266,0.7181081175804138,224899,225000,0.016028497368097305,,,-71.05655670166016,,0.0003,928.4786308318202,1000.0
795.2381005300001,71,-1.0612716674804688,0.3448077142238617,227657,227758,0.016168227419257164,3187,292,-72.09061431884766,934.28,0.0003,,
,,-1.0189579725265503,0.386867880821228,229899,230000,0.01643429324030876,,,-71.16268157958984,,0.0003,927.2072146832943,1000.0
796.4083203500002,71,0.5614364147186279,0.48543041944503784,231657,231758,0.0160828847438097,3249,296,-72.26095581054688,934.28,0.0003,,
,,-0.22722552716732025,0.30527785420417786,234899,235000,0.016345394775271416,,,-72.31219482421875,,0.0003,724.1590649353806,807.4
797.34472536,71,-1.24088454246521,0.38934585452079773,235657,235758,0.015851937234401703,3309,300,-72.19068908691406,934.28,0.0003,,
780.25041352,71,0.33083784580230713,0.38385307788848877,237804,237905,0.015076843090355396,3333,304,-72.41230773925781,915.75,0.0003,,
,,0.10058456659317017,0.3271723985671997,239899,240000,0.015345071442425251,,,-72.7928466796875,,0.0003,727.2307408560998,813.0
788.9136526500001,71,0.9911720752716064,0.4649929106235504,241804,241905,0.016559619456529617,3393,308,-72.14602661132812,925.44,0.0003,,
,,-0.3364487290382385,0.44672149419784546,244899,245000,0.015675222501158714,,,-73.51263427734375,,0.0003,724.4674234330189,916.5
788.7206402900001,71,0.0736541748046875,0.49147945642471313,245804,245905,0.016735615208745003,3453,312,-71.93815612792969,934.94,0.0003,,
795.4189067600001,71,-0.06968164443969727,0.6346577405929565,249804,249905,0.01676122657954693,3499,316,-71.95911407470703,934.94,0.0003,,
,,-0.7501254677772522,0.5047284960746765,249899,250000,0.016629435122013092,,,-72.73014068603516,,0.0003,895.249069900997,1000.0
796.0259255299998,71,0.6961762309074402,0.3494908809661865,253804,253905,0.015414382331073284,3561,320,-72.00115966796875,934.94,0.0003,,
,,-0.33721813559532166,0.5022687315940857,254899,255000,0.01644088514149189,,,-72.611083984375,,0.0003,818.082628027047,901.8
796.76868527,71,1.6120940446853638,0.6833778023719788,257804,257905,0.015798315405845642,3619,324,-72.56838989257812,934.94,0.0003,,
,,0.7764812707901001,0.5249230861663818,259899,260000,0.016234030947089195,,,-73.36154174804688,,0.0003,935.7437258917838,1000.0
796.8509354499998,71,-0.3077508509159088,0.48938214778900146,261804,261905,0.01619146578013897,3677,328,-73.10577392578125,934.94,0.0003,,
,,-0.9858903884887695,0.5015898942947388,264899,265000,0.016163509339094162,,,-72.61753845214844,,0.0003,824.4837510248647,901.3
805.90162155,71,0.18091708421707153,0.6925308704376221,265804,265905,0.0156423170119524,3735,332,-73.15632629394531,944.67,0.0003,,
798.7960993199999,71,0.6299608945846558,1.112540364265442,269804,269905,0.016520680859684944,3781,336,-74.00148010253906,953.63,0.0003,,
,,-0.7430277466773987,1.3100478649139404,269899,270000,0.01643260009586811,,,-75.03094482421875,,0.0003,245.9253833944269,903.5
786.5052576800001,71,-0.9520432949066162,0.6823978424072266,272829,272930,0.016569556668400764,3829,340,-75.94245147705078,943.88,0.0003,,
,,-0.5478304624557495,1.225254774093628,274899,275000,0.015796823427081108,,,-74.12782287597656,,0.0003,520.3573550955145,822.9
769.6459059700002,71,0.43360769748687744,1.876431941986084,275448,275549,0.016886800527572632,3871,344,-76.36567687988281,930.07,0.0003,,
777.97328738,71,0.4532712697982788,0.8822762966156006,279448,279549,0.016872594133019447,3917,348,-74.60226440429688,930.07,0.0003,,
,,0.004262655973434448,1.226729393005371,279899,280000,0.016447236761450768,,,-73.57979583740234,,0.0003,658.6457153353774,1000.0
758.36834522,71,-0.7125576138496399,0.7106105089187622,282474,282575,0.01564610004425049,3967,352,-74.44786071777344,939.03,0.0003,,
733.56707126,71,0.9104176759719849,0.6983535289764404,284851,284952,0.015177791938185692,3994,356,-74.3561019897461,931.94,0.0003,,
,,1.4235762357711792,1.5466675758361816,284899,285000,0.015435255132615566,,,-75.81278991699219,,0.0003,375.9591807509951,859.1
710.7688228999999,71,-0.14989370107650757,0.8514424562454224,287882,287983,0.015640422701835632,4042,360,-75.27137756347656,922.25,0.0003,,
,,-1.2176899909973145,0.6778275370597839,289899,290000,0.016777267679572105,,,-73.29273223876953,,0.0003,580.9515827819239,1000.0
704.4776534400002,71,0.001667022705078125,1.5462305545806885,291882,291983,0.016749968752264977,4102,364,-74.28892517089844,922.25,0.0003,,
,,-0.269282728433609,1.329278588294983,294899,295000,0.01620784029364586,,,-75.98167419433594,,0.0003,913.7885897234082,1000.0
702.6249459799999,71,-1.0456476211547852,1.0605765581130981,295882,295983,0.01634558103978634,4163,368,-73.2011947631836,922.25,0.0003,,
702.6503287699999,71,-0.632953941822052,1.573439598083496,299882,299983,0.0159962996840477,4208,372,-74.7860107421875,922.25,0.0003,,
,,-0.26777106523513794,0.4643082916736603,299899,300000,0.015943024307489395,,,-73.64579772949219,,0.0003,759.4037335841451,1000.0
696.0771230500001,71,0.34071114659309387,0.46327000856399536,303882,303983,0.017019163817167282,4269,376,-72.47013092041016,922.25,0.0003,,
,,0.031807899475097656,0.7053570747375488,304899,305000,0.017207082360982895,,,-73.07633972167969,,0.0003,785.1733319051564,832.8
683.45643952,71,-0.10113561153411865,0.46923428773880005,307882,307983,0.016465865075588226,4329,380,-74.34757232666016,922.25,0.0003,,
,,1.3318374156951904,0.5605856776237488,309899,310000,0.015442734584212303,,,-73.56590270996094,,0.0003,558.4946002403798,906.5
666.9584914400002,71,-0.5946475267410278,0.9101896286010742,310988,311089,0.015337076038122177,4381,384,-73.83587646484375,913.31,0.0003,,
,,0.03719392418861389,0.9245089292526245,314899,315000,0.01603911630809307,,,-72.7894287109375,,0.0003,625.6733279043343,906.9
658.9493187800002,70,-0.11298878490924835,0.6877707839012146,314988,315089,0.016059650108218193,4440,388,-73.82463836669922,913.31,0.0003,,
655.23375836,71,-1.1331229209899902,0.7115325927734375,318988,319089,0.01582389697432518,4486,392,-73.96351623535156,913.31,0.0003,,
,,1.7529405355453491,3.608447790145874,319899,320000,0.016124088317155838,,,-73.700439453125,,0.0003,951.0695251937956,1000.0
656.2551665399999,71,-0.6265029907226562,0.6049712896347046,322988,323089,0.015353473834693432,4547,396,-72.8121337890625,913.31,0.0003,,
,,0.7604516744613647,0.27509546279907227,324899,325000,0.014798009768128395,,,-73.69181823730469,,0.0003,943.6280432082713,1000.0
655.7981137300001,70,0.8809413909912109,0.4564242362976074,326988,327089,0.015228922478854656,4607,400,-73.41488647460938,913.31,0.0003,,
,,-0.11676850914955139,0.3732273280620575,329899,330000,0.014504029415547848,,,-73.56863403320312,,0.0003,898.9077686887234,1000.0
673.88951785,70,0.37491574883461,0.6936533451080322,330988,331089,0.014796916395425797,4669,404,-74.21945190429688,931.84,0.0003,,
,,-0.8726670145988464,0.32924115657806396,334899,335000,0.014725425280630589,,,-73.33795928955078,,0.0003,907.4442761207931,1000.0
675.37451534,70,-0.9595967531204224,0.46754395961761475,334988,335089,0.014539004303514957,4730,408,-73.94828796386719,931.84,0.0003,,
676.3536271599999,70,-0.8430616855621338,0.2659548819065094,338020,338121,0.014560503885149956,4766,412,-73.7885971069336,922.16,0.0003,,
,,0.19703799486160278,0.3649132251739502,339899,340000,0.014356682077050209,,,-73.0276107788086,,0.0003,918.3891205934808,1000.0
677.48146741,70,0.5508983731269836,0.18565325438976288,342020,342121,0.014117195270955563,4826,416,-75.04680633544922,922.16,0.0003,,
,,1.1247859001159668,0.38124483823776245,344899,345000,0.01508317794650793,,,-74.1345443725586,,0.0003,949.689712246973,1000.0
677.9966999599998,70,0.6668668389320374,0.42590171098709106,346020,346121,0.014283155091106892,4883,420,-74.589111328125,922.16,0.0003,,
,,-1.0156176090240479,0.3492799699306488,349899,350000,0.014634446240961552,,,-74.0533447265625,,0.0003,833.6304390855133,1000.0
679.9035230999999,70,-0.24055331945419312,0.27550551295280457,350020,350121,0.0143716000020504,4944,424,-73.94711303710938,922.16,0.0003,,
681.2254703799999,70,0.1515808403491974,0.30406755208969116,354020,354121,0.014573737047612667,4991,428,-74.62466430664062,922.16,0.0003,,
,,0.452057421207428,0.5425255298614502,354899,355000,0.014810151420533657,,,-74.19918823242188,,0.0003,951.3565341783687,1000.0
683.3459980399999,70,0.1759851723909378,0.3143564462661743,358020,358121,0.014364508911967278,5053,432,-74.81360626220703,922.16,0.0003,,
,,-0.20866113901138306,0.2827504575252533,359899,360000,0.014733467251062393,,,-75.5837631225586,,0.0003,802.5280619421858,1000.0
697.1565788599999,70,-0.38685137033462524,0.2587122321128845,362020,362121,0.01474533136934042,5115,436,-75.46463012695312,922.16,0.0003,,
,,0.2172611951828003,0.39196038246154785,364899,365000,0.014214932918548584,,,-72.86054992675781,,0.0003,954.4210514622857,1000.0
704.0821463500001,70,-0.13107162714004517,0.3394450545310974,366020,366121,0.014868507161736488,5176,440,-74.46726989746094,931.91,0.0003,,
,,-0.061532795429229736,0.2811933755874634,369899,370000,0.014552251435816288,,,-76.02371215820312,,0.0003,892.3885297930799,1000.0
722.54249312,70,0.4509694278240204,0.14139486849308014,370020,370121,0.014329208992421627,5237,444,-74.59971618652344,945.72,0.0003,,
725.2598220499999,70,0.23812420666217804,0.7498157024383545,374020,374121,0.014106678776443005,5284,448,-76.3187255859375,945.72,0.0003,,
,,0.09203635156154633,0.3176773488521576,374899,375000,0.014217128977179527,,,-75.65644836425781,,0.0003,888.9212274204008,1000.0
752.55079862,70,0.9863029718399048,0.2673853039741516,377084,377185,0.014213597401976585,5334,452,-76.21644592285156,946.1,0.0003,,
,,-0.10570946335792542,0.404582142829895,379899,380000,0.014946864917874336,,,-76.08240509033203,,0.0003,933.6697640046477,1000.0
785.9731428700002,70,-0.1873517632484436,0.3878898322582245,381084,381185,0.01347997598350048,5395,456,-76.34766387939453,962.33,0.0003,,
,,1.573673963546753,0.5645753741264343,384899,385000,0.013836138881742954,,,-75.7753677368164,,0.0003,858.135672509647,905.1
811.8192211599999,70,0.16608327627182007,0.453385591506958,385084,385185,0.014159769751131535,5455,460,-75.83567810058594,972.02,0.0003,,
814.7234556899997,70,0.010631367564201355,0.24631544947624207,388464,388565,0.014172698371112347,5494,464,-76.64427185058594,965.82,0.0003,,
,,0.5136463642120361,0.5663860440254211,389899,390000,0.014138059690594673,,,-76.98007202148438,,0.0003,901.1053650886752,1000.0
806.2959109599999,70,-0.034146759659051895,0.3157435357570648,391505,391606,0.014562566764652729,5544,468,-76.28950500488281,956.23,0.0003,,
,,0.2957262396812439,0.4084492325782776,394899,395000,0.013908585533499718,,,-76.65707397460938,,0.0003,785.9337508365046,904.2
802.8071221,70,-0.32533660531044006,0.30855593085289,395026,395127,0.014211537316441536,5598,472,-76.8203353881836,951.44,0.0003,,
810.8896027499998,70,0.33712154626846313,0.5007717609405518,399026,399127,0.013762745074927807,5645,476,-76.94325256347656,951.44,0.0003,,
,,-0.23213651776313782,0.3181114196777344,399899,400000,0.013981818221509457,,,-76.11190032958984,,0.0003,817.8289994148574,1000.0
825.92230956,70,0.9815643429756165,0.5727022290229797,403026,403127,0.013935917057096958,5706,480,-76.27108001708984,951.44,0.0003,,
,,-0.09529292583465576,0.28934621810913086,404899,405000,0.014858010224997997,,,-76.53546142578125,,0.0003,900.9652461586986,1000.0
845.0041075900001,70,0.43050211668014526,0.2506057024002075,407026,407127,0.013756873086094856,5767,484,-77.64179229736328,960.38,0.0003,,
,,-1.4643871784210205,0.3359415531158447,409899,410000,0.014350686222314835,,,-76.73786163330078,,0.0003,795.1839806668344,904.4
845.85013772,70,0.1264619082212448,0.2570120096206665,410056,410157,0.01408768817782402,5815,488,-77.95109558105469,950.68,0.0003,,
850.8947384900001,70,-1.068255066871643,0.35017359256744385,414056,414157,0.014418398961424828,5861,492,-78.09307861328125,950.68,0.0003,,
,,0.01583816111087799,0.4048301577568054,414899,415000,0.013882790692150593,,,-78.16145324707031,,0.0003,834.0283315077425,1000.0
843.0199207200001,70,0.19677504897117615,0.3893372416496277,417121,417222,0.014532842673361301,5912,496,-77.54598999023438,941.33,0.0003,,
,,-0.4484453499317169,0.3210163116455078,419899,420000,0.014715030789375305,,,-77.62775421142578,,0.0003,757.7634210815653,918.8
834.05816717,70,-0.1516246199607849,0.345226526260376,420143,420244,0.014550399035215378,5962,500,-79.19190979003906,931.55,0.0003,,
826.8788107400001,70,-1.7123148441314697,0.21049989759922028,424143,424244,0.015292245894670486,6008,504,-79.0506362915039,931.55,0.0003,,
,,-0.4955180883407593,0.4518980085849762,424899,425000,0.014310397207736969,,,-77.73432922363281,,0.0003,872.4505852136296,906.4
823.9020333699998,70,-0.45083528757095337,0.6796196699142456,428143,428244,0.014674934558570385,6068,508,-77.74385833740234,931.55,0.0003,,
,,0.7223082184791565,0.40917909145355225,429899,430000,0.014521378092467785,,,-78.60282135009766,,0.0003,927.9881663836538,1000.0
826.81694631,70,0.09783601760864258,0.38710734248161316,432143,432244,0.01520596444606781,6129,512,-77.46083068847656,941.23,0.0003,,
,,0.6600132584571838,0.25951340794563293,434899,435000,0.015516258776187897,,,-79.12703704833984,,0.0003,939.4304318190086,1000.0
824.6279373499998,70,-0.5761895179748535,0.4181436002254486,436143,436244,0.01504474226385355,6189,516,-78.9071044921875,941.23,0.0003,,
,,0.1686995029449463,0.29557546973228455,439899,440000,0.015088465996086597,,,-78.69700622558594,,0.0003,937.9643208788708,1000.0
825.55765385,70,-0.3845745325088501,0.3735836446285248,440143,440244,0.015127914026379585,6251,520,-79.21559143066406,941.23,0.0003,,
821.9801906100001,70,-0.4852810502052307,0.21075062453746796,444143,444244,0.01495251152664423,6295,524,-78.09872436523438,941.23,0.0003,,
,,0.47500765323638916,0.5096834897994995,444899,445000,0.015450255014002323,,,-77.17425537109375,,0.0003,958.6100644015823,1000.0
818.8379853200001,70,-0.24811933934688568,1.0668977499008179,447691,447792,0.016134101897478104,6352,528,-78.47125244140625,936.71,0.0003,,
,,-0.6348015069961548,0.32272791862487793,449899,450000,0.015923628583550453,,,-77.57402038574219,,0.0003,1087.638680367072,1000.0
820.7198084099999,70,0.30258363485336304,0.44533059000968933,451691,451792,0.01585673727095127,6421,532,-78.35908508300781,936.71,0.0003,,
811.97560165,70,-0.8347213864326477,0.2885286808013916,453882,453983,0.016003241762518883,6448,536,-79.09214782714844,918.62,0.0003,,
,,-0.06950318813323975,0.4276638329029083,454899,455000,0.01637318730354309,,,-79.16118621826172,,0.0003,1004.2806883807643,1000.0
815.2201464,70,-0.046462297439575195,0.33734557032585144,457282,457383,0.016495807096362114,6507,540,-79.28750610351562,912.62,0.0003,,
803.9924018300002,70,-0.4651188850402832,0.5199397802352905,459630,459731,0.01600944623351097,6535,544,-78.65132141113281,896.1,0.0003,,
,,-0.9422452449798584,0.43259143829345703,459899,460000,0.015835897997021675,,,-79.58982849121094,,0.0003,801.1946781022867,822.8
802.8593597199999,70,-0.7751514911651611,0.2532622814178467,462564,462665,0.01606573909521103,6584,548,-78.91705322265625,885.44,0.0003,,
,,0.0734688937664032,0.4583805501461029,464899,465000,0.01628090813755989,,,-79.66170501708984,,0.0003,888.2194819119293,912.5
815.36782594,70,-1.3570724725723267,0.4456220865249634,466564,466665,0.01812637224793434,6646,552,-78.8206558227539,894.8,0.0003,,
799.83384209,70,0.16102316975593567,1.1017838716506958,469033,469134,0.01623976230621338,6675,556,-80.0077896118164,879.49,0.0003,,
,,0.3522511124610901,0.34416621923446655,469899,470000,0.016999268904328346,,,-78.9507827758789,,0.0003,772.7480986225419,706.0
799.2508005199999,70,-0.1837504804134369,0.47931885719299316,473033,473134,0.01642237789928913,6739,560,-79.82366943359375,879.49,0.0003,,
,,1.4991110563278198,0.3501867651939392,474899,475000,0.017267420887947083,,,-81.0559310913086,,0.0003,1051.7024306228384,831.8
814.1288430200002,70,-0.4115992784500122,0.6307666301727295,476770,476871,0.016676325350999832,6797,564,-80.64825439453125,883.06,0.0003,,
821.11046273,70,0.8008921146392822,0.4534987211227417,479546,479647,0.01701502501964569,6829,568,-82.77267456054688,880.41,0.0003,,
,,0.16509214043617249,0.621139645576477,479899,480000,0.016413265839219093,,,-82.06787872314453,,0.0003,1072.8520228278007,1000.0
829.9942499100001,70,1.5213987827301025,0.420797735452652,483546,483647,0.01778438128530979,6891,572,-81.63192749023438,885.2,0.0003,,
,,-0.9857186079025269,0.44647902250289917,484899,485000,0.01719578728079796,,,-81.26709747314453,,0.0003,1156.8707388676703,845.9
831.94615265,70,0.029128193855285645,1.576122760772705,486700,486801,0.017867527902126312,6940,576,-80.47610473632812,876.74,0.0003,,
,,-0.43612366914749146,0.6067227125167847,489899,490000,0.017851850017905235,,,-82.35442352294922,,0.0003,1086.525607347075,1000.0
840.1610393299999,70,0.588232159614563,0.321075439453125,490700,490801,0.016673613339662552,7002,580,-83.90128326416016,876.74,0.0003,,
854.87782261,70,-0.07720145583152771,0.44160792231559753,494700,494801,0.01728585734963417,7048,584,-85.0784912109375,876.74,0.0003,,
,,1.0160913467407227,0.7250375747680664,494899,495000,0.017913809046149254,,,-83.9312973022461,,0.0003,959.0188899808912,755.9
859.7997377099999,70,0.7900099754333496,0.4178507924079895,496930,497031,0.018137603998184204,7085,588,-83.1916275024414,868.74,0.0003,,
853.84803745,70,0.5046831369400024,0.7201316356658936,499193,499294,0.019262611865997314,7110,592,-84.30076599121094,851.37,0.0003,,
,,0.612713634967804,1.737945556640625,499899,500000,0.019348612055182457,,,-86.06596374511719,,0.0003,798.3683939152397,724.7
860.5084211,70,-0.5614112615585327,0.48360225558280945,502102,502203,0.01795906201004982,7155,596,-86.11337280273438,849.81,0.0003,,
854.7468891200001,70,0.14722010493278503,1.011879801750183,503767,503868,0.017702236771583557,7173,600,-86.31555938720703,836.24,0.0003,,
,,0.30735301971435547,0.4846699833869934,504899,505000,0.019594483077526093,,,-87.08860778808594,,0.0003,1530.2612523370888,933.8
868.25982941,70,-1.0714974403381348,1.4797043800354004,506746,506847,0.019175376743078232,7222,604,-88.33905029296875,826.03,0.0003,,
,,0.5777110457420349,1.4335482120513916,509899,510000,0.019172511994838715,,,-88.08790588378906,,0.0003,1570.4544095824472,1000.0
891.9699171699998,70,0.6058403849601746,0.6712892055511475,510746,510847,0.0196421779692173,7282,608,-88.35920715332031,826.03,0.0003,,
918.4444958500001,70,1.1051974296569824,0.8099998235702515,514746,514847,0.019911441951990128,7327,612,-89.69049835205078,826.03,0.0003,,
,,-0.08227086067199707,0.7046912908554077,514899,515000,0.019851814955472946,,,-90.49533081054688,,0.0003,879.3267206504242,658.5
938.5370947999999,70,-0.9520419836044312,0.6193283796310425,518746,518847,0.020312990993261337,7384,616,-92.2436294555664,826.03,0.0003,,
,,-0.16745510697364807,0.624774694442749,519899,520000,0.02052043192088604,,,-91.11244201660156,,0.0003,1375.2681696576299,867.4
950.26631389,70,-0.4090912342071533,0.946099042892456,521899,522000,0.020536839962005615,7433,620,-94.79853057861328,817.56,0.0003,,
,,-1.6585960388183594,0.9429786801338196,524899,525000,0.021211916580796242,,,-94.15101623535156,,0.0003,1815.604384240313,1000.0
981.5737880699999,70,-1.3524636030197144,0.713341236114502,525899,526000,0.02168848365545273,7493,624,-94.01099395751953,817.56,0.0003,,
,,-1.074897289276123,0.6702448129653931,529899,530000,0.02146923542022705,,,-96.1974105834961,,0.0003,1976.1218211597763,985.4
1021.6055899999999,70,,,,530000,,7552,628,,822.08,,,
1041.1721703100002,70,-0.28656816482543945,1.105525255203247,533625,533726,0.021692367270588875,7596,632,-99.83491516113281,819.34,0.0003,,
,,-0.10288317501544952,1.1700060367584229,534899,535000,0.022288834676146507,,,-102.18094635009766,,0.0003,1892.0306872788817,1000.0
1069.53547782,70,0.005844093859195709,1.5043641328811646,537625,537726,0.022344648838043213,7656,636,-99.86648559570312,837.43,0.0003,,
,,1.5778558254241943,1.454009771347046,539899,540000,0.021442387253046036,,,-103.01414489746094,,0.0003,1450.5566158192232,919.7
1110.7841367699998,70,-1.079731822013855,0.851975679397583,541625,541726,0.02252921834588051,7716,640,-101.89488220214844,843.43,0.0003,,
1148.11272612,70,0.3993438482284546,1.4157108068466187,544873,544974,0.023681625723838806,7753,644,-104.65994262695312,852.43,0.0003,,
,,0.4301847219467163,0.8853893280029297,544899,545000,0.023618711158633232,,,-106.20156860351562,,0.0003,1620.1307810268713,966.7
1184.6554351200002,70,-2.074786901473999,0.9257069826126099,548873,548974,0.025144947692751884,7812,648,-104.80322265625,863.09,0.0003,,
,,-0.7879732847213745,1.153621792793274,549899,550000,0.024067575111985207,,,-106.99539184570312,,0.0003,1616.0917361884494,881.3
1209.26905595,70,-0.40578365325927734,4.602579593658447,552444,552545,0.02551533654332161,7868,652,-109.15257263183594,858.8,0.0003,,
,,-0.4414910674095154,1.3305150270462036,554899,555000,0.022957902401685715,,,-111.1265640258789,,0.0003,1514.0710404439335,869.7
1258.8191212399997,70,1.0358656644821167,1.0654405355453491,556444,556545,0.024320565164089203,7925,656,-108.51128387451172,874.11,0.0003,,
,,0.16538789868354797,1.0666301250457764,559899,560000,0.023725835606455803,,,-113.75518035888672,,0.0003,1181.0801716607298,868.9
1286.4225097899998,70,1.512426733970642,0.8613864183425903,560444,560545,0.023029925301671028,7984,660,-111.02849578857422,874.11,0.0003,,
1306.4991324,70,0.3438158631324768,0.8134250044822693,564444,564545,0.022724637761712074,8031,664,-115.63367462158203,876.74,0.0003,,
,,-0.22075581550598145,1.2291913032531738,564899,565000,0.024525238201022148,,,-115.21147918701172,,0.0003,1371.0353087827564,741.1
1329.74530036,70,0.029792845249176025,0.905778169631958,568444,568545,0.02224625274538994,8090,668,-118.05096435546875,888.98,0.0003,,
,,-0.7426576614379883,0.9333521723747253,569899,570000,0.025152964517474174,,,-118.05702209472656,,0.0003,1579.0940528313367,909.9
1342.4082020300002,70,-0.37009501457214355,1.6842679977416992,571951,572052,0.02301550656557083,8145,672,-118.77906799316406,884.05,0.0003,,
1356.0221223499998,70,-0.6990305185317993,1.7327163219451904,574577,574678,0.02488137036561966,8180,676,-118.06553649902344,878.77,0.0003,,
,,0.1285289227962494,1.6015934944152832,574899,575000,0.023330412805080414,,,-119.39944458007812,,0.0003,1321.849111204251,684.0
1366.2477550899996,70,-2.010199546813965,1.5443487167358398,577495,577596,0.024121757596731186,8227,680,-119.91050720214844,867.95,0.0003,,
,,-0.20298680663108826,1.7595148086547852,579899,580000,0.024209290742874146,,,-121.248046875,,0.0003,977.9479892114875,569.9
1355.4739140299998,70,0.8057416081428528,1.8532966375350952,581000,581101,0.02379038743674755,8275,684,-125.19109344482422,863.0,0.0003,,
1368.9847890299995,70,-0.07877826690673828,1.3339049816131592,583184,583285,0.024538103491067886,8301,688,-124.12672424316406,862.54,0.0003,,
,,-0.8700224161148071,1.6163519620895386,584899,585000,0.025260135531425476,,,-126.12017822265625,,0.0003,1690.5445637084545,861.1
1393.9536551400001,70,0.060745418071746826,2.657513380050659,585870,585971,0.025588098913431168,8347,692,-125.1937255859375,866.77,0.0003,,
1404.33128736,70,1.0120062828063965,2.222151756286621,588153,588254,0.02625240385532379,8373,696,-125.38831329345703,860.51,0.0003,,
,,0.33605825901031494,1.3831555843353271,589899,590000,0.023415371775627136,,,-123.35366821289062,,0.0003,1964.4889051425039,1000.0
1469.5977638499999,70,-0.3262646794319153,1.3586927652359009,592153,592254,0.02549165114760399,8434,700,-125.90487670898438,883.86,0.0003,,
,,0.0358567014336586,2.737151622772217,594899,595000,0.02379678189754486,,,-127.25723266601562,,0.0003,2230.058281235967,1000.0
1492.1845720000003,70,0.9863861799240112,0.9058250188827515,595725,595826,0.02451983280479908,8490,704,-128.55291748046875,889.79,0.0003,,
1495.01762155,70,-0.770287036895752,1.619185209274292,599197,599298,0.027630046010017395,8529,708,-126.51598358154297,884.51,0.0003,,
,,-1.8200407028198242,1.8530430793762207,599899,600000,0.027806036174297333,,,-126.43093872070312,,0.0003,1524.0993414932454,840.9
1481.6735719100002,70,0.0469321608543396,2.1357662677764893,602221,602322,0.026906177401542664,8576,712,-130.89566040039062,874.75,0.0003,,
