rollout/ep_len_mean,time/episodes,time/time_elapsed,rollout/ep_rew_mean,time/total_timesteps,time/fps,train/actor_loss,train/learning_rate,train/critic_loss,train/n_updates,eval/mean_ep_length,eval/mean_reward
4.25,4,0,4.25,17,5409,,,,,,
6.375,8,0,6.375,51,6325,,,,,,
7.5,12,0,7.5,90,6343,,,,,,
8.0625,16,0,8.0625,129,2549,-0.6780008375644684,0.001,0.7425263300538063,4,,
7.5,20,0,7.5,150,447,-1.073625385761261,0.001,0.007307133730500936,47,,
7.083333333333333,24,0,7.083333333333333,170,367,-1.0984480381011963,0.001,0.0072436297312378885,67,,
6.785714285714286,28,0,6.785714285714286,190,319,-1.190985381603241,0.001,0.01270152274519205,87,,
6.5625,32,0,6.5625,210,291,-1.242891550064087,0.001,0.01691044420003891,107,,
6.388888888888889,36,0,6.388888888888889,230,269,-1.2864614725112915,0.001,0.02213103137910366,127,,
6.25,40,0,6.25,250,254,-1.3606130480766296,0.001,0.02096288725733757,147,,
6.409090909090909,44,1,6.409090909090909,282,232,-1.4279597401618958,0.001,0.027936948090791704,179,,
6.291666666666667,48,1,6.291666666666667,302,217,-1.465100347995758,0.001,0.029464588314294816,199,,
6.1923076923076925,52,1,6.1923076923076925,322,210,-1.5481255650520325,0.001,0.022547940723598003,219,,
6.107142857142857,56,1,6.107142857142857,342,206,-1.527666985988617,0.001,0.035338057577610014,239,,
6.033333333333333,60,1,6.033333333333333,362,202,-1.6261058449745178,0.001,0.02919555827975273,259,,
5.96875,64,1,5.96875,382,198,-1.7063016295433044,0.001,0.029587648436427118,279,,
5.911764705882353,68,2,5.911764705882353,402,196,-1.7311332821846008,0.001,0.03500940948724747,299,,
5.861111111111111,72,2,5.861111111111111,422,194,-1.6880449056625366,0.001,0.03470221534371376,319,,
5.815789473684211,76,2,5.815789473684211,442,189,-1.8110317587852478,0.001,0.03017733581364155,339,,
5.775,80,2,5.775,462,185,-1.7712159156799316,0.001,0.032665273547172545,359,,
5.738095238095238,84,2,5.738095238095238,482,177,-1.875614047050476,0.001,0.02873828373849392,379,,
5.704545454545454,88,2,5.704545454545454,502,176,-1.83382910490036,0.001,0.028451642021536827,399,,
5.880434782608695,92,3,5.880434782608695,541,172,-2.0405681133270264,0.001,0.04234648578696781,437,,
6.729166666666667,96,3,6.729166666666667,646,180,-2.123293081919352,0.001,0.04621216831238646,493,,
8.72,100,5,8.72,872,160,-2.5947273540496827,0.001,0.06416757620871066,721,,
,,,,1000,,-2.8820701217651368,0.001,0.0808881214261055,875,55.7,55.7
10.45,104,7,10.45,1062,149,-2.9944505861827304,0.001,0.0881499093292015,931,,
11.43,108,8,11.43,1194,145,-3.329718828201294,0.001,0.1675768941640854,1080,,
13.38,112,9,13.38,1428,145,-3.7336686540532997,0.001,0.12614881988825663,1280,,
15.27,116,11,15.27,1656,142,-4.1912751879010886,0.001,0.1411124768533877,1497,,
17.74,120,13,17.74,1924,139,-4.760656762123108,0.001,0.15256146355708944,1776,,
,,,,2000,,-4.891494808197021,0.001,0.18709584906697274,1826,54.9,54.9
19.99,124,15,19.99,2169,139,-5.243144794746682,0.001,0.23608522475869567,2016,,
21.88,128,17,21.88,2378,138,-5.646693321374746,0.001,0.2009625220495575,2227,,
23.87,132,18,23.87,2597,138,-6.095518490363812,0.001,0.19298735839025727,2450,,
25.84,136,20,25.84,2814,139,-6.449254247877333,0.001,0.2752214048830968,2660,,
,,,,3000,,-6.816608250141144,0.001,0.28823674751483663,2857,59.0,59.0
28.22,140,22,28.22,3072,137,-6.972900129133655,0.001,0.25657666126085865,2919,,
31.51,144,24,31.51,3433,138,-7.54068728855678,0.001,0.26462564298856084,3216,,
33.97,148,27,33.97,3699,136,-8.163274142477247,0.001,0.3245842969045043,3531,,
,,,,4000,,-8.74662935508872,0.001,0.2602932176021772,3859,69.3,69.3
37.06,152,29,37.06,4028,135,,,,,,
40.08,156,32,40.08,4350,135,-9.387414282940803,0.001,0.2301073125613633,4196,,
42.26,160,33,42.26,4588,135,-9.807981818914413,0.001,0.30041978950612247,4435,,
44.28,164,35,44.28,4810,136,-10.136827913920085,0.001,0.2884874078826826,4655,,
,,,,5000,,-10.649900344110304,0.001,0.37759676457397523,4893,49.9,49.9
46.41,168,37,46.41,5043,135,,,,,,
48.35,172,38,48.35,5257,135,-10.941671224740835,0.001,0.3487495734703307,5102,,
50.06,176,40,50.06,5448,135,-11.387494336003842,0.001,0.3631650240201017,5299,,
51.9,180,41,51.9,5652,136,-11.663460034590502,0.001,0.14728337029616037,5502,,
53.73,184,43,53.73,5855,136,-12.021221885681152,0.001,0.27520492786959727,5708,,
,,,,6000,,-12.06765615940094,0.001,0.28584999545496337,5857,44.6,44.6
55.49,188,44,55.49,6051,135,-12.294286935225777,0.001,0.2664903534783257,5902,,
56.89,192,45,56.89,6230,135,-12.568156968979608,0.001,0.39499353386816527,6084,,
57.8,196,47,57.8,6426,135,-12.74748945236206,0.001,0.39954499701658885,6277,,
57.35,200,48,57.35,6607,135,-13.123310337895932,0.001,0.28364296042256887,6464,,
57.34,204,49,57.34,6796,135,-13.462743679682413,0.001,0.4116373079571318,6652,,
,,,,7000,,-13.743703651428223,0.001,0.3464015494287014,6851,52.7,52.7
58.07,208,51,58.07,7001,134,,,,,,
57.87,212,53,57.87,7215,135,-14.142070623544546,0.001,0.47287415397854954,7060,,
57.7,216,54,57.7,7426,135,-14.312077663562915,0.001,0.4159002152306062,7276,,
57.24,220,56,57.24,7648,135,-14.690345355442592,0.001,0.3682462844932288,7493,,
57.22,224,58,57.22,7891,135,-15.047465017863683,0.001,0.5003792441317013,7737,,
,,,,8000,,-15.180489324754284,0.001,0.29621650290782336,7854,64.1,64.1
57.53,228,60,57.53,8131,135,-15.264990107218425,0.001,0.4028424852838119,7973,,
,,,,9000,,-15.518785542455213,0.001,0.5355926207021663,8090,1000.0,1000.0
66.92,232,72,66.92,9289,127,-17.080589367793156,0.001,0.39229870530275196,9142,,
,,,,10000,,-17.19591788450877,0.001,0.5339527765707094,9191,1000.0,1000.0
76.51,236,84,76.51,10465,124,-18.62798023223877,0.001,0.7603129505490264,10310,,
76.26,240,85,76.26,10698,124,-18.98970893333698,0.001,0.7866478939935312,10539,,
,,,,11000,,-19.29803856936368,0.001,0.6945293073288419,10843,64.5,64.5
75.73,244,88,75.73,11006,124,,,,,,
75.5,248,90,75.5,11249,124,-19.610981623331707,0.001,0.6659103192389011,11087,,
76.1,252,92,76.1,11638,125,-19.745319529942105,0.001,0.7098062170321862,11468,,
,,,,12000,,-19.995186728400153,0.001,0.6007684233623583,11721,165.3,165.3
76.5,256,95,76.5,12000,126,,,,,,
,,,,13000,,-20.194907235317544,0.001,0.6338344003821983,12024,472.6,472.6
88.28,260,106,88.28,13416,125,-21.902266374274866,0.001,0.7602777016383631,13159,,
,,,,14000,,-21.997468662261962,0.001,0.7037099321495812,13318,1000.0,1000.0
,,,,15000,,-22.735700130462646,0.001,0.7358185904920101,14318,1000.0,1000.0
,,,,16000,,-23.836672828674317,0.001,0.9479778209328651,15318,1000.0,1000.0
,,,,17000,,-24.802754878997803,0.001,0.8972103277593851,16318,1000.0,1000.0
126.06,264,142,126.06,17416,121,,,,,,
,,,,18000,,-25.865887142181396,0.001,0.9188217247724533,17318,1000.0,1000.0
,,,,19000,,-26.788796264648436,0.001,0.7868462150394917,18318,1000.0,1000.0
,,,,20000,,-27.826671756744386,0.001,0.9408989550620317,19318,1000.0,1000.0
,,,,21000,,-28.763556407928466,0.001,0.8937145321667195,20318,1000.0,1000.0
163.73,268,185,163.73,21416,115,,,,,,
,,,,22000,,-29.753260765075684,0.001,0.9108703327775002,21318,1000.0,1000.0
,,,,23000,,-30.850516094207762,0.001,1.05326643563807,22318,1000.0,1000.0
,,,,24000,,-31.713453483581542,0.001,0.9403721280097962,23318,1000.0,1000.0
,,,,25000,,-32.64106550216675,0.001,1.0468077346384526,24318,1000.0,1000.0
201.59,272,227,201.59,25416,111,,,,,,
,,,,26000,,-33.585112438201904,0.001,0.9495668981671334,25318,1000.0,1000.0
,,,,27000,,-34.55019575119019,0.001,0.9842721577733755,26318,1000.0,1000.0
,,,,28000,,-35.44857809448242,0.001,1.0116319199204444,27318,1000.0,1000.0
,,,,29000,,-36.246664695739746,0.001,1.0642135145366192,28318,1000.0,1000.0
239.68,276,269,239.68,29416,109,,,,,,
,,,,30000,,-36.95843154144287,0.001,1.026870608597994,29318,1000.0,1000.0
,,,,31000,,-37.586286628723144,0.001,1.0752641680985688,30318,1000.0,1000.0
,,,,32000,,-38.247788368225095,0.001,1.213045481145382,31318,1000.0,1000.0
,,,,33000,,-38.75367311096191,0.001,1.0374743879586459,32318,1000.0,1000.0
277.64,280,311,277.64,33416,107,,,,,,
,,,,34000,,-39.42524781799317,0.001,1.1058830237984658,33318,1000.0,1000.0
,,,,35000,,-39.92087945556641,0.001,1.2086108246594667,34318,1000.0,1000.0
,,,,36000,,-40.603216567993165,0.001,1.2060450449287892,35318,1000.0,1000.0
,,,,37000,,-40.947105735778806,0.001,1.1442697307765484,36318,1000.0,1000.0
315.61,284,353,315.61,37416,105,,,,,,
,,,,38000,,-41.40891152191162,0.001,1.1825448897778987,37318,1000.0,1000.0
,,,,39000,,-41.878156211853025,0.001,1.0979963851571084,38318,1000.0,1000.0
,,,,40000,,-42.617184059143064,0.001,1.0867041132450104,39318,1000.0,1000.0
,,,,41000,,-43.17233668518067,0.001,1.2691187624633313,40318,1000.0,1000.0
353.65,288,396,353.65,41416,104,,,,,,
,,,,42000,,-43.6582982635498,0.001,1.3670183244347571,41318,1000.0,1000.0
,,,,43000,,-44.136750770568845,0.001,1.111581890642643,42318,1000.0,1000.0
,,,,44000,,-44.694554946899416,0.001,1.0470676966756582,43318,1000.0,1000.0
,,,,45000,,-45.62557508850097,0.001,0.797856580272317,44318,1000.0,1000.0
391.86,292,437,391.86,45416,103,,,,,,
,,,,46000,,-46.31430603790283,0.001,1.1412686053216456,45318,1000.0,1000.0
,,,,47000,,-46.983522758483886,0.001,1.116349938377738,46318,1000.0,1000.0
,,,,48000,,-47.74896929931641,0.001,1.1489729360342025,47318,1000.0,1000.0
,,,,49000,,-48.62523171997071,0.001,0.911554020345211,48318,1000.0,1000.0
429.9,296,480,429.9,49416,102,,,,,,
,,,,50000,,-49.39675898742676,0.001,1.179355810418725,49318,1000.0,1000.0
,,,,51000,,-50.28101973724365,0.001,1.3560770025402307,50318,1000.0,1000.0
,,,,52000,,-50.95695192718506,0.001,1.0491473380625247,51318,1000.0,1000.0
,,,,53000,,-51.69855661773682,0.001,1.3398721262216569,52318,1000.0,1000.0
468.09,300,522,468.09,53416,102,,,,,,
,,,,54000,,-52.45936376953125,0.001,1.104076611161232,53318,1000.0,1000.0
,,,,55000,,-53.363064559936525,0.001,1.107946787878871,54318,1000.0,1000.0
,,,,56000,,-54.10448973083496,0.001,1.1888689136505126,55318,1000.0,1000.0
,,,,57000,,-54.564933143615725,0.001,1.1126108239591121,56318,1000.0,1000.0
506.2,304,564,506.2,57416,101,,,,,,
,,,,58000,,-55.343287506103515,0.001,1.3274267798811197,57318,1000.0,1000.0
,,,,59000,,-55.92596198272705,0.001,1.0514959946721791,58318,1000.0,1000.0
,,,,60000,,-56.397889595031735,0.001,1.4721873377412558,59318,1000.0,1000.0
,,,,61000,,-56.589935752868655,0.001,1.3459860824942589,60318,1000.0,1000.0
544.15,308,606,544.15,61416,101,,,,,,
,,,,62000,,-56.88254453277588,0.001,1.4064585044384004,61318,1000.0,1000.0
,,,,63000,,-56.983996742248536,0.001,1.4135403074026107,62318,1000.0,1000.0
,,,,64000,,-57.159160095214844,0.001,1.562780340731144,63318,1000.0,1000.0
,,,,65000,,-57.28330625152588,0.001,1.470061005026102,64318,1000.0,1000.0
582.01,312,650,582.01,65416,100,,,,,,
,,,,66000,,-57.29130235290528,0.001,1.4196703406572342,65318,1000.0,1000.0
,,,,67000,,-57.60689985656738,0.001,1.5740985057651997,66318,1000.0,1000.0
,,,,68000,,-57.829385147094726,0.001,1.5655162217915057,67318,1000.0,1000.0
,,,,69000,,-58.08072550201416,0.001,1.1946123368442059,68318,1000.0,1000.0
619.9,316,693,619.9,69416,100,,,,,,
,,,,70000,,-58.465936737060545,0.001,1.1136589888930322,69318,1000.0,1000.0
,,,,71000,,-58.85148593902588,0.001,1.1930213256031275,70318,1000.0,1000.0
,,,,72000,,-59.34634909057617,0.001,1.155587962165475,71318,1000.0,1000.0
,,,,73000,,-59.645547401428225,0.001,1.2308589337170124,72318,1000.0,1000.0
657.68,320,736,657.68,73416,99,,,,,,
,,,,74000,,-60.315048324584964,0.001,1.3630278725326062,73318,1000.0,1000.0
,,,,75000,,-60.93467720794678,0.001,0.9927179198265076,74318,1000.0,1000.0
,,,,76000,,-61.52540496063232,0.001,1.2807978912591935,75318,1000.0,1000.0
,,,,77000,,-62.204952003479,0.001,1.1597303938418626,76318,1000.0,1000.0
695.25,324,781,695.25,77416,99,,,,,,
,,,,78000,,-62.777176574707035,0.001,1.367477519094944,77318,1000.0,1000.0
,,,,79000,,-63.66842649841308,0.001,1.7184597838521003,78318,1000.0,1000.0
,,,,80000,,-64.39801077270508,0.001,1.2307315475642682,79318,1000.0,1000.0
,,,,81000,,-65.33735524749756,0.001,1.6879343922436236,80318,1000.0,1000.0
732.85,328,827,732.85,81416,98,,,,,,
,,,,82000,,-65.78985360717773,0.001,1.8304782276451588,81318,1000.0,1000.0
,,,,83000,,-66.22649334716797,0.001,1.6576273901462555,82318,1000.0,1000.0
,,,,84000,,-66.7866936340332,0.001,2.167298805773258,83318,1000.0,1000.0
,,,,85000,,-67.34460662078857,0.001,2.3842739023268225,84318,1000.0,1000.0
761.27,332,873,761.27,85416,97,,,,,,
,,,,86000,,-67.89438537597657,0.001,2.270672427147627,85318,1000.0,1000.0
,,,,87000,,-68.59349868774414,0.001,1.940016155898571,86318,1000.0,1000.0
,,,,88000,,-69.20025759887696,0.001,2.1306035230457785,87318,1000.0,1000.0
,,,,89000,,-69.77256135559082,0.001,2.056350203573704,88318,1000.0,1000.0
789.51,336,921,789.51,89416,97,,,,,,
,,,,90000,,-70.31736364746094,0.001,1.9798373109698295,89318,1000.0,1000.0
,,,,91000,,-70.52226293945313,0.001,2.0426469909250735,90318,1000.0,1000.0
,,,,92000,,-71.18414979553222,0.001,2.0281648583114147,91318,1000.0,1000.0
,,,,93000,,-71.50056304931641,0.001,1.5393013232797383,92318,1000.0,1000.0
827.18,340,968,827.18,93416,96,,,,,,
,,,,94000,,-71.94275167846679,0.001,1.3350419436097145,93318,1000.0,1000.0
,,,,95000,,-72.06041398620606,0.001,1.9013566489219667,94318,1000.0,1000.0
,,,,96000,,-72.2056058959961,0.001,1.6600412046015263,95318,1000.0,1000.0
,,,,97000,,-72.51331089782715,0.001,1.8909040479660033,96318,1000.0,1000.0
864.1,344,1014,864.1,97416,96,,,,,,
,,,,98000,,-72.81073184204102,0.001,1.7295497539043427,97318,1000.0,1000.0
,,,,99000,,-73.0186303100586,0.001,2.155839706391096,98318,1000.0,1000.0
,,,,100000,,-73.02954878234863,0.001,1.7306793991625309,99318,1000.0,1000.0
,,,,101000,,-72.88553337097169,0.001,2.134857333600521,100318,1000.0,1000.0
901.67,348,1058,901.67,101416,95,,,,,,
,,,,102000,,-72.74696536254883,0.001,2.30032044044137,101318,1000.0,1000.0
,,,,103000,,-72.86379252624512,0.001,1.8529777098000049,102318,1000.0,1000.0
,,,,104000,,-72.9282802734375,0.001,1.523900109961629,103318,1000.0,1000.0
,,,,105000,,-73.383615524292,0.001,1.47670594792068,104318,1000.0,1000.0
937.78,352,1104,937.78,105416,95,,,,,,
,,,,106000,,-73.82826829528808,0.001,1.1603065896108746,105318,1000.0,1000.0
,,,,107000,,-74.22142942810059,0.001,1.5787114769965411,106318,1000.0,1000.0
,,,,108000,,-74.48683552551269,0.001,1.181368653073907,107318,1000.0,1000.0
,,,,109000,,-74.96583148193359,0.001,1.4063815729767084,108318,1000.0,1000.0
974.16,356,1151,974.16,109416,95,,,,,,
,,,,110000,,-75.146474609375,0.001,1.0719616364985705,109318,1000.0,1000.0
,,,,111000,,-75.31522003173828,0.001,1.5244909999072551,110318,1000.0,1000.0
,,,,112000,,-75.64074002075195,0.001,1.2662236297130585,111318,1000.0,1000.0
,,,,113000,,-76.09881414794921,0.001,1.515898677483201,112318,1000.0,1000.0
1000.0,360,1197,1000.0,113416,94,,,,,,
,,,,114000,,-76.41012489318848,0.001,1.22705520516634,113318,1000.0,1000.0
,,,,115000,,-77.0852566986084,0.001,1.305343437820673,114318,1000.0,1000.0
,,,,116000,,-77.55039526367187,0.001,1.2934220620691776,115318,1000.0,1000.0
,,,,117000,,-77.75950073242187,0.001,1.8529338002204896,116318,1000.0,1000.0
1000.0,364,1244,1000.0,117416,94,,,,,,
,,,,118000,,-78.17984014892578,0.001,1.9547308354377746,117318,1000.0,1000.0
,,,,119000,,-78.5660817565918,0.001,1.8853435463905335,118318,1000.0,1000.0
,,,,120000,,-79.10688641357422,0.001,1.7659407819211483,119318,1000.0,1000.0
,,,,121000,,-79.34257766723633,0.001,1.557906420275569,120318,1000.0,1000.0
1000.0,368,1291,1000.0,121416,93,,,,,,
,,,,122000,,-79.43004629516602,0.001,1.9931899126768111,121318,1000.0,1000.0
,,,,123000,,-79.8213692932129,0.001,1.6181200508624316,122318,1000.0,1000.0
,,,,124000,,-79.9759027709961,0.001,1.51508745855093,123318,1000.0,1000.0
,,,,125000,,-80.23060736083984,0.001,1.6674466206282377,124318,1000.0,1000.0
1000.0,372,1340,1000.0,125416,93,,,,,,
,,,,126000,,-80.47906713867188,0.001,1.5347793483436107,125318,1000.0,1000.0
,,,,127000,,-80.68935850524902,0.001,1.3954642817527056,126318,1000.0,1000.0
,,,,128000,,-80.90123594665528,0.001,1.8131196152567863,127318,1000.0,1000.0
,,,,129000,,-81.40776469421387,0.001,1.7229168517887592,128318,1000.0,1000.0
1000.0,376,1386,1000.0,129416,93,,,,,,
,,,,130000,,-81.83036087036133,0.001,1.759048343807459,129318,1000.0,1000.0
,,,,131000,,-81.99420109558106,0.001,2.2253280775845052,130318,1000.0,1000.0
,,,,132000,,-82.22362780761719,0.001,3.157924089819193,131318,1000.0,1000.0
,,,,133000,,-82.41599263000488,0.001,3.655341966688633,132318,1000.0,1000.0
1000.0,380,1434,1000.0,133416,93,,,,,,
,,,,134000,,-82.39052966308594,0.001,3.527978181064129,133318,1000.0,1000.0
,,,,135000,,-82.67027047729492,0.001,3.366878181695938,134318,1000.0,1000.0
,,,,136000,,-82.95903344726563,0.001,3.1288058688342573,135318,1000.0,1000.0
,,,,137000,,-83.32781094360351,0.001,3.366628276348114,136318,1000.0,1000.0
1000.0,384,1482,1000.0,137416,92,,,,,,
,,,,138000,,-83.58588571166992,0.001,3.3076003472208977,137318,1000.0,1000.0
,,,,139000,,-83.80833547973633,0.001,4.031034126162529,138318,1000.0,1000.0
,,,,140000,,-84.37576762390137,0.001,3.0666779481470585,139318,1000.0,1000.0
,,,,141000,,-84.4956743927002,0.001,2.3076711396574976,140318,1000.0,1000.0
1000.0,388,1531,1000.0,141416,92,,,,,,
,,,,142000,,-84.87128395080566,0.001,1.8174294593334197,141318,1000.0,1000.0
,,,,143000,,-85.04762159729003,0.001,1.9262397829294204,142318,1000.0,1000.0
,,,,144000,,-85.26162925720215,0.001,2.14518289154768,143318,1000.0,1000.0
,,,,145000,,-85.42033627319336,0.001,2.1574434233754873,144318,1000.0,1000.0
1000.0,392,1579,1000.0,145416,92,,,,,,
,,,,146000,,-85.68265081787109,0.001,1.7952026733458042,145318,1000.0,1000.0
,,,,147000,,-85.83967260742187,0.001,1.9007878173142672,146318,1000.0,1000.0
,,,,148000,,-86.28257777404785,0.001,1.864210384130478,147318,1000.0,1000.0
,,,,149000,,-86.36352828979493,0.001,1.615766886524856,148318,1000.0,1000.0
1000.0,396,1626,1000.0,149416,91,,,,,,
,,,,150000,,-86.4392752532959,0.001,1.8886248626857995,149318,1000.0,1000.0
,,,,151000,,-86.68119859313965,0.001,2.2832752171605826,150318,1000.0,1000.0
,,,,152000,,-86.56425276184082,0.001,2.203742205440998,151318,1000.0,1000.0
,,,,153000,,-86.45427711486816,0.001,2.6603565050959586,152318,1000.0,1000.0
1000.0,400,1677,1000.0,153416,91,,,,,,
,,,,154000,,-86.69947517395019,0.001,3.165703896522522,153318,1000.0,1000.0
,,,,155000,,-86.8615802154541,0.001,3.363000549942255,154318,1000.0,1000.0
,,,,156000,,-86.8787462463379,0.001,3.4059051858484746,155318,1000.0,1000.0
,,,,157000,,-87.06033726501465,0.001,3.4546045135557653,156318,1000.0,1000.0
1000.0,404,1726,1000.0,157416,91,,,,,,
,,,,158000,,-87.22209254455566,0.001,3.3833030506670476,157318,1000.0,1000.0
,,,,159000,,-87.31011618041993,0.001,3.6747057186663152,158318,1000.0,1000.0
,,,,160000,,-87.31351843261719,0.001,3.780901469320059,159318,1000.0,1000.0
,,,,161000,,-87.38873867797851,0.001,4.044393574953079,160318,1000.0,1000.0
1000.0,408,1775,1000.0,161416,90,,,,,,
,,,,162000,,-87.33585906982422,0.001,3.914585532873869,161318,1000.0,1000.0
,,,,163000,,-87.30179759216308,0.001,4.043940120756626,162318,1000.0,1000.0
,,,,164000,,-87.75169921875,0.001,3.600933202147484,163318,1000.0,1000.0
,,,,165000,,-88.01045933532716,0.001,2.6047538251131774,164318,1000.0,1000.0
1000.0,412,1824,1000.0,165416,90,,,,,,
,,,,166000,,-88.1222995147705,0.001,2.233853438690305,165318,1000.0,1000.0
,,,,167000,,-88.19268229675293,0.001,2.5523879060894252,166318,1000.0,1000.0
,,,,168000,,-88.44351119995117,0.001,2.7524092293679714,167318,1000.0,1000.0
,,,,169000,,-88.46852188110351,0.001,2.7688718075156213,168318,1000.0,1000.0
1000.0,416,1873,1000.0,169416,90,,,,,,
,,,,170000,,-88.69687718200683,0.001,2.6150643320828677,169318,1000.0,1000.0
,,,,171000,,-88.8479208984375,0.001,2.9575951671898366,170318,1000.0,1000.0
,,,,172000,,-88.90799270629883,0.001,2.935730459958315,171318,1000.0,1000.0
,,,,173000,,-88.86045013427734,0.001,3.800466578245163,172318,1000.0,1000.0
1000.0,420,1920,1000.0,173416,90,,,,,,
,,,,174000,,-89.21226417541504,0.001,3.767484203517437,173318,1000.0,1000.0
,,,,175000,,-89.35157759094238,0.001,3.7445628663599493,174318,1000.0,1000.0
,,,,176000,,-89.5132311553955,0.001,2.902191264331341,175318,1000.0,1000.0
,,,,177000,,-89.81689889526368,0.001,2.0698056476786735,176318,1000.0,1000.0
1000.0,424,1970,1000.0,177416,90,,,,,,
,,,,178000,,-89.87308158874512,0.001,2.817325298070908,177318,1000.0,1000.0
,,,,179000,,-89.93445069885254,0.001,2.7790480963140727,178318,1000.0,1000.0
,,,,180000,,-89.88128634643554,0.001,2.6952534078359602,179318,210.5,210.5
991.38,428,2010,991.38,180554,89,-89.8163360111297,0.001,2.866009394091273,179948,,
,,,,181000,,-89.93736351193405,0.001,2.787025924038699,180456,1000.0,1000.0
,,,,182000,,-89.78126763916016,0.001,3.355194895118475,181456,1000.0,1000.0
,,,,183000,,-89.79244752502441,0.001,4.09670328861475,182456,1000.0,1000.0
,,,,184000,,-89.75957897949219,0.001,3.682868302255869,183456,1000.0,1000.0
991.38,432,2054,991.38,184554,89,,,,,,
,,,,185000,,-89.86915045166016,0.001,3.5512890783250333,184456,1000.0,1000.0
,,,,186000,,-90.03325120544433,0.001,2.9740322663784027,185456,1000.0,1000.0
975.75,436,2090,975.75,186991,89,-89.86492599979523,0.001,2.7920925619621433,186704,,
,,,,187000,,-89.87838404229346,0.001,2.6741878581110132,186893,244.4,244.4
,,,,188000,,-89.97466808254435,0.001,2.4559041962532673,187129,1000.0,1000.0
,,,,189000,,-89.837245296165,0.001,1.8385386620310769,188543,1000.0,1000.0
962.25,440,2114,962.25,189641,89,,,,,,
,,,,190000,,-89.68800103403356,0.001,0.9246950603120929,189816,1000.0,1000.0
,,,,191000,,-90.21282569885254,0.001,0.8023196026161313,190816,1000.0,1000.0
,,,,192000,,-90.34890829467773,0.001,1.2450434471145273,191816,1000.0,1000.0
954.98,444,2154,954.98,192914,89,,,,,,
,,,,193000,,-90.5269489440918,0.001,1.257680055707693,192816,1000.0,1000.0
,,,,194000,,-90.61998310852051,0.001,1.200130075365305,193816,1000.0,1000.0
,,,,195000,,-90.67046156311035,0.001,1.033551730208099,194816,1000.0,1000.0
,,,,196000,,-90.79851782226562,0.001,1.151195683978498,195816,1000.0,1000.0
954.98,448,2203,954.98,196914,89,,,,,,
,,,,197000,,-90.89555480957031,0.001,1.2743777189850807,196816,1000.0,1000.0
,,,,198000,,-90.96754748535156,0.001,1.5628804298490286,197816,1000.0,1000.0
,,,,199000,,-90.7761866607666,0.001,1.413013782635331,198816,1000.0,1000.0
,,,,200000,,-90.68535557556153,0.001,1.2749553571641445,199816,1000.0,1000.0
954.98,452,2250,954.98,200914,89,,,,,,
,,,,201000,,-90.78389178466797,0.001,1.1801588534861802,200816,1000.0,1000.0
,,,,202000,,-90.72128512573242,0.001,1.316786984309554,201816,1000.0,1000.0
,,,,203000,,-90.70617114257813,0.001,1.607036924496293,202816,1000.0,1000.0
,,,,204000,,-90.57734260559081,0.001,2.2057542204707863,203816,1000.0,1000.0
954.98,456,2301,954.98,204914,89,,,,,,
,,,,205000,,-90.29229359436034,0.001,1.7696995171308518,204816,1000.0,1000.0
,,,,206000,,-90.22950238037109,0.001,2.09010050354898,205816,1000.0,1000.0
,,,,207000,,-90.03056924438476,0.001,1.583845612987876,206816,864.0,864.0
,,,,208000,,-89.86923072297694,0.001,1.7037996197024645,207288,1000.0,1000.0
949.7,460,2347,949.7,208386,88,,,,,,
,,,,209000,,-89.76428457641602,0.001,2.009674153596163,208288,1000.0,1000.0
,,,,210000,,-89.56413580322265,0.001,1.6330255889892578,209288,1000.0,1000.0
,,,,211000,,-89.2859715423584,0.001,1.8995556336343289,210288,1000.0,1000.0
,,,,212000,,-88.91231761169433,0.001,2.266657865419984,211288,1000.0,1000.0
949.7,464,2396,949.7,212386,88,,,,,,
,,,,213000,,-88.79904386901856,0.001,2.2162497325241564,212288,1000.0,1000.0
,,,,214000,,-88.4609941558838,0.001,2.7413251859396697,213288,1000.0,1000.0
,,,,215000,,-88.5177448272705,0.001,2.993391179203987,214288,1000.0,1000.0
,,,,216000,,-88.44632539367676,0.001,3.67896363478899,215288,1000.0,1000.0
949.7,468,2445,949.7,216386,88,,,,,,
,,,,217000,,-88.07492817687988,0.001,5.244729641020298,216288,1000.0,1000.0
,,,,218000,,-88.30607754516602,0.001,5.109929510891438,217288,1000.0,1000.0
,,,,219000,,-87.64728067016601,0.001,4.695518294274807,218288,1000.0,1000.0
,,,,220000,,-87.82657623291016,0.001,4.5682234191894535,219288,1000.0,1000.0
949.7,472,2496,949.7,220386,88,,,,,,
,,,,221000,,-87.8456402130127,0.001,3.8491254241764548,220288,1000.0,1000.0
,,,,222000,,-87.62698318481445,0.001,3.981951972067356,221288,1000.0,1000.0
,,,,223000,,-87.53662846374512,0.001,2.5964423267245293,222288,1000.0,1000.0
,,,,224000,,-87.5300929107666,0.001,2.479483480423689,223288,1000.0,1000.0
949.7,476,2546,949.7,224386,88,,,,,,
,,,,225000,,-87.44891438293457,0.001,2.2785303254276514,224288,1000.0,1000.0
,,,,226000,,-87.34601335144043,0.001,2.8893074759542943,225288,1000.0,1000.0
,,,,227000,,-87.12085807800293,0.001,4.745266655266285,226288,1000.0,1000.0
,,,,228000,,-86.53850685119629,0.001,6.0416513060927395,227288,1000.0,1000.0
949.7,480,2597,949.7,228386,87,,,,,,
,,,,229000,,-86.35895738220215,0.001,5.196372269272804,228288,1000.0,1000.0
,,,,230000,,-85.91534832763672,0.001,4.4906831284165385,229288,1000.0,1000.0
,,,,231000,,-85.56925363159179,0.001,4.3884970225691795,230288,1000.0,1000.0
,,,,232000,,-85.83068434143067,0.001,4.043457415401935,231288,1000.0,1000.0
949.7,484,2646,949.7,232386,87,,,,,,
,,,,233000,,-85.65988653564453,0.001,4.72296023440361,232288,1000.0,1000.0
,,,,234000,,-85.33072735595704,0.001,5.944728179216385,233288,1000.0,1000.0
,,,,235000,,-84.9236600189209,0.001,5.4208946216702465,234288,1000.0,1000.0
,,,,236000,,-84.72369635009765,0.001,5.773449930012226,235288,1000.0,1000.0
949.7,488,2694,949.7,236386,87,,,,,,
,,,,237000,,-85.02944372558593,0.001,4.202427524268627,236288,1000.0,1000.0
,,,,238000,,-85.49226448059082,0.001,3.492960224568844,237288,904.7,904.7
,,,,239000,,-85.38962171936035,0.001,4.030423021256924,238288,1000.0,1000.0
,,,,240000,,-85.72024003601074,0.001,3.4371712124347686,239288,1000.0,1000.0
949.7,492,2745,949.7,240386,87,,,,,,
,,,,241000,,-86.07266149902344,0.001,3.7150924546718596,240288,1000.0,1000.0
,,,,242000,,-86.79546946716309,0.001,3.9109872176647187,241288,1000.0,1000.0
,,,,243000,,-87.54002964782715,0.001,3.9473280580341816,242288,1000.0,1000.0
,,,,244000,,-87.7023557434082,0.001,5.95808421176672,243288,1000.0,1000.0
949.7,496,2794,949.7,244386,87,,,,,,
,,,,245000,,-88.22046710205078,0.001,5.109038796246052,244288,1000.0,1000.0
,,,,246000,,-88.57953489685059,0.001,5.367924321889877,245288,1000.0,1000.0
,,,,247000,,-88.65553134155273,0.001,5.305967045783997,246288,1000.0,1000.0
,,,,248000,,-89.251543258667,0.001,6.094814146220684,247288,1000.0,1000.0
949.7,500,2843,949.7,248386,87,,,,,,
,,,,249000,,-88.9573263092041,0.001,6.97459316521883,248288,1000.0,1000.0
,,,,250000,,-89.39517587280274,0.001,6.179986975491047,249288,1000.0,1000.0
,,,,251000,,-89.59002130126953,0.001,5.306711328804493,250288,1000.0,1000.0
,,,,252000,,-90.34955059814453,0.001,3.596839223206043,251288,1000.0,1000.0
949.7,504,2891,949.7,252386,87,,,,,,
,,,,253000,,-90.67714463806152,0.001,4.961182480275631,252288,1000.0,1000.0
,,,,254000,,-90.46883441162109,0.001,5.767435921311378,253288,1000.0,1000.0
,,,,255000,,-90.35386129760742,0.001,6.973637450635433,254288,1000.0,1000.0
,,,,256000,,-90.09222486877441,0.001,6.835952300488949,255288,1000.0,1000.0
949.7,508,2941,949.7,256386,87,,,,,,
,,,,257000,,-90.1672352142334,0.001,6.486039238572121,256288,1000.0,1000.0
,,,,258000,,-90.36141870117187,0.001,5.955660446465015,257288,1000.0,1000.0
,,,,259000,,-91.06152221679687,0.001,5.230438126564026,258288,1000.0,1000.0
,,,,260000,,-91.54624992370606,0.001,4.377919686973095,259288,1000.0,1000.0
949.7,512,2992,949.7,260386,87,,,,,,
,,,,261000,,-91.59385528564454,0.001,5.074567986130714,260288,1000.0,1000.0
,,,,262000,,-91.4314171295166,0.001,5.464829763352871,261288,1000.0,1000.0
,,,,263000,,-91.53475625610352,0.001,5.293376432061195,262288,1000.0,1000.0
,,,,264000,,-91.56357638549805,0.001,5.256163927614689,263288,1000.0,1000.0
949.7,516,3041,949.7,264386,86,,,,,,
,,,,265000,,-91.31548587036133,0.001,5.465362507760525,264288,1000.0,1000.0
,,,,266000,,-91.9165771331787,0.001,4.455947509884834,265288,1000.0,1000.0
,,,,267000,,-91.96061169433594,0.001,5.46027780264616,266288,1000.0,1000.0
,,,,268000,,-91.45066575622559,0.001,5.522956537425518,267288,1000.0,1000.0
949.7,520,3091,949.7,268386,86,,,,,,
,,,,269000,,-91.40384696960449,0.001,6.228677762150764,268288,984.6,984.6
,,,,270000,,-91.5502696685791,0.001,5.752226605057716,269288,1000.0,1000.0
,,,,271000,,-91.36410363769531,0.001,6.616552056014537,270288,1000.0,1000.0
,,,,272000,,-91.37003921508789,0.001,6.41110855960846,271288,1000.0,1000.0
949.7,524,3140,949.7,272386,86,,,,,,
,,,,273000,,-91.06835275268554,0.001,6.299437475264073,272288,1000.0,1000.0
,,,,274000,,-90.91345001220704,0.001,5.5937357773780825,273288,1000.0,1000.0
,,,,275000,,-91.23626023864746,0.001,4.245755979597568,274288,1000.0,1000.0
,,,,276000,,-91.7398314666748,0.001,3.4149102608561517,275288,1000.0,1000.0
958.32,528,3189,958.32,276386,86,,,,,,
,,,,277000,,-91.53909600830079,0.001,3.4031752618849276,276288,1000.0,1000.0
,,,,278000,,-91.69488441467286,0.001,3.1864786356687547,277288,1000.0,1000.0
,,,,279000,,-91.7687192993164,0.001,3.174763617634773,278288,1000.0,1000.0
,,,,280000,,-91.90428282165527,0.001,3.2944704949855805,279288,1000.0,1000.0
958.32,532,3241,958.32,280386,86,,,,,,
,,,,281000,,-92.08787145996094,0.001,3.9182463282048703,280288,1000.0,1000.0
,,,,282000,,-92.26125952148438,0.001,4.414557660326362,281288,1000.0,1000.0
,,,,283000,,-92.42175685119629,0.001,7.363709714651108,282288,1000.0,1000.0
,,,,284000,,-92.3992727508545,0.001,4.93941644257307,283288,1000.0,1000.0
973.95,536,3291,973.95,284386,86,,,,,,
,,,,285000,,-92.4253253479004,0.001,5.9683646534383294,284288,1000.0,1000.0
,,,,286000,,-92.56652487182618,0.001,7.314712438046932,285288,1000.0,1000.0
,,,,287000,,-92.64578575134277,0.001,5.366431004524231,286288,1000.0,1000.0
,,,,288000,,-92.67808122253417,0.001,3.0007471071481704,287288,1000.0,1000.0
987.45,540,3341,987.45,288386,86,,,,,,
,,,,289000,,-92.71011305236816,0.001,2.836906397372484,288288,1000.0,1000.0
,,,,290000,,-92.76278793334961,0.001,2.272187362201512,289288,1000.0,1000.0
,,,,291000,,-92.94711515808106,0.001,2.058290358096361,290288,1000.0,1000.0
,,,,292000,,-92.88668368530273,0.001,1.744684282720089,291288,1000.0,1000.0
994.72,544,3390,994.72,292386,86,,,,,,
,,,,293000,,-92.8045703277588,0.001,1.627887989871204,292288,1000.0,1000.0
,,,,294000,,-92.9480062713623,0.001,1.133775466658175,293288,1000.0,1000.0
,,,,295000,,-93.27770010375977,0.001,1.2831639513000845,294288,423.4,423.4
985.12,548,3435,985.12,295426,85,-93.6964108428955,0.001,1.5612026304751634,295288,,
946.64,552,3436,946.64,295578,86,-94.27433098687067,0.001,1.0632488909694884,295441,,
908.13,556,3438,908.13,295727,86,-93.39497714572482,0.001,1.0437046261252583,295593,,
874.85,560,3439,874.85,295871,86,-94.38589208266315,0.001,2.59601889463032,295740,,
,,,,296000,,-94.78401908874511,0.001,3.93642816238287,295885,35.3,35.3
836.33,564,3441,836.33,296019,86,,,,,,
797.82,568,3442,797.82,296168,86,-95.01064567565918,0.001,1.364096918931374,296034,,
759.35,572,3443,759.35,296321,86,-94.68350372314453,0.001,36.27298275435843,296185,,
720.91,576,3445,720.91,296477,86,-94.93033854166667,0.001,8.485302339534503,296343,,
682.5,580,3446,682.5,296636,86,-95.68140193394252,0.001,1.7837344747643138,296499,,
644.13,584,3448,644.13,296799,86,-95.61808624267579,0.001,2.3206548423339157,296662,,
605.68,588,3449,605.68,296954,86,-96.5780093544408,0.001,6.1433759614040975,296818,,
,,,,297000,,-96.1006965637207,0.001,2.329103610664606,296896,38.7,38.7
567.37,592,3451,567.37,297123,86,-96.50269317626953,0.001,16.314420068264006,296984,,
528.99,596,3453,528.99,297285,86,-97.00904568758878,0.001,2.5878155807654064,297151,,
490.68,600,3454,490.68,297454,86,-97.66677188873291,0.001,7.091003219692075,297315,,
452.53,604,3456,452.53,297639,86,-98.0495532353719,0.001,2.3610469090695285,297493,,
414.48,608,3458,414.48,297834,86,-98.39309964861188,0.001,2.5889897160232067,297690,,
,,,,298000,,-99.27917275061974,0.001,1.8232265722517873,297880,46.4,46.4
376.39,612,3459,376.39,298025,86,,,,,,
338.51,616,3461,338.51,298237,86,-99.58917840321858,0.001,1.9225602822100862,298090,,
,,,,299000,,-99.77553526560466,0.001,3.2980254043121726,298139,1000.0,1000.0
,,,,300000,,-101.51820715332032,0.001,4.534368574410677,299139,1000.0,1000.0
,,,,301000,,-104.27808753967285,0.001,5.726203409790993,300139,1000.0,1000.0
,,,,302000,,-106.97727671813965,0.001,11.924273869037629,301139,1000.0,1000.0
338.51,620,3504,338.51,302237,86,,,,,,
,,,,303000,,-109.17789752197265,0.001,11.834009718537331,302139,1000.0,1000.0
,,,,304000,,-110.72819496154786,0.001,13.404888778448106,303139,1000.0,1000.0
,,,,305000,,-112.1560592956543,0.001,15.19972225868702,304139,1000.0,1000.0
,,,,306000,,-113.94026817321777,0.001,16.793093960523606,305139,1000.0,1000.0
338.51,624,3553,338.51,306237,86,,,,,,
,,,,307000,,-115.20131729125977,0.001,16.10438894534111,306139,1000.0,1000.0
,,,,308000,,-119.19831022644043,0.001,16.388610139489174,307139,1000.0,1000.0
,,,,309000,,-120.47728469848633,0.001,13.771202967882157,308139,1000.0,1000.0
,,,,310000,,-121.28439451599121,0.001,9.8089331240654,309139,1000.0,1000.0
338.51,628,3603,338.51,310237,86,,,,,,
,,,,311000,,-122.43253616333008,0.001,8.798366655230522,310139,1000.0,1000.0
,,,,312000,,-123.04154109191894,0.001,7.6092643257379535,311139,1000.0,1000.0
,,,,313000,,-122.74506747436523,0.001,7.090031953811645,312139,1000.0,1000.0
,,,,314000,,-122.56746229553222,0.001,8.859613261818886,313139,1000.0,1000.0
338.51,632,3653,338.51,314237,86,,,,,,
,,,,315000,,-122.26881637573243,0.001,9.56037822008133,314139,1000.0,1000.0
,,,,316000,,-121.76719584655761,0.001,8.656468885660171,315139,1000.0,1000.0
,,,,317000,,-121.75094049072266,0.001,8.375823316454888,316139,1000.0,1000.0
,,,,318000,,-121.10240400695801,0.001,8.857932844638825,317139,1000.0,1000.0
338.51,636,3702,338.51,318237,85,,,,,,
,,,,319000,,-120.12466424560547,0.001,7.534632010996342,318139,1000.0,1000.0
,,,,320000,,-119.21302934265137,0.001,9.918704020142556,319139,1000.0,1000.0
,,,,321000,,-118.73473513793945,0.001,12.108617124974728,320139,1000.0,1000.0
,,,,322000,,-117.15746984863281,0.001,13.104017956614495,321139,1000.0,1000.0
338.51,640,3751,338.51,322237,85,,,,,,
,,,,323000,,-116.24800198364258,0.001,8.389182559370994,322139,1000.0,1000.0
,,,,324000,,-115.70801237487792,0.001,6.7660577856898305,323139,1000.0,1000.0
,,,,325000,,-115.5028240814209,0.001,7.337195570468903,324139,1000.0,1000.0
,,,,326000,,-115.15424290466309,0.001,9.07628443747759,325139,1000.0,1000.0
338.51,644,3803,338.51,326237,85,,,,,,
,,,,327000,,-114.1887525177002,0.001,14.656451698303222,326139,1000.0,1000.0
,,,,328000,,-113.00048873901368,0.001,15.895304332017899,327139,1000.0,1000.0
,,,,329000,,-112.3980938873291,0.001,16.025572300910948,328139,1000.0,1000.0
,,,,330000,,-112.29278964233399,0.001,12.926523796796799,329139,1000.0,1000.0
348.11,648,3853,348.11,330237,85,,,,,,
,,,,331000,,-113.27573480224609,0.001,11.628819561958313,330139,1000.0,1000.0
,,,,332000,,-114.00600814819336,0.001,7.021787028849125,331139,1000.0,1000.0
,,,,333000,,-114.9069662475586,0.001,6.126840010046959,332139,1000.0,1000.0
,,,,334000,,-115.16924356079102,0.001,7.425069712042808,333139,1000.0,1000.0
386.59,652,3903,386.59,334237,85,,,,,,
,,,,335000,,-114.62828698730469,0.001,7.778142324745655,334139,1000.0,1000.0
,,,,336000,,-114.50070541381837,0.001,7.3601860211491585,335139,1000.0,1000.0
,,,,337000,,-114.4476960144043,0.001,6.182162462472916,336139,1000.0,1000.0
,,,,338000,,-114.66509130859374,0.001,4.429627391129732,337139,1000.0,1000.0
425.1,656,3952,425.1,338237,85,,,,,,
,,,,339000,,-114.65012760925293,0.001,3.4155912891626357,338139,1000.0,1000.0
,,,,340000,,-114.64857650756836,0.001,1.8545636838078499,339139,1000.0,1000.0
,,,,341000,,-114.45045002746582,0.001,1.5765889374166726,340139,1000.0,1000.0
,,,,342000,,-114.43198347473144,0.001,1.6871027208864688,341139,1000.0,1000.0
463.66,660,4003,463.66,342237,85,,,,,,
,,,,343000,,-114.10476332092286,0.001,1.938065583616495,342139,1000.0,1000.0
,,,,344000,,-113.80683760070801,0.001,1.794352020382881,343139,1000.0,1000.0
,,,,345000,,-113.20248204040527,0.001,1.972328779965639,344139,1000.0,1000.0
,,,,346000,,-112.92581616210937,0.001,2.178811716467142,345139,1000.0,1000.0
502.18,664,4052,502.18,346237,85,,,,,,
,,,,347000,,-112.52845880126954,0.001,2.3367377685308455,346139,1000.0,1000.0
,,,,348000,,-112.29498332214355,0.001,2.6096265346705914,347139,1000.0,1000.0
,,,,349000,,-112.0103501739502,0.001,1.9547068538814782,348139,1000.0,1000.0
,,,,350000,,-111.35312776184082,0.001,1.881053477704525,349139,1000.0,1000.0
540.69,668,4102,540.69,350237,85,,,,,,
,,,,351000,,-110.83077018737794,0.001,1.8342864206284284,350139,1000.0,1000.0
,,,,352000,,-110.40346029663085,0.001,1.9868944055736064,351139,1000.0,1000.0
,,,,353000,,-109.94552215576172,0.001,2.069277083158493,352139,1000.0,1000.0
,,,,354000,,-109.41318609619141,0.001,1.922149421364069,353139,1000.0,1000.0
579.16,672,4153,579.16,354237,85,,,,,,
,,,,355000,,-109.06572462463379,0.001,2.6468583576083184,354139,1000.0,1000.0
,,,,356000,,-108.73274046325683,0.001,1.7149961697161198,355139,1000.0,1000.0
,,,,357000,,-108.37571321105958,0.001,1.7833471098691225,356139,1000.0,1000.0
,,,,358000,,-108.1419733581543,0.001,2.2007866431474685,357139,1000.0,1000.0
617.6,676,4203,617.6,358237,85,,,,,,
,,,,359000,,-107.91074159240722,0.001,1.5466804037988187,358139,1000.0,1000.0
,,,,360000,,-107.5157727508545,0.001,1.6774448145553469,359139,1000.0,1000.0
,,,,361000,,-107.18422100830078,0.001,1.781881950110197,360139,1000.0,1000.0
,,,,362000,,-106.72053536987305,0.001,1.545892341196537,361139,1000.0,1000.0
656.01,680,4252,656.01,362237,85,,,,,,
,,,,363000,,-106.21675729370118,0.001,1.2985085753649472,362139,1000.0,1000.0
,,,,364000,,-105.92446296691895,0.001,1.0856521385237574,363139,1000.0,1000.0
,,,,365000,,-105.75958781433106,0.001,1.1438621166050433,364139,1000.0,1000.0
,,,,366000,,-105.3340530090332,0.001,1.8987334603518247,365139,1000.0,1000.0
694.38,684,4303,694.38,366237,85,,,,,,
,,,,367000,,-105.04825003051758,0.001,1.4488981514424086,366139,1000.0,1000.0
,,,,368000,,-104.9668099975586,0.001,1.6710123308897018,367139,1000.0,1000.0
,,,,369000,,-104.80301173400879,0.001,2.19374521073699,368139,1000.0,1000.0
,,,,370000,,-104.6416766052246,0.001,1.9199929723739624,369139,1000.0,1000.0
732.83,688,4353,732.83,370237,85,,,,,,
,,,,371000,,-104.44504766845704,0.001,1.5537509348988534,370139,1000.0,1000.0
,,,,372000,,-104.15491868591309,0.001,1.8102360450327397,371139,1000.0,1000.0
,,,,373000,,-103.74646694946289,0.001,1.1519587132632731,372139,1000.0,1000.0
,,,,374000,,-103.49375938415527,0.001,0.9955860405638814,373139,1000.0,1000.0
771.14,692,4403,771.14,374237,84,,,,,,
,,,,375000,,-103.37215573120118,0.001,0.7633109662011266,374139,1000.0,1000.0
,,,,376000,,-103.2462335357666,0.001,0.8568868597373366,375139,1000.0,1000.0
,,,,377000,,-103.15899192810059,0.001,1.1749179359972477,376139,1000.0,1000.0
,,,,378000,,-102.85665217590332,0.001,1.1265764527693392,377139,1000.0,1000.0
809.52,696,4453,809.52,378237,84,,,,,,
,,,,379000,,-102.69169558715821,0.001,1.0223898596912622,378139,1000.0,1000.0
,,,,380000,,-102.44387461853027,0.001,1.1941110706701874,379139,1000.0,1000.0
,,,,381000,,-102.34742073059083,0.001,1.5620032633692027,380139,1000.0,1000.0
,,,,382000,,-102.18878031921386,0.001,1.5726595878601075,381139,1000.0,1000.0
847.83,700,4503,847.83,382237,84,,,,,,
,,,,383000,,-101.97017152404786,0.001,1.7183542880117892,382139,1000.0,1000.0
,,,,384000,,-101.82329266357422,0.001,1.5404368295744062,383139,1000.0,1000.0
,,,,385000,,-101.431011428833,0.001,1.655889923080802,384139,1000.0,1000.0
,,,,386000,,-101.36187773132325,0.001,1.942124395057559,385139,1000.0,1000.0
885.98,704,4553,885.98,386237,84,,,,,,
,,,,387000,,-101.1597553100586,0.001,1.2796065552979707,386139,1000.0,1000.0
,,,,388000,,-101.03283801269531,0.001,1.2319686482027172,387139,1000.0,1000.0
,,,,389000,,-100.65557929992676,0.001,2.153157385751605,388139,1000.0,1000.0
,,,,390000,,-100.5615274810791,0.001,2.088905053406954,389139,1000.0,1000.0
924.03,708,4603,924.03,390237,84,,,,,,
,,,,391000,,-100.4216940612793,0.001,2.189351665362716,390139,1000.0,1000.0
,,,,392000,,-100.27258642578126,0.001,1.7763805939555168,391139,1000.0,1000.0
,,,,393000,,-99.97955000305176,0.001,2.095330819696188,392139,1000.0,1000.0
,,,,394000,,-99.71811367797852,0.001,2.5029352966845035,393139,1000.0,1000.0
962.12,712,4656,962.12,394237,84,,,,,,
,,,,395000,,-99.57693853759766,0.001,3.175623977228999,394139,1000.0,1000.0
,,,,396000,,-99.70164888000488,0.001,2.4691183884739876,395139,1000.0,1000.0
,,,,397000,,-99.49297518920899,0.001,2.910004713818431,396139,1000.0,1000.0
,,,,398000,,-99.24409791564942,0.001,3.0639874891340733,397139,1000.0,1000.0
1000.0,716,4708,1000.0,398237,84,,,,,,
,,,,399000,,-99.36707418823242,0.001,2.808304935961962,398139,1000.0,1000.0
,,,,400000,,-99.3094217376709,0.001,3.3244830918312074,399139,1000.0,1000.0
