time/episodes,train/n_updates,rollout/ep_len_mean,rollout/ep_rew_mean,train/critic_loss,time/fps,time/time_elapsed,train/learning_rate,train/actor_loss,time/total_timesteps,eval/mean_reward,eval/mean_ep_length
4,3000,1000.0,-1030.64096425,0.0783916885079816,234,17,0.001,-5.945406438350678,4000,,
,4000,,,0.08382479246333241,,,0.001,-7.175039353370667,5000,-1004.3096953779459,1000.0
8,7000,1000.0,-1382.442344,0.7729567583203316,175,45,0.001,-12.340201011657715,8000,,
,9000,,,2.469977307677269,,,0.001,-15.61294960784912,10000,-1251.6999850034845,726.1
12,11000,1000.0,-1253.7156944166668,1.184226714849472,164,72,0.001,-16.229710485458373,12000,,
,14000,,,0.9681933100819587,,,0.001,-15.902845512390137,15000,216.02317388668015,1000.0
16,15000,1000.0,-805.3164544374999,1.1496855231523513,156,102,0.001,-17.117321044921876,16000,,
,19000,,,0.8397547788918018,,,0.001,-16.92174136543274,20000,821.6102710197738,1000.0
20,,1000.0,-519.1649215,,151,131,,,20000,,
24,23000,1000.0,-299.2022547916667,0.7764909848570823,156,153,0.001,-16.988638536453248,24000,,
,24000,,,0.7317901223599911,,,0.001,-16.942581995010375,25000,466.309661460761,1000.0
28,27000,1000.0,-140.98504642857145,0.809503306478262,154,180,0.001,-16.835342937469484,28000,,
,29000,,,0.7565717329084873,,,0.001,-16.862216804504396,30000,613.3614576600579,996.5
32,30218,975.5625,-44.283714343750006,0.7744421008803429,151,205,0.001,-17.094326045535027,31218,,
,34218,,,0.6833710051178932,,,0.001,-17.308984086990357,35000,706.4779957589693,1000.0
36,,978.2777777777778,48.47440474999999,,150,234,,,35218,,
40,38218,980.45,131.848411525,0.6186907959580421,153,255,0.001,-18.252140279769897,39218,,
,39218,,,0.6571873959600926,,,0.001,-18.58635085296631,40000,883.2058282623999,1000.0
44,42218,982.2272727272727,198.04447079545454,0.6638827485442161,152,284,0.001,-19.206056953430174,43218,,
,44218,,,0.6007937539219856,,,0.001,-19.55670358657837,45000,804.8731452958658,1000.0
48,46218,983.7083333333334,248.3035838958333,0.5527067932188511,150,313,0.001,-20.36734150314331,47218,,
,49218,,,0.5895021033883094,,,0.001,-21.303644107818602,50000,791.6623117875308,1000.0
52,50218,984.9615384615385,289.90998309615384,0.5977291561067104,149,341,0.001,-21.56931471633911,51218,,
,54218,,,0.6643572915792465,,,0.001,-22.62920262145996,55000,822.9116607488133,1000.0
56,,986.0357142857143,322.68562337500003,,149,370,,,55218,,
60,58218,986.9666666666667,357.56398873333336,0.555150922447443,151,390,0.001,-24.1444222946167,59218,,
,59218,,,0.547164308577776,,,0.001,-24.622114185333253,60000,769.3892164690187,901.7
64,62218,987.78125,386.57959729687497,0.5178658799231053,150,418,0.001,-25.722391078948974,63218,,
,64218,,,0.4776592192351818,,,0.001,-26.4344520072937,65000,736.6432748132735,1000.0
68,66218,988.5,414.52688426470587,0.47779101863503454,149,448,0.001,-27.191441440582274,67218,,
,69218,,,0.5006462298333645,,,0.001,-28.128772468566893,70000,854.7479100293946,1000.0
72,70218,989.1388888888889,437.9280590833333,0.5306820684224367,149,477,0.001,-28.374430145263673,71218,,
,74218,,,0.5537574561834335,,,0.001,-29.49376428604126,75000,769.5494047907181,1000.0
76,,989.7105263157895,454.3209618289473,,148,506,,,75218,,
80,78218,990.225,467.8341108375001,0.5322141667902469,150,526,0.001,-30.727625354766847,79218,,
,79218,,,0.5259284348189831,,,0.001,-31.079030330657957,80000,878.3640268360265,1000.0
84,82218,990.6904761904761,489.18669354761914,0.537332955121994,150,554,0.001,-31.99741870880127,83218,,
,84218,,,0.5716799895465374,,,0.001,-32.4822048034668,85000,865.1725100562617,1000.0
88,86218,991.1136363636364,504.250829125,0.5215006401687861,149,583,0.001,-32.99729270172119,87218,,
,89218,,,0.4865523187667131,,,0.001,-33.81943981933594,90000,845.4565831455402,1000.0
92,90218,991.5,519.5304121847824,0.4800429083108902,148,613,0.001,-34.028051620483396,91218,,
,94218,,,0.4631295059621334,,,0.001,-35.20456813430786,95000,787.038945495023,1000.0
96,,991.8541666666666,532.81795115625,,148,641,,,95218,,
100,98218,992.18,535.2879905200001,0.526896379455924,149,661,0.001,-36.037341270446774,99218,,
,99218,,,0.5203093538582325,,,0.001,-36.40071682739258,100000,860.2270475479775,1000.0
104,102218,992.18,611.2442746,0.5211548956632615,149,690,0.001,-37.39305313873291,103218,,
,104218,,,0.5439980476945638,,,0.001,-37.99774589538574,105000,600.3870219521457,1000.0
108,106218,992.18,715.10392862,0.4449418259561062,149,719,0.001,-38.77049916839599,107218,,
,109218,,,0.4410300829857588,,,0.001,-39.66235765075684,110000,855.8157079659402,1000.0
112,110218,992.18,788.4381126000001,0.4312315593659878,148,746,0.001,-40.029890327453614,111218,,
,114218,,,0.43894848991930485,,,0.001,-41.27488707733154,115000,921.171675351914,1000.0
116,,992.18,802.3603411700002,,148,776,,,115218,,
120,118218,992.18,813.3200789000002,0.4446962353289127,149,796,0.001,-42.446820739746094,119218,,
,119218,,,0.4448654532134533,,,0.001,-42.62020760345459,120000,901.6102780306712,1000.0
124,122218,992.18,816.8676154900002,0.507224497884512,149,825,0.001,-43.11347470092773,123218,,
,124218,,,0.5128191582411528,,,0.001,-43.466500022888184,125000,843.5229740502546,992.2
128,126218,992.18,819.59964301,0.49955029937624934,148,854,0.001,-43.82074873352051,127218,,
,129218,,,0.48556186947226526,,,0.001,-44.34361489868164,130000,917.2684196541217,1000.0
132,130218,1000.0,828.9902592900002,0.4647837119996548,148,883,0.001,-44.50399855041504,131218,,
,134218,,,0.4922774260789156,,,0.001,-44.97754147338867,135000,895.2250298183411,1000.0
136,,1000.0,833.4496193,,148,912,,,135218,,
140,138218,1000.0,834.21561724,0.4476391764134169,149,931,0.001,-45.42284380340576,139218,,
,139218,,,0.4477454918026924,,,0.001,-45.561253677368164,140000,935.336163617298,1000.0
144,142218,1000.0,836.2979168099998,0.4107470188885927,148,964,0.001,-46.133189743041996,143218,,
,144218,,,0.4087069730013609,,,0.001,-46.51200255584717,145000,903.6002816379071,1000.0
148,146218,1000.0,840.51710842,0.41570932008326056,147,997,0.001,-46.75147494506836,147218,,
,149218,,,0.41703958867490293,,,0.001,-47.204402862548825,150000,930.8495667867362,1000.0
152,150218,1000.0,845.86050601,0.4146027582734823,146,1031,0.001,-47.39189786529541,151218,,
,154218,,,0.39503208887577057,,,0.001,-47.73231826019287,155000,946.4776923269034,1000.0
156,,1000.0,853.0610683100001,,145,1066,,,155218,,
160,158218,1000.0,856.7270760700001,0.40175907585024834,146,1090,0.001,-48.24558360290527,159218,,
,159218,,,0.4034346613138914,,,0.001,-48.31080152893066,160000,807.8603676855564,1000.0
164,162218,1000.0,858.8797916899999,0.3888435135781765,145,1123,0.001,-48.6380791015625,163218,,
,164218,,,0.40385776676237584,,,0.001,-48.94912726593017,165000,886.9346407577395,1000.0
168,166218,1000.0,860.2463023199999,0.43639339838922026,144,1156,0.001,-49.09736534881592,167218,,
,169218,,,0.4195971038490534,,,0.001,-49.467300285339356,170000,897.4725878868252,1000.0
172,170218,1000.0,861.6411473000001,0.4177976610660553,143,1190,0.001,-49.53986781311035,171218,,
,174218,,,0.4279028451293707,,,0.001,-49.8911425704956,175000,917.3683719214052,1000.0
176,,1000.0,865.0867902399998,,143,1224,,,175218,,
180,178218,1000.0,872.4114635999998,0.5090708271861076,143,1247,0.001,-49.89560404968262,179218,,
,179218,,,0.4914129241704941,,,0.001,-49.730635330200194,180000,865.2911815216299,1000.0
184,182218,1000.0,867.36778454,0.46531366612017155,143,1280,0.001,-49.94004683685303,183218,,
,184218,,,0.42542406444251535,,,0.001,-50.101065490722654,185000,715.2549303419888,1000.0
188,186218,1000.0,864.7630056400001,0.4280895991921425,142,1312,0.001,-50.417348106384274,187218,,
,189218,,,0.49335398921370505,,,0.001,-50.312942558288576,190000,900.9089815151877,1000.0
192,190218,1000.0,864.66299858,0.5110704059302806,142,1344,0.001,-50.13690728759766,191218,,
,194218,,,0.49679182150959966,,,0.001,-50.161233993530274,195000,901.8749141009524,1000.0
196,,1000.0,864.56301335,,141,1379,,,195218,,
200,198218,1000.0,876.19940037,0.5422756877988577,142,1401,0.001,-50.437944618225096,199218,,
,199218,,,0.5488953499794006,,,0.001,-50.47159467315674,200000,912.7852904344269,1000.0
204,202218,1000.0,877.7612022300001,0.5591629849672317,141,1432,0.001,-50.62922736358642,203218,,
,204218,,,0.5426492021977901,,,0.001,-50.54227891540528,205000,780.6625530263409,1000.0
208,206218,1000.0,876.4465092099999,0.5229069837927818,141,1461,0.001,-50.49019146728516,207218,,
,209218,,,0.5512494979351759,,,0.001,-50.50451895904541,210000,773.638984304294,1000.0
212,210218,1000.0,876.19397789,0.6153424585759639,141,1489,0.001,-50.543628051757814,211218,,
216,214218,990.21,856.2892821100002,0.7729978398382664,141,1509,0.001,-49.89309558105469,214239,,
,214358,,,0.7209966225283486,,,0.001,-50.08575146993001,215000,758.6838869860512,1000.0
220,216358,981.4,846.5794557000003,0.740784981250763,142,1529,0.001,-50.05098217010498,217358,,
,219358,,,0.6649766296744347,,,0.001,-50.29853691864014,220000,837.9328013624996,1000.0
224,220358,981.4,845.33101073,0.6355185540020466,141,1559,0.001,-50.32155715179444,221358,,
,224358,,,0.568478334158659,,,0.001,-50.10932238006592,225000,651.6566918917466,1000.0
228,,981.4,840.12674665,,141,1589,,,225358,,
232,228358,981.4,840.0196808500001,0.6492914779782295,141,1620,0.001,-49.7347783203125,229358,,
,229358,,,0.6432116569280625,,,0.001,-49.709961318969725,230000,601.0247906822602,1000.0
236,232358,981.4,827.00016453,0.6571032197773456,141,1650,0.001,-50.14428002929687,233358,,
,234358,,,0.6039051661789417,,,0.001,-50.36951145935058,235000,799.1387777275173,1000.0
240,236358,981.4,826.05686836,0.6558910428881645,141,1680,0.001,-50.243551612854006,237358,,
,239358,,,0.5889749277234078,,,0.001,-50.27292366790771,240000,944.8842000714503,1000.0
244,240358,981.4,826.8810987100002,0.547048154309392,141,1708,0.001,-50.18817169952393,241358,,
,244358,,,0.573714593321085,,,0.001,-50.34032135772705,245000,862.9816371101886,1000.0
248,,981.4,826.3250741299998,,141,1736,,,245358,,
252,248358,981.4,826.23244562,0.5706552508622408,141,1757,0.001,-50.79984384918213,249358,,
,249358,,,0.5173297483325004,,,0.001,-50.87127987670898,250000,886.0024360422627,1000.0
256,252358,981.4,825.3544591100002,0.4867470838576555,141,1787,0.001,-51.24155683898926,253358,,
,254358,,,0.49917495051026345,,,0.001,-51.37174089050293,255000,880.1061721326784,1000.0
260,256358,981.4,823.31679283,0.5826751356124877,141,1815,0.001,-51.4287435836792,257358,,
,259358,,,0.6730108359158039,,,0.001,-51.646115150451664,260000,894.9062222960172,1000.0
264,260358,981.4,825.2295803100001,0.6301825006604195,141,1843,0.001,-51.96533846282959,261358,,
,264358,,,0.6469225294589996,,,0.001,-52.18304956817627,265000,865.2471144160256,1000.0
268,,981.4,824.4456697700001,,141,1872,,,265358,,
272,268358,981.4,824.0771532599999,0.6566136590838433,142,1893,0.001,-51.67448829650879,269358,,
,269358,,,0.6590321045219898,,,0.001,-52.02601350402832,270000,889.751869410649,1000.0
276,272358,981.4,826.7351201199999,0.6627321158647537,142,1922,0.001,-52.247613410949704,273358,,
,274358,,,0.6735316731631756,,,0.001,-52.6619695892334,275000,502.2068169108592,1000.0
280,276358,981.4,820.05763347,0.6970729733109474,142,1950,0.001,-52.75885445404053,277358,,
,279358,,,0.6375847551226616,,,0.001,-52.785575630187985,280000,648.8178192095598,1000.0
284,280358,981.4,820.5556286999999,0.6184522630274296,142,1980,0.001,-52.97048168182373,281358,,
,284358,,,0.6337038311958313,,,0.001,-53.21273965454102,285000,749.2728225415573,1000.0
288,,981.4,821.6770269000001,,141,2009,,,285358,,
292,288358,981.4,822.18121387,0.6351051664054393,142,2030,0.001,-52.95132081604004,289358,,
,289358,,,0.6050553370714188,,,0.001,-53.0726587600708,290000,898.1628485267632,1000.0
296,292358,981.4,820.95563782,0.5443443342447281,142,2061,0.001,-52.96963121032715,293358,,
,294358,,,0.5067487310767174,,,0.001,-53.164184715271,295000,915.4312074972389,1000.0
300,296358,981.4,820.0876897200001,0.554137927532196,74,3978,0.001,-53.231374641418455,297358,,
,299358,,,0.5838126430809498,,,0.001,-53.09842682647705,300000,799.2829466708936,1000.0
304,300358,981.4,815.9016753899999,0.6125616100728511,75,4014,0.001,-53.209791374206546,301358,,
,304358,,,0.5179192560315132,,,0.001,-53.69126550292969,305000,822.30939650191,1000.0
308,,981.4,816.53656608,,75,4053,,,305358,,
312,308358,981.4,815.35723763,0.5813297363221646,75,4077,0.001,-54.348120391845704,309358,,
,309358,,,0.6628155010640622,,,0.001,-54.311226951599124,310000,826.9423338536174,1000.0
316,312358,991.19,832.8847665099998,0.7088423247337341,76,4113,0.001,-54.148205528259275,313358,,
,314358,,,0.8192569671571255,,,0.001,-53.95430435180664,315000,825.2710551398166,1000.0
320,316358,1000.0,839.2163461700002,0.818372976720333,76,4152,0.001,-53.304787483215335,317358,,
,319358,,,0.8292849773466587,,,0.001,-52.96689086914063,320000,828.7995691881908,1000.0
324,320358,1000.0,836.80129403,0.8298457061350346,76,4188,0.001,-53.08013314819336,321358,,
,324358,,,0.6556990206241607,,,0.001,-53.54990688323974,325000,789.7803981522098,1000.0
328,,1000.0,840.4833839500002,,77,4223,,,325358,,
332,328358,1000.0,839.0752830700002,0.8165514293313026,77,4247,0.001,-53.68189978790283,329358,,
,329358,,,0.8505369992256164,,,0.001,-53.187313613891604,330000,494.96217479567275,1000.0
336,332358,1000.0,826.3978646999999,0.7825294951796532,77,4282,0.001,-52.36784843444824,333358,,
,334358,,,0.9095191118121148,,,0.001,-52.824357864379884,335000,444.1794731063768,907.3
340,335493,991.35,806.5447559500001,1.1195451303764625,78,4310,0.001,-52.97930253441654,336493,,
,339493,,,1.0810483375787734,,,0.001,-51.795304695129396,340000,546.0492306705098,1000.0
344,,991.35,789.0891701800001,,78,4347,,,340493,,
348,343493,991.35,772.9420126199999,1.3368067435622215,78,4372,0.001,-53.19580096435547,344493,,
,344493,,,1.273936928153038,,,0.001,-53.10330065917969,345000,663.2551461477415,1000.0
352,347493,991.35,761.8293370099999,1.2181024525165558,79,4409,0.001,-52.31544460296631,348493,,
,349882,,,1.3156339979723364,,,0.001,-52.108605057153945,350000,382.2305449507083,964.6
356,350103,977.45,730.14885205,1.3095929671196915,79,4433,0.001,-51.99368019104004,351103,,
,354103,,,1.544640293776989,,,0.001,-49.35287556457519,355000,410.9092077699694,1000.0
360,,977.45,716.6364652799999,,79,4466,,,355103,,
364,358103,977.45,692.7181194100001,1.6951456907987594,79,4489,0.001,-46.27509665679931,359103,,
,359103,,,1.6776824370026588,,,0.001,-46.73219051361084,360000,484.1467052682303,1000.0
368,362103,977.45,681.9575742799998,1.3791463060975075,80,4522,0.001,-48.41854119110108,363103,,
,364103,,,1.281870076239109,,,0.001,-47.84030257415772,365000,603.1462912204312,1000.0
372,366103,977.45,668.6797299400001,1.1997570454478264,80,4555,0.001,-47.365275634765624,367103,,
,369103,,,1.0993806797862054,,,0.001,-46.55372087097168,370000,456.3704158191569,1000.0
376,370103,977.45,655.1904270800001,1.088731486082077,80,4590,0.001,-46.21250720977783,371103,,
,374103,,,1.0342762240469456,,,0.001,-45.20020074462891,375000,676.2579350013286,1000.0
380,,977.45,649.9794316900002,,81,4624,,,375103,,
384,378103,977.45,644.4835190500002,0.9567125018835068,81,4648,0.001,-44.578850173950194,379103,,
,379103,,,0.980128957927227,,,0.001,-44.656155075073244,380000,775.8206933498848,1000.0
388,382103,977.45,647.95046455,1.0597623591721057,81,4683,0.001,-44.635157890319825,383103,,
,384103,,,1.006810274899006,,,0.001,-44.426380111694336,385000,411.4769751793239,1000.0
392,386103,977.45,643.5705837,1.0419803381562234,82,4716,0.001,-44.39420377349853,387103,,
,389103,,,1.303708659529686,,,0.001,-44.39070666503906,390000,125.4170992329833,1000.0
396,390103,977.45,622.32518232,1.1796322477459908,82,4754,0.001,-44.25566216278076,391103,,
,394103,,,1.1521040348410607,,,0.001,-43.66367870330811,395000,556.4005671333522,1000.0
400,,977.45,610.2254930199999,,82,4793,,,395103,,
404,398103,977.45,609.34797317,1.2668798000812531,82,4817,0.001,-44.262382431030275,399103,,
,399103,,,1.2901193440556527,,,0.001,-44.376799339294436,400000,638.9368938279338,901.5
408,401303,969.45,593.68290981,1.5136463007330894,83,4844,0.001,-44.62335731506348,402303,,
,404303,,,1.238831088066101,,,0.001,-44.10977893829346,405000,539.8541212013355,1000.0
412,405303,969.45,550.71832664,1.0968691131472588,83,4879,0.001,-43.69467794036865,406303,,
,409303,,,1.0678237625062466,,,0.001,-43.7636891784668,410000,615.2563433181494,1000.0
416,,969.45,536.01001987,,83,4913,,,410303,,
420,413303,969.45,539.54359851,1.0793681008815765,83,4936,0.001,-43.9910269317627,414303,,
,414303,,,1.0616543833911418,,,0.001,-43.90769234466553,415000,789.5887756570359,1000.0
424,417303,969.45,529.3423427399999,1.0159730491042138,84,4968,0.001,-43.24356795501709,418303,,
,419303,,,1.0403493509292603,,,0.001,-42.856991661071774,420000,769.3230944195296,1000.0
428,421303,969.45,518.9743052800001,1.2560636212825775,84,5002,0.001,-42.63110026550293,422303,,
,424303,,,1.639871068418026,,,0.001,-41.310064384460446,425000,273.1429076300934,1000.0
432,425303,969.45,507.70153214000004,1.6658909218907356,84,5035,0.001,-40.67193535614014,426303,,
,429303,,,2.1338159440755846,,,0.001,-41.270876029968264,430000,414.3726160058286,1000.0
436,,969.45,493.19344762000003,,84,5067,,,430303,,
440,433303,978.1,486.61278023000006,1.745155004441738,85,5089,0.001,-41.125352828979494,434303,,
,434303,,,1.5066730993390083,,,0.001,-40.984380096435544,435000,775.6742070686072,1000.0
444,437303,978.1,491.69165388,1.160578244268894,85,5121,0.001,-41.216243293762204,438303,,
,439303,,,1.1771138048171996,,,0.001,-42.49758888244629,440000,44.516560228529855,1000.0
448,441303,978.1,474.26547157,1.238387037754059,85,5154,0.001,-43.96057708740234,442303,,
,444303,,,1.2587018662691116,,,0.001,-44.995055625915526,445000,618.4013437939808,1000.0
452,445303,978.1,470.61203184,1.2685034242868423,86,5189,0.001,-44.888162185668946,446303,,
,449303,,,1.679806749880314,,,0.001,-44.970072563171385,450000,763.4048441132996,1000.0
456,,992.0,492.63623031000003,,86,5222,,,450303,,
460,453303,992.0,484.05682509999997,1.9187036773562431,86,5244,0.001,-43.353362190246585,454303,,
,454303,,,1.8787975500822067,,,0.001,-43.47274294281006,455000,472.29218820302924,1000.0
464,457303,992.0,500.64507320000007,1.4981944769024849,86,5276,0.001,-43.82075227355957,458303,,
,459303,,,1.642769991517067,,,0.001,-43.805902885437014,460000,661.6261165014469,1000.0
468,461303,992.0,504.5950973699999,1.9456540724635125,87,5308,0.001,-43.93740730285644,462303,,
,464303,,,1.844693829357624,,,0.001,-44.403012184143066,465000,857.6087486463599,1000.0
472,465303,992.0,510.34996644,1.695214219391346,87,5340,0.001,-44.78465017700195,466303,,
,469303,,,1.4769956284165382,,,0.001,-44.7801943435669,470000,500.2823173004843,1000.0
476,,992.0,502.07438805999993,,87,5373,,,470303,,
480,473303,992.0,491.1925995100001,1.5449549862742424,87,5395,0.001,-44.913302398681644,474303,,
,474303,,,1.445261782646179,,,0.001,-44.89111171722412,475000,638.8056958891451,1000.0
484,477303,992.0,491.16023857000005,1.6024029027819633,88,5426,0.001,-44.95784578704834,478303,,
,479303,,,1.5764425682425498,,,0.001,-44.9277331237793,480000,690.6801527872682,1000.0
488,481303,992.0,487.0838381000001,1.3223902453184129,88,5457,0.001,-45.343532669067386,482303,,
,484303,,,1.3334877296686172,,,0.001,-46.243751159667966,485000,612.1086509913555,1000.0
492,485303,992.0,480.08078715999994,1.2838707159757614,88,5490,0.001,-46.295208198547364,486303,,
,489303,,,1.1467265606820582,,,0.001,-46.0841763381958,490000,391.63052680790423,907.2
496,,992.0,497.6783594499999,,88,5521,,,490303,,
500,493303,992.0,503.93068708,1.038510508596897,89,5543,0.001,-46.952236801147464,494303,,
,494303,,,1.0938969099521636,,,0.001,-46.89010076141357,495000,649.621971987281,1000.0
504,497303,992.0,488.38260089000005,1.21638320094347,89,5578,0.001,-46.53318682861328,498303,,
,499303,,,1.1833306736946105,,,0.001,-45.762949256896974,500000,637.1138940449106,1000.0
508,501303,1000.0,492.29003406000004,1.1559218697547913,89,5611,0.001,-45.58283812713623,502303,,
,504303,,,1.194915691971779,,,0.001,-46.48484077453613,505000,829.9859140423126,1000.0
512,505303,1000.0,537.04331029,1.0879715066850186,89,5643,0.001,-46.59997004699707,506303,,
,509303,,,0.8773601046204567,,,0.001,-46.59810526275635,510000,760.3319296166301,1000.0
516,,1000.0,554.92052097,,89,5676,,,510303,,
520,513303,1000.0,552.4670552599999,0.8926544716954231,90,5698,0.001,-47.50711375427246,514303,,
,514303,,,0.9375117869377136,,,0.001,-47.44588831329346,515000,761.7850904052145,1000.0
524,517303,1000.0,557.6823654499999,0.8289042767882348,90,5729,0.001,-47.34264992523193,518303,,
,519303,,,0.8811232723891735,,,0.001,-47.33115602874756,520000,775.5419309660094,1000.0
528,521303,1000.0,567.2988070199999,0.8939939258992672,90,5761,0.001,-47.235116706848146,522303,,
,524303,,,0.9366872909367084,,,0.001,-47.39508210754394,525000,805.0583694514819,1000.0
532,525303,1000.0,578.0932808800001,0.9304247404634952,90,5792,0.001,-47.27732911682129,526303,,
,529303,,,1.3820156248807907,,,0.001,-45.923488174438475,530000,725.0327915834147,1000.0
536,,1000.0,609.5487043,,91,5825,,,530303,,
540,533303,1000.0,618.0754492399999,1.225689985305071,91,5849,0.001,-45.58258377838135,534303,,
,534303,,,1.1996992859244346,,,0.001,-45.58065490722656,535000,719.1530883128056,1000.0
544,537303,1000.0,626.42971678,1.0328234525620936,91,5881,0.001,-45.30359567260742,538303,,
,539303,,,0.8720080115199089,,,0.001,-45.26393630218506,540000,948.9368696329184,1000.0
548,541303,1000.0,660.59606992,0.8947997032403946,91,5913,0.001,-45.01723198699951,542303,,
,544303,,,1.008063397437334,,,0.001,-44.94464502716065,545000,779.500891513005,1000.0
552,545303,1000.0,658.29107412,0.9420755906701088,91,5945,0.001,-44.90117315673828,546303,,
,549303,,,0.9216888725161553,,,0.001,-45.16106169891357,550000,387.3834656907711,1000.0
556,,1000.0,664.0092989299999,,92,5975,,,550303,,
560,553303,1000.0,656.79087193,1.0129247938394546,92,5997,0.001,-45.45714817810059,554303,,
,554303,,,1.0200289614200593,,,0.001,-45.30329280853272,555000,-327.90688246414646,1000.0
564,557303,1000.0,626.49060461,1.3841463255286217,92,6027,0.001,-46.28013624572754,558303,,
,559303,,,1.441729131102562,,,0.001,-49.1480167388916,560000,470.5960070592846,1000.0
568,561303,1000.0,620.89537981,1.2625383945703506,92,6058,0.001,-49.03104441833496,562303,,
,564303,,,1.0567778093218803,,,0.001,-48.188704399108886,565000,647.1052059063455,1000.0
572,565303,1000.0,611.90209048,1.021704639941454,92,6091,0.001,-48.1481184463501,566303,,
,569303,,,0.7924973874688148,,,0.001,-48.71771678924561,570000,591.2177370045334,1000.0
576,,1000.0,618.32325782,,93,6123,,,570303,,
580,573303,1000.0,636.32852452,0.7563697813153267,93,6145,0.001,-49.622016510009765,574303,,
,574303,,,0.7661189498603344,,,0.001,-49.96027138519287,575000,849.8079202631488,1000.0
584,577303,1000.0,638.88107632,0.703094214707613,93,6178,0.001,-50.66931897735596,578303,,
,579303,,,0.6726946383714676,,,0.001,-51.30745565032959,580000,884.4280073221977,1000.0
588,581303,1000.0,641.3166829500001,0.6665301511138677,93,6208,0.001,-51.75650574493408,582303,,
,584303,,,0.7333255453109742,,,0.001,-52.061363525390625,585000,863.5990773283877,1000.0
592,585303,1000.0,649.20169306,0.7104007233977317,93,6240,0.001,-52.16577420043945,586303,,
,589303,,,0.8143968833684921,,,0.001,-52.8059197845459,590000,830.4098860549973,1000.0
596,,1000.0,655.5887285800001,,94,6272,,,590303,,
600,593303,1000.0,659.0599042499999,1.0058644671738148,94,6295,0.001,-54.850191123962404,594303,,
,594303,,,1.1482919169664383,,,0.001,-56.37673949432373,595000,-393.1057692056929,1000.0
604,597303,1000.0,639.2473864099999,1.469390086054802,94,6328,0.001,-58.1979582824707,598303,,
,599303,,,1.5795386248230934,,,0.001,-58.57078681182861,600000,685.8666344980127,1000.0
608,601303,1000.0,643.8209552000001,1.3602482197880745,94,6362,0.001,-58.73532499694824,602303,,
,604303,,,1.747426628947258,,,0.001,-58.869771850585934,605000,675.5524709212128,1000.0
612,605303,1000.0,634.11606283,1.745022130548954,94,6393,0.001,-58.29863607025146,606303,,
,609303,,,1.604426832318306,,,0.001,-56.87515813446045,610000,501.3984987019809,1000.0
616,,1000.0,580.85486367,,94,6425,,,610303,,
620,613303,1000.0,562.5855995000001,1.4739115859866143,95,6446,0.001,-57.038468864440915,614303,,
,614303,,,1.5223536512851714,,,0.001,-56.75736186218262,615000,207.45918404292314,918.0
624,616389,990.86,554.2653577200001,1.364160943865776,95,6471,0.001,-56.21080930328369,617389,,
,619389,,,1.1124167829751967,,,0.001,-55.436237342834474,620000,524.270867771795,1000.0
628,620389,990.86,546.41057996,1.0451319714188576,95,6503,0.001,-55.45534194946289,621389,,
,624389,,,0.9402069725990295,,,0.001,-55.75658182525635,625000,632.0527322119567,1000.0
632,,990.86,536.48883524,,95,6537,,,625389,,
636,628389,990.86,538.8301662100001,0.7659871341884136,95,6560,0.001,-57.29719216156006,629389,,
,629389,,,0.7245554576218128,,,0.001,-57.72072666168213,630000,717.4186375540681,1000.0
640,632389,990.86,551.23051388,0.6859350167065859,96,6591,0.001,-57.97215052032471,633389,,
,634389,,,0.700601986438036,,,0.001,-58.211659729003905,635000,820.5257416837151,1000.0
644,636389,990.86,548.78263852,0.6745946516990662,96,6623,0.001,-58.43272765350342,637389,,
,639389,,,0.6885032811462879,,,0.001,-59.0089495010376,640000,577.6446605173871,1000.0
648,640389,990.86,540.16213722,0.7079410717487336,96,6653,0.001,-59.29128675842285,641389,,
,644389,,,0.6702802065014839,,,0.001,-59.85507155609131,645000,501.7691892941948,1000.0
652,,990.86,546.48421021,,96,6684,,,645389,,
656,648389,990.86,545.0644385100001,0.7145644027888775,96,6706,0.001,-59.852214767456054,649389,,
,649389,,,0.7135657861232757,,,0.001,-59.77105461883545,650000,834.0072098340839,1000.0
660,652389,990.86,571.4308922000001,0.7565080134272575,96,6738,0.001,-59.3443922958374,653389,,
,654389,,,0.9330106116235256,,,0.001,-59.23708302307129,655000,357.1416452275822,1000.0
664,656389,990.86,579.78119187,0.9085656807124615,97,6769,0.001,-58.978434173583985,657389,,
,659389,,,0.9972912646830082,,,0.001,-58.36817560577393,660000,557.1527168355067,905.7
668,660389,990.86,581.06235963,0.9027177827954292,97,6800,0.001,-58.04192378997803,661389,,
,664389,,,0.8933472392559052,,,0.001,-57.29969321441651,665000,570.3519901712425,932.2
672,,990.86,579.91764192,,97,6831,,,665389,,
676,667745,984.42,587.89252666,0.8848532901406289,97,6848,0.001,-56.89080880737305,668745,,
,669745,,,0.9233301993012428,,,0.001,-56.748115898132326,670000,840.0158218382043,1000.0
680,671745,984.42,588.1456237199999,0.9479097973108291,97,6880,0.001,-56.432772735595705,672745,,
,674745,,,0.911272890508175,,,0.001,-55.85319202423096,675000,598.1732597413472,1000.0
684,675745,984.42,585.69050311,0.9373806119263172,97,6912,0.001,-55.64214472198486,676745,,
,679745,,,0.8948055905997753,,,0.001,-55.66818022155762,680000,748.093540628953,1000.0
688,,984.42,584.6798467899999,,98,6944,,,680745,,
692,683745,984.42,584.8456028100001,0.8595865924656391,98,6966,0.001,-55.921054069519045,684745,,
,684745,,,0.8680853072404862,,,0.001,-55.72516187286377,685000,720.7026835509575,1000.0
696,687745,984.42,585.1368414499999,0.8492633406519889,98,6997,0.001,-55.37585237121582,688745,,
,689745,,,0.770214304357767,,,0.001,-55.59331667327881,690000,956.9295358277857,1000.0
700,691745,984.42,588.42997782,0.806102883964777,98,7029,0.001,-55.726721054077146,692745,,
,694745,,,0.9533069015145302,,,0.001,-56.023578674316404,695000,912.4060922076402,1000.0
704,695745,984.42,625.6920014499999,0.9631138026118279,98,7061,0.001,-56.136770973205564,696745,,
,699745,,,0.9089562717974186,,,0.001,-56.08473360443115,700000,907.9889655067876,1000.0
708,,984.42,630.3409455,,98,7092,,,700745,,
712,703745,984.42,638.59747665,0.8469331113994122,99,7114,0.001,-56.42469286346436,704745,,
,704745,,,0.8584585134983063,,,0.001,-56.39698417663574,705000,796.396688648616,1000.0
716,707745,984.42,691.1166236199999,1.0919274363815785,99,7144,0.001,-56.035954551696776,708745,,
,709993,,,1.062009997665882,,,0.001,-55.87701994372952,710000,771.5535322350567,898.9
720,710993,976.9,708.51515476,1.1168313992619514,99,7169,0.001,-55.667702033996584,711993,,
,714993,,,1.226555734038353,,,0.001,-55.683208274841306,715000,797.3045419319591,1000.0
724,,986.04,726.25124946,,99,7201,,,715993,,
728,718993,986.04,733.3232500000001,1.10596077555418,99,7223,0.001,-55.06837940979004,719993,,
,719993,,,1.1120896218717098,,,0.001,-54.95998258209229,720000,700.844229326956,905.3
732,722993,986.04,745.2368567200001,1.154428880274296,99,7253,0.001,-54.525020431518556,723993,,
,724993,,,1.171693219691515,,,0.001,-54.555785469055174,725000,588.6944132716395,1000.0
736,726993,986.04,739.91996387,1.3388053565025329,99,7286,0.001,-54.29999478149414,727993,,
,729993,,,1.5982365779280663,,,0.001,-53.75790409851074,730000,406.419508965977,936.7
740,730993,986.04,730.4666237899999,1.7215442286133766,100,7318,0.001,-53.80177033996582,731993,,
,734993,,,2.0551438224315643,,,0.001,-53.620794593811034,735000,744.4091988671571,1000.0
744,,986.04,733.9855620400002,,100,7352,,,735993,,
748,738993,986.04,736.2901657000001,1.7256603493094445,100,7375,0.001,-53.5634182434082,739993,,
,739993,,,1.5781841660737992,,,0.001,-53.698963371276854,740000,531.6310266693472,1000.0
752,742993,986.04,724.4994835499998,1.913773650765419,100,7407,0.001,-54.88907363128662,743993,,
,744993,,,2.787516855716705,,,0.001,-53.812593383789064,745000,583.4140513082029,1000.0
756,746993,986.04,705.14135516,3.2955130997896194,100,7439,0.001,-53.01879446411133,747993,,
,749993,,,3.829533579111099,,,0.001,-53.20146195220947,750000,839.7432780557778,1000.0
760,750993,986.04,702.5742949300002,4.229094039440155,100,7473,0.001,-52.82448599243164,751993,,
,754993,,,6.506362979650498,,,0.001,-54.42548817443848,755000,-43.28801398526703,1000.0
764,,986.04,716.1849941800001,,100,7505,,,755993,,
768,758993,986.04,653.74319457,22.981720907211304,100,7529,0.001,-69.07211462402344,759993,,
,759993,,,19.01517538356781,,,0.001,-77.0353720703125,760000,-1433.4934441473335,1000.0
772,762993,986.04,588.1795093599999,13.491710428714752,101,7563,0.001,-85.40969396972656,763993,,
,764993,,,10.593292248725891,,,0.001,-84.85112623596191,765000,-1037.6723370234715,1000.0
776,766993,992.48,553.84857749,8.407445761442185,101,7595,0.001,-83.22501979064941,767993,,
,769993,,,7.5318949720859525,,,0.001,-77.05859344482423,770000,-390.9016648510698,1000.0
780,770993,992.48,530.7766481100001,7.402346140861511,101,7627,0.001,-75.3135493774414,771993,,
,774993,,,7.180851706266403,,,0.001,-72.9464264831543,775000,-808.4583019543254,1000.0
784,,992.48,504.01138480000003,,101,7660,,,775993,,
788,778993,992.48,452.95685485,6.349162160396576,101,7683,0.001,-71.69059881591797,779993,,
,779993,,,6.002089540719986,,,0.001,-70.72577851104737,780000,-126.14794831338804,941.1
792,782180,984.35,422.7516396699999,5.00335956466198,101,7709,0.001,-70.05672448730469,783180,,
,784180,,,5.445791568517685,,,0.001,-71.79828646850586,785000,-129.15387658892433,1000.0
796,786180,984.35,387.59825905,6.16204457449913,101,7741,0.001,-72.63160844421387,787180,,
,789180,,,5.66898618555069,,,0.001,-74.94627494812012,790000,0.15353535145695787,1000.0
800,790180,984.35,363.23569009,5.9435951943397525,101,7773,0.001,-75.56461022949219,791180,,
804,793268,975.23,323.68031654000004,6.17601086473465,101,7790,0.001,-75.96038919067382,794268,,
,794268,,,6.291349858045578,,,0.001,-76.69080708312988,795000,-733.7920010811183,1000.0
808,797268,967.66,287.77464379,5.980412812948227,101,7820,0.001,-79.23697079467773,797511,,
,799523,,,5.416810727596283,,,0.001,-78.2087299041748,800000,-252.77608626917936,522.3
812,,957.78,243.18725763000003,,102,7839,,,800523,,
816,803523,957.78,217.75357492999998,4.600200751900673,102,7861,0.001,-75.10792175292968,804523,,
,804523,,,4.221549102067947,,,0.001,-73.9885939025879,805000,-297.10544680311943,901.8
820,807523,965.3,191.16067175,4.257479701757431,102,7893,0.001,-70.07946771240235,808523,,
,809523,,,3.908133613586426,,,0.001,-68.98204607391358,810000,-550.253850543467,1000.0
824,811523,965.3,150.99236667000002,3.261980929017067,102,7926,0.001,-68.47676396179199,812523,,
,814604,,,2.921322214750596,,,0.001,-65.7874272044112,815000,-243.34409042474218,633.7
828,,956.11,68.94989509000001,,102,7949,,,815604,,
832,815835,928.42,8.179323869999997,2.714893803876989,102,7955,0.001,-65.0600790977478,816835,,
,819835,,,3.1693722616434097,,,0.001,-64.17777080535889,820000,-24.609379117134086,901.8
836,,928.42,1.7658591799999852,,102,7988,,,820835,,
840,823835,928.42,-0.3558951400000137,3.038741135954857,102,8010,0.001,-63.15449617767334,824835,,
,824835,,,3.4559966703653338,,,0.001,-62.53116977691651,825000,346.48474681560475,1000.0
844,827835,928.42,-24.187259510000004,3.2567995903491975,103,8042,0.001,-60.38250232696533,828835,,
,829835,,,3.315459719657898,,,0.001,-59.22277178192139,830000,-26.685718525268022,1000.0
848,831835,928.42,-46.153980219999994,3.2357278567552568,103,8073,0.001,-59.042569183349606,832835,,
,834865,,,3.9975719769795734,,,0.001,-57.58202641805013,835000,-570.6811508122831,1000.0
852,,918.72,-65.2023322,,103,8099,,,835865,,
856,838865,918.72,-75.2335942,3.2112350467443465,103,8123,0.001,-56.353056282043454,839865,,
,839865,,,3.0499900348186495,,,0.001,-55.99812442779541,840000,285.2493265503438,1000.0
860,842865,918.72,-86.85196165,2.7753382741212844,103,8155,0.001,-55.429192916870115,843865,,
,844865,,,2.956171686530113,,,0.001,-54.90038579559326,845000,448.08702704489116,1000.0
864,846865,918.72,-84.60624336999997,3.0595527106523512,103,8187,0.001,-54.301579261779786,847865,,
,849683,,,2.959880215323059,,,0.001,-52.155695992168994,850000,152.45289095178015,920.8
868,850683,916.9,-47.06404072,2.998735756635666,103,8216,0.001,-51.271069625854494,851683,,
,854683,,,3.643380603194237,,,0.001,-47.94510722351074,855000,237.0771680136677,1000.0
872,,916.9,-8.990084520000002,,103,8247,,,855683,,
876,858683,916.9,5.630401560000008,3.774458377599716,103,8269,0.001,-45.67210820007324,859683,,
,859683,,,3.862099648118019,,,0.001,-45.351905891418454,860000,317.2519508970669,1000.0
880,862683,916.9,13.138484440000004,3.4597366181612013,104,8300,0.001,-44.653179962158205,863683,,
,864683,,,3.1535265052318575,,,0.001,-44.10816233825683,865000,462.1464939797297,1000.0
884,866683,916.9,27.736147589999995,2.6647411714792253,104,8330,0.001,-44.16061502838135,867683,,
,869683,,,2.1865466529130937,,,0.001,-43.43018863677978,870000,557.2594579687575,1000.0
888,870683,916.9,54.08445248000001,2.030462153553963,104,8363,0.001,-43.20088763427734,871683,,
,874683,,,2.0915948660969734,,,0.001,-41.88043968963623,875000,858.8682392926887,1000.0
892,,925.03,78.70829383999998,,104,8394,,,875683,,
896,878683,925.03,104.92307322999999,1.7294952428340913,104,8417,0.001,-42.29904624938965,879683,,
,879683,,,1.7106737284660338,,,0.001,-42.335213874816894,880000,485.0693907149951,1000.0
900,882683,925.03,105.07246213999998,1.7625107130408286,104,8452,0.001,-41.85244876861572,883683,,
,884683,,,1.6472647849917412,,,0.001,-41.447043876647946,885000,423.31104779737655,902.6
904,886683,934.15,102.94248965999999,1.688678365111351,104,8485,0.001,-41.304201019287106,887683,,
,889683,,,1.6077536018490792,,,0.001,-41.450267875671386,890000,744.6870701212436,1000.0
908,890683,941.72,129.36110512,1.7152476230859757,104,8518,0.001,-41.366457702636716,891683,,
,894683,,,1.4499111154675484,,,0.001,-41.412692909240725,895000,641.9422053279588,1000.0
912,,951.6,168.6889562,,104,8549,,,895683,,
916,898683,951.6,184.37428373999998,1.4809347724318505,104,8572,0.001,-41.21009348297119,899683,,
,899683,,,1.4766804861426353,,,0.001,-41.371434051513674,900000,596.8157648160122,929.5
920,902683,951.6,203.01841736999998,1.3304855030179024,105,8606,0.001,-41.585405372619626,903683,,
,904683,,,1.4063427100777626,,,0.001,-41.28302433776855,905000,436.26167237767703,914.0
924,906683,951.6,226.12407034,1.4590886990129948,105,8639,0.001,-41.40343263244629,907683,,
,909683,,,1.4313492600619793,,,0.001,-41.46277523803711,910000,670.2014463172643,903.6
928,910683,960.79,303.47122371999995,1.4278117153048515,105,8671,0.001,-41.4150354385376,911683,,
,914683,,,1.4745368735790252,,,0.001,-41.397114959716795,915000,802.4470032020472,1000.0
932,,988.48,358.56086041,,105,8704,,,915683,,
936,918683,988.48,367.7588528,1.6315094112157822,105,8727,0.001,-42.12151322174072,919683,,
,919683,,,1.6809915231466293,,,0.001,-42.33465492248535,920000,673.2450437172316,1000.0
940,922683,988.48,379.4074748,1.5616900053024292,105,8760,0.001,-42.981670249938965,923683,,
,924683,,,1.3654969136416912,,,0.001,-43.26036131286621,925000,519.4492600835918,1000.0
944,926683,988.48,393.73562225,1.419327449351549,105,8792,0.001,-43.442396995544435,927683,,
,929683,,,1.3606934140324594,,,0.001,-43.45479845428467,930000,780.8308022794314,1000.0
948,930683,988.48,419.36677234999996,1.3207400090694428,105,8825,0.001,-43.57806935882569,931683,,
,934683,,,1.2144240910410882,,,0.001,-44.44221221160889,935000,758.6454386520898,1000.0
952,,998.18,456.34376051999993,,105,8857,,,935683,,
956,938683,998.18,458.4696315299999,1.4368891117572784,105,8880,0.001,-45.275775177001954,939683,,
,939683,,,1.2827450816333295,,,0.001,-45.38664978790283,940000,661.3746314176358,904.2
960,942683,990.22,434.98353912,1.4385076606869698,105,8910,0.001,-45.07608694458008,942887,,
,944914,,,1.534143970131874,,,0.001,-44.911132263183596,945000,425.2390828622156,820.9
964,,980.49,427.36060795,,105,8932,,,945914,,
968,948914,982.31,447.92000786999995,1.6577305923700332,106,8954,0.001,-44.2518120803833,949914,,
,949914,,,1.8127938658297063,,,0.001,-44.40870566558838,950000,610.7299091156107,804.4
972,952914,982.31,481.28629966,1.6773589012622834,106,8984,0.001,-44.57501706695557,953914,,
,954914,,,1.776136958360672,,,0.001,-44.17676120758057,955000,387.5525674845092,851.2
976,956914,982.31,485.6568981,2.0285796791911124,106,9015,0.001,-43.65376976776123,957914,,
,959914,,,2.0395256641507147,,,0.001,-43.49901903533936,960000,584.093394659087,1000.0
980,960914,982.31,495.58089024000003,2.011888157606125,106,9048,0.001,-43.37911833953857,961914,,
,964914,,,1.9226041164398193,,,0.001,-43.80633866119385,965000,-53.39834170997201,1000.0
984,,982.31,462.84107548000014,,106,9082,,,965914,,
988,967968,963.62,448.78756231000006,1.8450515143275261,106,9098,0.001,-44.182495414733886,968045,,
,969174,,,2.969429150956576,,,0.001,-43.45753798946257,970000,102.83724500816315,552.7
992,,944.91,418.8465836000001,,106,9111,,,970174,,
996,973174,944.91,397.8081547,1.8738546677231789,106,9132,0.001,-42.95235817718506,974174,,
,974174,,,1.8328124703168869,,,0.001,-42.971698707580565,975000,-4.1999396847561,740.4
1000,975298,926.15,381.11930063999995,1.5972818166939253,106,9151,0.001,-42.616175748864,976298,,
1004,978466,917.83,410.59693648999996,1.870768910229206,106,9170,0.001,-42.17504848480225,979466,,
,979466,,,1.824217442572117,,,0.001,-42.00063568878174,980000,678.423316998547,1000.0
1008,982466,917.83,419.01585809999995,1.8344589695334435,106,9204,0.001,-41.79894705200196,983466,,
,984466,,,1.7695241452455521,,,0.001,-41.45961326599121,985000,438.8125247657299,942.4
1012,986466,917.83,417.37873160999993,1.7659156941771508,106,9235,0.001,-41.21718447875976,987466,,
,989466,,,1.5738918029665947,,,0.001,-40.90125008392334,990000,460.0424515395425,1000.0
1016,990466,917.83,414.65144424,1.4930974174141884,106,9268,0.001,-40.73442614746094,991466,,
,994466,,,1.5334657326936723,,,0.001,-40.12484449768066,995000,738.8370810953959,1000.0
1020,,917.83,418.36477013999996,,107,9300,,,995466,,
1024,998466,917.83,413.2947898999999,1.5373532244563102,107,9322,0.001,-40.56387544250488,999466,,
,999466,,,1.6116384465098381,,,0.001,-40.13122188568115,1000000,687.3652772473288,1000.0
1028,1002466,917.83,418.2633775,1.333989286005497,107,9355,0.001,-40.185688247680666,1003466,,
,1004466,,,1.243631093531847,,,0.001,-40.669732177734375,1005000,420.1311579018831,1000.0
1032,1006466,917.83,415.05212342,1.2092557582557202,107,9389,0.001,-41.63543982696533,1007466,,
,1009466,,,1.1377336776554585,,,0.001,-42.96032089233398,1010000,779.0768010108732,1000.0
1036,1010466,917.83,417.55348276999996,1.073343841433525,107,9421,0.001,-43.29679693603516,1011466,,
,1014466,,,1.1341632128953933,,,0.001,-44.808741317749025,1015000,903.1357720466331,1000.0
1040,,917.83,420.50954363999995,,107,9456,,,1015466,,
1044,1018273,915.9,426.07791345,1.2208438431832576,107,9477,0.001,-45.79605524711514,1019273,,
,1019273,,,1.1502402659654618,,,0.001,-46.10384954071045,1020000,697.2400651035481,1000.0
1048,1022273,915.9,422.96687562000005,1.1032046216130256,107,9510,0.001,-46.881795570373534,1023273,,
,1024273,,,1.085590165644884,,,0.001,-47.51717900085449,1025000,938.7461314919346,951.3
1052,1026273,915.9,423.51322791000007,1.105354507267475,107,9541,0.001,-48.04271242523193,1027273,,
,1029320,,,1.1207079380452634,,,0.001,-48.859914512634276,1030000,1045.245560199034,1000.0
1056,,906.37,451.29618336999994,,107,9568,,,1030320,,
1060,1033320,914.33,501.20845475999994,1.1442189912497998,107,9591,0.001,-50.318061408996584,1034320,,
,1034320,,,1.2976425453722478,,,0.001,-50.63002543640137,1035000,891.6528841898777,1000.0
1064,1037320,924.06,506.69162402000006,1.3447730724513531,107,9626,0.001,-51.27288970947266,1038320,,
,1039619,,,1.3030921300435396,,,0.001,-51.90609285566542,1040000,365.6187036981108,759.7
1068,,907.05,490.33138814000006,,107,9645,,,1040619,,
1072,1042985,898.74,497.84149216,1.3986803241074086,108,9663,0.001,-52.676781112670895,1043788,,
,1044906,,,1.4543393921043912,,,0.001,-52.857342024980966,1045000,1333.476306544179,836.1
1076,1045906,883.59,519.6488249800001,1.3727899343669414,108,9687,0.001,-53.276150108337404,1046273,,
,1049143,,,1.4037848431766033,,,0.001,-54.457710525512695,1050000,-107.51483437907882,654.6
1080,,882.29,530.6841941,,108,9713,,,1050143,,
1084,1051921,870.07,586.71312477,1.6521174921274961,108,9728,0.001,-55.38183683507583,1052921,,
,1054241,,,1.547657196689397,,,0.001,-55.671861791610716,1055000,-449.8260949473828,728.2
1088,1055241,877.84,583.90894021,1.7113656777143478,108,9753,0.001,-55.82865138244629,1055829,,
1092,1058180,881.34,618.08723994,1.9240399599075317,108,9770,0.001,-56.88562818145752,1058308,,
,1059401,,,2.262634772767303,,,0.001,-57.296063464620836,1060000,382.9551816148538,802.5
1096,1060401,872.27,587.12634993,1.9644427000284195,108,9791,0.001,-57.642975799560546,1061401,,
1100,1062899,866.31,615.01081769,1.910242695922721,108,9804,0.001,-58.241521652430706,1062929,,
,1064929,,,2.2877461636066436,,,0.001,-58.63683893585205,1065000,367.7692096458748,508.7
1104,1065929,867.25,558.2507514900001,2.359417246222496,108,9826,0.001,-58.60635749053955,1066191,,
1108,1068071,856.05,530.4449407000001,2.4257936994286124,108,9839,0.001,-59.24554318838169,1069071,,
,1069809,,,2.6663327720242473,,,0.001,-59.748660809597986,1070000,1129.3168174992431,927.3
1112,,833.43,504.8734744799999,,108,9857,,,1070809,,
1116,1073037,825.71,500.68324831999996,3.2581688868403433,108,9875,0.001,-58.999661155700686,1074037,,
,1074037,,,3.449434822320938,,,0.001,-58.6263554611206,1075000,1161.3626002693084,931.8
1120,1077037,825.71,522.67368571,3.5601142307519913,108,9906,0.001,-57.71364002227783,1078037,,
,1079101,,,3.945333660721779,,,0.001,-57.42704093933106,1080000,1467.0551966644648,1000.0
1124,1080101,815.6,551.68863276,4.092885319590568,108,9934,0.001,-57.54408988952637,1081026,,
,1084026,,,4.400162930727005,,,0.001,-56.78252133178711,1085000,1066.9873125347308,760.0
1128,,815.6,547.2987204599999,,108,9963,,,1085026,,
1132,1087315,808.49,562.35279941,4.208546365008635,109,9981,0.001,-57.241019540362885,1088315,,
,1089315,,,4.0017410417795185,,,0.001,-57.23330405426025,1090000,719.8308562522172,1000.0
1136,1091315,803.07,567.99649299,4.434385885953903,109,10013,0.001,-57.05718811798096,1091773,,
1140,1093992,795.26,571.59204386,4.660425342925607,109,10029,0.001,-56.23325798728249,1094992,,
,1094992,,,4.653808061003685,,,0.001,-55.62615874481201,1095000,763.9823344577337,700.0
1144,1097318,786.56,573.09817497,5.075580052375793,109,10053,0.001,-55.26042630767822,1097929,,
,1099332,,,4.7487899248416605,,,0.001,-55.89994466422808,1100000,740.6679059919712,780.9
1148,1100027,777.54,563.8509203399999,5.3986775019186,109,10077,0.001,-55.72639895172559,1101027,,
1152,1103108,768.35,571.95391708,5.185756534337997,109,10095,0.001,-56.33325006103516,1104108,,
,1104108,,,5.621809563398362,,,0.001,-56.50720013427734,1105000,1439.8864726803265,905.6
1156,1107108,777.88,605.10622546,5.043089109778404,109,10127,0.001,-57.124550773620605,1108108,,
,1109108,,,5.140066535711289,,,0.001,-57.056438026428225,1110000,1536.8272631613654,1000.0
1160,1110732,765.76,599.0086949,5.220279414111223,109,10156,0.001,-57.33224273339296,1110896,,
1164,1113594,762.74,632.6806293699999,4.997085158155436,109,10173,0.001,-57.875633764403595,1114594,,
,1114987,,,5.091824483492014,,,0.001,-58.39548798824878,1115000,447.1306891997112,490.4
1168,1115939,763.2,640.7325139100001,5.228527316651425,109,10192,0.001,-58.066078089866316,1116939,,
1172,1119240,758.99,650.44896598,5.443346512278053,109,10209,0.001,-58.86253518616127,1119687,,
,1119687,,,5.567576157166654,,,0.001,-58.62640856413563,1120000,1183.7176844837231,872.2
1176,1121819,765.46,666.5804106400001,5.71783039867878,109,10232,0.001,-58.70282276916504,1122819,,
,1124075,,,6.542678558588028,,,0.001,-59.08155020904541,1125000,1387.2406681138789,903.6
1180,,749.32,665.04261747,,109,10252,,,1125075,,
1184,1127362,754.41,681.06105484,7.428442242383957,109,10271,0.001,-59.6759295425415,1128362,,
,1129362,,,7.592883237957954,,,0.001,-59.62585062408447,1130000,1509.668873984611,1000.0
1188,1130789,759.6,740.6257273800001,8.601396093882219,109,10300,0.001,-59.49202045924227,1131789,,
,1134558,,,8.955056534631975,,,0.001,-58.610065311580506,1135000,1459.6371079467704,886.8
1192,,772.5,764.9920308000001,,109,10330,,,1135558,,
1196,1137391,762.12,820.8792418600001,9.526608004331589,109,10345,0.001,-59.93075159454346,1137613,,
,1139613,,,9.535066121578216,,,0.001,-61.19373291015625,1140000,1398.447047614795,918.3
1200,1140613,786.84,848.7627973099999,9.58565349984169,110,10373,0.001,-61.67441226959229,1141613,,
1204,1143740,785.49,901.85570453,8.235295594207884,110,10390,0.001,-61.58175218105316,1144740,,
,1144740,,,10.012094548225402,,,0.001,-61.941535858154296,1145000,1409.6700942395541,1000.0
1208,1146936,788.65,929.2214980400001,9.972888020038605,110,10418,0.001,-62.36361693572998,1147936,,
,1149936,,,12.363966369152068,,,0.001,-61.13344317626953,1150000,1128.3605153286612,985.6
1212,1150910,811.01,975.0945125800001,12.286498234746881,110,10449,0.001,-60.82693529226942,1151910,,
,1154910,,,10.201571855545044,,,0.001,-60.469180732727054,1155000,1042.5219460837259,1000.0
1216,,818.73,1003.82446368,,110,10480,,,1155910,,
1220,1158910,818.73,994.93801409,11.473561027288437,110,10502,0.001,-58.1637719039917,1159910,,
,1159910,,,11.43006536412239,,,0.001,-58.16919819641113,1160000,909.0603856266825,876.0
1224,1162121,820.95,992.06102583,12.532571859359741,110,10526,0.001,-57.28807326507568,1163121,,
,1164121,,,11.77585643529892,,,0.001,-56.840835136413574,1165000,-1100.99065616044,1000.0
1228,1165757,817.31,978.1581216100001,11.707394862324936,110,10555,0.001,-56.846660793952225,1166757,,
1232,1168787,808.05,924.59435719,11.977571417331696,110,10571,0.001,-55.74473950958252,1169120,,
,1169567,,,10.898305281696704,,,0.001,-56.48953917635931,1170000,1134.1375091162627,1000.0
1236,1171567,807.94,943.0144565699999,10.89295234155655,110,10595,0.001,-56.61361430358887,1172567,,
,1174499,,,9.876167530409768,,,0.001,-57.52906765753619,1175000,1622.4463644756238,1000.0
1240,1175499,815.07,968.4748568000001,10.103584974050522,110,10624,0.001,-58.05350802612305,1176499,,
,1179499,,,10.325386863708497,,,0.001,-60.49618006896973,1180000,1463.8515659598283,1000.0
1244,,825.7,997.16339115,,110,10655,,,1180499,,
1248,1183499,834.72,1033.2083595600002,10.321737547636031,110,10677,0.001,-61.7067091293335,1184499,,
,1184499,,,9.758538023471832,,,0.001,-61.694911697387695,1185000,1483.4837683299907,1000.0
1252,1187489,843.81,1051.06318118,9.779812357664108,110,10710,0.001,-62.97802897644043,1188489,,
,1189489,,,10.3687510201931,,,0.001,-63.3205092086792,1190000,1755.1545458401263,969.9
1256,1191489,843.81,1043.60039268,9.791073166370392,111,10741,0.001,-63.762684501647946,1192489,,
,1194489,,,9.701074198961258,,,0.001,-64.69637928771972,1195000,1533.1208436749992,979.5
1260,1195489,855.93,1061.48855662,9.899200500249863,111,10771,0.001,-65.17957910919189,1196489,,
,1199489,,,9.13867970252037,,,0.001,-66.81367834472657,1200000,1563.343635326391,1000.0
1264,,858.95,1077.33038237,,111,10801,,,1200489,,
1268,1203127,871.88,1131.7073218,8.319665221691132,111,10822,0.001,-69.57468350219726,1204127,,
,1204127,,,8.85860664486885,,,0.001,-70.55132005310058,1205000,1534.317682461359,1000.0
1272,1207127,884.4,1150.09986968,9.053145366191863,111,10854,0.001,-73.67918866729737,1208127,,
,1209127,,,9.31586081624031,,,0.001,-75.39397589111329,1210000,993.167796506756,1000.0
1276,1211127,893.08,1138.13154682,9.008416989564896,111,10886,0.001,-76.5137903137207,1212127,,
,1214127,,,8.650304524421692,,,0.001,-76.93948506927491,1215000,1726.2924102496995,1000.0
1280,1215127,910.52,1111.5069557600002,8.716193421840668,111,10918,0.001,-77.36057273101807,1216127,,
,1219127,,,8.104030798435211,,,0.001,-78.98344471740722,1220000,1075.627519193277,1000.0
1284,,917.65,1128.74033221,,111,10950,,,1220127,,
1288,1223127,923.38,1121.64605735,7.955557376623154,111,10972,0.001,-82.173964553833,1224127,,
,1224127,,,8.098704694986344,,,0.001,-82.97765914916992,1225000,928.5709751085262,911.9
1292,1227127,925.69,1109.95082859,8.831087901830672,111,11005,0.001,-84.68775799560547,1228127,,
,1229936,,,8.850732738018037,,,0.001,-86.1674289855957,1230000,1140.6434613505146,782.9
1296,1230569,939.56,1130.9558401200002,9.41269128846143,111,11032,0.001,-86.24175252793711,1231569,,
,1234569,,,8.55494753265381,,,0.001,-87.57609439086914,1235000,1807.2087272391886,1000.0
1300,,939.56,1141.2580818800002,,111,11065,,,1235569,,
1304,1237714,934.92,1173.36348054,8.95847773551941,111,11083,0.001,-89.1256685648879,1238232,,
,1239320,,,8.788687292575837,,,0.001,-88.79061161804199,1240000,1617.7437434271328,1000.0
1308,1240320,933.84,1190.49892548,9.080256644248962,111,11108,0.001,-89.69915516662597,1241320,,
,1244320,,,8.969559632539749,,,0.001,-89.30528114318848,1245000,1875.953972320276,1000.0
1312,,934.1,1219.43063286,,111,11142,,,1245320,,
1316,1248320,924.6,1211.1901074000002,9.711693313360215,111,11164,0.001,-90.17877470397949,1248370,,
,1249412,,,9.511884719848632,,,0.001,-90.1371704864502,1250000,1950.688101370167,931.7
1320,1250412,907.21,1211.91881107,10.015788031101227,111,11185,0.001,-90.62648826599121,1250631,,
1324,1253631,915.1,1234.0004739299998,11.335700647592544,111,11214,0.001,-90.7908770904541,1254631,,
,1254631,,,10.146249017000198,,,0.001,-91.08631568908692,1255000,1731.5648188661085,1000.0
1328,1257631,918.74,1294.72229072,11.093635651111603,111,11248,0.001,-91.3366692352295,1258631,,
,1259631,,,13.151573951005936,,,0.001,-92.59344026184083,1260000,2045.928534893575,1000.0
1332,1261631,935.11,1380.2928916800001,12.324010150194168,111,11282,0.001,-92.78833198547363,1262631,,
,1264631,,,12.498324456453323,,,0.001,-93.88348246765136,1265000,1639.5976024284378,901.1
1336,1265631,940.64,1386.7056818099998,13.101518250465393,111,11314,0.001,-94.70684001159668,1266631,,
,1269631,,,12.823563780546188,,,0.001,-95.83297576904297,1270000,2208.868482661515,1000.0
1340,,941.32,1404.34629606,,111,11347,,,1270631,,
1344,1273631,941.32,1392.27567455,14.289514680147171,112,11369,0.001,-96.96072982788085,1274631,,
,1274631,,,14.412305539369584,,,0.001,-97.19392700195313,1275000,1840.3737944870052,1000.0
1348,1277631,941.32,1413.0967214300001,16.144575319290162,112,11403,0.001,-97.86940953063964,1278631,,
,1279631,,,16.562712822914122,,,0.001,-98.13661882019044,1280000,1943.3269578970153,1000.0
1352,1281631,941.42,1430.0644598999997,17.527764366149903,112,11435,0.001,-97.76089871215821,1282631,,
,1284102,,,18.47616540813446,,,0.001,-97.37248171997071,1285000,1809.7779036738561,1000.0
1356,1285102,936.13,1434.5015983499998,18.541455125808717,112,11468,0.001,-98.00509315490723,1286102,,
,1289102,,,16.869099936008453,,,0.001,-97.41121401977539,1290000,1977.0563950403011,1000.0
1360,,936.13,1451.80689437,,112,11503,,,1290102,,
1364,1292715,932.26,1454.07801847,14.44269129395485,112,11525,0.001,-99.06216111755371,1293715,,
,1294715,,,15.759634605884552,,,0.001,-99.63017535400391,1295000,1993.2674285482426,1000.0
1368,1296715,935.88,1469.75306806,14.604223197937012,112,11560,0.001,-99.9712428741455,1297715,,
,1299707,,,14.188337435483932,,,0.001,-101.32616885375977,1300000,1304.7329006150017,922.0
1372,1300707,935.8,1495.15423079,14.7418853764534,112,11594,0.001,-101.82597645568848,1301707,,
,1304707,,,14.696789922714233,,,0.001,-102.10362303161621,1305000,2220.5701991013366,1000.0
1376,,935.8,1544.4960569400002,,112,11628,,,1305707,,
1380,1308707,935.8,1624.9812186299998,14.371342714309693,112,11653,0.001,-101.8138152923584,1309707,,
,1309707,,,14.692218764305114,,,0.001,-102.33956105041504,1310000,1852.451633130014,1000.0
1384,1312707,935.8,1637.56275773,14.651040834903718,112,11689,0.001,-102.93068003845215,1313707,,
,1314707,,,14.620708277702331,,,0.001,-103.27451031494141,1315000,1889.3970037584688,860.5
1388,1316707,935.8,1682.6996346500005,14.211705707788468,112,11725,0.001,-103.69543145751953,1317707,,
,1319707,,,14.220106049537659,,,0.001,-104.53185487365722,1320000,2176.42036660359,1000.0
1392,1320707,935.8,1721.97227521,13.31300217962265,112,11756,0.001,-104.95442668151856,1321707,,
,1324707,,,13.150924088954925,,,0.001,-107.58738372802735,1325000,2226.4276928982,1000.0
1396,,941.38,1754.2769435500002,,112,11789,,,1325707,,
1400,1328707,941.38,1782.65646196,11.998382574796677,112,11814,0.001,-108.96762219238282,1329707,,
,1329707,,,11.784314467906952,,,0.001,-109.61181355285645,1330000,1380.3353337340523,860.7
1404,1332707,954.75,1799.4467860300003,11.880004294633865,112,11844,0.001,-110.8908194885254,1333707,,
,1334707,,,11.697372368097305,,,0.001,-111.3034315032959,1335000,1795.4991891863756,842.6
1408,1336707,963.87,1842.43262661,12.066504788637161,112,11873,0.001,-111.32605757141113,1337707,,
,1339707,,,12.134890225887299,,,0.001,-112.56021701049805,1340000,2089.7239428411704,1000.0
1412,1340707,954.52,1831.2897153100002,12.775983431339263,112,11906,0.001,-112.813919921875,1340772,,
1416,1343772,964.02,1880.9475467299999,13.188320682048797,112,11924,0.001,-113.63444223022461,1344772,,
,1344772,,,14.175323024749757,,,0.001,-112.98666973876954,1345000,2031.6090586718492,921.5
1420,1347202,975.71,1885.3626515999997,13.934089115142822,112,11954,0.001,-113.09561149597168,1348202,,
,1349202,,,13.76675637960434,,,0.001,-113.3944517211914,1350000,2172.37527802377,921.5
1424,1351202,975.71,1914.59152427,14.788852370262147,112,11985,0.001,-113.56623135375976,1352202,,
,1354202,,,13.892383694887162,,,0.001,-115.10636032104492,1355000,2255.722254288383,1000.0
1428,1355202,975.71,1932.08230359,13.033768491744995,112,12020,0.001,-116.1178723602295,1356202,,
,1359202,,,12.401395959854126,,,0.001,-116.53971466064453,1360000,2242.6763759194873,1000.0
1432,,974.6,1948.2524122500004,,112,12053,,,1360091,,
1436,1363091,974.6,1983.55645968,13.662396781921387,112,12075,0.001,-117.07853459167481,1364091,,
,1364091,,,13.469600534200667,,,0.001,-117.85295491027831,1365000,2419.3585778796114,1000.0
1440,1367091,974.6,2000.1894275700001,14.737531258106232,112,12109,0.001,-119.39221533203126,1368091,,
,1369091,,,14.446260830402375,,,0.001,-118.97268447875976,1370000,-117.72940520755947,1000.0
1444,1371091,974.6,2012.3999222300001,16.092353581905364,113,12141,0.001,-118.98768531799317,1372091,,
,1374091,,,15.838347950935363,,,0.001,-119.0884385986328,1375000,589.0930180846132,1000.0
1448,1375091,974.6,1993.9156603699998,16.07655969953537,113,12174,0.001,-119.77903440856933,1376091,,
,1379091,,,15.447550950050355,,,0.001,-120.04283375549316,1380000,2038.030980173411,1000.0
1452,,974.6,1988.0020633400002,,113,12208,,,1380091,,
1456,1383091,979.89,2020.4980795500003,14.859515833377838,113,12231,0.001,-120.83788801574707,1384091,,
,1384091,,,15.363042005300521,,,0.001,-121.6820982055664,1385000,2179.0517175439977,1000.0
1460,1387091,979.89,2039.89289056,16.047342291355132,113,12263,0.001,-121.7609683380127,1388091,,
,1389091,,,15.611086063861848,,,0.001,-122.85509120178223,1390000,2312.9555856740453,1000.0
1464,1391091,983.76,2054.5715291,17.563932056903838,113,12296,0.001,-122.1451812133789,1392091,,
,1394091,,,17.175062050819395,,,0.001,-122.40322621154785,1395000,2027.2283647686477,914.1
1468,1395091,983.76,2064.9634078299996,16.915227881908418,113,12328,0.001,-122.55520237731933,1396091,,
1472,1398424,977.17,2002.7166981100004,17.355477663993835,113,12348,0.001,-123.61561393737793,1399424,,
,1399424,,,17.317126779556276,,,0.001,-123.27817445373535,1400000,2025.6805242136586,941.5
1476,1402424,977.17,2005.86162277,18.938707337856293,113,12381,0.001,-124.11404164123535,1403424,,
,1404424,,,19.185576640605927,,,0.001,-124.66069592285156,1405000,2379.9381604693363,1000.0
1480,1406424,977.17,2006.4330503600002,19.588137942314148,113,12414,0.001,-124.18633987426757,1407424,,
,1409962,,,19.682941798686983,,,0.001,-125.01341078186036,1410000,1275.0790051613817,961.3
1484,,972.55,1995.40091871,,113,12444,,,1410962,,
1488,1413962,972.55,1994.6727926699998,19.518249161720277,113,12467,0.001,-125.26441981506348,1414962,,
,1414962,,,20.42576053094864,,,0.001,-125.59609126281738,1415000,2237.477861557226,1000.0
1492,1417962,972.55,2006.4593063999998,19.445679789543153,113,12499,0.001,-127.55078260803222,1418962,,
,1419962,,,17.722001643180846,,,0.001,-127.77928707885742,1420000,2128.505481316196,1000.0
1496,1421962,972.55,2014.0318042000001,19.470854644298555,113,12533,0.001,-128.90601567077636,1422962,,
,1424962,,,17.702331607341765,,,0.001,-130.50503062438966,1425000,2119.0880576803816,951.2
1500,1425962,972.55,1988.0727882899998,17.48049294567108,113,12567,0.001,-129.87708206176757,1426962,,
,1429962,,,20.362883555412292,,,0.001,-129.631685256958,1430000,1934.3372909822313,915.5
1504,,972.55,2016.06843596,,113,12599,,,1430962,,
1508,1433962,972.55,2017.6601733800003,21.145606312274932,113,12621,0.001,-127.3530181274414,1434962,,
,1434962,,,21.22594204425812,,,0.001,-126.78567797851562,1435000,2116.8830374521667,1000.0
1512,1437962,981.9,2038.2432964999998,20.204421882629394,113,12655,0.001,-125.72436207580566,1438962,,
,1439962,,,19.582804454803465,,,0.001,-125.91994819641113,1440000,1857.873728376045,1000.0
1516,1441962,977.13,2016.5738752599998,19.861538791179658,113,12687,0.001,-126.06127651977539,1442485,,
,1444467,,,19.690151375811357,,,0.001,-126.29375330348121,1445000,2389.4922680217774,935.1
1520,1445467,982.65,2062.76259296,18.78166671180725,113,12715,0.001,-125.72274485778809,1446467,,
1524,1448993,977.91,2041.2813110999998,21.47111792230606,113,12733,0.001,-126.51052156066895,1449993,,
,1449993,,,22.284182644367217,,,0.001,-126.89400285339356,1450000,2030.8382749760872,1000.0
1528,1452671,974.69,2000.4869216000004,22.092940643473714,113,12762,0.001,-128.3718058493285,1453671,,
,1454671,,,24.388560286521912,,,0.001,-128.96058456420897,1455000,1250.556445074752,1000.0
1532,1456671,975.8,1972.71719564,24.230288904190065,113,12796,0.001,-128.49636738586426,1457671,,
,1459671,,,25.55139069080353,,,0.001,-129.97167922973634,1460000,1953.7542446948587,931.7
1536,1460671,975.8,1973.8456167199997,26.26915195989609,113,12830,0.001,-131.7193126220703,1461671,,
,1464671,,,25.40567688703537,,,0.001,-129.1185146179199,1465000,1927.8683111948426,912.8
1540,,975.8,1935.0456692700004,,113,12862,,,1465671,,
1544,1468005,969.14,1936.2993882800001,23.06131957819362,114,12881,0.001,-128.1080501350814,1469005,,
,1469005,,,23.02449234008789,,,0.001,-127.83774639892579,1470000,2516.8066822201713,1000.0
1548,1472005,969.14,1930.9264534699996,22.00773489379883,114,12914,0.001,-128.40384451293946,1473005,,
,1474005,,,23.21517946100235,,,0.001,-127.72365330505372,1475000,2069.2854528400117,929.4
1552,1476005,969.14,1958.4253795500001,25.708970995903016,114,12949,0.001,-127.92227175903321,1477005,,
,1479244,,,21.954193888664246,,,0.001,-128.24203985595702,1480000,2200.860792691078,1000.0
1556,,961.53,1945.8826252400002,,114,12978,,,1480244,,
1560,1483244,961.53,1926.2211357300005,25.21581855106354,114,13002,0.001,-128.41370359802247,1484244,,
,1484244,,,22.90729154634476,,,0.001,-128.83888987731933,1485000,2050.9813436383497,978.6
1564,1486428,945.56,1896.50328291,24.490097978840705,114,13032,0.001,-128.78135764080545,1486647,,
,1489647,,,25.664858323097228,,,0.001,-128.43705416870117,1490000,2592.0580175866953,1000.0
1568,,945.56,1848.8000301799998,,114,13064,,,1490647,,
1572,1493647,952.23,1931.26773048,23.554337635517122,114,13088,0.001,-130.0218687133789,1494647,,
,1494647,,,25.508309126377107,,,0.001,-129.71077787780763,1495000,2495.7933836040784,1000.0
1576,1497647,952.23,1939.1682759999999,23.206735353946687,114,13124,0.001,-130.33954962158202,1498647,,
,1499647,,,23.001901971340178,,,0.001,-131.02635009765626,1500000,1540.019102396461,607.0
1580,1501647,946.61,1941.7544769600001,21.316959240436553,114,13154,0.001,-131.0485505218506,1502085,,
,1504560,,,20.874703516960142,,,0.001,-133.6887671508789,1505000,2580.928825404216,1000.0
1584,,945.98,1958.88907519,,114,13183,,,1505560,,
1588,1508560,945.98,1974.6128787699997,20.906384955883027,114,13207,0.001,-135.1361514892578,1509560,,
,1509560,,,19.78855646944046,,,0.001,-135.2242762298584,1510000,2547.018724481645,1000.0
1592,1512560,945.98,1984.63882373,21.32681781435013,114,13241,0.001,-136.05358728027343,1513560,,
,1514560,,,22.21714010334015,,,0.001,-136.06859323120116,1515000,2568.6683906972407,1000.0
1596,1516560,945.98,1999.6883364799994,23.155230000019074,114,13275,0.001,-136.5081979522705,1517560,,
,1519560,,,22.25993150997162,,,0.001,-138.73405709838866,1520000,2254.7530247881077,879.6
1600,1520560,945.98,2022.27942095,22.380448803901672,114,13308,0.001,-139.167527633667,1521560,,
,1524560,,,23.41564025735855,,,0.001,-141.4814880065918,1525000,2748.398397619551,1000.0
1604,,945.98,2038.0429722,,114,13342,,,1525560,,
1608,1528560,945.98,2035.60525526,25.80085301685333,114,13365,0.001,-143.29028550720216,1529560,,
,1529560,,,25.65218519973755,,,0.001,-144.09099812316896,1530000,2108.3540375937473,1000.0
1612,1532560,945.98,2047.0346426500003,23.456786947727203,114,13398,0.001,-143.33066296386718,1533560,,
,1534560,,,23.233783643722536,,,0.001,-144.9701064300537,1535000,1741.6749016717076,836.8
1616,1536560,950.75,2083.8524665500004,21.99342844438553,114,13430,0.001,-146.4237558746338,1537560,,
,1539560,,,21.50819415807724,,,0.001,-148.19248085021974,1540000,2512.890164436557,1000.0
1620,1540560,950.93,2053.2263316000003,21.498337737560274,114,13462,0.001,-148.79458084106446,1541560,,
,1544560,,,22.193561134815216,,,0.001,-147.55131213378905,1545000,2197.3445408536036,893.2
1624,,955.67,2084.98690502,,114,13492,,,1545560,,
1628,1548560,958.89,2109.5010823499997,19.181001440525055,114,13514,0.001,-147.20256855773926,1549560,,
,1549560,,,19.53718998527527,,,0.001,-148.35949517822266,1550000,2474.1931404755915,949.2
1632,1552560,958.89,2158.46204995,20.377562143325807,114,13544,0.001,-147.97774948120116,1553560,,
,1554560,,,19.935030903339385,,,0.001,-148.57533709716796,1555000,2925.5960855636977,1000.0
1636,1556560,958.89,2172.13719086,20.718637481212618,114,13573,0.001,-149.71338833618165,1557560,,
,1559560,,,21.317045043945313,,,0.001,-151.13762161254883,1560000,2518.6289587001725,1000.0
1640,1560560,958.89,2188.0502281,20.477482079029084,114,13603,0.001,-151.4118750305176,1561560,,
,1564560,,,21.28062148141861,,,0.001,-153.042686126709,1565000,675.5004963545246,901.3
1644,,965.55,2209.3425439499997,,114,13633,,,1565560,,
1648,1568039,960.34,2249.95437904,19.374281332492828,114,13653,0.001,-153.73733822631837,1569039,,
,1569417,,,18.4772112773209,,,0.001,-155.003335942667,1570000,2874.1573324263445,1000.0
1652,1571417,953.05,2241.5983293599998,20.892086567878724,114,13679,0.001,-154.47545001220703,1572310,,
,1574310,,,22.89310054731369,,,0.001,-154.47660223388672,1575000,2874.9008616605774,977.9
1656,1575310,957.43,2225.2010141600003,23.696435192584993,114,13707,0.001,-154.8896991882324,1575987,,
1660,1578987,957.43,2269.48386917,24.164844836711882,115,13727,0.001,-155.9035365753174,1579987,,
,1579987,,,24.58717105960846,,,0.001,-156.8450400085449,1580000,1663.3098701050003,748.4
1664,1582757,971.1,2319.9912599099994,26.048599224090577,115,13754,0.001,-157.46334017944335,1583757,,
,1584811,,,23.38348463010788,,,0.001,-158.17472802734375,1585000,2922.0409005294555,989.3
1668,1585811,961.64,2366.13675811,23.690114401340484,115,13793,0.001,-158.78686981201173,1586811,,
,1589811,,,22.620055282115935,,,0.001,-159.3085565185547,1590000,1528.6517895977013,797.9
1672,,961.22,2380.1393453600003,,115,13825,,,1590769,,
1676,1593769,961.22,2396.7546846799996,27.29729269695282,115,13848,0.001,-159.74621591186522,1594769,,
,1594769,,,26.286792576789857,,,0.001,-159.53623889160156,1595000,2243.3278538212644,921.2
1680,1597448,963.63,2416.8113874299997,26.77265626405553,115,13879,0.001,-160.29648159226767,1598448,,
,1599448,,,28.668749922275545,,,0.001,-160.8826438598633,1600000,2987.688876053458,1000.0
1684,1601448,968.88,2405.39408199,28.32875295639038,115,13913,0.001,-161.153525390625,1602448,,
,1604990,,,26.445477533340455,,,0.001,-162.41558627319336,1605000,2948.02325986934,1000.0
1688,,964.3,2408.4321639600003,,115,13943,,,1605990,,
1692,1608990,956.54,2404.3147990400003,26.63997513771057,115,13965,0.001,-163.09292300415038,1609214,,
,1609214,,,25.676865036998475,,,0.001,-163.9480631692069,1610000,3156.004787780158,997.2
1696,1612214,953.39,2414.47917474,28.182552245140077,115,13995,0.001,-164.17085327148436,1612899,,
,1614838,,,26.348741807622776,,,0.001,-165.11347065377743,1615000,3161.295601026155,1000.0
1700,1615838,952.78,2450.92520709,27.713539673805236,115,14025,0.001,-164.58161178588867,1616838,,
,1619838,,,25.667803871154785,,,0.001,-164.96773303222656,1620000,2665.3791393222286,1000.0
1704,,952.78,2464.40906082,,115,14058,,,1620838,,
1708,1623838,952.78,2503.02347793,26.188470935344696,115,14080,0.001,-166.2108123779297,1624838,,
,1624838,,,26.717843368530275,,,0.001,-166.17820153808594,1625000,3134.8047247073614,1000.0
1712,1627838,952.78,2529.9500794600003,27.388376077175142,115,14111,0.001,-167.04326989746093,1628838,,
,1629838,,,28.141048851013185,,,0.001,-166.63609634399415,1630000,3228.7893197751605,1000.0
1716,1631838,952.78,2552.6596643400003,26.720654793739318,115,14141,0.001,-167.31710137939453,1632838,,
,1634838,,,25.405374834537508,,,0.001,-168.37866326904296,1635000,2691.489940158729,908.2
1720,1635838,952.78,2613.1721343199997,25.368480574607847,115,14172,0.001,-167.61771713256837,1636838,,
,1639838,,,25.49341813659668,,,0.001,-169.23030636596678,1640000,2716.700254292623,905.8
1724,,952.78,2635.9070816299995,,115,14205,,,1640838,,
1728,1643838,952.78,2684.1354579100002,28.840898281097413,115,14227,0.001,-170.09722872924806,1644838,,
,1644838,,,29.154492031097412,,,0.001,-169.3037388305664,1645000,3319.2662985373404,998.5
1732,1646858,942.98,2670.37375681,24.567937898635865,115,14255,0.001,-167.82427368164062,1647858,,
,1649858,,,30.023965777397155,,,0.001,-171.65249087524415,1650000,3223.2435800084845,1000.0
1736,1650858,942.98,2682.7662503300003,27.678132590293885,115,14288,0.001,-171.82091314697266,1651858,,
,1654858,,,29.371791686058046,,,0.001,-172.54588690185548,1655000,3119.0310835363343,1000.0
1740,,942.98,2732.37982275,,115,14323,,,1655858,,
1744,1658858,942.98,2775.88461782,30.112757791519165,115,14346,0.001,-172.3522273864746,1659858,,
,1659858,,,30.105530002593994,,,0.001,-172.63394619750977,1660000,3133.2318465513936,987.3
1748,1662858,948.19,2806.73187965,32.85126849365234,115,14377,0.001,-172.67826794433594,1663858,,
,1664858,,,32.328719292163846,,,0.001,-172.43056350708008,1665000,3150.407082890114,1000.0
1752,1666858,955.48,2845.75719845,32.28043019676208,115,14411,0.001,-173.22442895507814,1667858,,
,1669858,,,28.608776483535767,,,0.001,-174.48847998046875,1670000,3045.677879341575,1000.0
1756,1670858,958.71,2908.276223259999,28.910223757743836,115,14445,0.001,-173.75352865600587,1671858,,
,1674858,,,32.38169598388672,,,0.001,-174.3738840942383,1675000,3406.070593452826,1000.0
1760,,958.71,2924.6619546299994,,115,14477,,,1675858,,
1764,1678654,958.97,2935.68263526,30.244198988430465,115,14499,0.001,-176.08561419002973,1679654,,
,1679654,,,33.74112631511688,,,0.001,-175.86087353515626,1680000,3292.0077437356113,992.0
1768,1682349,957.2,2941.0771377799997,32.77063007259369,115,14531,0.001,-176.53048132324218,1682531,,
,1684531,,,32.104345420837404,,,0.001,-177.03516543579101,1685000,2595.557064378867,800.2
1772,1685531,957.62,2953.6068591900003,33.18555727767944,115,14558,0.001,-177.03043896484374,1686531,,
1776,1688689,949.2,2938.2101325800004,30.945227164256423,115,14577,0.001,-176.45834910718702,1689689,,
,1689689,,,32.242937268257144,,,0.001,-177.3016894226074,1690000,3304.96262965342,1000.0
1780,1692689,952.41,2957.50853185,33.26620438766479,115,14610,0.001,-177.5087869567871,1693689,,
,1694689,,,33.92037618350982,,,0.001,-177.22388327026368,1695000,2946.826486094715,925.3
1784,1696689,952.41,3007.5641284000008,32.4690981349945,115,14642,0.001,-177.0442619934082,1697689,,
,1699689,,,30.696658381462097,,,0.001,-179.10791757202148,1700000,3434.132760622911,1000.0
1788,1700689,956.99,3033.24518292,29.790028830051423,115,14673,0.001,-178.73847903442382,1701689,,
,1704689,,,30.10321290588379,,,0.001,-179.93292642211915,1705000,3359.494565552287,997.6
1792,,964.75,3067.23364699,,115,14705,,,1705689,,
1796,1708689,967.9,3083.954477699999,31.367280117988585,116,14727,0.001,-179.95368795776366,1709689,,
,1709689,,,30.065135886669157,,,0.001,-180.6765217590332,1710000,3437.930742144212,1000.0
1800,1712689,968.51,3095.91026056,28.113502339363098,116,14760,0.001,-180.80160034179687,1713689,,
,1714853,,,25.198508559332954,,,0.001,-184.07686360677084,1715000,3088.349302832782,1000.0
1804,,950.15,3038.89785887,,116,14780,,,1715853,,
1808,1718853,950.15,3042.495962899999,30.22066330718994,116,14802,0.001,-183.16240155029297,1719853,,
,1719853,,,31.7291036939621,,,0.001,-183.5056852722168,1720000,1283.6904197654687,544.4
1812,1722853,949.06,3010.30087968,31.055972556114195,116,14829,0.001,-184.04541394042968,1723744,,
,1724744,,,30.095844244003295,,,0.001,-185.12083139038086,1725000,3348.7167813055216,1000.0
1816,1726744,949.06,3013.23719039,30.891857259750367,116,14859,0.001,-184.87571640014647,1727744,,
,1729744,,,32.293840965270995,,,0.001,-185.60736511230468,1730000,3276.920046293491,941.8
1820,1730744,949.06,3033.4559785100005,30.59392569923401,116,14890,0.001,-186.36003558349609,1731744,,
,1734174,,,28.628379992485048,,,0.001,-187.2709097595215,1735000,3641.6018475659193,1000.0
1824,,943.36,3032.1704106899997,,116,14917,,,1735174,,
1828,1738174,943.36,3042.674527099999,28.733278531074525,116,14939,0.001,-188.62779287719727,1739174,,
,1739174,,,28.047496069908142,,,0.001,-189.09642578125,1740000,3575.19451136142,1000.0
1832,1742174,953.16,3083.38511007,32.34901322174072,116,14969,0.001,-189.0021217651367,1743174,,
,1744174,,,30.454282457351685,,,0.001,-189.52907531738282,1745000,3521.462677714974,1000.0
1836,1746174,953.16,3101.3882690600003,33.22023534870148,116,15000,0.001,-190.53339083862303,1747174,,
,1749174,,,33.42700001621246,,,0.001,-191.10174069213866,1750000,3655.447158565931,1000.0
1840,1750174,953.16,3120.8528432399994,31.463000969886778,116,15031,0.001,-190.9474658203125,1751174,,
1844,1753459,946.01,3108.3385273699996,30.532579320907594,116,15050,0.001,-192.39334469604492,1754459,,
,1754459,,,32.23684776878357,,,0.001,-191.94522006225586,1755000,3532.1903692254796,993.5
1848,1757459,946.01,3120.7389231599996,30.16863782596588,116,15081,0.001,-193.51157897949219,1758459,,
,1759459,,,34.5881009645462,,,0.001,-193.37380502319337,1760000,3326.094649445149,1000.0
1852,1761459,946.01,3125.768846349999,33.57981997394562,116,15111,0.001,-193.72779782104493,1762459,,
,1764459,,,34.02170112705231,,,0.001,-194.0569774169922,1765000,3710.492166492762,1000.0
1856,1765459,946.01,3145.340676359999,33.63094163322449,116,15140,0.001,-194.92861114501954,1766459,,
,1769459,,,37.228553324699405,,,0.001,-195.54590786743165,1770000,3555.7156528955793,1000.0
1860,,946.01,3156.91202528,,116,15170,,,1770459,,
1864,1773459,948.05,3143.0357925400003,41.77590867328644,116,15190,0.001,-197.53023657226564,1774459,,
,1774459,,,38.027004195213316,,,0.001,-196.83658737182617,1775000,3712.625187746249,1000.0
1868,1777459,959.28,3189.005896040001,42.43948234653473,116,15221,0.001,-198.5493316040039,1778459,,
,1779853,,,41.6814320306778,,,0.001,-198.10573458862305,1780000,1999.4697537552279,917.4
1872,1780853,953.22,3146.9974080699994,40.12496068572998,116,15249,0.001,-197.8107338256836,1781853,,
1876,1783982,952.93,3123.5231678699993,37.53449838475664,116,15265,0.001,-200.5170928955078,1784982,,
,1784982,,,39.258349000930785,,,0.001,-199.59866806030274,1785000,2126.613158124275,882.0
1880,1787982,952.93,3111.8419539399993,42.00894934940338,116,15296,0.001,-201.00834967041015,1788982,,
,1789536,,,40.097284817953835,,,0.001,-201.31600494935626,1790000,2336.818739133433,749.9
1884,1791536,939.96,3079.021219179999,41.81582339000702,116,15322,0.001,-200.76050509643554,1791685,,
1888,1792270,915.81,2992.4317868699995,43.334933778974744,116,15327,0.001,-199.8118350558811,1793270,,
,1794270,,,40.53690421104431,,,0.001,-200.92111923217774,1795000,3558.53933925149,1000.0
1892,1796270,915.81,3005.5998942600004,41.07773507881164,117,15361,0.001,-201.4442038269043,1797270,,
,1799270,,,40.069635306358336,,,0.001,-201.828501953125,1800000,3373.047060348804,917.2
1896,1800270,915.81,3020.0698516700004,40.51039243030548,117,15392,0.001,-202.1391411743164,1801270,,
,1804270,,,42.0747941865921,,,0.001,-205.10566821289063,1805000,3801.445510511147,1000.0
1900,,915.81,3031.869256060001,,117,15425,,,1805270,,
1904,1808270,929.07,3094.7752368799997,46.342492279052735,117,15447,0.001,-204.01033349609375,1808760,,
,1809760,,,47.3214231338501,,,0.001,-205.16082266235352,1810000,3317.1151297598844,869.3
1908,1811760,929.07,3114.09058462,43.624109026908876,117,15477,0.001,-205.30790447998046,1812760,,
,1814760,,,49.26450316619873,,,0.001,-207.48970779418946,1815000,3565.292300705053,928.0
1912,1815760,930.16,3176.26169943,47.50089916419983,117,15510,0.001,-209.03763662719726,1816760,,
,1819760,,,55.38278080940247,,,0.001,-211.84019534301757,1820000,3685.8152983305044,1000.0
1916,,930.16,3194.6640693400004,,117,15543,,,1820760,,
1920,1822772,920.28,3169.6902786299993,124.3982515335083,117,15561,0.001,-218.86333974202475,1823772,,
,1824772,,,152.30920435905458,,,0.001,-222.9888871459961,1825000,-932.0011658146104,904.6
1924,1826772,925.98,2999.4005545299988,246.00509256362915,117,15593,0.001,-236.42142782592774,1827772,,
,1829772,,,535.8109109344482,,,0.001,-273.4116802368164,1830000,-1632.125229193014,711.1
1928,1830772,925.98,2773.876421899999,596.31220803833,117,15623,0.001,-294.4814378356934,1831772,,
1932,1833824,916.5,2560.7212143899997,1008.6387074279785,117,15640,0.001,-427.9553428344727,1834824,,
,1834954,,,1199.182566011869,,,0.001,-529.8725909893329,1835000,-1031.073499037698,418.2
1936,1836008,889.0,2386.15760017,1181.876869140625,117,15655,0.001,-554.7902892456054,1836074,,
1940,1838105,879.31,2159.8180458300003,1252.656412841797,117,15669,0.001,-646.6703098144532,1839105,,
,1839105,,,1153.0156029663085,,,0.001,-679.4840672607422,1840000,-2224.603497214802,806.1
1944,1841191,877.32,1961.3567486900004,949.5560883789062,117,15695,0.001,-725.5461284179687,1842191,,
,1844191,,,679.027891921997,,,0.001,-759.24173828125,1845000,-2121.9020915953442,811.9
1948,1845191,877.32,1721.11047427,607.7098419952392,117,15727,0.001,-762.6138649902343,1846191,,
1952,1847878,864.19,1525.83950037,497.46802908325196,117,15744,0.001,-751.6128100585937,1848878,,
,1849878,,,392.3594130859375,,,0.001,-736.2992885742187,1850000,-1683.1295077919028,1000.0
1956,1851878,864.19,1304.3645287,370.80428458404543,117,15777,0.001,-716.5804285888672,1852878,,
,1854878,,,252.99297360992432,,,0.001,-679.7450812988282,1855000,-1899.660112277133,907.4
1960,1855878,864.19,1139.69388501,235.94915505218506,117,15809,0.001,-665.5070516357422,1856878,,
,1859083,,,210.46146809768678,,,0.001,-632.3856495361329,1860000,-481.38654029586104,1000.0
1964,,856.24,1003.01719213,,117,15838,,,1860083,,
1968,1863083,856.24,837.0017248800001,170.7839048652649,117,15861,0.001,-593.9531419677735,1864083,,
,1864083,,,170.8308459815979,,,0.001,-584.3951571044922,1865000,-1115.4199259775182,1000.0
1972,1867083,862.3,736.5650164499999,150.10278580093384,117,15893,0.001,-555.09945703125,1868083,,
,1869083,,,141.5775259552002,,,0.001,-533.9891727905274,1870000,2065.476165683195,1000.0
1976,1871083,864.01,719.6288003800001,140.07189099311827,117,15927,0.001,-514.3709645996094,1871383,,
,1874383,,,127.24532242584229,,,0.001,-492.52992254638673,1875000,2271.9070320196683,1000.0
1980,,864.01,697.90382746,,117,15957,,,1875383,,
1984,1877397,860.96,652.8495396500001,117.8233365688324,117,15974,0.001,-472.66086096191407,1877781,,
,1879781,,,124.33011891174317,,,0.001,-456.5092990722656,1880000,3123.701621914469,990.2
1988,1880781,885.11,695.8999557500001,121.40302236747742,117,16004,0.001,-450.74189123535155,1881781,,
1992,1883910,876.4,637.4813808499999,97.86553341293335,117,16023,0.001,-430.6489702758789,1884910,,
,1884910,,,97.2394701385498,,,0.001,-427.14146862792967,1885000,2837.3394362076187,979.4
1996,1887910,876.4,600.16346496,91.84534045124055,117,16056,0.001,-412.55150115966796,1888910,,
,1889910,,,86.59741407966614,,,0.001,-403.5527239379883,1890000,3194.2649190580473,1000.0
2000,1891910,876.4,585.3148867099999,79.46284009742737,117,16089,0.001,-392.35707708740233,1892910,,
,1894910,,,80.56453340339661,,,0.001,-376.68602801513674,1895000,-1261.068512481678,851.5
2004,1895910,871.86,467.32336731,81.75028049659728,117,16120,0.001,-372.5099067993164,1895946,,
2008,1898946,871.86,398.54992751000003,79.44170673561096,117,16138,0.001,-360.54764086914065,1899946,,
,1899946,,,76.75063644218444,,,0.001,-356.8305348510742,1900000,2308.9123445371865,747.0
2012,1902946,871.86,365.09881394,70.72085897827148,117,16168,0.001,-347.22572589111326,1903946,,
,1904946,,,66.70098384666443,,,0.001,-341.33567944335937,1905000,2607.6412394731365,952.3
2016,1906539,867.79,329.34807220000005,75.04141583251953,117,16198,0.001,-335.4329091796875,1907539,,
,1909539,,,66.85977794456483,,,0.001,-327.0192583618164,1910000,3634.4246747549623,1000.0
2020,1910539,877.67,349.34773938,64.68276856422425,117,16229,0.001,-324.0255231933594,1911539,,
,1914539,,,64.43762510681152,,,0.001,-314.14900616455077,1915000,3391.6052812046837,969.6
2024,,877.67,526.7758638600001,,117,16262,,,1915539,,
2028,1918097,873.25,740.89079717,55.03813575839996,117,16282,0.001,-306.4968892211914,1919097,,
,1919097,,,57.333637620925906,,,0.001,-303.77764215087893,1920000,3015.6185344028368,919.9
2032,1921640,873.42,920.1489589000001,58.50130328113423,117,16311,0.001,-298.0985971338609,1922166,,
,1924166,,,58.544470287323,,,0.001,-294.06442459106444,1925000,3403.2903055825273,961.5
2036,1925166,900.92,1088.7809998400003,61.44311198043823,117,16341,0.001,-292.9834465026855,1926166,,
2040,1928628,905.23,1195.9345217200002,74.69940712547302,117,16362,0.001,-290.05506811523435,1929628,,
,1929628,,,77.31527314567566,,,0.001,-289.5532712402344,1930000,-546.707270048419,967.5
2044,1932628,914.37,1310.95767124,88.14539252471924,117,16394,0.001,-280.9212385864258,1933628,,
2048,1934934,887.86,1410.85493509,116.16105488368443,117,16406,0.001,-274.7545878092448,1934977,,
,1934977,,,138.6313336394554,,,0.001,-272.73797389439176,1935000,-271.28451061568046,711.4
2052,1937977,900.99,1422.58507213,148.07326118850708,117,16432,0.001,-279.6346165161133,1938977,,
,1939977,,,239.16374172210692,,,0.001,-310.85676306152345,1940000,-533.9420403838346,1000.0
2056,1941977,900.99,1476.18960388,192.72112098693847,118,16465,0.001,-325.2786069335938,1942977,,
,1944977,,,112.50675135421753,,,0.001,-324.4452277832031,1945000,-609.7867304475861,1000.0
2060,1945977,900.99,1462.2892847100002,98.30652172851562,118,16499,0.001,-320.6953381347656,1946977,,
,1949977,,,73.4158842601776,,,0.001,-302.5645911254883,1950000,32.52879203023876,1000.0
2064,,908.94,1502.0339949999998,,118,16533,,,1950977,,
2068,1953977,908.94,1576.1802410900002,60.5906532869339,118,16557,0.001,-293.99177310180664,1954977,,
,1954977,,,57.466177042007445,,,0.001,-292.74720529174806,1955000,2277.9039792536814,735.6
2072,1957420,897.41,1677.88665722,58.81859088105488,118,16582,0.001,-289.5799754374736,1957824,,
,1959339,,,56.7572531080246,,,0.001,-287.10558905029296,1960000,2870.5354389765416,968.4
2076,,886.91,1685.3715284199998,,118,16603,,,1960074,,
2080,1962157,877.74,1687.6393698999998,55.57234699058533,118,16619,0.001,-281.80176278686525,1963157,,
,1964157,,,55.96282442760467,,,0.001,-280.44881042480466,1965000,2558.4725704067737,767.9
2084,1966157,893.76,1779.6371230800003,51.51507789134979,118,16652,0.001,-278.15494937133786,1967157,,
,1969157,,,57.20491536045075,,,0.001,-273.4903368225098,1970000,3609.369628049899,1000.0
2088,1970157,893.76,1843.2475841999997,50.6039227771759,118,16685,0.001,-272.89299182128906,1971157,,
,1974157,,,50.54705624294281,,,0.001,-268.0211361083984,1975000,4010.518963791959,1000.0
2092,,902.47,1908.0295985499997,,118,16715,,,1975157,,
2096,1977168,892.58,1908.0504463800003,49.65885409736633,118,16730,0.001,-264.3354253845215,1978168,,
,1979168,,,49.80405354213715,,,0.001,-262.046348236084,1980000,3893.2236872622743,1000.0
2100,1981168,892.58,1926.3687309899997,49.53303512859345,118,16761,0.001,-260.8015017700195,1982168,,
,1984168,,,49.170256052970885,,,0.001,-257.38732336425784,1985000,4135.538715584169,1000.0
2104,1985168,902.22,2066.0649559,49.83382625961304,118,16791,0.001,-256.2296065673828,1986168,,
,1989168,,,52.03917781639099,,,0.001,-253.95636004638672,1990000,3849.2338114447425,1000.0
2108,,902.22,2144.1386588899995,,118,16823,,,1990168,,
2112,1993168,902.22,2176.6081663699997,43.546172738075256,118,16844,0.001,-251.75876361083985,1994168,,
,1994168,,,46.154008440971374,,,0.001,-251.82634503173827,1995000,3716.9021947315896,1000.0
2116,1997168,906.29,2222.35384894,49.83047821140289,118,16877,0.001,-250.47019696044921,1998168,,
,1999168,,,43.156851893424985,,,0.001,-249.62819876098632,2000000,4133.323004807438,1000.0
