time/episodes,time/fps,rollout/ep_len_mean,time/total_timesteps,time/time_elapsed,rollout/ep_rew_mean,train/n_updates,train/critic_loss,train/learning_rate,train/actor_loss,eval/mean_ep_length,eval/mean_reward
4,4417,5.5,22,0,39.71696525,,,,,,
8,4577,5.875,47,0,43.21393975,,,,,,
12,4643,6.0,72,0,44.483972249999994,,,,,,
16,4674,5.9375,95,0,43.949394625000004,,,,,,
20,1079,5.7,114,0,41.655809000000005,15,67.23508071899414,0.001,-7.040684223175049,,
24,673,5.375,129,0,38.57882858333333,30,42.733978271484375,0.001,-5.705761194229126,,
28,524,5.142857142857143,144,0,36.38124935714286,45,15.96565842628479,0.001,-7.539422035217285,,
32,429,4.96875,159,0,34.73085424999999,60,17.502214431762695,0.001,-7.896000862121582,,
36,381,4.777777777777778,172,0,32.97693727777777,74,15.594446818033854,0.001,-7.237870931625366,,
40,350,4.675,187,0,31.996759524999998,89,14.19568657875061,0.001,-7.90291690826416,,
44,329,4.590909090909091,202,0,31.194634499999996,103,13.968069791793823,0.001,-7.685935735702515,,
48,310,4.479166666666667,215,0,30.177566770833334,117,14.126765251159668,0.001,-7.921146392822266,,
52,297,4.384615384615385,228,0,29.313703596153843,130,14.094090461730957,0.001,-8.270429611206055,,
56,286,4.339285714285714,243,0,28.877764875,145,12.658249378204346,0.001,-7.227221250534058,,
60,276,4.266666666666667,256,0,28.21841811666667,158,14.57873503367106,0.001,-7.5236897468566895,,
64,269,4.1875,268,0,27.509663187500003,170,12.90753142038981,0.001,-7.735362529754639,,
68,264,4.147058823529412,282,1,27.13283714705883,183,13.135677655537924,0.001,-8.516111373901367,,
72,258,4.111111111111111,296,1,26.797606277777774,197,11.128413200378418,0.001,-7.334599494934082,,
76,252,4.065789473684211,309,1,26.387739881578945,211,11.944861650466919,0.001,-7.647876262664795,,
80,248,4.025,322,1,26.0189746,223,10.93543815612793,0.001,-7.481782913208008,,
84,242,3.988095238095238,335,1,25.68411598809524,236,10.36176872253418,0.001,-7.522828578948975,,
88,238,3.9431818181818183,347,1,25.283655772727272,249,9.337506612141928,0.001,-8.692660331726074,,
92,235,3.9130434782608696,360,1,25.009378793478255,262,11.401835918426514,0.001,-8.449097156524658,,
96,233,3.9166666666666665,376,1,25.01749857291667,277,12.016201734542847,0.001,-9.074572563171387,,
100,230,3.91,391,1,24.942022760000004,292,9.772199630737305,0.001,-7.715903282165527,,
104,227,3.83,405,1,24.195583170000006,306,11.067328135172525,0.001,-8.587589740753174,,
108,225,3.7,417,1,23.0022764,319,9.862027963002523,0.001,-9.571666717529297,,
112,223,3.59,431,1,21.962345590000005,333,9.705633640289307,0.001,-9.056172847747803,,
116,222,3.5,445,2,21.11086177,346,10.036742210388184,0.001,-8.580834865570068,,
120,220,3.47,461,2,20.82218794,362,9.666763544082642,0.001,-8.794601440429688,,
124,218,3.44,473,2,20.571221119999997,375,9.437959988911947,0.001,-9.0581636428833,,
128,217,3.41,485,2,20.32027995,387,8.672268390655518,0.001,-10.089354515075684,,
132,215,3.41,500,2,20.31876329,402,12.729544639587402,0.001,-7.46585750579834,,
136,213,3.41,513,2,20.32248269,415,9.623858094215393,0.001,-9.57540225982666,,
140,212,3.41,528,2,20.32237772,429,8.067336082458496,0.001,-8.914202690124512,,
144,211,3.41,543,2,20.321231909999998,444,7.910599946975708,0.001,-7.902215242385864,,
148,210,3.44,559,2,20.571533979999998,460,9.561743974685669,0.001,-8.240251302719116,,
152,209,3.44,572,2,20.571375229999997,473,8.545689264933268,0.001,-9.590741157531738,,
156,208,3.42,585,2,20.40382359,487,9.14035701751709,0.001,-8.544700622558594,,
160,207,3.43,599,2,20.48523669,500,7.732537031173706,0.001,-8.531312704086304,,
164,206,3.46,614,2,20.736991229999997,515,7.593969464302063,0.001,-9.3824462890625,,
168,205,3.45,627,3,20.651815579999997,529,7.301030953725179,0.001,-10.646601676940918,,
172,205,3.43,639,3,20.482679099999995,541,7.808114210764567,0.001,-8.146377563476562,,
176,204,3.43,652,3,20.48134235,554,7.580101648966472,0.001,-9.117907047271729,,
180,203,3.43,665,3,20.47893689,567,8.269013404846191,0.001,-7.897345066070557,,
184,202,3.44,679,3,20.561498549999996,581,7.923156499862671,0.001,-9.243068218231201,,
188,201,3.46,693,3,20.727581639999997,595,6.205750226974487,0.001,-10.914545059204102,,
192,200,3.48,708,3,20.895794679999998,610,7.019806981086731,0.001,-9.340621948242188,,
196,200,3.45,721,3,20.647026499999996,623,7.66126024723053,0.001,-10.67050838470459,,
200,200,3.45,736,3,20.64568177,637,8.140057802200317,0.001,-8.893782138824463,,
204,199,3.45,750,3,20.64611664,652,7.2313276926676435,0.001,-8.969569206237793,,
208,198,3.48,765,3,20.89851026,667,6.344801425933838,0.001,-9.635012149810791,,
212,198,3.47,778,3,20.81455618,680,6.836158275604248,0.001,-8.4905366897583,,
216,198,3.46,791,3,20.73272449,693,6.499768892923991,0.001,-9.843135833740234,,
220,197,3.45,806,4,20.64690064,707,6.8325395584106445,0.001,-10.396181106567383,,
224,197,3.47,820,4,20.814389570000003,722,5.480325857798259,0.001,-9.494065284729004,,
228,197,3.5,835,4,21.064496340000005,736,6.5746612548828125,0.001,-9.87266492843628,,
232,196,3.49,849,4,20.97938831,750,7.831298828125,0.001,-9.709922313690186,,
236,195,3.51,864,4,21.14338907,765,7.747971534729004,0.001,-10.927448272705078,,
240,195,3.49,877,4,20.976050410000003,778,6.101604302724202,0.001,-9.680744647979736,,
244,194,3.47,890,4,20.811079520000003,792,5.27583909034729,0.001,-9.824145793914795,,
248,194,3.46,905,4,20.72529888,806,5.418874979019165,0.001,-10.519721508026123,,
252,194,3.52,924,4,21.2750502,823,5.8057053565979,0.001,-13.274228572845459,,
256,194,3.8,965,4,23.874107490000007,862,6.529745561735971,0.001,-13.609163965497698,,
,,,1000,,,897,6.367655611038208,0.001,-13.68924331665039,9.7,79.34086351394653
260,192,4.02,1001,5,25.945065320000005,,,,,,
264,191,4.22,1036,5,27.82494173,931,5.243791103363037,0.001,-16.30540657043457,,
268,190,4.41,1068,5,29.598459660000003,967,5.719362735748291,0.001,-15.32222867012024,,
272,190,4.62,1101,5,31.55435151,999,6.188003131321499,0.001,-15.943917910257975,,
276,189,4.79,1131,5,33.145224060000004,1029,5.433107972145081,0.001,-15.532399415969849,,
280,190,4.99,1164,6,35.01480378,1059,5.015089171273368,0.001,-15.008487383524576,,
284,189,5.19,1198,6,36.89054359,1094,6.154465079307556,0.001,-16.34584069252014,,
288,188,5.4,1233,6,38.8632715,1129,5.6128109031253395,0.001,-17.403414964675903,,
292,188,5.62,1270,6,40.93989931,1164,4.188250005245209,0.001,-17.990562915802002,,
296,188,5.87,1308,6,43.28951161,1203,4.774357080459595,0.001,-17.403038024902344,,
300,188,6.12,1348,7,45.653153540000005,1243,3.724852999051412,0.001,-18.45412317911784,,
304,187,6.42,1392,7,48.46749541,1286,3.738388928500089,0.001,-18.255890210469563,,
308,187,6.68,1433,7,50.92180986999999,1325,4.145384682549371,0.001,-18.908993244171143,,
312,187,6.93,1471,7,53.27016420999999,1367,3.440674251980252,0.001,-19.45379877090454,,
316,187,7.17,1508,8,55.52360138,1403,3.4145462079481645,0.001,-20.452702713012695,,
320,187,7.41,1547,8,57.801468830000005,1441,3.26271231174469,0.001,-21.054302215576172,,
324,186,7.7,1590,8,60.52778025000001,1482,3.177888254324595,0.001,-22.183382987976074,,
328,186,8.04,1639,8,63.7292043,1534,3.4949129479272023,0.001,-21.779780524117605,,
332,186,8.36,1685,9,66.71933358999999,1573,3.9334065437316896,0.001,-21.738994979858397,,
336,186,8.78,1742,9,70.66114845,1631,3.0657292145949144,0.001,-24.838597933451336,,
340,185,9.08,1785,9,73.47609496999999,1680,2.356043588031422,0.001,-25.213855425516766,,
344,185,9.36,1826,9,76.11075102000001,1722,2.4071636497974396,0.001,-24.64745044708252,,
348,185,9.6,1865,10,78.38585829,1760,3.651186215877533,0.001,-25.71584701538086,,
352,185,9.88,1912,10,81.0215883,1806,2.868468904495239,0.001,-24.64645462036133,,
356,184,9.84,1949,10,80.67835466999999,1845,3.346910285949707,0.001,-25.464253616333007,,
,,,2000,,,1885,2.588074286778768,0.001,-26.615054607391357,15.4,132.57259554862975
360,184,10.01,2002,10,82.27463762,,,,,,
364,183,10.09,2045,11,83.0435309,1939,2.9316245317459106,0.001,-27.8393856048584,,
368,183,10.38,2106,11,85.76321410999999,1989,2.9367141221698962,0.001,-28.196392483181423,,
372,182,10.59,2160,11,87.72866096,2054,2.786434018611908,0.001,-29.598001861572264,,
376,182,10.74,2205,12,89.14357376000002,2098,2.5906046628952026,0.001,-30.49959526062012,,
380,182,10.95,2259,12,91.11320468,2150,3.311243987083435,0.001,-30.03315963745117,,
384,182,11.17,2315,12,93.18330248000002,2203,8.356062173843384,0.001,-31.284413528442382,,
388,182,11.33,2366,12,94.68780819999998,2257,4.1254089921712875,0.001,-32.4345600605011,,
392,182,11.61,2431,13,97.31883777999998,2321,6.462996027686379,0.001,-33.75445573980158,,
396,182,11.66,2474,13,97.77706224999999,2368,4.489916758103804,0.001,-35.98096529642741,,
400,182,12.05,2553,13,101.40842185999998,2436,6.885537374587286,0.001,-35.33708745783026,,
404,181,12.37,2629,14,104.39993426000001,2522,9.999935825665792,0.001,-35.72684817843967,,
408,182,12.59,2692,14,106.45194235999998,2582,6.054603150912693,0.001,-36.374445481733844,,
412,181,12.8,2751,15,108.41671907999998,2644,7.58548629283905,0.001,-37.321571350097656,,
416,181,13.16,2824,15,111.77535645999998,2712,5.5019146374293735,0.001,-37.69751793997629,,
420,181,13.41,2888,15,114.10033985,2781,6.463704665501912,0.001,-39.67541948954264,,
424,182,13.86,2976,16,118.29643396,2846,3.5578575293223063,0.001,-40.87170886993408,,
,,,3000,,,2904,4.95153696640678,0.001,-41.595846811930336,20.5,180.19202580451966
428,180,14.23,3062,16,121.7244717,2948,5.168424863815307,0.001,-41.42903225238506,,
432,180,14.75,3160,17,126.59794181,3038,4.169482452528817,0.001,-44.1507317679269,,
436,180,15.0,3242,17,128.9415384,3134,5.733988220041448,0.001,-45.68677584330241,,
440,180,15.48,3333,18,133.41315297,3219,4.1539165616035465,0.001,-45.69891166687012,,
444,181,15.97,3423,18,137.98815054,3293,5.496157709757487,0.001,-43.85655811854771,,
448,181,16.48,3513,19,142.7368858,3378,5.482392160516036,0.001,-48.090248107910156,,
452,180,16.83,3595,19,145.99870973,3472,6.310411512851715,0.001,-49.05894470214844,,
456,179,17.14,3663,20,148.88897017000002,3554,6.956159464518229,0.001,-48.959715843200684,,
460,179,17.38,3740,20,151.1231251,3630,5.550191481908162,0.001,-50.71496534347534,,
464,179,17.5,3795,21,152.23761587,3686,5.736487646897634,0.001,-51.81779416402181,,
468,180,17.8,3886,21,155.03435542,3758,6.046212563147912,0.001,-52.022617885044646,,
472,179,17.89,3949,21,155.87140476000002,3841,6.708220762365005,0.001,-51.8566689491272,,
,,,4000,,,3902,6.134449458122253,0.001,-53.610704803466795,22.1,195.0078570961952
476,178,18.16,4021,22,158.37915466,3913,6.722222848372026,0.001,-54.66046371459961,,
480,179,18.61,4120,23,162.58406794,4006,6.7439565539360045,0.001,-51.720720291137695,,
484,179,18.91,4206,23,165.35527588000002,4086,7.084505927562714,0.001,-54.61796417236328,,
488,179,19.64,4330,24,172.15627221000003,4195,6.965559275253959,0.001,-55.39463181929155,,
492,179,20.17,4448,24,177.08051889,4326,6.787243803342183,0.001,-57.75707117716471,,
496,179,20.76,4550,25,182.58064394000002,4414,6.580752913157145,0.001,-58.397989145914714,,
500,178,20.98,4651,26,184.64644051,4528,6.168341447567117,0.001,-60.03626327514648,,
504,179,21.7,4799,26,191.35514695000006,4650,6.150739495347186,0.001,-61.31468672979446,,
508,178,22.25,4917,27,196.49422687000003,4782,6.07253105575974,0.001,-62.457428781609785,,
,,,5000,,,4904,7.05172859770911,0.001,-64.19449125017438,31.3,281.01565463542937
512,177,22.91,5042,28,202.64129807,,,,,,
516,176,23.18,5142,29,205.16047975,5009,7.4310440719127655,0.001,-64.97942638397217,,
520,176,23.69,5257,29,209.91487953,5125,7.891067749745137,0.001,-65.5171104007297,,
524,175,24.35,5411,30,216.07183694,5282,7.579343557357788,0.001,-67.87970733642578,,
528,174,24.69,5531,31,219.27486719,5418,7.49681798087226,0.001,-69.15551509027895,,
532,175,25.23,5683,32,224.3126652,5549,7.191936009639019,0.001,-71.02820120917426,,
536,175,25.88,5830,33,230.36999799999998,5668,7.825514348347982,0.001,-70.70367736816407,,
540,174,26.25,5958,34,233.82457068,5827,7.5284344308516555,0.001,-73.410228953642,,
,,,6000,,,5895,7.0512282103300095,0.001,-74.17139768600464,35.6,321.11851675510405
544,173,26.34,6057,34,234.63783183000004,5941,8.406619350115458,0.001,-74.69228490193684,,
548,173,26.79,6192,35,238.83153303999998,6057,8.081579829707291,0.001,-75.57421064376831,,
552,173,27.31,6326,36,243.68508205,6196,9.03847022210398,0.001,-74.11396074295044,,
556,173,27.98,6461,37,249.93553035000002,6324,8.725871220613138,0.001,-76.42455368041992,,
560,172,29.0,6640,38,259.47112665000003,6501,10.551772347203007,0.001,-79.06618273699725,,
564,172,29.94,6789,39,268.24057976000006,6653,20.606020154179753,0.001,-80.6215091281467,,
568,172,30.44,6930,40,272.90732505000005,6805,11.971156519286486,0.001,-82.72278340657552,,
,,,7000,,,6894,15.857913357870919,0.001,-83.40452248709542,41.6,377.148545563221
572,171,31.2,7069,41,279.99643123999994,6940,13.218151154725447,0.001,-82.58123447584069,,
576,171,31.96,7217,42,287.09953535,7085,13.664872333921235,0.001,-84.89396122523716,,
580,171,32.37,7357,42,290.91003312,7212,17.241425875959724,0.001,-86.6848871866862,,
584,170,32.99,7505,43,296.7169943,7366,19.49479919256166,0.001,-85.09829677234997,,
588,170,33.15,7645,44,298.22315444,7518,20.042908880445694,0.001,-89.19126759404722,,
592,170,33.83,7831,45,304.58166156999994,7681,20.012652856332284,0.001,-90.1387939453125,,
596,170,34.31,7981,46,309.05905587999996,7844,19.388802146911623,0.001,-90.74633674621582,,
,,,8000,,,7886,23.477560656411306,0.001,-90.40873863583519,47.0,427.686719417572
600,169,35.23,8174,48,317.65427135999994,8046,19.55740687721654,0.001,-92.8865902549342,,
604,169,35.1,8309,49,316.44704957,8186,20.65250862345976,0.001,-93.34283761417164,,
608,169,35.13,8430,49,316.70896115,8307,23.317697788106983,0.001,-95.45192500523159,,
612,169,35.57,8599,50,320.82506888000006,8471,25.592961621838946,0.001,-93.91288176037017,,
616,169,36.43,8785,51,328.86130296000005,8636,27.386191393878008,0.001,-98.03114559775905,,
620,168,36.77,8934,52,332.03200881,8807,24.52267963409424,0.001,-98.37638727823894,,
,,,9000,,,8839,27.112302482128143,0.001,-97.37707424163818,45.9,417.58147169351577
624,168,37.53,9164,54,339.15418002,9025,28.208280575739874,0.001,-98.1861706783897,,
628,168,38.36,9367,55,346.91471217,9210,27.330239513464143,0.001,-100.52172798945986,,
632,168,38.05,9488,56,344.00984021999994,9367,25.083396984980656,0.001,-102.70300132349918,,
636,168,38.28,9658,57,346.16485476,9529,31.746102174123127,0.001,-102.66992645263672,,
640,168,38.83,9841,58,351.31153132,9701,29.308731962133336,0.001,-104.34159653275101,,
,,,10000,,,9900,36.29727624102337,0.001,-106.27002643403553,54.4,497.08066656589506
644,167,39.81,10038,59,360.48003471,,,,,,
648,167,40.52,10244,61,367.14365878999996,10096,37.25521169057706,0.001,-109.57550339471726,,
652,167,41.39,10465,62,375.29276860000004,10321,39.48082820006779,0.001,-110.36863136291504,,
656,167,43.23,10784,64,392.51983376,10614,38.547245669364926,0.001,-110.9181447982788,,
,,,11000,,,10794,43.1947860139789,0.001,-114.41519254796646,243.1,2265.646424472332
660,166,52.8,11920,71,482.20337212,11794,47.891455065727236,0.001,-122.02695823669434,,
,,,12000,,,11874,50.6292612503986,0.001,-122.54753356933594,56.0,512.1235386610031
664,166,53.86,12175,73,492.13312823,12026,49.410067624823995,0.001,-125.05720271620639,,
668,166,54.22,12352,74,495.50132097,12202,57.19640278171848,0.001,-125.81613841809724,,
672,166,54.45,12514,75,497.66281464000014,12373,50.34942424658573,0.001,-129.60918378829956,,
,,,13000,,,12564,66.54580472310384,0.001,-127.85581817626954,66.1,606.5877864360809
676,170,58.6,13077,76,536.4967893900001,,,,,,
680,166,58.75,13232,79,537.9025194300001,13102,67.02224035520811,0.001,-134.6937215704667,,
684,167,59.35,13440,80,543.51371608,13254,77.63287108285087,0.001,-132.67255347115653,,
,,,14000,,,13376,52.80127057721538,0.001,-135.26726818084717,57.1,522.3776079177857
688,166,68.9,14535,87,633.0120314799999,14412,108.90677054723103,0.001,-146.6876301235623,,
692,167,70.03,14834,88,643.59241888,14661,100.98544715107352,0.001,-144.14171824735755,,
,,,15000,,,14879,97.97966685661903,0.001,-147.32198548928287,64.4,590.7210757374763
696,167,71.21,15102,90,654.64299374,14923,90.93817602504383,0.001,-146.7266845703125,,
700,167,72.11,15385,91,663.0672738499999,15225,86.23679749862008,0.001,-149.56476792045262,,
704,167,73.67,15676,93,677.67122303,15496,101.48335688822978,0.001,-148.53174384864602,,
708,167,75.37,15967,95,693.5928097699999,15830,94.39072217350513,0.001,-151.01321036355537,,
,,,16000,,,15872,93.5494764418829,0.001,-153.43831888834634,75.8,697.2379472851753
712,167,76.4,16239,96,703.23189684,16088,102.601386846498,0.001,-152.25009710138494,,
716,167,76.91,16476,98,708.00790856,16344,100.55976323021783,0.001,-154.1302744547526,,
720,168,78.91,16825,99,726.7330291100001,16619,101.90983702007092,0.001,-154.04049355643136,,
,,,17000,,,16864,99.00226793660747,0.001,-158.25887298583984,300.6,2803.8196304798125
,,,18000,,,17864,101.31956747436523,0.001,-163.1956288757324,92.8,856.4392451047897
724,166,88.62,18026,108,817.7307864200001,,,,,,
,,,19000,,,17988,94.28791936238606,0.001,-167.88386062095904,545.9,5103.357911968231
728,164,99.46,19313,117,919.2988986099999,19088,127.21266170501708,0.001,-175.36770141601562,,
732,164,100.73,19561,119,931.1893997,19433,121.39787503292686,0.001,-180.10408341257195,,
736,164,101.89,19847,120,942.0468531299999,19705,129.08445473873255,0.001,-174.76455503521544,,
,,,20000,,,19824,130.16587691836887,0.001,-177.78903240627713,130.0,1204.643119108677
740,164,104.7,20311,123,968.3386765299999,20088,131.7865213533727,0.001,-177.9103521531628,,
744,164,106.25,20663,125,982.85030782,20510,131.1816720684755,0.001,-178.87921846829929,,
748,165,107.44,20988,127,993.9741552300002,20795,143.5177528437446,0.001,-181.66798715030447,,
,,,21000,,,20893,135.7743356471159,0.001,-181.63982282366072,93.1,859.1838382959365
,,,22000,,,21204,144.30489302403998,0.001,-183.01100771354908,648.9,6068.638513612747
,,,23000,,,22204,143.66003543472291,0.001,-189.15723376464842,832.6,7790.4121946334835
752,165,128.34,23299,140,1189.8227651500001,,,,,,
,,,24000,,,23204,138.23152187156677,0.001,-198.06361270141602,662.2,6193.004991173744
,,,25000,,,24204,133.72666730308532,0.001,-204.5179157409668,1000.0,9359.759251499176
,,,26000,,,25204,137.92694931602477,0.001,-213.28873022460937,1000.0,9359.687422370911
,,,27000,,,26204,143.68267747497558,0.001,-221.3830174255371,1000.0,9359.726722240448
756,155,165.15,27299,175,1534.8228875699997,,,,,,
,,,28000,,,27204,155.24124100494384,0.001,-228.79310580444337,1000.0,9359.21661787033
,,,29000,,,28204,161.76976178359985,0.001,-236.01867761230469,1000.0,9359.388307476043
,,,30000,,,29204,164.29188164901734,0.001,-242.51781423950194,1000.0,9359.352769756317
,,,31000,,,30204,181.50947902679442,0.001,-249.3631371154785,1000.0,9359.152136802673
760,147,193.79,31299,211,1803.23146993,,,,,,
,,,32000,,,31524,191.2972677931001,0.001,-258.2260029466846,1000.0,9359.292935276031
,,,33000,,,32524,174.52552473068238,0.001,-263.36540185546875,1000.0,9359.27822523117
764,144,214.44,33619,231,1996.7314836100004,,,,,,
,,,34000,,,33524,201.42223694992066,0.001,-268.9478522644043,1000.0,9359.645310211181
,,,35000,,,34586,270.7795044683641,0.001,-277.4258723105154,1000.0,9359.149823188782
,,,36000,,,35586,284.3607219772339,0.001,-280.4652946472168,1000.0,9359.852583026886
768,141,243.29,36681,259,2267.11434258,,,,,,
,,,37000,,,36735,253.61382073524015,0.001,-287.53996812975083,1000.0,9359.478806781768
,,,38000,,,37735,272.4210316429138,0.001,-293.23783251953125,1000.0,9359.728783988952
,,,39000,,,38735,272.4512865104675,0.001,-299.56388494873045,1000.0,9359.190280246734
772,139,273.16,39830,286,2547.03771759,,,,,,
,,,40000,,,39735,255.21067402648924,0.001,-303.6328319091797,1000.0,9359.138503742219
,,,41000,,,40735,282.7486439704895,0.001,-308.63924670410154,1000.0,9359.711961650848
,,,42000,,,41782,384.0584447333153,0.001,-317.7340850830078,1000.0,9359.577087783813
776,136,298.0,42877,313,2779.88344729,,,,,,
,,,43000,,,42782,401.6103285675049,0.001,-315.39226147460937,1000.0,9357.093840122223
,,,44000,,,43782,348.4658948249817,0.001,-319.98609411621095,1000.0,9354.425851154327
,,,45000,,,44782,346.03252054214477,0.001,-326.8692868041992,1000.0,9359.18156785965
,,,46000,,,45782,381.1060308570862,0.001,-333.035075012207,1000.0,9354.126728916168
780,134,336.45,46877,349,3140.1135953399994,,,,,,
,,,47000,,,46782,463.40452808380127,0.001,-339.1344442138672,1000.0,9343.32203245163
,,,48000,,,47782,609.7317756652832,0.001,-344.5520665283203,1000.0,9330.606949234008
,,,49000,,,48782,874.1643675613403,0.001,-354.21109240722654,1000.0,9342.851320362091
,,,50000,,,49782,1519.5640401763917,0.001,-364.5032541503906,1000.0,9327.863152980804
784,131,374.37,50877,385,3494.4616361500002,,,,,,
,,,51000,,,50782,2341.339641204834,0.001,-377.31528631591794,1000.0,9324.760993862152
,,,52000,,,51782,2525.855155334473,0.001,-387.82643994140625,1000.0,9322.72795343399
,,,53000,,,52782,2305.589075683594,0.001,-398.54375476074216,1000.0,9322.080196380615
,,,54000,,,53782,1941.1698633422852,0.001,-403.9724282836914,1000.0,9321.704135227203
788,130,403.42,54877,420,3765.2501088199997,,,,,,
,,,55000,,,54782,1886.629680999756,0.001,-407.45125225830077,1000.0,9329.127347564698
,,,56000,,,55782,1796.2641871643066,0.001,-410.88218939208986,1000.0,9324.048989391327
,,,57000,,,56782,1647.990904937744,0.001,-412.813592590332,1000.0,9322.818468952179
,,,58000,,,57782,1852.105090637207,0.001,-418.12909020996096,1000.0,9322.179653930663
792,129,440.43,58877,455,4110.74533115,,,,,,
,,,59000,,,58782,1527.5199930725098,0.001,-421.07558587646486,1000.0,9320.66280193329
,,,60000,,,59782,1114.196007736206,0.001,-424.20552154541014,1000.0,9322.555673885345
,,,61000,,,60782,1226.905257232666,0.001,-427.2866448364258,1000.0,9322.343028926849
,,,62000,,,61782,1269.7596611938477,0.001,-430.38305682373044,1000.0,9321.101167869569
796,128,477.75,62877,491,4459.019645869999,,,,,,
,,,63000,,,62782,1198.5390443572999,0.001,-429.98220837402346,1000.0,9324.317016983032
,,,64000,,,63782,1268.467265563965,0.001,-432.94791766357423,1000.0,9321.018313121796
,,,65000,,,64782,1253.3588178253174,0.001,-436.2624256591797,1000.0,9320.88753232956
,,,66000,,,65782,1154.5274515075685,0.001,-436.8376424560547,1000.0,9320.690580558778
800,126,514.92,66877,528,4805.880085349999,,,,,,
,,,67000,,,66782,1104.1919692077636,0.001,-438.86882238769533,1000.0,9322.469067668915
,,,68000,,,67782,1227.521973953247,0.001,-441.53199951171877,1000.0,9321.168525218964
,,,69000,,,68782,1108.0171201324463,0.001,-442.1435587158203,1000.0,9321.302478790283
,,,70000,,,69782,1154.9462057495118,0.001,-446.51887170410157,1000.0,9320.54166431427
804,125,552.01,70877,566,5151.98167736,,,,,,
,,,71000,,,70782,1049.1551102294923,0.001,-447.4107064819336,1000.0,9321.19820842743
,,,72000,,,71782,833.994275390625,0.001,-447.39395642089846,1000.0,9320.429208564758
,,,73000,,,72782,791.1663575057984,0.001,-449.45854779052735,1000.0,9320.238338279723
,,,74000,,,73782,703.5206555023193,0.001,-450.93039782714845,1000.0,9320.586169815064
808,123,589.1,74877,605,5498.044539900001,,,,,,
,,,75000,,,74782,762.217503326416,0.001,-452.51787603759766,1000.0,9320.924351882935
,,,76000,,,75782,717.6337941436767,0.001,-455.5926224365234,1000.0,9321.028162193299
,,,77000,,,76782,773.5943097839355,0.001,-458.6003923950195,1000.0,9319.890706539154
,,,78000,,,77782,766.8692688598633,0.001,-459.2936599121094,1000.0,9320.080437850953
812,122,626.38,78877,644,5845.89197415,,,,,,
,,,79000,,,78782,843.9317431488037,0.001,-461.4469829711914,1000.0,9320.184529781342
,,,80000,,,79782,756.5708691940307,0.001,-463.7095491943359,1000.0,9320.019781589508
,,,81000,,,80782,707.5368829193116,0.001,-468.6103521118164,1000.0,9317.53036737442
,,,82000,,,81782,741.5235476989747,0.001,-467.8937096557617,1000.0,9320.833861351013
816,121,664.01,82877,684,6196.96760487,,,,,,
,,,83000,,,82782,681.5115827636719,0.001,-469.34653741455077,1000.0,9317.871685886383
,,,84000,,,83782,653.9307934951782,0.001,-471.4034943847656,1000.0,9319.082482528687
,,,85000,,,84782,558.6667707366944,0.001,-473.11392431640627,1000.0,9317.682546138763
,,,86000,,,85782,589.2222114105225,0.001,-474.90651708984376,1000.0,9320.488606452942
820,119,700.52,86877,725,6537.553978680002,,,,,,
,,,87000,,,86782,544.8121575164795,0.001,-475.87027978515624,1000.0,9319.010197734833
,,,88000,,,87782,613.281104232788,0.001,-477.03256768798826,1000.0,9319.927501964568
,,,89000,,,88782,693.0741305313111,0.001,-478.0972323608398,1000.0,9320.991645908356
,,,90000,,,89782,568.0570269699097,0.001,-480.1846496582031,1000.0,9319.631996631622
824,118,728.51,90877,765,6798.303696359999,,,,,,
,,,91000,,,90782,468.2983866119385,0.001,-481.9651193847656,1000.0,9319.647387504578
,,,92000,,,91782,470.8826785888672,0.001,-482.9789998779297,1000.0,9319.892847156525
,,,93000,,,92782,400.96389347076416,0.001,-487.49087609863284,1000.0,9319.973317337037
,,,94000,,,93782,406.3562272644043,0.001,-489.60245568847654,1000.0,9320.46568660736
828,118,755.64,94877,803,7051.01461088,,,,,,
,,,95000,,,94782,404.93245261001584,0.001,-489.35166040039064,1000.0,9321.388167285919
,,,96000,,,95782,649.4913447113037,0.001,-491.2049040527344,1000.0,9319.764974975586
,,,97000,,,96782,657.9856064376831,0.001,-491.07397589111326,1000.0,9319.652701854706
,,,98000,,,97782,698.4669881973267,0.001,-493.52408673095704,1000.0,9319.818818664551
832,117,793.16,98877,842,7401.09540478,,,,,,
,,,99000,,,98782,622.7161306991577,0.001,-493.8128916625977,1000.0,9320.507917118073
,,,100000,,,99782,556.8291606445313,0.001,-495.5648831176758,1000.0,9320.434639835357
,,,101000,,,100782,609.5369125366211,0.001,-497.076385925293,1000.0,9321.145596504211
,,,102000,,,101782,746.0586822509765,0.001,-497.72688708496094,1000.0,9321.570021724701
836,116,830.3,102877,882,7747.64966947,,,,,,
,,,103000,,,102782,714.3016893463134,0.001,-499.0637354125977,1000.0,9317.334760475158
,,,104000,,,103782,556.113882358551,0.001,-500.46412829589843,1000.0,9321.080740165711
,,,105000,,,104782,606.6033526992798,0.001,-501.11473779296875,1000.0,9320.170682907104
,,,106000,,,105782,765.5255447998047,0.001,-504.00792181396486,1000.0,9319.18102197647
840,115,865.66,106877,922,8077.48914806,,,,,,
,,,107000,,,106782,705.202454170227,0.001,-503.6212490234375,1000.0,9320.383012008668
,,,108000,,,107782,623.1479315032959,0.001,-503.66778259277345,1000.0,9320.82034072876
,,,109000,,,108782,863.2253201980591,0.001,-504.75599981689453,1000.0,9321.13208618164
,,,110000,,,109782,693.9122747955322,0.001,-505.2318735961914,1000.0,9320.855652713775
844,115,902.14,110877,961,8417.85700618,,,,,,
,,,111000,,,110782,708.8079587249756,0.001,-505.3785746459961,1000.0,9320.233056545258
,,,112000,,,111782,607.8047733383179,0.001,-506.1707277832031,1000.0,9320.382398414611
,,,113000,,,112782,476.1445108795166,0.001,-508.63446722412107,1000.0,9318.922007274628
,,,114000,,,113782,399.7491975135803,0.001,-510.2648361206055,1000.0,9320.961222553253
848,114,938.89,114877,1001,8760.7326289,,,,,,
,,,115000,,,114782,330.4351527137756,0.001,-511.52631011962893,1000.0,9320.762389278412
,,,116000,,,115782,384.4660066604614,0.001,-512.3800376586914,1000.0,9318.696302032471
,,,117000,,,116782,366.8125725288391,0.001,-511.94955145263674,1000.0,9318.296023845673
,,,118000,,,117782,406.7356880340576,0.001,-513.8020643310547,1000.0,9318.55465555191
852,114,955.78,118877,1040,8917.43622433,,,,,,
,,,119000,,,118782,440.4800374069214,0.001,-513.8573151855469,1000.0,9316.527973842622
,,,120000,,,119782,467.505373134613,0.001,-515.4144935913085,1000.0,9317.280778694152
,,,121000,,,120845,652.4695722791884,0.001,-515.1465444257183,1000.0,9318.535804653167
856,113,946.41,121940,1070,8828.3174454,,,,,,
,,,122000,,,121845,826.4232169189453,0.001,-516.1075800170898,1000.0,9317.852788448334
,,,123000,,,122845,787.6321660537719,0.001,-517.1089597167969,1000.0,9319.900312805175
,,,124000,,,123845,352.2137678565979,0.001,-520.6922435913086,1000.0,9319.750863647461
,,,125000,,,124845,254.46873643493652,0.001,-522.3323994750976,1000.0,9320.408167934418
860,113,946.41,125940,1109,8826.726289440001,,,,,,
,,,126000,,,125845,203.61464392471314,0.001,-524.8707852783203,65.9,602.8951177120209
,,,127000,,,125914,208.54305333676547,0.001,-528.0331760951451,1000.0,9319.070705127717
,,,128000,,,126914,216.41338436317443,0.001,-525.2057715454101,1000.0,9318.161410236358
,,,129000,,,127914,222.05398890686035,0.001,-526.9837673950195,282.9,2627.2945751070974
864,113,953.9,129009,1137,8895.712470050003,,,,,,
,,,130000,,,128914,287.365864074707,0.001,-529.0626533203125,1000.0,9320.983475494384
,,,131000,,,129914,259.8895262031555,0.001,-530.2785767822265,1000.0,9319.980686283112
,,,132000,,,130914,291.77399647903445,0.001,-531.4171245727539,1000.0,9320.907466506958
,,,133000,,,131914,333.93656158828736,0.001,-533.7801986083985,1000.0,9319.772119140625
868,113,963.28,133009,1176,8982.06158313,,,,,,
,,,134000,,,132914,441.1854077529907,0.001,-536.489111694336,1000.0,9319.952164173126
,,,135000,,,134881,573.0842430169974,0.001,-538.6284547414839,1000.0,9318.323280048371
,,,136000,,,135881,718.3123642425537,0.001,-539.7142653198242,1000.0,9320.02963924408
872,112,971.46,136976,1213,9057.00451904,,,,,,
,,,137000,,,136881,545.9875051193237,0.001,-540.8384038085937,1000.0,9320.040264129639
,,,138000,,,137881,417.9187904586792,0.001,-541.9319049682617,1000.0,9320.243147659301
,,,139000,,,138881,653.49277809906,0.001,-540.7219050292969,1000.0,9319.428777217865
,,,140000,,,139881,702.5692677688598,0.001,-540.9131682128906,1000.0,9317.344456195831
876,112,980.99,140976,1252,9144.71780944,,,,,,
,,,141000,,,140881,471.8629995040894,0.001,-541.4995578613281,1000.0,9317.562222957611
,,,142000,,,141881,352.3561627731323,0.001,-542.0423187255859,1000.0,9318.22542924881
,,,143000,,,142881,335.1785103263855,0.001,-542.924298828125,149.7,1384.6133115172386
,,,144000,,,142956,364.6884009806315,0.001,-541.9079421193976,1000.0,9319.963066768647
880,112,971.74,144051,1283,9056.899118809999,,,,,,
,,,145000,,,143956,340.6949163093567,0.001,-542.8704998168945,1000.0,9318.020466899872
,,,146000,,,144956,421.6515562324524,0.001,-543.3167084350586,1000.0,9316.755543136596
,,,147000,,,145956,473.8208177719116,0.001,-542.7031624145508,1000.0,9316.62775850296
,,,148000,,,146956,421.73596171569824,0.001,-541.6305478515625,1000.0,9312.790818786621
884,111,971.74,148051,1324,9056.212020900002,,,,,,
,,,149000,,,147956,587.2754532165527,0.001,-539.1020829467774,1000.0,9318.904565525056
,,,150000,,,149829,560.0327880352496,0.001,-536.9943709767193,1000.0,9317.651881313324
,,,151000,,,150829,437.8734906311035,0.001,-536.1782103271485,1000.0,9319.937406539917
888,111,970.47,151924,1361,9044.07533945,,,,,,
,,,152000,,,151829,1449.2454561538696,0.001,-532.8882112426758,1000.0,9319.634598731995
,,,153000,,,152876,1037.6084627192072,0.001,-533.2651799519857,1000.0,9321.295461940765
,,,154000,,,153876,789.3604394454956,0.001,-530.766562866211,1000.0,9320.136909198762
892,111,960.94,154971,1391,8954.94522291,,,,,,
,,,155000,,,154876,640.0949859771729,0.001,-528.8861585083008,908.5,8460.616002058983
,,,156000,,,154933,579.0735978243644,0.001,-531.7487357003348,1000.0,9317.636503601074
,,,157000,,,155933,708.2181742477417,0.001,-527.366387512207,1000.0,9320.131886863708
,,,158000,,,156933,850.5295037460327,0.001,-524.9754208374023,1000.0,9319.656687641143
896,110,951.51,158028,1426,8866.84610203,,,,,,
,,,159000,,,157933,864.8328939971924,0.001,-523.8389149780273,1000.0,9318.596378898621
,,,160000,,,159014,862.9023991337529,0.001,-522.4096940203411,1000.0,9317.18754310608
,,,161000,,,160014,824.1805513687134,0.001,-520.3018573608398,1000.0,9317.962952041626
900,110,942.32,161109,1456,8780.950059190001,,,,,,
,,,162000,,,161200,791.6315648005559,0.001,-517.8743626521184,1000.0,9317.084642219543
,,,163000,,,162200,525.826426109314,0.001,-516.0409789428711,1000.0,9317.002261161804
904,110,924.18,163295,1478,8611.529741409999,,,,,,
,,,164000,,,163200,407.1534389801025,0.001,-514.9824412841797,1000.0,9315.846615695953
,,,165000,,,164200,510.29130948638914,0.001,-512.8016813964844,1000.0,9318.246897029876
,,,166000,,,165200,650.1945054626465,0.001,-510.5502579956055,1000.0,9317.201762771607
,,,167000,,,166200,602.6378036270141,0.001,-507.2060042724609,1000.0,9320.365999698639
908,110,924.18,167295,1517,8611.423453160001,,,,,,
,,,168000,,,167287,635.7370808919271,0.001,-505.0558649107467,1000.0,9320.259815216064
,,,169000,,,168287,647.6980186614991,0.001,-503.1729384765625,1000.0,9320.097735595704
,,,170000,,,169287,597.2619335174561,0.001,-501.1265880737305,1000.0,9319.414084339141
912,110,915.05,170382,1548,8526.189947850002,,,,,,
,,,171000,,,170287,516.0244375152588,0.001,-499.7867963867188,1000.0,9320.040979862213
,,,172000,,,171287,544.7190667800903,0.001,-497.1863143310547,1000.0,9319.29279718399
,,,173000,,,172287,599.9424926834106,0.001,-493.5386078491211,1000.0,9319.445366764068
,,,174000,,,173287,521.5641383056641,0.001,-490.9981973876953,1000.0,9319.01060476303
916,109,915.05,174382,1589,8526.18250925,,,,,,
,,,175000,,,174287,514.3387388763427,0.001,-488.2248441772461,1000.0,9319.51022567749
,,,176000,,,175287,529.607060256958,0.001,-485.3816231079102,1000.0,9319.287680816651
,,,177000,,,176287,582.9842989044189,0.001,-483.4751483154297,1000.0,9320.221678829193
,,,178000,,,177287,565.409474105835,0.001,-481.70896887207033,1000.0,9320.011168289184
920,109,915.05,178382,1630,8526.20857793,,,,,,
,,,179000,,,178287,1243.8699877319336,0.001,-478.38762268066404,1000.0,9317.919309711457
,,,180000,,,179287,1462.9651758117675,0.001,-474.21622631835936,1000.0,9316.647868919372
,,,181000,,,180303,1955.685043334961,0.001,-470.5786895751953,1000.0,9316.766630363465
924,109,905.21,181398,1661,8434.30218115,,,,,,
,,,182000,,,181303,1506.915365737915,0.001,-464.6302237548828,1000.0,9318.401539134979
,,,183000,,,182303,1189.8194763336182,0.001,-465.2592979125977,1000.0,9317.900690174103
,,,184000,,,183303,1521.4457129974364,0.001,-462.26873547363283,1000.0,9318.713397312164
,,,185000,,,184303,1012.398756767273,0.001,-462.35829095458985,1000.0,9317.482623195649
928,108,905.21,185398,1703,8434.22295041,,,,,,
,,,186000,,,185303,871.2082900161743,0.001,-461.209791015625,1000.0,9316.19512577057
,,,187000,,,186385,903.7540716776034,0.001,-457.90063550995615,1000.0,9314.846152687072
,,,188000,,,187385,1015.0868511199951,0.001,-458.21239782714844,1000.0,9315.987622737885
932,108,896.03,188480,1734,8348.40060978,,,,,,
,,,189000,,,188385,963.8652865753173,0.001,-456.19645050048825,1000.0,9319.635725879669
,,,190000,,,189385,1057.4824904937743,0.001,-455.417762878418,1000.0,9318.291936016083
,,,191000,,,190385,839.9701498794556,0.001,-455.01116619873045,1000.0,9317.337767219544
,,,192000,,,191385,834.1641917190552,0.001,-454.65987518310544,1000.0,9317.952559280395
936,108,896.03,192480,1774,8348.31197465,,,,,,
,,,193000,,,192385,1133.1795139236451,0.001,-454.3942816772461,1000.0,9316.415596103669
,,,194000,,,193385,1175.6694519958496,0.001,-454.2821472167969,1000.0,9309.210632228851
,,,195000,,,194385,1082.0331514587401,0.001,-451.6118197021484,906.3,8442.922662067413
,,,196000,,,195385,841.0815299224854,0.001,-452.0341287841797,1000.0,9319.117190361023
940,108,896.03,196480,1815,8348.147599380001,,,,,,
,,,197000,,,196385,813.5672398834229,0.001,-453.21243280029296,1000.0,9318.548834228515
,,,198000,,,197385,1097.8453025665283,0.001,-452.80459796142577,1000.0,9319.524022006988
,,,199000,,,198385,1307.8266339569093,0.001,-451.08453771972654,1000.0,9318.867843914031
,,,200000,,,199385,990.512421913147,0.001,-450.5284797973633,527.3,4907.210574007035
944,108,896.03,200480,1853,8348.0460234,,,,,,
,,,201000,,,200385,474.9125259475708,0.001,-450.8768677368164,1000.0,9319.248159217834
,,,202000,,,201385,540.9810344161988,0.001,-450.66933026123047,1000.0,9319.833598327637
,,,203000,,,202385,603.2557498550415,0.001,-450.3104672851563,1000.0,9316.673722362519
,,,204000,,,203385,513.694757446289,0.001,-449.76179296875,1000.0,9316.497888469696
948,108,896.03,204480,1892,8347.95314177,,,,,,
,,,205000,,,204385,454.52475838470457,0.001,-450.97027331542967,1000.0,9315.903592014312
,,,206000,,,205385,445.19191122436524,0.001,-450.3861107788086,1000.0,9319.016165542602
,,,207000,,,206385,470.18151847839357,0.001,-451.30454272460935,1000.0,9319.488862609864
,,,208000,,,207385,462.4857281341553,0.001,-452.3005520019531,1000.0,9319.750914096832
952,107,896.03,208480,1931,8347.93791517,,,,,,
,,,209000,,,208385,443.10950020217894,0.001,-452.56330206298827,1000.0,9319.3016787529
,,,210000,,,209385,449.52382219696045,0.001,-453.77398309326173,1000.0,9318.911300849915
,,,211000,,,210385,433.8084850616455,0.001,-454.71623608398437,1000.0,9320.083658313752
,,,212000,,,211385,539.4613945007325,0.001,-454.8337794189453,1000.0,9318.152633666992
956,107,905.4,212480,1971,8435.4601974,,,,,,
,,,213000,,,212385,483.7878463897705,0.001,-456.02765240478516,1000.0,9319.78961277008
,,,214000,,,213385,456.6154836044312,0.001,-455.78371044921874,1000.0,9319.865461158752
,,,215000,,,214385,372.95604597091676,0.001,-455.9298563232422,1000.0,9319.86303434372
,,,216000,,,215385,476.39997650909424,0.001,-456.1909588623047,1000.0,9319.83471069336
960,107,905.4,216480,2012,8435.475022429997,,,,,,
,,,217000,,,216385,443.1770107498169,0.001,-455.3098497314453,1000.0,9319.219766807557
,,,218000,,,217385,677.4027288742066,0.001,-455.5590587158203,1000.0,9319.35838022232
,,,219000,,,218385,853.881744392395,0.001,-454.90854791259767,1000.0,9308.137971687316
,,,220000,,,219385,931.6900338439941,0.001,-454.0287908325195,1000.0,9316.529032516479
964,107,914.71,220480,2053,8522.23159892,,,,,,
,,,221000,,,220385,992.9347442779541,0.001,-452.25198614501954,1000.0,9319.417511844635
,,,222000,,,221385,825.8133036880494,0.001,-452.0987696533203,1000.0,9318.361777877808
,,,223000,,,222385,717.8763563079834,0.001,-451.8558748168945,1000.0,9318.909807491302
,,,224000,,,223385,570.2197043838501,0.001,-454.19937982177737,1000.0,9319.996320915223
968,107,914.71,224480,2093,8522.17444965,,,,,,
,,,225000,,,224385,608.1918860855103,0.001,-454.03863610839846,1000.0,9319.734583187103
,,,226000,,,225385,634.319421180725,0.001,-454.6080308227539,1000.0,9319.628377914429
,,,227000,,,226385,610.1720732192994,0.001,-455.41967456054687,1000.0,9314.569717025757
,,,228000,,,227385,532.6701923484802,0.001,-457.31127990722655,1000.0,9319.50512151718
972,107,915.04,228480,2133,8525.359792689998,,,,,,
,,,229000,,,228449,416.02444410324097,0.001,-459.82429122924805,1000.0,9317.488992786408
,,,230000,,,229449,557.1123500862121,0.001,-460.26248028564453,1000.0,9318.12725019455
,,,231000,,,230449,429.3786201896668,0.001,-462.2487925415039,1000.0,9317.615409374237
976,106,905.68,231544,2164,8437.97634793,,,,,,
,,,232000,,,231449,504.0706477851868,0.001,-462.9346323852539,1000.0,9318.757381343841
,,,233000,,,232449,564.5376037063598,0.001,-465.5080464477539,1000.0,9319.194238567352
,,,234000,,,233449,383.71726543426513,0.001,-467.0976989746094,1000.0,9318.611545181275
,,,235000,,,234449,438.80588536071775,0.001,-468.79774334716797,1000.0,9317.189611530304
980,106,914.93,235544,2205,8524.28595506,,,,,,
,,,236000,,,235449,610.7890070762634,0.001,-470.0142252807617,1000.0,9316.080172538757
,,,237000,,,236449,762.769894241333,0.001,-469.85869964599607,1000.0,9316.198558425904
,,,238000,,,237449,414.5929927520752,0.001,-471.36223974609373,1000.0,9315.672614955902
,,,239000,,,238449,773.7356980514527,0.001,-471.62505145263674,1000.0,9315.554350185394
984,106,914.93,239544,2246,8524.27432045,,,,,,
,,,240000,,,239449,1480.9009097900391,0.001,-469.11807104492186,1000.0,9315.761435699464
,,,241000,,,240449,973.0227045822144,0.001,-469.04506640625,1000.0,9318.454237937927
,,,242000,,,241449,741.3072857818604,0.001,-469.3030314941406,1000.0,9314.510413837434
,,,243000,,,242449,740.2266564407348,0.001,-470.38791229248045,1000.0,9323.963544750213
988,106,916.2,243544,2286,8536.2212389,,,,,,
,,,244000,,,243449,678.5132305679322,0.001,-471.60484338378905,1000.0,9318.870587444306
,,,245000,,,244608,732.8359424487965,0.001,-472.909460119299,1000.0,9322.244932746888
992,106,907.32,245703,2308,8453.35181978,,,,,,
,,,246000,,,245675,625.2567746746006,0.001,-475.2137293960109,1000.0,9318.97374868393
,,,247000,,,246675,514.6255150680543,0.001,-475.5792364501953,1000.0,9316.471544265747
,,,248000,,,247675,513.1642505111695,0.001,-477.81520343017576,1000.0,9318.320129585267
996,106,907.42,248770,2340,8454.24715546,,,,,,
,,,249000,,,248675,442.6959289703369,0.001,-479.9833139038086,1000.0,9322.163531589507
,,,250000,,,249675,509.0768197441101,0.001,-481.2844232788086,1000.0,9317.895894432068
,,,251000,,,250675,593.2805576782226,0.001,-483.67585107421877,1000.0,9317.175202846527
,,,252000,,,251675,835.4826360702515,0.001,-483.82835333251955,1000.0,9315.047804832458
1000,106,916.61,252770,2380,8540.00178098,,,,,,
,,,253000,,,252675,903.0712163619995,0.001,-483.0996798095703,1000.0,9317.858878993988
,,,254000,,,253675,834.6843021621704,0.001,-483.1747607421875,1000.0,9315.497885513305
,,,255000,,,254675,934.0011031265259,0.001,-485.03895245361326,1000.0,9316.101844024659
,,,256000,,,255675,1299.973495979309,0.001,-482.97137310791015,1000.0,9316.383123111726
1004,106,934.75,256770,2420,8709.225323319999,,,,,,
,,,257000,,,256675,1515.8220299072266,0.001,-479.90634790039064,1000.0,9314.8230178833
,,,258000,,,257675,956.5974284896851,0.001,-480.5729724121094,1000.0,9318.50558719635
,,,259000,,,258675,619.1891251335144,0.001,-483.08437689208984,1000.0,9322.305689048768
,,,260000,,,259675,640.3815013427734,0.001,-483.24394799804685,1000.0,9317.073812484741
1008,105,934.75,260770,2460,8709.23999647,,,,,,
,,,261000,,,260675,624.9735229568481,0.001,-483.34785455322265,1000.0,9318.728963947297
,,,262000,,,261675,518.5281949653626,0.001,-485.0151233520508,1000.0,9318.820415973663
,,,263000,,,262675,595.4805727233887,0.001,-487.3077340698242,1000.0,9315.998633766174
,,,264000,,,263675,1304.5068418807984,0.001,-485.8017913818359,1000.0,9314.88771724701
1012,105,943.88,264770,2499,8794.3360073,,,,,,
,,,265000,,,264783,958.0678261650933,0.001,-487.15319880732784,907.0,8447.838531506062
,,,266000,,,265783,1140.4288162384032,0.001,-485.55458123779295,1000.0,9316.401298332214
1016,105,925.84,266966,2526,8625.914145100001,266783,1249.416673347473,0.001,-486.3291812133789,,
,,,267000,,,266871,1229.0649871826172,0.001,-485.4339176524769,88.1,809.5475611805916
,,,268000,,,266968,1223.452073873933,0.001,-487.2007527254066,1000.0,9317.454699611664
,,,269000,,,268057,472.215996560086,0.001,-487.9362432306463,1000.0,9315.510896778107
1020,105,907.7,269152,2542,8456.55226349,,,,,,
,,,270000,,,269057,460.04812546539307,0.001,-492.1893784790039,1000.0,9316.225776290894
,,,271000,,,270057,460.5959539718628,0.001,-493.9888447265625,1000.0,9319.261586952209
,,,272000,,,271057,476.1086357688904,0.001,-496.0152398071289,1000.0,9315.16022157669
1024,105,908.26,272224,2579,8461.763223290001,272057,690.6581516036987,0.001,-496.73304168701173,,
,,,273000,,,272129,614.9729915195041,0.001,-498.5470021565755,1000.0,9318.113885498047
,,,274000,,,273129,688.4420639724732,0.001,-497.88802239990235,1000.0,9317.941537761688
,,,275000,,,274129,634.3933227386475,0.001,-499.41702282714846,1000.0,9316.680139446258
,,,276000,,,275129,1150.74403956604,0.001,-498.4072388305664,1000.0,9313.936572265626
1028,105,908.26,276224,2613,8461.71794621,,,,,,
,,,277000,,,276129,1453.1063423767089,0.001,-495.34422943115237,1000.0,9316.253113555907
,,,278000,,,277129,688.3061846084595,0.001,-495.8370971069336,1000.0,9322.75899333954
,,,279000,,,278129,691.1678685073853,0.001,-494.080619140625,1000.0,9320.076501750946
,,,280000,,,279129,819.8959717407226,0.001,-492.2612401123047,1000.0,9316.166768836974
1032,105,917.44,280224,2653,8547.481793829998,,,,,,
,,,281000,,,280129,531.9414815292358,0.001,-491.6774479370117,1000.0,9321.891645240783
,,,282000,,,281129,627.9535424880982,0.001,-490.80003845214844,1000.0,9317.457398796081
,,,283000,,,282129,748.3469952316284,0.001,-490.6563517456055,1000.0,9316.778403949738
,,,284000,,,283129,881.0905205841065,0.001,-490.607668762207,1000.0,9319.637925910949
1036,105,917.44,284224,2694,8547.49072763,,,,,,
,,,285000,,,284129,952.8936724243164,0.001,-489.75863116455076,1000.0,9318.208491134643
,,,286000,,,285129,690.2189947891235,0.001,-489.39192010498044,1000.0,9319.353951072693
,,,287000,,,286129,479.4890785522461,0.001,-491.2330532226562,1000.0,9323.312399482727
,,,288000,,,287129,414.6060521736145,0.001,-491.9355522460938,1000.0,9318.653245830536
1040,105,917.44,288224,2735,8547.67261236,,,,,,
,,,289000,,,288129,432.0345137367249,0.001,-492.75440515136717,1000.0,9318.93346271515
,,,290000,,,289129,457.90447302246093,0.001,-493.9146504516602,1000.0,9319.661154270172
,,,291000,,,290129,525.4618478851319,0.001,-495.0376709594727,1000.0,9319.42007932663
,,,292000,,,291129,478.44966358184814,0.001,-495.77642614746094,1000.0,9320.509013271332
1044,105,917.44,292224,2778,8547.72262427,,,,,,
,,,293000,,,292129,427.8554107894897,0.001,-497.3673091430664,1000.0,9316.413871479035
,,,294000,,,293129,490.4559288635254,0.001,-498.68654333496096,1000.0,9319.406513690948
,,,295000,,,294129,475.71643994903565,0.001,-499.5677749633789,1000.0,9321.573363399506
,,,296000,,,295129,815.4944125366211,0.001,-498.6603598022461,1000.0,9318.581724452972
1048,105,917.44,296224,2820,8547.770862409998,,,,,,
,,,297000,,,296129,893.0775734405518,0.001,-497.69671868896484,1000.0,9318.18639202118
,,,298000,,,297129,1102.4470731658935,0.001,-496.1709290161133,1000.0,9320.125718021392
,,,299000,,,298129,396.0734705238342,0.001,-499.22089739990236,1000.0,9322.529014396667
,,,300000,,,299129,570.6021681060791,0.001,-504.14522528076174,1000.0,9333.758646202088
1052,104,917.44,300224,2863,8547.96357402,,,,,,
,,,301000,,,300129,1166.0683337402343,0.001,-501.7521218261719,1000.0,9332.933586311341
,,,302000,,,301836,2723.993023182611,0.001,-487.1641136169434,149.2,1379.585384976864
1056,104,896.23,302103,2886,8350.09850083,,,,,,
,,,303000,,,302008,2659.8508730156477,0.001,-483.2664386837981,631.0,5877.239943134785
,,,304000,,,303008,2410.5028461151123,0.001,-483.4592151489258,1000.0,9319.306365680695
,,,305000,,,304008,2425.803339263916,0.001,-481.4538092651367,1000.0,9322.029161930084
,,,306000,,,305008,1520.376974472046,0.001,-483.28779852294923,1000.0,9332.25257949829
1060,104,896.23,306103,2922,8350.28444893,,,,,,
,,,307000,,,306008,409.9649431762695,0.001,-488.14335266113284,1000.0,9337.58050994873
,,,308000,,,307008,269.0723275566101,0.001,-493.112111328125,1000.0,9337.651185226441
1064,104,877.31,308211,2951,8174.235361629999,308051,1159.6768582366233,0.001,-494.44104149228053,,
1068,104,840.17,308497,2953,7827.5818043300005,308335,1563.322135925293,0.001,-492.89447725736176,,
1072,104,802.71,308751,2955,7478.057353149999,308600,1674.459036718441,0.001,-490.61484375,,
,,,309000,,,308845,2050.1539166424727,0.001,-491.0423938648121,120.5,1110.180544412136
1076,104,775.99,309143,2957,7228.704523110001,,,,,,
,,,310000,,,309720,2906.9080097327073,0.001,-487.57681952582465,1000.0,9317.449754619598
1080,104,752.71,310815,2967,7011.404319230001,,,,,,
,,,311000,,,310805,2269.825316664752,0.001,-487.215816679455,1000.0,9315.758576965332
,,,312000,,,311805,1941.4197813110352,0.001,-485.5827041015625,1000.0,9318.005512332917
,,,313000,,,312805,2356.6884837646485,0.001,-481.4111725463867,1000.0,9319.750691509247
1084,104,743.56,313900,2999,6926.158741940001,,,,,,
,,,314000,,,313805,2562.840928527832,0.001,-475.01707971191405,1000.0,9330.997083377839
,,,315000,,,314805,2135.9712400512694,0.001,-471.2000076904297,842.0,7850.012744045258
,,,316000,,,315805,2417.324475708008,0.001,-467.9414945678711,88.6,814.2758069872856
1088,104,725.49,316093,3028,6757.779405730002,315923,2373.892133292505,0.001,-462.0838385113215,,
1092,104,708.3,316533,3031,6597.335963420001,316330,2398.3791545286017,0.001,-460.71360778808594,,
,,,317000,,,316490,2472.4665093055137,0.001,-457.08287048339844,611.2,5690.523340380192
1096,104,689.54,317724,3042,6422.35356228,317564,3106.269549395587,0.001,-446.1622479413007,,
,,,318000,,,317856,2955.90693962711,0.001,-444.43730024857956,78.5,719.9605367779732
1100,104,653.41,318111,3045,6085.25049842,317941,3027.3462093577664,0.001,-443.1873343331473,,
1104,104,616.46,318416,3047,5740.557521149999,318271,3340.629891304348,0.001,-440.98810564007675,,
1108,104,579.73,318743,3050,5397.837484739999,318568,3770.6372652142963,0.001,-440.7726892541956,,
,,,319000,,,318793,3340.2162353515623,0.001,-439.0675028483073,115.0,1060.1092373728752
1112,104,544.52,319222,3053,5069.30440334,318921,3336.832661151886,0.001,-438.61283349990845,,
1116,104,528.98,319864,3056,4924.322742709999,319329,3988.946703742532,0.001,-435.27489336799175,,
,,,320000,,,319831,4400.356592978201,0.001,-433.91332712481096,94.6,869.8595204353333
,,,321000,,,320012,4099.933396693638,0.001,-432.7511622837612,903.7,8420.396653199195
1120,104,519.55,321107,3064,4836.37393102,,,,,,
,,,322000,,,321188,3292.9044567454944,0.001,-424.1007721640847,1000.0,9326.522941970825
,,,323000,,,322188,2814.936171569824,0.001,-422.45912005615236,1000.0,9315.154103374482
,,,324000,,,323188,2267.3634966430664,0.001,-422.3458800048828,1000.0,9315.992087936402
1124,104,520.59,324283,3097,4846.134277249999,,,,,,
,,,325000,,,324272,1647.633058820452,0.001,-426.88223339262464,1000.0,9329.26105747223
,,,326000,,,325272,1918.3993517608642,0.001,-426.3543140258789,1000.0,9317.010857009887
,,,327000,,,326272,2005.1234771118163,0.001,-425.1116820678711,1000.0,9316.980859184265
1128,104,511.43,327367,3129,4760.78020155,,,,,,
,,,328000,,,327272,1544.2999650421143,0.001,-432.63555047607423,1000.0,9315.997747612
,,,329000,,,328272,1552.3693030700683,0.001,-436.2120001220703,1000.0,9316.715673351287
,,,330000,,,329272,2220.648289642334,0.001,-433.4389821166992,1000.0,9316.098713874817
,,,331000,,,330272,2446.863696411133,0.001,-431.24200415039064,1000.0,9314.936222743989
1132,104,511.43,331367,3170,4760.66395118,,,,,,
,,,332000,,,331272,1965.8154938354492,0.001,-430.2029627685547,1000.0,9314.465675067902
,,,333000,,,332272,1364.5067600708007,0.001,-431.1408541870117,1000.0,9315.753809833526
,,,334000,,,333272,1264.4124138793945,0.001,-433.12531970214843,1000.0,9314.904811668395
,,,335000,,,334272,1345.5054531707763,0.001,-433.4491363525391,1000.0,9314.342967510223
1136,104,511.43,335367,3211,4760.50288205,,,,,,
,,,336000,,,335272,1722.7587964172362,0.001,-432.9036117553711,1000.0,9315.58205947876
,,,337000,,,336272,2281.1970223693847,0.001,-432.45042022705076,1000.0,9314.527838993072
,,,338000,,,337272,1936.0151412506104,0.001,-437.6379576416016,1000.0,9318.45100736618
,,,339000,,,338272,1578.7973334960936,0.001,-442.9973604736328,1000.0,9319.345733833314
1140,104,511.43,339367,3252,4760.39242113,,,,,,
,,,340000,,,339272,2102.2148377990725,0.001,-441.72896813964843,1000.0,9315.591940021515
,,,341000,,,340362,2418.0728908962674,0.001,-431.2478217230903,1000.0,9314.340418052674
1144,104,493.24,341548,3280,4590.55102593,341362,1874.691519454956,0.001,-431.26695178222656,,
,,,342000,,,341453,1391.5786897428743,0.001,-434.0042195638021,1000.0,9312.836026191711
,,,343000,,,342583,1768.9197202242337,0.001,-429.7163114107572,1000.0,9314.018827342987
,,,344000,,,343583,1644.1263957366943,0.001,-430.4030986328125,1000.0,9317.27885274887
1148,104,484.54,344678,3306,4509.22342286,,,,,,
,,,345000,,,344666,1170.278910441571,0.001,-431.86680385044644,1000.0,9313.050402832032
,,,346000,,,345755,1545.1403966325054,0.001,-428.8045508644798,1000.0,9313.373312473297
1152,104,466.26,346850,3327,4338.34653231,,,,,,
,,,347000,,,346755,1477.5083612823487,0.001,-428.10798150634764,1000.0,9313.766226196289
,,,348000,,,347849,2250.9257771918114,0.001,-425.2983872433926,85.9,789.2845960497856
,,,349000,,,347929,2345.9822341918943,0.001,-422.9868362426758,1000.0,9317.480855178834
1156,104,469.21,349024,3348,4365.72655289,,,,,,
,,,350000,,,349045,2310.0093752303214,0.001,-419.3194310114934,1000.0,9314.273027706146
1160,104,442.76,350379,3366,4118.631801590001,350045,3416.0161735229494,0.001,-412.34586730957034,,
,,,351000,,,350284,3119.9297366601154,0.001,-409.66015167236327,1000.0,9312.897936820984
,,,352000,,,351284,2658.0204637146,0.001,-405.22253924560545,1000.0,9317.50868358612
,,,353000,,,352356,3283.6253679063584,0.001,-400.46160380045575,1000.0,9315.49092502594
1164,104,452.4,353451,3393,4208.102922460001,,,,,,
,,,354000,,,353356,2324.814696029663,0.001,-400.8463994140625,1000.0,9318.448398590088
,,,355000,,,354356,2159.0372543029785,0.001,-399.01471875,910.4,8477.923435533046
,,,356000,,,355356,2208.621917526245,0.001,-394.75692962646485,1000.0,9314.722265625
,,,357000,,,356356,1449.7465592041015,0.001,-395.2734027709961,1000.0,9314.28965177536
1168,103,489.54,357451,3437,4554.619842669999,,,,,,
,,,358000,,,357356,1460.571860244751,0.001,-396.30735723876955,1000.0,9316.04913816452
,,,359000,,,358356,1252.5496341247558,0.001,-398.0524605102539,1000.0,9314.239316558838
1172,103,508.42,359593,3471,4730.70780777,359430,2271.0788539164773,0.001,-394.0512076712943,,
,,,360000,,,359578,2096.0403396606443,0.001,-395.4902488708496,1000.0,9314.279352092743
1176,103,516.72,360815,3484,4808.17300764,360649,2144.197626678037,0.001,-394.20419921875,,
,,,361000,,,360789,1755.3651804163835,0.001,-394.7240044088925,1000.0,9312.959446334839
,,,362000,,,361789,2171.1784413757323,0.001,-391.2220961303711,1000.0,9316.089291477203
,,,363000,,,362789,2167.604993560791,0.001,-387.08458618164065,1000.0,9313.73005552292
1180,103,530.69,363884,3511,4938.4772393700005,,,,,,
,,,364000,,,363872,2357.70409494423,0.001,-385.99791826520647,1000.0,9320.89831647873
,,,365000,,,364872,2754.1063491821287,0.001,-382.27123217773436,1000.0,9316.802587509155
,,,366000,,,365872,2906.651461029053,0.001,-377.182525390625,92.0,845.6707450151443
1184,103,521.57,366057,3542,4853.363457719999,,,,,,
,,,367000,,,366094,2974.2227773955374,0.001,-373.5626414905895,1000.0,9313.99359331131
,,,368000,,,367094,2235.812722442627,0.001,-378.53417791748046,1000.0,9311.588899993896
1188,103,522.03,368296,3566,4857.32096071,368094,2107.284610626221,0.001,-379.37845080566404,,
,,,369000,,,368201,2054.744853652526,0.001,-380.2851199743883,911.4,8488.057145762443
,,,370000,,,369201,2018.396934753418,0.001,-377.0399928588867,1000.0,9313.661378097535
1192,103,539.31,370464,3589,5018.47308381,370306,2951.6230596633186,0.001,-362.9377602631191,,
,,,371000,,,370530,3032.00552280971,0.001,-362.28544049944196,1000.0,9313.673810195924
1196,103,539.85,371709,3602,5023.41574795,371530,2981.4962072753906,0.001,-358.1241611328125,,
,,,372000,,,371879,2655.9288997395834,0.001,-355.85011167783995,1000.0,9315.654109287261
1200,103,548.63,372974,3608,5105.301908819999,,,,,,
,,,373000,,,372879,2494.222893798828,0.001,-355.75684326171876,1000.0,9314.503520870208
,,,374000,,,373879,2847.5013903808594,0.001,-357.94933251953125,72.9,667.754032933712
1204,103,558.89,374305,3630,5200.98798634,374141,2894.025427373916,0.001,-354.24449366519326,,
,,,375000,,,374288,2812.9964435283955,0.001,-356.59478368514624,1000.0,9312.83216161728
,,,376000,,,375381,2631.9498507591984,0.001,-361.7488648787789,1000.0,9322.878979206085
1208,103,577.33,376476,3652,5373.046955060001,,,,,,
,,,377000,,,376576,2338.30068409771,0.001,-362.8523653897372,1000.0,9314.158718204499
1212,102,585.68,377790,3680,5450.962025180001,377576,2168.662352996826,0.001,-364.11786920166014,,
,,,378000,,,377695,1964.9110086905855,0.001,-365.40904623775157,1000.0,9314.564097118378
,,,379000,,,378695,1892.5140128479004,0.001,-364.7615599975586,1000.0,9313.441172409057
,,,380000,,,379784,2126.2625811287526,0.001,-363.9991522894965,1000.0,9313.380308914184
1216,102,610.15,380879,3712,5679.197508740001,,,,,,
,,,381000,,,380859,2266.1694392903646,0.001,-363.7758690086571,78.6,720.8768956899643
,,,382000,,,380943,2167.927101135254,0.001,-363.51041448683964,500.2,4656.3978073120115
1220,102,610.19,382126,3733,5679.65616877,381943,1941.0840947265624,0.001,-365.23046557617187,,
1224,102,581.81,382464,3736,5414.85368149,382283,1635.7080557180007,0.001,-368.9060406352198,,
,,,383000,,,382439,1549.1569253104074,0.001,-374.782808140346,1000.0,9331.672527694702
,,,384000,,,383439,1906.4354766540528,0.001,-372.5462423095703,1000.0,9314.623667907716
1228,102,572.65,384632,3766,5329.423179569999,384439,2204.624056060791,0.001,-371.35064294433596,,
,,,385000,,,384652,2342.020956818954,0.001,-368.3640278783338,324.3,3012.747124516964
1232,102,539.39,385306,3775,5019.171423119999,385127,2363.5843017578127,0.001,-368.8915586925688,,
,,,386000,,,385824,2250.803355663498,0.001,-371.2754414876302,1000.0,9313.298467636108
1236,102,515.52,386919,3787,4796.47630908,,,,,,
,,,387000,,,386824,2081.252321884155,0.001,-374.4196838378906,1000.0,9317.235219669343
,,,388000,,,387824,1562.4994484405518,0.001,-379.5290452880859,1000.0,9313.028723526
,,,389000,,,388824,977.2865005187988,0.001,-387.93880554199217,1000.0,9314.133778381347
,,,390000,,,389824,874.7623888092041,0.001,-391.3631354370117,1000.0,9315.384749221801
1240,101,515.52,390919,3846,4796.386104339999,,,,,,
,,,391000,,,390824,568.2030236816406,0.001,-396.40744744873047,1000.0,9312.81527929306
,,,392000,,,391824,345.91298890686033,0.001,-401.41730114746093,1000.0,9314.401215267182
,,,393000,,,392824,348.1617110519409,0.001,-405.3617883300781,1000.0,9316.571029758454
,,,394000,,,393824,345.6019098205566,0.001,-410.25431872558596,1000.0,9316.686232948303
1244,101,533.71,394919,3904,4966.056643110001,,,,,,
,,,395000,,,394824,298.50380214309695,0.001,-415.47986920166016,1000.0,9317.20886220932
,,,396000,,,395824,293.8464025878906,0.001,-420.1777366943359,1000.0,9318.061432933808
,,,397000,,,396824,271.0256072006226,0.001,-425.46414111328124,1000.0,9316.680314540863
,,,398000,,,397824,283.39057522964475,0.001,-429.0209144287109,1000.0,9317.158045196533
1248,100,542.41,398919,3962,5047.31593593,,,,,,
,,,399000,,,398824,305.0442736854553,0.001,-433.4626364135742,1000.0,9316.825910758973
,,,400000,,,399824,287.9838683509827,0.001,-437.39865490722656,1000.0,9318.287602329254
