rollout/ep_rew_mean,train/n_updates,train/critic_loss,time/episodes,time/fps,time/time_elapsed,rollout/ep_len_mean,time/total_timesteps,train/actor_loss,train/learning_rate,eval/mean_reward,eval/mean_ep_length
-395.98983325000006,1000,0.024003749023540875,4,354,5,514.75,2059,-2.617162047445774,0.001,,
,4000,0.26815537007059903,,,,,5000,-5.741734387636185,0.001,-1379.212165098265,695.4
-1296.4030931250002,5000,0.5302068538814783,8,194,31,757.375,6059,-6.0522717318534855,0.001,,
-1057.87887225,7396,1.3084282604130832,12,187,42,667.0833333333334,8005,-7.523307973688299,0.001,,
,8946,1.3417775369882583,,,,,10000,-9.049870119094848,0.001,-95.36714957874464,814.0
-746.4239998749999,10946,1.1241587976217269,16,178,67,750.3125,12005,-7.206358318328857,0.001,,
,14080,0.9824519695043564,,,,,15000,-6.691001083374023,0.001,121.64698103716228,818.9
-563.7410666999999,,,20,168,89,756.95,15139,,,,
-434.981651625,18080,1.252480823159218,24,175,109,797.4583333333334,19139,-6.287164231300354,0.001,,
,19080,1.2324834027290343,,,,,20000,-6.3241580238342285,0.001,458.2792640740872,1000.0
-303.0858062857143,22080,1.0966286909580232,28,169,136,826.3928571428571,23139,-6.255972199916839,0.001,,
,24080,1.0062198578119277,,,,,25000,-6.390300478458404,0.001,431.2190942844958,987.9
-203.01649099999997,26080,0.9890692570209503,32,165,163,848.09375,27139,-6.38992191028595,0.001,,
-160.88415283333333,29250,1.0047497740387916,36,164,178,815.5833333333334,29361,-6.704112815856933,0.001,,
,29302,0.9234461325865525,,,,,30000,-6.779823670020471,0.001,522.2297461191774,908.4
-90.64571239999998,32302,1.002282615482807,40,165,201,834.025,33361,-7.40112858581543,0.001,,
,34302,0.9917931384444236,,,,,35000,-7.71733780670166,0.001,504.8308936308975,1000.0
-39.828131295454526,36302,1.0202771365642547,44,163,228,849.1136363636364,37361,-8.153239204406738,0.001,,
,39365,1.052091915845871,,,,,40000,-9.28414626789093,0.001,534.0113869268156,874.7
1.7244818333333474,,,48,160,251,842.1666666666666,40424,,,,
50.71011455769232,43365,1.0483851012587548,52,164,270,854.3076923076923,44424,-10.543292129516601,0.001,,
,44365,1.0747788056135177,,,,,45000,-10.870713569641113,0.001,577.0248163014651,910.3
93.54006191071429,47365,1.1652514505982399,56,162,297,864.7142857142857,48424,-11.987397874832153,0.001,,
,49365,1.1548247919082641,,,,,50000,-12.615980026245117,0.001,585.4234032949549,913.7
137.95233068333334,51365,1.159126481771469,60,161,324,873.7333333333333,52424,-13.317760396957398,0.001,,
,54466,1.1397934451699256,,,,,55000,-14.540302169799805,0.001,649.6827338873875,910.4
164.73778495312501,,,64,159,347,867.578125,55525,,,,
204.44028216176474,58466,1.1392178585529327,68,161,368,875.3676470588235,59525,-16.237770050048827,0.001,,
,59466,1.143572019994259,,,,,60000,-16.64816410636902,0.001,802.7969623154728,937.1
221.652222875,61592,1.1554053512811662,72,160,391,870.1527777777778,62651,-17.42398989868164,0.001,,
,64592,1.1871711357831956,,,,,65000,-18.797936546325683,0.001,804.759923905498,1000.0
253.95688738157898,65592,1.1436300018429757,76,159,418,876.9868421052631,66651,-19.228291812896728,0.001,,
,69592,1.1342903606891632,,,,,70000,-21.07166630935669,0.001,768.0241215027112,913.7
281.1474820625,,,80,158,445,883.1375,70651,,,,
301.92619789285715,73592,1.2239394568800925,84,160,465,888.702380952381,74651,-22.985587459564208,0.001,,
,74592,1.2187943419218064,,,,,75000,-23.377419021606446,0.001,687.9822204599565,815.2
323.76528927272733,77200,1.2453394627571106,88,159,490,889.3068181818181,78259,-24.46177456665039,0.001,,
,79200,1.183842735171318,,,,,80000,-25.353657089233398,0.001,947.6659164211391,1000.0
353.8688366195653,81200,1.228805318892002,92,158,517,894.1195652173913,82259,-26.336883377075196,0.001,,
,84200,1.248015665590763,,,,,85000,-27.75882524871826,0.001,961.095516557165,1000.0
381.2106153125,85200,1.2567474291920662,96,158,545,898.53125,86259,-28.160445777893067,0.001,,
,89200,1.2327905694842338,,,,,90000,-30.216646186828612,0.001,1265.32728114177,1000.0
414.35603502,,,100,157,572,902.59,90259,,,,
481.38215151,93200,1.3200012462735176,104,159,591,922.0,94259,-32.447723365783695,0.001,,
,94200,1.3263311868309975,,,,,95000,-33.12115556716919,0.001,1262.187547432944,975.9
622.48999943,97200,1.4237363469600677,108,158,619,922.0,98259,-34.75113097000122,0.001,,
,99200,1.4821297540664673,,,,,100000,-35.944211906433104,0.001,1287.359394824854,1000.0
701.6652691799999,101200,1.5138256167173385,112,158,646,942.54,102259,-37.07479225921631,0.001,,
,104200,1.5455521545410156,,,,,105000,-38.780828483581544,0.001,1283.1192374601028,979.6
748.18108248,105200,1.5675813498497009,116,157,674,942.54,106259,-39.37182881164551,0.001,,
,109200,1.6803700643777848,,,,,110000,-41.61059051513672,0.001,1487.1147963116878,1000.0
799.67145177,,,120,157,701,951.2,110259,,,,
853.68514808,113200,1.7073823501467704,124,158,721,951.2,114259,-43.86109097290039,0.001,,
,114200,1.7662671362161637,,,,,115000,-44.378900871276855,0.001,1452.851746873063,1000.0
891.91576178,117200,1.7999390794038772,128,157,748,951.2,118259,-46.01975806427002,0.001,,
,119200,1.9248565613031388,,,,,120000,-47.148742851257325,0.001,1465.3549740307033,1000.0
931.4563166,121200,1.9990929424762727,132,157,776,951.2,122259,-48.27077101135254,0.001,,
,124200,1.982283539056778,,,,,125000,-49.87076469421387,0.001,1643.1281070725993,1000.0
988.6763379700001,125200,2.0672963601350784,136,156,804,968.98,126259,-50.49729151153564,0.001,,
,129200,2.1307597868442536,,,,,130000,-52.689348136901856,0.001,1609.370315479487,1000.0
1031.9191245000002,,,140,156,831,968.98,130259,,,,
1079.1254788500003,133200,2.319879320025444,144,157,851,968.98,134259,-55.02447577667236,0.001,,
,134783,2.3269691866012625,,,,,135000,-56.09952104706125,0.001,1665.0331800374668,1000.0
1074.80470865,136783,2.558327938914299,148,157,876,974.18,137842,-56.75654026794434,0.001,,
,139783,2.4939558602571488,,,,,140000,-57.16986781311035,0.001,1768.6550443966873,1000.0
1119.2611994200001,140783,2.5331696811914446,152,156,903,974.18,141842,-57.48866056823731,0.001,,
,144783,2.6975353152751924,,,,,145000,-58.868322120666505,0.001,1722.5724711220712,1000.0
1161.95382768,,,156,156,931,974.18,145842,,,,
1202.1268779900001,148783,2.83309350836277,160,157,950,974.18,149842,-60.58385327911377,0.001,,
,149783,2.9124337908029556,,,,,150000,-60.85644036865234,0.001,1712.4533151907847,1000.0
1249.42466885,152783,2.876397256374359,164,157,977,983.17,153842,-62.22164056396485,0.001,,
,154783,2.9895631127357483,,,,,155000,-63.16159833526611,0.001,1642.7796382210277,1000.0
1286.33361974,156783,3.017736258149147,168,156,1005,983.17,157842,-64.06414959716797,0.001,,
,159783,3.2056030004024505,,,,,160000,-65.6298182296753,0.001,1714.1605553901522,1000.0
1332.4764962099998,160783,3.2175349905490873,172,156,1033,991.91,161842,-66.05098916625977,0.001,,
,164783,3.2332608978748323,,,,,165000,-67.81555461883545,0.001,1794.4986395779997,1000.0
1369.0540500099999,,,176,156,1060,991.91,165842,,,,
1406.7948006499998,168783,3.2351982972621918,180,157,1081,991.91,169842,-69.40456562042236,0.001,,
,169783,3.2702051572799684,,,,,170000,-69.8490205154419,0.001,1734.425444099307,1000.0
1448.1035963899997,172783,3.4097935645580293,184,156,1107,991.91,173842,-70.22428120422363,0.001,,
,174783,3.502378041386604,,,,,175000,-70.87272113037109,0.001,1816.5032559257465,1000.0
1490.33460875,176783,3.484062962293625,188,156,1135,995.83,177842,-71.48919435119629,0.001,,
,179783,3.5713210201263426,,,,,180000,-72.40228308105469,0.001,1800.3414891134948,1000.0
1522.11609459,180783,3.716581179499626,192,156,1162,995.83,181842,-72.57046179199219,0.001,,
,184783,3.882983357310295,,,,,185000,-73.73948947906494,0.001,1900.744192640111,1000.0
1555.2410520699998,,,196,156,1189,995.83,185842,,,,
1580.7318950099998,188783,4.365670894861221,200,156,1209,995.83,189842,-75.02015480041504,0.001,,
,189783,4.440662761211395,,,,,190000,-75.07266996002197,0.001,1812.237424285151,1000.0
1603.3845504700002,192783,4.547472322702408,204,156,1237,995.83,193842,-75.80640757751465,0.001,,
,194783,4.581508285760879,,,,,195000,-76.2189223022461,0.001,1778.0497885579243,1000.0
1621.5759496600003,196783,4.521889259576797,208,156,1265,995.83,197842,-76.17199764251708,0.001,,
,199783,4.5463742992877965,,,,,200000,-77.45876538085938,0.001,1802.1868870041799,1000.0
1640.4575579300001,200783,4.442103960514069,212,156,1293,995.83,201842,-77.55928739929199,0.001,,
,204783,4.5751953115463255,,,,,205000,-79.11696405029296,0.001,1832.8641253535636,1000.0
1660.36835278,,,216,155,1321,995.83,205842,,,,
1660.2660768899996,208783,4.759802114248275,220,156,1341,995.83,209842,-80.38083206176758,0.001,,
,209783,4.616083241224289,,,,,210000,-80.74512187194824,0.001,1868.7882852995767,1000.0
1671.8288996099998,212783,4.525752528190613,224,156,1369,995.83,213842,-81.92341679382324,0.001,,
,214783,4.47508377790451,,,,,215000,-82.44745863342285,0.001,1653.5956679820665,1000.0
1688.9863520299998,216783,4.518342290878296,228,155,1397,995.83,217842,-83.1343249206543,0.001,,
,219783,4.440278376460076,,,,,220000,-84.13476458740234,0.001,1927.0376377121545,1000.0
1706.8149628399997,220783,4.4563104718923565,232,155,1424,995.83,221842,-84.5663948059082,0.001,,
,224783,4.32977117228508,,,,,225000,-85.83297575378418,0.001,1883.6043955523521,1000.0
1719.54013586,,,236,155,1452,995.83,225842,,,,
1729.5725211499998,228783,4.457618802309036,240,156,1472,995.83,229842,-87.28610086059571,0.001,,
,229783,4.273396789550781,,,,,230000,-87.66630349731446,0.001,1925.918166141212,1000.0
1740.58918551,232783,4.353174820423126,244,155,1500,995.83,233842,-88.64221467590332,0.001,,
,234783,4.627303190946579,,,,,235000,-89.12442022705078,0.001,1987.5304937586188,1000.0
1804.38900269,236783,4.457289572238922,248,155,1528,1000.0,237842,-89.40651921081543,0.001,,
,239783,4.55020970582962,,,,,240000,-91.03743215942383,0.001,1963.9367714447435,1000.0
1811.9345714600004,240783,4.480523428082466,252,155,1556,1000.0,241842,-91.53474906921387,0.001,,
,244325,4.331970956325531,,,,,245000,-92.54066313171387,0.001,1958.795442994125,1000.0
1810.9373251500003,,,256,155,1581,995.42,245384,,,,
1820.4013803300002,248325,4.273488814115525,260,155,1601,995.42,249384,-93.63542414855957,0.001,,
,249325,4.17603892326355,,,,,250000,-93.7475305480957,0.001,1970.6467512608972,1000.0
1828.2852340900001,252325,4.1359226443767545,264,155,1628,995.42,253384,-94.66494715881348,0.001,,
,254325,4.398500804424286,,,,,255000,-94.83757595825195,0.001,1972.0302630722522,1000.0
1837.09707187,256325,4.405980432510376,268,155,1656,995.42,257384,-95.34647819519043,0.001,,
,259325,4.620061156392097,,,,,260000,-95.95801522827148,0.001,1989.6883757358416,1000.0
1849.25055387,260325,4.573393953800202,272,155,1683,995.42,261384,-96.62203831481933,0.001,,
,264325,4.69298187994957,,,,,265000,-97.00271504211426,0.001,1929.4377791641978,1000.0
1858.8484989500002,,,276,155,1711,995.42,265384,,,,
1867.5713158200003,268325,4.7977136602401735,280,155,1730,995.42,269384,-98.1540298461914,0.001,,
,269325,4.846522308826446,,,,,270000,-98.71102651977539,0.001,1887.8808188071475,1000.0
1875.3502022799998,272325,4.860392506122589,284,155,1758,995.42,273384,-99.5821569519043,0.001,,
,274325,4.792629355192185,,,,,275000,-100.07988996887207,0.001,1936.3234221576713,1000.0
1880.5257282199998,276325,4.922201454401017,288,155,1785,995.42,277384,-101.03679653930664,0.001,,
,279325,5.3125098552703856,,,,,280000,-101.76016661071777,0.001,1972.4538197401678,1000.0
1887.2916577299998,280325,5.51357580113411,292,155,1813,995.42,281384,-101.66971553039551,0.001,,
,284325,5.632886026859284,,,,,285000,-102.48923397827149,0.001,1939.211703741271,1000.0
1892.0569945400002,,,296,155,1840,995.42,285384,,,,
1896.43304369,288325,6.0022488734722135,300,155,1860,995.42,289384,-102.68379528808593,0.001,,
,289325,5.661836890697479,,,,,290000,-102.59253848266601,0.001,1988.6525555470957,1000.0
1901.84171824,292325,5.6548374536037445,304,155,1888,995.42,293384,-102.02392639160156,0.001,,
,294325,5.350493854761123,,,,,295000,-101.84282043457031,0.001,1976.3488151459023,1000.0
1909.80445355,296325,5.1760303170681,308,155,1915,995.42,297384,-102.4088936920166,0.001,,
,299325,5.059990829467774,,,,,300000,-102.45346279907227,0.001,1899.497256725654,938.7
1914.4300584499995,300325,4.993648790359497,312,155,1942,995.42,301384,-102.69246873474121,0.001,,
,304325,5.159449500083923,,,,,305000,-104.16703750610351,0.001,1874.5924890316091,914.7
1921.6536163000003,,,316,155,1969,995.42,305384,,,,
1944.18771917,308325,5.051033569335938,320,155,1989,995.42,309384,-105.2988719482422,0.001,,
,309325,5.26672733259201,,,,,310000,-105.14350053405762,0.001,1999.720361647848,1000.0
1951.01724787,312325,5.525049590587616,324,155,2017,995.42,313384,-106.2409857788086,0.001,,
,314325,5.46121958732605,,,,,315000,-107.037408493042,0.001,2036.7628745654597,1000.0
1958.2384744199999,316325,5.304391425132751,328,155,2045,995.42,317384,-107.71717213439942,0.001,,
,319325,4.977833508014679,,,,,320000,-108.23466574096679,0.001,1795.9886355863885,883.7
1962.8671073199998,320325,5.005630008697509,332,155,2072,995.42,321384,-108.01050953674316,0.001,,
,324325,4.756797910928726,,,,,325000,-108.35417597961425,0.001,2078.5846580632033,1000.0
1967.5534604499999,,,336,154,2100,995.42,325384,,,,
1974.0961963900002,328325,4.934485625267029,340,155,2119,995.42,329384,-109.17087492370605,0.001,,
,329325,4.880912181138992,,,,,330000,-108.80870082092285,0.001,1458.0869653407485,735.6
1977.4529808200002,332325,5.260890316963196,344,155,2144,995.42,333384,-108.9052526550293,0.001,,
,334325,5.049448074579239,,,,,335000,-109.91647526550292,0.001,2088.469587860908,1000.0
1981.6267376600001,336325,5.319735242605209,348,155,2172,995.42,337384,-109.72328970336915,0.001,,
,339325,5.259101987600326,,,,,340000,-110.44709346008301,0.001,2068.6075440282934,1000.0
1986.6745595700004,340325,5.28128370809555,352,155,2200,995.42,341384,-110.6069281616211,0.001,,
,344325,5.171271809101105,,,,,345000,-111.39228158569335,0.001,2011.4136265443638,1000.0
2000.3488751300001,,,356,155,2227,1000.0,345384,,,,
2001.6874676499997,348325,5.31006948685646,360,155,2248,1000.0,349384,-112.45798043823243,0.001,,
,349325,5.274932714939117,,,,,350000,-112.51907557678223,0.001,2059.9200851978735,1000.0
2004.85941371,352325,4.911313633918763,364,155,2276,1000.0,353384,-112.59110971069336,0.001,,
,354325,4.956354624032974,,,,,355000,-112.71328218078614,0.001,2061.9784183958664,1000.0
2007.91797886,356325,4.893405308008194,368,155,2303,1000.0,357384,-113.37481027221679,0.001,,
,359325,4.915915708422661,,,,,360000,-113.8950528717041,0.001,2113.1636928733437,1000.0
2013.5403505400004,360325,4.991339435219765,372,154,2332,1000.0,361384,-113.75988563537598,0.001,,
,364325,5.034098659038544,,,,,365000,-114.23637751770019,0.001,2124.7630210741454,1000.0
2017.3391291999997,,,376,154,2360,1000.0,365384,,,,
2021.8337791099998,368325,5.175489151954651,380,155,2379,1000.0,369384,-114.36249722290039,0.001,,
,369325,5.213043295741081,,,,,370000,-114.82394546508789,0.001,2082.200209512841,1000.0
2026.89125507,372325,4.915085035324097,384,155,2406,1000.0,373384,-115.19628620910645,0.001,,
,374325,4.808502771854401,,,,,375000,-115.16741502380371,0.001,2081.5521828414408,1000.0
2032.1938652600002,376325,4.90286880493164,388,155,2434,1000.0,377384,-116.30219441223144,0.001,,
,379325,5.076399009466171,,,,,380000,-115.69498825073242,0.001,2058.040925294161,1000.0
2037.7267200600002,380325,4.913469244480133,392,154,2462,1000.0,381384,-116.30395726013184,0.001,,
,384325,4.886554389595985,,,,,385000,-116.45176600646973,0.001,2144.4257605636494,1000.0
2044.33065603,,,396,154,2489,1000.0,385384,,,,
2051.25364063,388325,5.094659579992294,400,155,2509,1000.0,389384,-116.75252069091798,0.001,,
,389325,5.09949711060524,,,,,390000,-117.41357833862304,0.001,2169.4518978825304,1000.0
2058.20598869,392325,5.595934196949005,404,155,2536,1000.0,393384,-117.72094400024415,0.001,,
,394325,5.6696428678035735,,,,,395000,-117.46695018005371,0.001,2118.8784129186997,1000.0
2062.8370188499994,396325,5.299562486886978,408,154,2564,1000.0,397384,-118.22839324951173,0.001,,
,399325,5.244213716030121,,,,,400000,-118.0106587524414,0.001,2124.8289289964364,1000.0
2068.01927074,400325,5.510351548194885,412,154,2591,1000.0,401384,-118.42125207519531,0.001,,
,404325,5.473657515048981,,,,,405000,-118.63361228942871,0.001,2066.5843629598617,1000.0
2068.5452496199996,,,416,154,2618,998.38,405222,,,,
2073.80341892,408163,5.144594031572342,420,155,2637,998.38,409222,-118.7060736694336,0.001,,
,409163,4.9833165538311,,,,,410000,-119.24034519958497,0.001,1959.5045125887204,903.9
2077.92762626,412163,5.36839684343338,424,155,2664,998.38,413222,-119.13418238830566,0.001,,
,414163,5.1224044713974,,,,,415000,-119.33893461608886,0.001,2116.8244701249787,1000.0
2058.6285650000004,416163,5.511780520558357,428,154,2691,998.38,417222,-119.3573562927246,0.001,,
,419163,5.204605599761009,,,,,420000,-119.99853372192383,0.001,2164.6778327506036,1000.0
2062.7382039099994,420163,5.131110047578812,432,154,2720,998.38,421222,-120.07858557128907,0.001,,
,424163,4.796729929089546,,,,,425000,-120.29918521118164,0.001,2154.9776279963553,990.1
2068.63280891,,,436,154,2747,998.38,425222,,,,
2059.1881833599996,427507,4.915564765930176,440,155,2763,991.82,428566,-120.76841642761231,0.001,,
,429507,5.302462700247765,,,,,430000,-120.72213612365722,0.001,2113.6375068199823,1000.0
2064.9852988600005,431507,5.434138677120209,444,154,2792,991.82,432566,-120.99271351623536,0.001,,
,434507,5.24291938328743,,,,,435000,-121.67379006958008,0.001,2152.3309954816477,1000.0
2069.0841209900004,435507,5.244840188503265,448,154,2820,991.82,436566,-121.79895695495605,0.001,,
,439507,5.217835042715072,,,,,440000,-122.0393569946289,0.001,2142.979881589301,1000.0
2072.3859298999996,,,452,154,2848,991.82,440566,,,,
2079.6600105300004,443507,4.939261026620865,456,154,2868,991.82,444566,-122.49584341430663,0.001,,
,444507,4.860366604804993,,,,,445000,-122.90188954162598,0.001,2183.415524575021,1000.0
2085.68134569,447507,4.843001549839974,460,154,2896,991.82,448566,-122.47601736450196,0.001,,
,449507,4.6623290417194365,,,,,450000,-122.92837246704102,0.001,2188.728830656409,1000.0
2089.63156218,451507,4.784585979223252,464,154,2925,991.82,452566,-122.91965179443359,0.001,,
,454507,4.496424789905548,,,,,455000,-123.8623275604248,0.001,2175.561674768594,1000.0
2094.37397431,455507,4.6491188175678255,468,154,2952,991.82,456566,-123.69634605407715,0.001,,
,459507,4.560226253390312,,,,,460000,-124.21910958862304,0.001,2107.8589024221524,1000.0
2097.94027972,,,472,154,2979,991.82,460566,,,,
2104.11293536,463507,5.00951960337162,476,154,2999,991.82,464566,-124.62388716125488,0.001,,
,464507,4.863605783343315,,,,,465000,-124.92946112060547,0.001,2199.848806072399,1000.0
2109.78918029,467507,4.740687196493149,480,154,3027,991.82,468566,-125.41964233398437,0.001,,
,469507,4.8774454627037045,,,,,470000,-125.59890744018554,0.001,2171.554367969581,1000.0
2116.0928342700004,471507,5.004510580778122,484,154,3054,991.82,472566,-125.58870915222168,0.001,,
,474507,4.9630869653224945,,,,,475000,-125.89666297912598,0.001,2208.9059965206775,1000.0
2094.07066622,475507,4.853718259096146,488,154,3082,991.82,476566,-126.08917700195312,0.001,,
,479507,4.890571279168129,,,,,480000,-126.08286218261719,0.001,2221.454725707788,1000.0
2097.9239919499996,,,492,154,3110,991.82,480566,,,,
2102.21685463,483507,4.763078445672989,496,154,3131,991.82,484566,-126.61189256286622,0.001,,
,484507,4.893195249080658,,,,,485000,-126.73832543945312,0.001,2204.5484767008575,1000.0
2105.4467336599996,487507,4.999118240118027,500,154,3159,991.82,488566,-127.09839915466308,0.001,,
,489507,5.027541692972183,,,,,490000,-126.78767236328125,0.001,2200.0957263469695,1000.0
2107.3814898,491507,4.897173228979111,504,154,3186,991.82,492566,-127.73341618347168,0.001,,
,494507,4.745794696331024,,,,,495000,-127.21395539855958,0.001,2232.6269831668587,1000.0
2111.03596666,495507,4.603725244522095,508,154,3213,991.82,496566,-127.600798828125,0.001,,
,499507,4.838645394206047,,,,,500000,-128.2401554107666,0.001,2109.676370799728,1000.0
2114.09173756,,,512,154,3240,991.82,500566,,,,
2121.5614786700003,503507,5.079071813344956,516,154,3260,993.44,504566,-128.19333811950685,0.001,,
,504507,5.092330555677414,,,,,505000,-127.9647202758789,0.001,2072.5118865773084,915.1
2124.2954350000005,507507,5.3808659589290615,520,154,3288,993.44,508566,-127.75202110290527,0.001,,
,509507,5.408292244434357,,,,,510000,-127.77766250610351,0.001,2199.876729293447,1000.0
2127.3332576499997,511507,5.575176719665527,524,154,3316,993.44,512566,-127.89153067016602,0.001,,
,514507,5.187662399768829,,,,,515000,-127.59630729675293,0.001,2279.6090562868862,1000.0
2153.5236734399996,515507,5.089303091287613,528,154,3344,993.44,516566,-127.60274827575684,0.001,,
,519507,5.238872610330581,,,,,520000,-127.28044400024415,0.001,2076.623222569376,946.2
2156.14275429,,,532,154,3371,993.44,520566,,,,
2159.6615301999996,523507,5.460467907905579,536,154,3391,993.44,524566,-127.81415203857422,0.001,,
,524507,5.234141845583916,,,,,525000,-127.8154037322998,0.001,2269.329456785554,1000.0
2176.23228298,527507,5.455319771885872,540,154,3419,1000.0,528566,-128.21009884643556,0.001,,
,529507,5.044057514190674,,,,,530000,-128.37895358276367,0.001,2202.9251292183994,1000.0
2177.9834281500002,531507,5.227630960226059,544,154,3447,1000.0,532566,-128.36869438171388,0.001,,
,534507,5.1032294361591335,,,,,535000,-128.52573831176758,0.001,2237.128265587287,1000.0
2182.93882527,535507,5.288794264554977,548,154,3474,1000.0,536566,-128.52349418640136,0.001,,
,539507,5.23765732550621,,,,,540000,-128.83907250976563,0.001,2233.3581514331395,1000.0
2186.28244679,,,552,154,3502,1000.0,540566,,,,
2187.81156999,543507,5.617749221801758,556,154,3522,1000.0,544566,-129.43500065612793,0.001,,
,544507,5.309753051280976,,,,,545000,-129.29340341186523,0.001,2037.569069358427,925.4
2188.0333079899997,547507,5.116240603685379,560,154,3549,1000.0,548566,-130.05134628295897,0.001,,
,549749,5.276207248041453,,,,,550000,-130.08414679913483,0.001,2226.9401808900757,1000.0
2176.4582152299995,550749,5.088647959947586,564,154,3573,992.42,551808,-130.57127653503417,0.001,,
,554749,5.442138715744019,,,,,555000,-130.70727339172365,0.001,2220.785790869914,1000.0
2178.11940231,,,568,154,3601,992.42,555808,,,,
2178.59789762,558749,5.353990501403809,572,154,3621,992.42,559808,-130.38606813049316,0.001,,
,559749,5.31647206902504,,,,,560000,-131.00929487609864,0.001,2198.6453432084063,1000.0
2178.8191389599997,562749,5.3262634654045105,576,154,3650,992.42,563808,-131.60922862243652,0.001,,
,564749,5.326259050130844,,,,,565000,-131.69383462524414,0.001,2274.036997640692,1000.0
2179.1157393500002,566749,5.485724360823632,580,154,3677,992.42,567808,-131.7522371826172,0.001,,
,569749,5.198614832162857,,,,,570000,-132.25928500366211,0.001,2259.9454583378974,1000.0
2179.8781166899994,570749,5.326734671592712,584,154,3706,992.42,571808,-131.88701217651368,0.001,,
,574749,5.233839930057526,,,,,575000,-132.6302526702881,0.001,2270.8480831826105,1000.0
2208.59434646,,,588,154,3733,992.42,575808,,,,
2211.3198304,578749,5.358945604562759,592,154,3754,992.42,579808,-133.16407415771485,0.001,,
,579749,5.587462602376938,,,,,580000,-133.7690538635254,0.001,2279.5708304975183,1000.0
2213.74089221,582749,5.272564777612686,596,154,3781,992.42,583808,-134.24499798583983,0.001,,
,584749,5.548404676914215,,,,,585000,-134.4598937072754,0.001,2298.945405652304,1000.0
2216.74940434,586749,5.012822614192963,600,154,3810,992.42,587808,-134.78470559692383,0.001,,
,589241,5.053880440994976,,,,,590000,-134.88315188400145,0.001,2202.706808014028,1000.0
2205.9464915600006,590241,5.1099396314620975,604,154,3835,987.34,591300,-134.93164176940917,0.001,,
,594241,4.921494024395943,,,,,595000,-135.45526329040527,0.001,2254.9250170949845,1000.0
2208.82448474,,,608,154,3863,987.34,595300,,,,
2209.4999564399996,598241,4.9968915715217594,612,154,3884,987.34,599300,-135.49514457702637,0.001,,
,599241,5.012995097398758,,,,,600000,-135.93043336486815,0.001,2276.128939885367,1000.0
2212.48123422,602241,4.916004105567932,616,154,3911,987.34,603300,-136.04491163635254,0.001,,
,604241,4.914822178840637,,,,,605000,-135.87279832458495,0.001,2183.6879681354853,1000.0
2213.55116847,606241,5.056582012295723,620,154,3940,987.34,607300,-136.36265759277345,0.001,,
,609241,5.620954329013824,,,,,610000,-136.48146113586427,0.001,2284.674181856215,1000.0
2215.8210502399997,610241,5.38287086546421,624,154,3968,987.34,611300,-136.73187768554686,0.001,,
,614241,5.428509759306908,,,,,615000,-137.2287139892578,0.001,2277.2386186460963,1000.0
2217.9456261200003,,,628,153,3997,987.34,615300,,,,
2198.47658643,617368,5.452626865983009,632,154,4012,978.61,618427,-137.50198391723632,0.001,,
,619368,5.4332656593322755,,,,,620000,-137.31159199523927,0.001,2334.0057203073056,1000.0
2194.87442966,621166,5.282441873000678,636,154,4038,976.59,622225,-137.7580071929702,0.001,,
,624166,5.562899854421616,,,,,625000,-138.11165965270996,0.001,2259.6650460152887,1000.0
2197.16436637,625166,5.474986028432846,640,154,4066,976.59,626225,-138.052259475708,0.001,,
,629166,5.153944569706916,,,,,630000,-138.54106524658204,0.001,2291.9775769080034,1000.0
2200.30684224,,,644,153,4094,976.59,630225,,,,
2200.3134214099996,633166,5.452923700332642,648,154,4114,976.59,634225,-139.04540046691895,0.001,,
,634166,5.3951137081384655,,,,,635000,-139.23106852722168,0.001,2055.49037606325,1000.0
2203.59906095,637166,5.602607021808624,652,154,4142,976.59,638225,-139.1106929168701,0.001,,
,639166,5.375420850753784,,,,,640000,-139.55804513549805,0.001,2224.9128974264486,1000.0
2205.2605938,641166,5.277987721920013,656,153,4170,976.59,642225,-139.15719100952148,0.001,,
,644166,5.076211572289467,,,,,645000,-139.43001091003418,0.001,2192.6992552998477,952.7
2208.5118984999995,645166,5.030553495764733,660,153,4199,976.59,646225,-139.61914935302735,0.001,,
,649166,5.234246752738953,,,,,650000,-139.97327763366698,0.001,2224.0492886287802,1000.0
2225.88363747,,,664,153,4227,984.17,650225,,,,
2229.6287383799995,653166,5.28911351108551,668,154,4247,984.17,654225,-139.65899662780762,0.001,,
,654166,4.999889923453331,,,,,655000,-140.5852780456543,0.001,2307.266151478095,1000.0
2233.11696683,657166,5.412581786394119,672,153,4274,984.17,658225,-140.4513367919922,0.001,,
,659166,5.301056725978851,,,,,660000,-140.04258331298828,0.001,2340.541240429692,1000.0
2235.7589668599994,661166,5.074913684725761,676,153,4302,984.17,662225,-140.7109609680176,0.001,,
,664166,5.077817654848099,,,,,665000,-140.9498585510254,0.001,2046.3844292398542,958.3
2238.7444711199996,665166,4.977880938529968,680,153,4329,984.17,666225,-140.8076448059082,0.001,,
,669166,5.316784129738807,,,,,670000,-140.48553970336914,0.001,2367.648678258248,1000.0
2241.2240140599997,,,684,153,4359,984.17,670225,,,,
2244.0744157799995,673166,5.305994083642959,688,153,4379,984.17,674225,-140.73829507446288,0.001,,
,674166,4.904321021199227,,,,,675000,-140.91241091918945,0.001,2211.113827536255,1000.0
2242.95577169,677166,5.159127458333969,692,153,4407,984.17,678225,-141.15998191833495,0.001,,
,679780,5.379378168124718,,,,,680000,-141.4831962461192,0.001,1979.908248140855,946.5
2234.7203718600003,680780,5.460623958110809,696,153,4432,980.31,681839,-141.15757531738282,0.001,,
,684448,5.331209379196167,,,,,685000,-141.84691485595704,0.001,2340.5073290117552,1000.0
2228.21959406,,,700,153,4459,976.99,685507,,,,
2230.61245083,687910,5.16935498201847,704,153,4476,976.69,688969,-142.27386724853517,0.001,,
,689910,5.328836008191109,,,,,690000,-142.10298373413087,0.001,2338.5246802041306,1000.0
2232.8309955000004,691910,4.986281242132187,708,153,4503,976.69,692969,-142.52902001953126,0.001,,
,694910,4.615675257444382,,,,,695000,-142.92702590942383,0.001,2364.5425500521205,1000.0
2237.9453332599996,695910,4.872394926667213,712,153,4531,976.69,696969,-142.42149533081056,0.001,,
,699910,4.86195962035656,,,,,700000,-142.88892922973633,0.001,2330.061941490602,1000.0
2238.37085043,,,716,153,4559,976.69,700969,,,,
2242.52333481,703910,4.915357662320137,720,153,4579,976.69,704969,-143.01456575012207,0.001,,
,704910,5.5221692070961,,,,,705000,-142.82863891601562,0.001,2340.075377055444,1000.0
2246.55440877,707910,5.348215100765228,724,153,4607,976.69,708969,-143.41707008361817,0.001,,
,709910,5.291364265680313,,,,,710000,-143.0331872253418,0.001,2329.267378107412,1000.0
2223.77599394,711910,5.062524455785751,728,153,4634,966.88,711988,-143.55320135498047,0.001,,
,714929,5.168711310148239,,,,,715000,-143.49505056762695,0.001,2157.442258194089,1000.0
2248.81623927,,,732,153,4658,975.61,715988,,,,
2256.18864488,718929,4.851744614243508,736,153,4678,977.63,719988,-143.6889107055664,0.001,,
,719929,5.015986764907837,,,,,720000,-143.81194186401368,0.001,2355.1596709782257,1000.0
2257.38234944,722929,4.862275997161865,740,153,4706,977.63,723988,-144.11844509887695,0.001,,
,724929,5.158230809569359,,,,,725000,-144.29413690185547,0.001,2112.202200585604,924.2
2260.0715703600004,726929,5.394284156441689,744,153,4733,977.63,727988,-144.49136221313478,0.001,,
,729929,5.067506328344345,,,,,730000,-144.6922512512207,0.001,2207.913873750344,930.1
2263.2800577000003,730929,5.045072027802467,748,153,4760,977.63,731988,-144.8697066040039,0.001,,
,734929,5.303548894524575,,,,,735000,-145.28895251464843,0.001,2363.3811022127047,1000.0
2257.1627245300006,,,752,153,4788,977.63,735988,,,,
2255.6597379300006,738929,5.1947908411026,756,153,4809,977.63,739988,-145.439956451416,0.001,,
,739929,5.354201583504677,,,,,740000,-145.98826156616212,0.001,1930.7401026701161,911.4
2260.9631064500004,742929,5.089299856185913,760,153,4836,977.63,743988,-145.74690084838866,0.001,,
,744929,5.646144417285919,,,,,745000,-145.67294274902343,0.001,2086.3826334833516,987.5
2244.2127575,746929,5.362702571868897,764,153,4863,977.63,747988,-145.99857330322266,0.001,,
,749929,5.345909452080726,,,,,750000,-145.69721035766602,0.001,2400.9736399892254,1000.0
2237.87362245,750929,5.774283560991287,768,153,4891,977.63,751988,-146.0135849304199,0.001,,
,754929,5.803047470808029,,,,,755000,-145.57345303344727,0.001,2370.9173363324253,1000.0
2240.42802538,,,772,153,4919,977.63,755988,,,,
2240.2122810700002,758929,5.891156848907471,776,153,4938,977.63,759988,-145.7663602294922,0.001,,
,759929,5.61991229236126,,,,,760000,-146.04374545288087,0.001,2258.80743578535,1000.0
2220.6223409199997,762122,6.010632490158081,780,153,4962,969.56,763181,-145.930028717041,0.001,,
,764122,6.32868196284771,,,,,765000,-145.38192236328126,0.001,2309.031356563349,1000.0
2222.55310481,766122,6.575037003159523,784,153,4990,969.56,767181,-145.71257946777342,0.001,,
,769797,6.7946939702034,,,,,770000,-146.20728955078124,0.001,2227.529685035895,939.4
2216.2138676100003,,,788,153,5016,966.31,770856,,,,
2220.4563003999997,773797,6.24268940448761,792,153,5035,966.31,774856,-145.39982192993165,0.001,,
,774797,5.931029965639114,,,,,775000,-145.37972676086426,0.001,2219.7109163706364,1000.0
2221.8015236799997,777797,6.362455822467804,796,153,5063,970.17,778856,-145.38862094116212,0.001,,
,779797,5.901294872760773,,,,,780000,-145.61678503417968,0.001,2334.1559525731254,987.9
2231.47084642,781797,6.291208889961243,800,153,5091,973.49,782856,-146.08651370239258,0.001,,
,784797,5.581267045497894,,,,,785000,-145.87261138916017,0.001,2280.8295015480603,1000.0
2246.37987914,785797,5.7529879870414735,804,153,5119,978.87,786856,-145.89464239501953,0.001,,
,789004,6.236879717324667,,,,,790000,-145.64036046541653,0.001,2238.0553794557227,966.5
2229.18235109,,,808,153,5142,970.94,790063,,,,
2228.8780490199997,793004,5.802303627490997,812,153,5162,970.94,794063,-145.9977289428711,0.001,,
,794004,5.772959552526474,,,,,795000,-146.07241104125976,0.001,2375.88262169715,1000.0
2232.31062164,797004,5.885729982614517,816,153,5189,970.94,798063,-146.18652536010742,0.001,,
,799004,5.588221019506454,,,,,800000,-145.91865670776366,0.001,2318.759680878371,1000.0
2233.04797961,801004,5.842874675273896,820,153,5217,970.94,802063,-145.9049499206543,0.001,,
,804004,5.583883851289749,,,,,805000,-146.20339224243165,0.001,2422.6963579200674,1000.0
2235.96362809,805004,6.08464025759697,824,153,5245,970.94,806063,-146.36119705200196,0.001,,
,809004,5.786474580764771,,,,,810000,-146.00246716308592,0.001,2361.7682090179997,1000.0
2263.3032282,,,828,153,5273,980.75,810063,,,,
2266.69362479,813004,6.532892940759659,832,153,5293,980.75,814063,-145.9555584411621,0.001,,
,814004,6.70807129251957,,,,,815000,-145.6325906677246,0.001,2368.937386034429,1000.0
2265.79787568,817004,6.762639335870743,836,153,5321,980.75,818063,-145.5641714477539,0.001,,
,819004,6.375498596429825,,,,,820000,-145.7614193725586,0.001,2342.1184494510467,1000.0
2269.14910853,821004,6.5113282744884495,840,153,5349,980.75,822063,-146.03938204956054,0.001,,
,824004,6.408156270503998,,,,,825000,-146.37623266601562,0.001,2396.317751521617,1000.0
2271.87791596,825004,6.379632975101471,844,153,5376,980.75,826063,-146.29951809692383,0.001,,
,829004,6.815295018672943,,,,,830000,-146.01685940551758,0.001,2305.9633923112647,1000.0
2272.38938588,,,848,153,5403,980.75,830063,,,,
2281.16501749,833004,7.293977591395378,852,153,5423,980.75,834063,-145.62039370727538,0.001,,
,834004,7.018433345794678,,,,,835000,-146.09264678955077,0.001,2423.140119949402,1000.0
2285.4815208,837004,6.262792345404625,856,153,5451,980.75,838063,-146.61441146850586,0.001,,
,839004,6.013863227725029,,,,,840000,-146.06130807495117,0.001,2439.4484944618307,1000.0
2285.6743475499998,841004,6.2627092485427855,860,153,5479,980.75,842063,-146.4269175720215,0.001,,
,844004,6.201274477243423,,,,,845000,-146.07716226196288,0.001,2386.37124467555,1000.0
2307.43889282,845004,6.0552885115146635,864,153,5506,980.75,846063,-145.9225722961426,0.001,,
,849004,5.936766575574875,,,,,850000,-145.93063259887694,0.001,2327.2905062321574,1000.0
2316.6952787900004,,,868,153,5534,980.75,850063,,,,
2318.84288132,853004,5.505631713747978,872,153,5553,980.75,854063,-146.5889171142578,0.001,,
,854004,6.35862562251091,,,,,855000,-146.5456802368164,0.001,1760.7288111513014,937.7
2320.81364186,857004,6.388654624462128,876,153,5581,980.75,858063,-146.13869689941407,0.001,,
,859004,6.354938462972641,,,,,860000,-146.51751177978517,0.001,2392.3621606786737,1000.0
2344.3212215999997,861004,5.96671429502964,880,153,5609,988.82,862063,-146.90528085327148,0.001,,
,864004,6.026635989665985,,,,,865000,-146.53662335205078,0.001,2317.369065379724,1000.0
2329.4508026000003,865004,5.736008974194527,884,153,5636,982.84,865465,-146.7197879333496,0.001,,
2339.28055307,868406,5.797157541513443,888,153,5654,986.09,869465,-147.22638430786134,0.001,,
,869406,6.370346521139145,,,,,870000,-147.07212670898437,0.001,2438.668300320581,1000.0
2342.8801844900004,872406,6.411030965328217,892,153,5681,986.09,873465,-147.21698431396484,0.001,,
,874406,6.295634261369705,,,,,875000,-147.2316707763672,0.001,2365.1168882383035,1000.0
2353.5581611500006,876406,6.308131343245506,896,153,5708,986.09,877465,-147.6118557434082,0.001,,
,879406,5.728428270101547,,,,,880000,-147.60885552978516,0.001,2214.4186301935697,917.0
2356.30375506,880406,5.71190371799469,900,153,5735,986.09,881465,-147.76663119506836,0.001,,
,884406,5.967933223962784,,,,,885000,-147.63277688598632,0.001,2443.4143102869393,1000.0
2357.59687053,,,904,153,5763,986.09,885465,,,,
2379.7385297800006,888406,5.75022070991993,908,153,5783,994.02,889465,-148.35567263793945,0.001,,
,889406,5.92824432349205,,,,,890000,-148.20224310302734,0.001,2355.51339244321,1000.0
2357.13982657,892406,6.586759359240532,912,153,5810,985.03,892566,-148.9258424987793,0.001,,
,894507,6.075752981424332,,,,,895000,-149.15513375854493,0.001,2400.4197058982218,991.2
2356.12184559,895507,5.639259414553642,916,153,5835,985.03,896566,-149.01282919311524,0.001,,
,899507,5.802352176785469,,,,,900000,-149.46798590087892,0.001,1898.5105553664034,1000.0
2358.3766044300005,,,920,153,5862,985.03,900566,,,,
2358.7990131300003,903507,5.460708823800087,924,153,5882,985.03,904566,-149.3353851623535,0.001,,
,904507,6.002629081726075,,,,,905000,-149.70629025268553,0.001,2147.0697157222544,871.4
2345.1484338200003,906810,6.51696245111648,928,153,5905,978.06,907869,-149.79318307575426,0.001,,
,909810,5.803015681743622,,,,,910000,-150.5658182067871,0.001,2480.166794305388,1000.0
2345.8624727200004,910810,5.391742346286773,932,153,5934,978.06,911869,-150.56080603027343,0.001,,
,914810,5.918614245891571,,,,,915000,-150.89580581665038,0.001,2383.1818869439185,1000.0
2347.18626837,,,936,153,5962,978.06,915869,,,,
2348.2182400399997,918810,5.527721344470978,940,153,5982,978.06,919869,-151.60680621337892,0.001,,
,919810,5.78439561867714,,,,,920000,-151.54216809082033,0.001,2278.398650596663,1000.0
2347.78247608,922810,5.645328104019165,944,153,6010,978.06,923869,-151.7649697265625,0.001,,
,924810,6.337926317930221,,,,,925000,-152.1611277770996,0.001,2389.582780183293,1000.0
2347.67091863,926810,5.430414637565613,948,153,6037,978.06,927869,-152.19884405517578,0.001,,
,929810,5.5606284193992614,,,,,930000,-152.16519805908203,0.001,2232.7542873777447,921.9
2350.8879275100003,930810,5.4248362867832185,952,153,6064,978.06,931869,-151.91949645996092,0.001,,
,934810,5.805584288835526,,,,,935000,-151.8145609436035,0.001,2111.767105461843,848.1
2354.8303123200003,,,956,153,6091,978.06,935869,,,,
2326.35329538,938177,5.335617044091225,960,153,6107,966.63,938726,-151.9702272644043,0.001,,
,939667,5.399514630556107,,,,,940000,-151.98470657348633,0.001,2485.4091565614567,1000.0
2330.01712566,941667,5.533339786410331,964,153,6132,966.63,942726,-151.90419412231446,0.001,,
,944667,5.8472678310871125,,,,,945000,-152.34630462646484,0.001,2439.0283794422285,1000.0
2331.88598354,945667,5.801767819523811,968,153,6160,966.63,946726,-152.2239210510254,0.001,,
,949667,5.667349708795547,,,,,950000,-152.47860848999022,0.001,2462.7360381235603,1000.0
2333.26144493,,,972,153,6187,966.63,950726,,,,
2334.4435713000003,953667,5.576082441806793,976,153,6207,966.63,954726,-152.48358795166016,0.001,,
,954667,6.0503179967403415,,,,,955000,-152.70320083618165,0.001,2497.7705214837565,1000.0
2336.5876043599997,957667,5.364678679823875,980,153,6235,966.63,958726,-152.91894381713868,0.001,,
,959667,5.469667388916015,,,,,960000,-153.10082989501953,0.001,2528.155974991992,1000.0
2356.1195987,961667,5.774663505911827,984,153,6262,972.61,962726,-153.48281509399413,0.001,,
,964667,5.6197098903656,,,,,965000,-153.35485305786133,0.001,2479.8908043033907,1000.0
2358.76317135,965667,5.639599312901497,988,153,6290,972.61,966726,-153.01345959472656,0.001,,
,969667,5.636722036123276,,,,,970000,-153.1932666015625,0.001,2426.519008922577,1000.0
2359.1046373599997,,,992,153,6317,972.61,970726,,,,
2341.64612519,973667,5.560201796531677,996,153,6338,964.34,973899,-153.44022149658204,0.001,,
,974840,5.878678373098373,,,,,975000,-153.65029745483398,0.001,2312.3190978184343,933.6
2343.23572234,976840,5.516053342580795,1000,153,6361,964.34,977899,-153.88042294311524,0.001,,
,979840,5.995481981158257,,,,,980000,-153.94982052612303,0.001,2386.897123350226,1000.0
2346.14753334,980840,5.070320127725601,1004,153,6389,964.34,981899,-154.02416232299805,0.001,,
,984840,5.857677223920822,,,,,985000,-154.1435549621582,0.001,2462.008681338467,1000.0
2343.89803995,,,1008,153,6417,964.34,985899,,,,
2372.91895425,988840,5.882137615799904,1012,153,6436,973.33,989899,-154.3165447692871,0.001,,
,989840,5.293515993833542,,,,,990000,-154.62607217407228,0.001,2537.7196649016814,1000.0
2375.2749158899996,992840,5.294622740507126,1016,153,6464,973.33,993899,-154.50265084838867,0.001,,
,994840,5.587565610408783,,,,,995000,-154.47307473754884,0.001,2462.889792438177,1000.0
2379.40070724,996840,5.925511794328689,1020,153,6492,973.33,997899,-154.7878017578125,0.001,,
,999840,5.902652307987213,,,,,1000000,-154.54043209838866,0.001,2527.9647734412924,1000.0
2380.8076099299997,1000840,5.9807581770420075,1024,153,6520,973.33,1001899,-154.09678219604493,0.001,,
2357.9796733199996,1003291,6.1657041087334985,1028,153,6532,964.81,1004350,-154.46917724609375,0.001,,
,1004291,6.089602517843247,,,,,1005000,-154.67058102416993,0.001,2409.2525469831658,972.3
2359.5414094699995,1007291,6.703519361257553,1032,153,6560,964.81,1008350,-154.79701885986327,0.001,,
,1009291,7.269261872172356,,,,,1010000,-155.3901866760254,0.001,2266.968732971139,914.7
2362.42922419,1011291,6.8362102108001706,1036,153,6587,964.81,1012350,-155.66410662841798,0.001,,
,1014291,6.884433498620987,,,,,1015000,-155.95766336059572,0.001,2228.9747534248977,918.2
2364.0728892099996,1015291,6.534703443765641,1040,153,6613,964.81,1016350,-156.20130709838867,0.001,,
,1019291,6.791041587114334,,,,,1020000,-156.0950506591797,0.001,2189.760767228529,914.2
2366.10450943,,,1044,153,6640,964.81,1020350,,,,
2369.31945798,1023291,6.5139015045166015,1048,153,6660,964.81,1024350,-156.85442016601561,0.001,,
,1024291,6.881305829763413,,,,,1025000,-156.96073950195313,0.001,2321.0134017691016,933.6
2361.3745372699996,1027291,6.597637257337571,1052,153,6687,962.84,1028153,-157.49793966674804,0.001,,
,1029094,6.475388973236084,,,,,1030000,-157.7047497253418,0.001,2465.812854372803,1000.0
2360.4093291599997,1031094,6.497909184932709,1056,153,6714,962.84,1032153,-158.01708428955078,0.001,,
,1034282,6.371316011915815,,,,,1035000,-158.8122393019656,0.001,2482.933979177661,1000.0
2370.79275294,,,1060,153,6737,966.15,1035341,,,,
2370.98414876,1038282,5.833402847766876,1064,153,6757,966.15,1039341,-158.8187932434082,0.001,,
,1039282,6.179033195495605,,,,,1040000,-158.97332846069335,0.001,2447.884891233407,1000.0
2371.82462952,1042282,6.293789843797684,1068,153,6785,966.15,1043341,-159.0113541870117,0.001,,
,1044282,6.431387808561325,,,,,1045000,-159.79108865356446,0.001,2304.4410709479826,931.0
2371.1963700299993,1046282,6.540687505126,1072,153,6812,966.15,1047341,-160.40914041137697,0.001,,
,1049282,6.882959813833237,,,,,1050000,-160.81558578491212,0.001,2037.590911521064,845.4
2374.01389407,1050282,6.894407103538513,1076,153,6839,966.15,1051341,-160.75666262817384,0.001,,
,1054282,6.251878708600998,,,,,1055000,-161.54660763549805,0.001,2463.2002777030284,1000.0
2375.8076726399995,,,1080,153,6866,966.15,1055341,,,,
2360.79729946,1058266,5.618987667609036,1084,153,6886,965.99,1059325,-161.7772243158604,0.001,,
,1059266,6.0830066998004915,,,,,1060000,-162.3075757751465,0.001,2175.771422169916,882.3
2359.9366558099996,1062266,5.938029331445694,1088,153,6914,965.99,1063325,-163.0834573059082,0.001,,
,1064266,6.335618304491043,,,,,1065000,-163.03421432495117,0.001,2137.271821467858,834.1
2356.7671297099996,1066030,6.634316084896707,1092,153,6939,963.63,1067089,-163.34396781721665,0.001,,
,1069669,6.0653818795681,,,,,1070000,-163.61642462158204,0.001,1608.4232586664148,851.2
2369.94986432,,,1096,153,6963,968.29,1070728,,,,
2368.8106953600004,1073669,5.865828065872193,1100,153,6983,968.29,1074728,-163.86281427001953,0.001,,
,1074669,6.304431059122086,,,,,1075000,-163.83859313964842,0.001,2478.984005354054,997.2
2370.7810020200004,1077669,6.36143082690239,1104,153,7012,968.29,1078728,-163.9245379333496,0.001,,
,1079669,6.171420606851577,,,,,1080000,-163.72252310180664,0.001,2391.544085746072,1000.0
2371.9964729699996,1081669,6.519411817789078,1108,153,7040,968.29,1082728,-164.03407189941407,0.001,,
,1084669,6.537166575908661,,,,,1085000,-163.95586721801757,0.001,2540.8671507402905,1000.0
2372.5668555899997,1085669,6.360325860261917,1112,153,7068,968.29,1086728,-163.89477981567381,0.001,,
,1089669,5.964400713443756,,,,,1090000,-164.1075761413574,0.001,2233.6811411794274,918.0
2365.25602251,,,1116,153,7096,968.29,1090728,,,,
2360.67441406,1093669,5.376574465990067,1120,153,7115,968.29,1094728,-164.43849575805663,0.001,,
,1094669,5.828471743822098,,,,,1095000,-164.57282345581055,0.001,2480.683526963368,1000.0
2320.0656772300003,1097669,5.613051753759384,1124,153,7142,968.29,1098728,-164.85404388427733,0.001,,
,1099669,5.920002198457718,,,,,1100000,-164.7683292541504,0.001,2462.324344355892,1000.0
2359.87761657,1101669,5.259376596093178,1128,153,7170,983.78,1102728,-165.07008517456055,0.001,,
,1104669,5.038384742736817,,,,,1105000,-165.367578125,0.001,2392.733486074291,987.5
2356.33228234,1105669,5.2460840263366695,1132,153,7198,983.78,1106728,-165.3710778808594,0.001,,
,1109669,5.093469904780388,,,,,1110000,-165.92725009155274,0.001,2167.8548047644085,1000.0
2338.55618494,,,1136,153,7225,983.78,1110728,,,,
2278.7959306499997,1113052,5.14889191365242,1140,153,7242,977.61,1114111,-166.10632586669922,0.001,,
,1114052,5.27373021543026,,,,,1115000,-166.00448492431642,0.001,2467.798400649871,1000.0
2280.2330592700005,1117052,5.004102467417717,1144,153,7270,977.61,1118111,-166.48571029663086,0.001,,
,1119052,5.819184862375259,,,,,1120000,-166.63200476074218,0.001,2160.8607743614702,912.3
2281.68325646,1121052,5.912334152460098,1148,153,7298,977.61,1122111,-166.64370562744142,0.001,,
,1124052,5.506667431354523,,,,,1125000,-166.27805334472657,0.001,2513.071823937632,1000.0
2290.70299867,1125052,5.782468685269356,1152,153,7326,979.58,1126111,-166.51245404052733,0.001,,
,1129052,5.657965850949288,,,,,1130000,-166.91106097412109,0.001,2237.188928985025,1000.0
2290.43127998,,,1156,153,7354,979.58,1130111,,,,
2313.25805753,1133052,5.576560518026352,1160,153,7373,987.7,1134111,-167.06008526611328,0.001,,
,1134052,5.884519531488419,,,,,1135000,-167.25031860351564,0.001,2361.5623050098775,1000.0
2313.54908318,1137052,5.381826302528381,1164,153,7401,987.7,1138111,-167.93981741333008,0.001,,
,1139052,5.412536010503769,,,,,1140000,-168.12084567260743,0.001,2431.294329722691,1000.0
2316.4512447600005,1141052,4.959609503030777,1168,153,7428,987.7,1142111,-168.4185183105469,0.001,,
,1144052,5.093780416488648,,,,,1145000,-168.67951358032226,0.001,2443.4388608348554,1000.0
2276.61740723,1145052,5.367205024003982,1172,153,7456,987.7,1146111,-168.59502560424804,0.001,,
,1149052,5.670178569793701,,,,,1150000,-168.76569970703125,0.001,2539.2688501918688,1000.0
2258.0331497200004,,,1176,153,7483,987.7,1150111,,,,
2258.3028208600003,1153052,5.889908147573471,1180,153,7503,987.7,1154111,-168.62429501342774,0.001,,
,1154052,5.978909530520439,,,,,1155000,-168.5892511291504,0.001,2465.0437285682187,1000.0
2272.39457965,1157007,6.862568737268448,1184,153,7530,987.41,1158066,-168.3675030822754,0.001,,
,1159007,6.735150213003158,,,,,1160000,-168.4786728515625,0.001,2489.2677545297893,1000.0
2272.5840264599997,1161007,6.637756739377975,1188,153,7557,987.41,1162066,-168.38881576538085,0.001,,
,1164007,6.44235919880867,,,,,1165000,-168.07581396484375,0.001,2539.113269870216,1000.0
2277.22611616,1165007,6.952864475369453,1192,153,7585,989.77,1166066,-168.08784414672851,0.001,,
,1169007,6.080265218019486,,,,,1170000,-168.3565789489746,0.001,2361.207758920989,1000.0
2284.0479840800003,,,1196,153,7613,993.38,1170066,,,,
2262.7709670999993,1172075,6.102232326479519,1200,153,7628,984.06,1173134,-168.54607256721047,0.001,,
,1174075,5.933479523301124,,,,,1175000,-168.64912997436522,0.001,2502.8194166643543,1000.0
2261.09835179,1176075,5.901918627500534,1204,153,7655,984.06,1177134,-168.89580029296874,0.001,,
,1179075,5.79920525765419,,,,,1180000,-168.9645806274414,0.001,2472.211418001726,1000.0
2266.41713764,1180075,5.8822153784036635,1208,153,7682,984.06,1181134,-169.09430654907226,0.001,,
2223.95375183,1183239,6.858648406296242,1212,153,7698,967.61,1183489,-169.43313747499047,0.001,,
,1184430,6.726104218482972,,,,,1185000,-169.1887396850586,0.001,2297.3775980074424,914.5
2232.40742286,1186430,6.802011657953262,1216,153,7721,967.61,1187489,-168.89947772216797,0.001,,
,1189430,6.882181126594544,,,,,1190000,-168.72014910888672,0.001,2509.587805879116,1000.0
2235.85609071,1190430,6.430028716802597,1220,153,7749,967.61,1191489,-168.81812600708008,0.001,,
,1194430,6.573801480531692,,,,,1195000,-168.38463540649414,0.001,2302.649716253928,962.2
2277.60572396,,,1224,153,7777,967.61,1195489,,,,
2276.8778346500003,1198430,7.11962819480896,1228,153,7796,965.91,1199319,-168.85659783935546,0.001,,
,1199260,7.151941281341645,,,,,1200000,-168.81448044374764,0.001,2217.7661322546655,987.1
2277.5884373699996,1202260,7.604431260108948,1232,153,7823,965.91,1203319,-168.58913552856444,0.001,,
,1204260,6.268696942210197,,,,,1205000,-168.99881674194336,0.001,2528.9023713272063,1000.0
2298.9087615500002,1206260,7.089883077859879,1236,153,7851,965.91,1207319,-169.02971170043946,0.001,,
,1209260,6.025342319130898,,,,,1210000,-169.4831823425293,0.001,2560.1668392147867,1000.0
2361.07348629,1210260,6.404002281188965,1240,153,7879,972.08,1211319,-169.2784409790039,0.001,,
,1214260,6.151605848312378,,,,,1215000,-169.37462701416015,0.001,2439.0207928517657,953.5
2353.8597894199997,,,1244,153,7908,972.08,1215319,,,,
2356.4697262299997,1218260,6.090279792070389,1248,153,7928,972.08,1219319,-169.44082049560546,0.001,,
,1219260,6.970360979557038,,,,,1220000,-169.45037127685546,0.001,2196.9840574726927,1000.0
2353.5325228799998,1222260,6.0662581615448,1252,153,7955,972.08,1223319,-169.9374423828125,0.001,,
,1224260,8.210819216489792,,,,,1225000,-169.14357159423827,0.001,1262.7942565134786,1000.0
2332.52079641,1226260,6.230306840181351,1256,153,7984,972.08,1227319,-169.31371319580077,0.001,,
,1229922,6.0748391387462615,,,,,1230000,-169.59297085571288,0.001,2419.4480717152355,1000.0
2322.35060661,,,1260,153,8010,968.7,1230981,,,,
2306.23132489,1233922,6.507398169994354,1264,153,8029,962.45,1234356,-169.66334561157225,0.001,,
,1234297,9.50690141995748,,,,,1235000,-169.5586891378311,0.001,2462.3305291924626,1000.0
2291.91172823,1236756,6.085089944806234,1268,153,8052,957.04,1237815,-169.95780341106914,0.001,,
,1239421,6.267013069382288,,,,,1240000,-170.21525440445865,0.001,2395.276345407049,975.0
2325.1346753599996,1240421,7.218696324586868,1272,153,8078,953.69,1241480,-170.2726242980957,0.001,,
2324.74949454,1244421,6.499121708154679,1276,153,8098,946.51,1244762,-169.8007199707031,0.001,,
,1244703,6.434169112367833,,,,,1245000,-169.71431066634807,0.001,2466.9383674089213,1000.0
2325.4249221600003,1247703,7.1055718469619755,1280,153,8122,946.51,1248762,-169.79563131713869,0.001,,
,1249703,6.234099818229676,,,,,1250000,-169.5626629333496,0.001,2554.880023415014,1000.0
2329.4977735700004,1251703,6.198451325654983,1284,153,8150,946.96,1252762,-169.3170126953125,0.001,,
,1254703,6.302970022201538,,,,,1255000,-170.10148873901366,0.001,2357.1411327030046,916.5
2332.0785316,1255703,6.0584944763183595,1288,153,8178,946.96,1256762,-170.03723416137694,0.001,,
,1259481,7.388337659597397,,,,,1260000,-170.2265270690918,0.001,2528.6311993119307,1000.0
2327.1920034,,,1292,153,8205,944.74,1260540,,,,
2304.3656724,1263481,6.442735406398773,1296,153,8224,944.74,1264540,-170.40385137939452,0.001,,
,1264481,6.682811755895615,,,,,1265000,-170.52005715942383,0.001,2579.3978913551196,1000.0
2313.8578753500005,1266905,8.064823639842698,1300,153,8248,948.3,1267964,-170.68742708889943,0.001,,
,1269905,7.611379625916481,,,,,1270000,-170.8389523010254,0.001,2306.510225170292,909.4
2317.24575066,1270905,5.846992557287217,1304,153,8273,948.3,1271964,-171.01094100952147,0.001,,
,1274905,6.8032027432918545,,,,,1275000,-170.96406393432616,0.001,2461.9363255102885,1000.0
2301.7472144299995,,,1308,153,8300,948.3,1275964,,,,
2341.3518028,1278750,6.718415373457959,1312,153,8319,963.2,1279809,-171.46275149225906,0.001,,
,1279750,6.4761151533126835,,,,,1280000,-171.35978161621094,0.001,2369.5599122922404,920.2
2344.18416476,1282750,7.087190287590027,1316,153,8346,963.2,1283809,-171.39572149658204,0.001,,
,1284750,7.687817049264908,,,,,1285000,-171.4197933654785,0.001,2366.7087977815418,1000.0
2323.44347084,1285954,7.308934586889603,1320,153,8369,955.24,1287013,-171.29351881438612,0.001,,
,1288954,6.287861391305923,,,,,1290000,-171.49410928344727,0.001,2546.014594559063,1000.0
2307.58330104,1289954,6.504017801046372,1324,153,8396,948.36,1290325,-171.57647546386718,0.001,,
2311.5718341499996,1293266,7.614994087934494,1328,153,8413,950.06,1294325,-171.66894915771485,0.001,,
,1294266,7.54335647392273,,,,,1295000,-171.8507315979004,0.001,1845.8099206616637,842.5
2298.44497788,1297266,7.062613988876342,1332,153,8439,944.66,1297785,-171.86573669433594,0.001,,
,1299708,7.413305976968676,,,,,1300000,-171.40819740683872,0.001,2494.1559699468316,1000.0
2296.49367209,1300708,7.8739392802715304,1336,153,8464,944.48,1301767,-171.73508779907226,0.001,,
,1304013,7.084856313705444,,,,,1305000,-171.53114028930665,0.001,2368.035495543091,927.8
2279.2006716800006,,,1340,153,8488,937.53,1305072,,,,
2268.62251731,1307216,6.087629187870496,1344,153,8504,929.56,1308275,-171.38507708381204,0.001,,
,1309216,6.743978022813797,,,,,1310000,-171.20612936401366,0.001,2480.013179157395,1000.0
2257.7167635200003,1310898,7.422847391573216,1348,153,8531,926.38,1311957,-171.74931675527802,0.001,,
2233.20212729,1314587,8.208818672357346,1352,153,8548,915.59,1314878,-171.3219863536746,0.001,,
,1314819,8.500049983632975,,,,,1315000,-171.61212473902208,0.001,1048.0248865425588,444.0
2257.29967399,1317819,8.296346462726593,1356,153,8568,915.59,1318878,-171.35730416870118,0.001,,
,1319819,8.288415467977524,,,,,1320000,-171.07643884277343,0.001,1269.1153462400048,657.1
2215.1591443100006,1320953,7.859583781957626,1360,153,8589,910.31,1322012,-171.13765475463867,0.001,,
,1323953,7.26722786951065,,,,,1325000,-171.26858499145507,0.001,2536.830806098692,1000.0
2229.7529588800003,1324953,8.619845808267593,1364,153,8617,916.56,1326012,-171.01595477294921,0.001,,
,1328953,7.907256693601608,,,,,1330000,-171.4608194885254,0.001,2468.5208258954926,963.5
2243.7990189399998,,,1368,153,8644,921.97,1330012,,,,
2251.4103464600003,1332953,8.423256044387818,1372,153,8664,925.32,1334012,-171.73452392578125,0.001,,
,1333953,7.055748193979263,,,,,1335000,-171.86846981811524,0.001,2562.0030662305653,1000.0
2268.3151449899997,1336953,7.827921147346497,1376,153,8692,932.5,1338012,-171.92610726928712,0.001,,
,1339013,7.040077642599742,,,,,1340000,-171.6363260904948,0.001,2505.3883370690046,1000.0
2242.6213484099994,1340013,7.368834065675736,1380,153,8716,923.1,1341072,-171.86245492553712,0.001,,
,1344013,7.654636075139046,,,,,1345000,-172.2718285522461,0.001,2446.627935626451,972.2
2241.74492825,,,1384,153,8743,923.1,1345072,,,,
2242.5137383499996,1348013,8.305373463153838,1388,153,8763,923.1,1349072,-172.63274502563476,0.001,,
,1349013,7.3391146893501285,,,,,1350000,-172.4699538269043,0.001,2502.8081123028414,1000.0
2248.76411335,1352013,6.64616048502922,1392,153,8791,925.32,1353072,-172.49085925292968,0.001,,
,1354013,6.707819919109345,,,,,1355000,-172.66865170288085,0.001,2455.70571414195,978.4
2274.7403658499998,1356013,7.904040845394134,1396,153,8819,925.32,1357072,-172.80956698608398,0.001,,
,1359013,7.083178038597107,,,,,1360000,-172.930892578125,0.001,2613.4552236225454,995.6
2291.18503597,1360013,7.320440914392472,1400,153,8846,931.08,1361072,-172.68591189575196,0.001,,
,1364013,6.925676074266434,,,,,1365000,-172.5709951171875,0.001,2606.0084345128853,1000.0
2289.8712373500002,,,1404,153,8874,931.08,1365072,,,,
2306.45975016,1368013,6.657457961559295,1408,153,8895,931.08,1369072,-172.71327560424805,0.001,,
,1369013,6.378050110340118,,,,,1370000,-172.72011611938476,0.001,2446.027944903262,1000.0
2310.63589029,1372013,7.1040648812055585,1412,153,8922,932.63,1373072,-173.19881719970704,0.001,,
,1374013,6.8526698744297025,,,,,1375000,-173.0464051208496,0.001,2607.2884297692217,1000.0
2312.4469352399997,1376013,7.158822508335113,1416,153,8951,932.63,1377072,-173.37678213500976,0.001,,
,1379013,7.168787516593933,,,,,1380000,-172.9061954650879,0.001,2567.094782002771,1000.0
2336.04230381,1380013,6.787187916994095,1420,153,8978,940.59,1381072,-173.0024704284668,0.001,,
,1384013,6.055571313619613,,,,,1385000,-173.39557803344726,0.001,2281.638083847053,887.2
2354.5177417200002,,,1424,153,9005,947.47,1385072,,,,
2332.6293296000003,1387172,6.874835835456848,1428,153,9020,939.06,1388231,-173.25178713989257,0.001,,
,1389172,7.098209602832794,,,,,1390000,-173.28745672607423,0.001,2421.3120829625987,984.2
2350.8960857299994,1391172,6.06159823346138,1432,153,9049,944.46,1392231,-173.3089201965332,0.001,,
,1394394,6.260602858066559,,,,,1395000,-173.31020245361327,0.001,2550.817550301319,1000.0
2331.3457959499997,,,1436,153,9072,936.86,1395453,,,,
2352.8429042499997,1398394,6.1893763778209685,1440,153,9092,943.81,1399453,-173.75769235229492,0.001,,
,1399394,6.423072052001953,,,,,1400000,-173.8659965209961,0.001,2172.0438907556236,922.1
2373.2144140500004,1402394,8.071364315271378,1444,153,9118,951.78,1403453,-173.9372493286133,0.001,,
,1404883,8.082163080359773,,,,,1405000,-174.13007379750735,0.001,2100.6421271998433,820.8
2373.91715654,1405883,6.444874994516373,1448,153,9142,949.85,1406942,-174.17496630859375,0.001,,
,1409883,6.465653475999832,,,,,1410000,-174.13044607543947,0.001,2623.555435796827,1000.0
2406.4008274800003,,,1452,153,9171,960.64,1410942,,,,
2385.52706319,1413883,6.520960237979889,1456,153,9190,951.91,1414069,-174.45435614013672,0.001,,
,1414010,5.954175132466114,,,,,1415000,-173.85084080696106,0.001,2510.130222707719,969.1
2440.83174033,1417010,5.567537271022797,1460,153,9214,960.57,1418069,-174.89863162231444,0.001,,
,1419832,8.729647231210526,,,,,1420000,-175.08177957245798,0.001,2471.1140902288257,1000.0
2412.5417414800004,,,1464,153,9236,948.79,1420891,,,,
2411.4589013100003,1423832,6.876117677211761,1468,153,9257,948.79,1424891,-175.78305963134767,0.001,,
,1424832,7.06068514084816,,,,,1425000,-176.0606231689453,0.001,2593.8183443624525,994.5
2394.9554644399996,1427056,8.119169286251068,1472,153,9281,941.03,1428115,-175.75044161987304,0.001,,
,1429056,6.786169951677322,,,,,1430000,-175.2526697998047,0.001,2561.0939631554415,1000.0
2402.97641659,1431056,7.7503278098106385,1476,153,9309,941.03,1432115,-175.4867705383301,0.001,,
,1434645,8.84385858154297,,,,,1435000,-175.37888577270508,0.001,2193.809027061291,874.1
2418.7533198500005,,,1480,153,9333,946.32,1435704,,,,
2397.47572224,1438645,7.3940747985839845,1484,153,9352,937.76,1438848,-174.8466978149414,0.001,,
,1439789,7.799126114606858,,,,,1440000,-174.6517476501465,0.001,2234.1102065030486,884.8
2396.84526777,1441789,7.489226686239243,1488,153,9375,937.76,1442848,-174.49356771850586,0.001,,
,1444789,7.907940984725952,,,,,1445000,-174.1926276550293,0.001,2591.0378083371556,1000.0
2398.21456314,1445789,7.2881953868865965,1492,153,9402,937.76,1446848,-174.0934538269043,0.001,,
2375.6687205299995,1448869,8.846836784482003,1496,153,9418,928.56,1449928,-173.69879875183105,0.001,,
,1449869,7.930678740024566,,,,,1450000,-173.53379931640626,0.001,2101.8164809354685,845.3
2375.8826503,1452869,7.479651141881943,1500,153,9445,928.56,1453928,-173.26424838256835,0.001,,
,1454869,8.176931869029998,,,,,1455000,-173.52959393310547,0.001,2377.7321434359064,1000.0
2373.58646074,1456869,7.297411917209625,1504,153,9473,928.56,1457928,-173.7124266357422,0.001,,
,1459869,7.989988176345825,,,,,1460000,-173.69813772583007,0.001,2350.0799051821464,955.4
2373.27451489,1460869,7.527602110147476,1508,153,9501,928.56,1461928,-174.0603526916504,0.001,,
,1464869,8.02277783894539,,,,,1465000,-173.82771228027343,0.001,2543.869902407564,1000.0
2374.64323534,,,1512,153,9529,928.56,1465928,,,,
2371.9696797799998,1468869,8.654011452674865,1516,153,9549,928.56,1469928,-174.27614306640626,0.001,,
,1469869,7.35796312880516,,,,,1470000,-174.48306817626954,0.001,2560.0712138634176,1000.0
2345.0075564900003,1472869,7.8267793068885805,1520,153,9576,928.56,1473928,-174.79331619262695,0.001,,
,1474869,7.272038678407669,,,,,1475000,-174.6036767578125,0.001,2444.2156978908924,1000.0
2343.04129034,1476869,6.771425491333008,1524,153,9605,928.56,1477928,-174.7546228027344,0.001,,
,1479917,7.418103742361069,,,,,1480000,-174.8957919921875,0.001,2504.578734308132,1000.0
2338.85512108,,,1528,153,9628,927.45,1480976,,,,
2338.2756832100004,1483917,7.037348619222641,1532,153,9647,927.45,1484976,-174.77305392456054,0.001,,
,1484917,6.851758477687835,,,,,1485000,-175.132502532959,0.001,2503.180196570419,945.0
2352.77744287,1487634,7.092417256436421,1536,153,9673,932.4,1488693,-175.34745567555547,0.001,,
,1489274,8.468832486122846,,,,,1490000,-175.17004737854003,0.001,2103.9831014712227,911.9
2336.8041445100002,1491274,8.801007685422897,1540,153,9698,928.07,1492260,-175.26527975463867,0.001,,
,1494448,9.088558089256287,,,,,1495000,-175.32328936767578,0.001,2022.8034629961476,814.9
2315.75225219,,,1544,153,9720,920.54,1495507,,,,
2328.32177672,1498448,6.40625510597229,1548,153,9740,925.65,1499507,-175.57973388671874,0.001,,
,1499448,7.83051507806778,,,,,1500000,-175.3602359008789,0.001,2514.431170029659,972.0
2327.5570537500003,1502448,7.665660225868225,1552,153,9766,925.65,1503507,-175.7924812927246,0.001,,
,1504448,7.797296522140503,,,,,1505000,-175.76742413330078,0.001,2512.8578851206535,1000.0
2328.01283544,1506405,7.86656360411644,1556,153,9793,925.74,1506643,-175.7280587463379,0.001,,
,1509584,7.892407467365265,,,,,1510000,-176.0600202331543,0.001,2498.4507313583977,1000.0
2328.57264382,,,1560,153,9817,925.74,1510643,,,,
2340.76267874,1513584,7.202527834653854,1564,153,9836,929.6,1513851,-176.46001419067383,0.001,,
,1514792,7.484547341346741,,,,,1515000,-176.4401371459961,0.001,2482.0880169510842,931.4
2346.74689408,1516792,6.87979958152771,1568,153,9860,929.6,1517851,-176.35431182861328,0.001,,
,1519792,6.966711909532547,,,,,1520000,-176.92080459594726,0.001,2555.7254260196873,1000.0
2362.8351148,1520792,8.890179601669312,1572,153,9886,936.06,1521721,-176.99143588256837,0.001,,
,1524662,8.712704349279404,,,,,1525000,-176.9908832092285,0.001,2575.8587892897426,1000.0
2362.5059876999994,,,1576,153,9923,936.06,1525721,,,,
2372.79847373,1528662,6.918469164371491,1580,153,9965,940.17,1529721,-177.04582284545899,0.001,,
,1529662,7.096790233850479,,,,,1530000,-177.29205596923828,0.001,2506.5548230946997,973.7
2398.23724388,1532662,7.746568950176239,1584,153,10011,948.73,1533721,-177.20200982666015,0.001,,
,1534662,6.614663155078888,,,,,1535000,-176.94221896362305,0.001,2616.6453458845617,1000.0
2379.50434745,1536662,7.748896103143692,1588,152,10059,948.73,1537721,-177.16531311035158,0.001,,
,1539662,7.736333534240723,,,,,1540000,-176.8961531677246,0.001,2148.551809849171,819.4
2380.6442303500003,1540662,7.398619414567947,1592,152,10102,948.73,1541721,-176.6765735473633,0.001,,
,1544466,7.3786038737297055,,,,,1545000,-176.47089685058594,0.001,2546.8800309976095,1000.0
2400.42234771,,,1596,152,10146,955.97,1545525,,,,
2399.8475289099997,1548466,8.334631530761719,1600,152,10178,954.93,1549421,-176.7489913635254,0.001,,
,1549362,9.12794632917004,,,,,1550000,-176.68858521325248,0.001,2593.322762469249,1000.0
2404.3008228099998,1552362,9.756253705263138,1604,151,10223,954.93,1553421,-176.57772930908203,0.001,,
,1554362,8.401443803071976,,,,,1555000,-176.39510314941407,0.001,2556.210955343675,1000.0
2407.92683035,1556362,7.086720335006714,1608,151,10270,954.93,1557421,-176.35695434570312,0.001,,
,1559362,7.273307343244553,,,,,1560000,-176.68879919433593,0.001,2428.693951212708,931.3
2408.0705357399997,1560362,8.22376159453392,1612,151,10314,954.93,1561421,-176.74697512817383,0.001,,
,1564362,6.710130043745041,,,,,1565000,-177.003559173584,0.001,2536.481027551228,999.5
2410.9056018600004,,,1616,151,10361,954.93,1565421,,,,
2426.3386966599996,1568362,7.970808604717255,1620,150,10392,950.02,1568930,-177.35377532958984,0.001,,
,1569871,9.06590760064125,,,,,1570000,-177.4615928955078,0.001,2569.32609184226,1000.0
2427.15730453,1571871,7.4818609583377835,1624,150,10435,950.02,1572930,-177.70536712646484,0.001,,
,1574871,8.515064175605774,,,,,1575000,-178.17454177856445,0.001,2638.8228571782356,1000.0
2454.76803367,1575871,6.983494488954544,1628,150,10481,959.54,1576930,-178.27286581420898,0.001,,
,1579871,9.453722546577454,,,,,1580000,-178.03839987182616,0.001,2619.306312898267,1000.0
2457.93109236,,,1632,150,10527,959.54,1580930,,,,
2466.88412961,1583871,7.695229356765747,1636,150,10559,962.37,1584930,-178.35010681152343,0.001,,
,1584871,9.072541691422462,,,,,1585000,-178.62451351928712,0.001,2491.0017161390742,1000.0
2477.6763681800003,1587871,8.197394190073013,1640,149,10604,966.7,1588930,-178.87253890991212,0.001,,
,1589871,8.172436637401582,,,,,1590000,-178.79733264160157,0.001,2062.6418983757494,801.2
2498.60289443,1591871,8.74710264492035,1644,149,10648,974.23,1592930,-178.5599352722168,0.001,,
,1594871,8.389366017341613,,,,,1595000,-178.8426905822754,0.001,2581.871222817036,998.5
2500.7569941099996,1595871,9.64135853600502,1648,149,10694,974.23,1596930,-179.0321545715332,0.001,,
,1599082,8.929711353540421,,,,,1600000,-179.04606155395507,0.001,2634.714282894181,1000.0
2481.33758874,,,1652,149,10733,966.34,1600141,,,,
2505.86676666,1603082,8.660807568311691,1656,149,10765,974.67,1604110,-178.65226498413085,0.001,,
,1604864,8.026863449760615,,,,,1605000,-178.97899764527267,0.001,2708.7934803967364,1000.0
2500.03071881,1606864,8.764631773710251,1660,148,10810,972.8,1607923,-178.99933856201173,0.001,,
,1609864,9.448251560926437,,,,,1610000,-178.76232290649415,0.001,2598.595568316465,1000.0
2523.6236458,1610864,8.374140811920165,1664,148,10856,980.72,1611923,-178.8488526611328,0.001,,
,1614864,9.168653304100037,,,,,1615000,-179.18472625732423,0.001,2479.0319184720515,1000.0
2522.1983170399994,,,1668,148,10903,980.72,1615923,,,,
2510.3357955900005,1618864,8.752770789146423,1672,148,10934,975.16,1619237,-179.4291150817871,0.001,,
,1619178,7.584142108631742,,,,,1620000,-178.74370307679388,0.001,2683.9601173080505,1000.0
2515.16116798,1622178,8.857042057037354,1676,147,10976,975.16,1623237,-179.32177426147462,0.001,,
,1624178,7.041155555486679,,,,,1625000,-179.5045735168457,0.001,2718.747969260067,1000.0
2522.82840662,1626178,8.61215530705452,1680,147,11022,975.16,1627237,-179.3316700744629,0.001,,
,1629178,7.730332962989807,,,,,1630000,-179.61182528686524,0.001,2620.0638846999586,986.8
2522.081864,1630178,8.410501321554184,1684,147,11069,975.16,1631237,-179.3913332519531,0.001,,
,1634178,7.427860065460205,,,,,1635000,-179.73618362426757,0.001,2512.8098004749045,947.8
2522.9757882599997,,,1688,147,11114,975.16,1635237,,,,
2524.0646546699995,1638178,7.618606130838394,1692,147,11145,975.16,1639237,-179.9531637878418,0.001,,
,1639178,7.251068836927414,,,,,1640000,-179.75744003295898,0.001,2614.56649038028,982.2
2526.49553041,1642178,8.588009408950805,1696,146,11191,977.12,1643237,-179.7188112487793,0.001,,
,1644178,9.26290989470482,,,,,1645000,-180.08276913452147,0.001,2641.6238933783025,1000.0
2532.14024227,1646178,9.018066302061081,1700,146,11236,978.16,1647237,-179.7117082824707,0.001,,
,1649178,8.993204945087433,,,,,1650000,-180.12532565307617,0.001,2074.5090260919183,787.2
2535.34199705,1650178,9.410425938367844,1704,146,11279,978.16,1651237,-180.2494825744629,0.001,,
,1654178,9.198980118751527,,,,,1655000,-179.5091457824707,0.001,2642.236997368932,1000.0
2532.9652180399994,,,1708,146,11326,978.16,1655237,,,,
2531.2926293799997,1658133,7.741338284727166,1712,146,11357,977.71,1659192,-179.52438933494457,0.001,,
,1659133,7.215891608715057,,,,,1660000,-179.245029876709,0.001,2437.3679319435732,906.1
2529.1280272600006,1662012,9.250667875766753,1716,145,11400,976.5,1663071,-179.06961325073243,0.001,,
2480.1264731499996,1663683,16.138234080849113,1720,145,11413,958.12,1664742,-178.9391832139757,0.001,,
,1664683,9.16846221923828,,,,,1665000,-178.99134848022462,0.001,2234.987796359949,842.7
2473.8103069399995,1667354,8.216851622343063,1724,145,11454,954.5,1668380,-179.0255866394043,0.001,,
,1669914,8.81352502655983,,,,,1670000,-178.73810931396486,0.001,1360.1797445534728,527.1
2462.16671399,1670914,8.116895095586777,1728,145,11490,950.43,1671973,-178.93007498168944,0.001,,
,1674852,10.055914199428518,,,,,1675000,-178.37606928648472,0.001,2409.617901177332,909.6
2461.53035984,,,1732,145,11534,949.81,1675911,,,,
2463.6725634599998,1678852,8.816335401296616,1736,145,11565,949.81,1679911,-178.45548815917968,0.001,,
,1679852,8.817175306558608,,,,,1680000,-178.33610845947265,0.001,2545.1803820764644,959.0
2470.6805545600005,1682852,8.13370242214203,1740,145,11611,949.81,1683911,-178.72526498413086,0.001,,
,1684852,8.53188236951828,,,,,1685000,-178.586329498291,0.001,2666.2654779858885,1000.0
2476.3273352,1686852,7.998520802259446,1744,144,11656,949.81,1687911,-178.67721383666992,0.001,,
,1689852,8.889903155326843,,,,,1690000,-178.80259384155272,0.001,2585.9106582195964,1000.0
2476.14738638,1690852,7.48521715259552,1748,144,11702,949.81,1691911,-179.1904925842285,0.001,,
,1694852,7.766576165437699,,,,,1695000,-179.18912356567384,0.001,2254.3451613780576,858.2
2499.1211724699997,,,1752,144,11745,957.7,1695911,,,,
2502.5920465299996,1698852,9.238927871465682,1756,144,11777,958.01,1699911,-179.1476653137207,0.001,,
,1699852,8.443525836706161,,,,,1700000,-179.24665032958984,0.001,2268.9263239976017,841.2
2492.49530121,1702190,8.48479821030086,1760,144,11816,953.26,1703249,-179.20555050682475,0.001,,
,1704190,9.16717188000679,,,,,1705000,-179.31316430664063,0.001,2690.4928941289427,1000.0
2494.63614613,1706190,8.904592871189118,1764,143,11863,953.26,1707249,-179.4696767272949,0.001,,
,1709190,9.055764912605285,,,,,1710000,-179.60465585327148,0.001,2329.1989361036567,866.0
2497.6048718399998,1710190,9.002027423381806,1768,143,11910,953.26,1711249,-179.49757431030272,0.001,,
,1714190,7.765315002202987,,,,,1715000,-179.75386224365235,0.001,2731.487901950162,1000.0
2518.29649772,,,1772,143,11959,960.12,1715249,,,,
2515.98893334,1718190,8.545712999343872,1776,143,11993,960.12,1719249,-179.68671792602538,0.001,,
,1719190,9.164201221942902,,,,,1720000,-179.8535612487793,0.001,2765.6129162769766,1000.0
2515.7843483199995,1722190,8.973120927810669,1780,143,12041,960.12,1723249,-179.58096044921874,0.001,,
,1724190,8.610449033975602,,,,,1725000,-180.23871786499024,0.001,2593.4177765578033,1000.0
2502.34434569,1725649,8.0565854833017,1784,142,12084,954.71,1726708,-180.14486287879112,0.001,,
,1729649,8.33089902496338,,,,,1730000,-180.0956047363281,0.001,2625.5017445018516,1000.0
2523.8027885200004,,,1788,142,12131,954.71,1730708,,,,
2526.40588513,1733649,9.189122468233109,1792,142,12164,954.71,1734708,-180.05464434814454,0.001,,
,1734649,7.231076347112656,,,,,1735000,-180.0708478088379,0.001,2695.550238222256,1000.0
2510.4210009500002,1737649,8.539275978803635,1796,142,12212,946.48,1737885,-180.0775182800293,0.001,,
,1739826,8.00879081773758,,,,,1740000,-180.82332101440429,0.001,2368.610674200789,1000.0
2511.1860201,1740826,10.170071461677551,1800,142,12258,946.48,1741885,-180.97567651367189,0.001,,
,1744098,9.602476319074631,,,,,1745000,-180.6532355041504,0.001,2503.538199494593,1000.0
2481.56456671,,,1804,141,12299,939.2,1745157,,,,
2483.11806482,1748098,8.007757307291032,1808,141,12333,939.2,1749157,-180.75173062133788,0.001,,
,1749098,8.7270052485466,,,,,1750000,-180.70480999755858,0.001,2517.675670798123,941.0
2490.19820298,1752098,10.630680782318116,1812,141,12381,939.65,1753157,-180.33042504882812,0.001,,
,1754475,10.521414046049118,,,,,1755000,-180.0348664855957,0.001,2595.8501639029478,1000.0
2477.67793351,1755475,8.626653787612915,1816,141,12425,934.63,1756534,-179.7545764770508,0.001,,
,1759475,8.41552306842804,,,,,1760000,-179.6507275390625,0.001,2606.3970105618237,988.3
2538.50566256,,,1820,141,12474,957.92,1760534,,,,
2547.2841868600003,1763475,9.202228558063506,1824,141,12507,961.54,1764534,-179.45186303710938,0.001,,
,1764475,10.406778572797775,,,,,1765000,-179.7848180541992,0.001,2634.9916442197746,1000.0
2561.7249385600003,1767475,10.749368635654449,1828,140,12555,965.61,1768534,-179.28985171508788,0.001,,
,1769475,8.901383801937103,,,,,1770000,-179.25298992919923,0.001,2582.8789159968496,963.9
2564.3942661300002,1771475,9.460958178758622,1832,140,12602,966.23,1772534,-179.42933666992187,0.001,,
,1774475,8.316554184436798,,,,,1775000,-179.5217467956543,0.001,2639.314275685864,1000.0
2565.1747698,1775475,7.978548615932465,1836,140,12648,966.23,1776534,-179.54881198120117,0.001,,
,1778968,8.948779089689255,,,,,1780000,-179.25093478393555,0.001,2634.3484455766156,1000.0
2549.5688560599997,,,1840,140,12692,961.16,1780027,,,,
2530.4352370600004,1782446,8.377858584403992,1844,140,12720,955.94,1783505,-179.1491820678711,0.001,,
,1784446,9.076680432081222,,,,,1785000,-179.13286285400392,0.001,2610.1167504511773,1000.0
2528.9135521199996,1786446,9.274317657470704,1848,140,12766,955.94,1787505,-178.93867578125,0.001,,
,1789446,8.859550951957702,,,,,1790000,-179.33327548217773,0.001,2628.760267111752,1000.0
2526.83726281,1790446,9.303103247880935,1852,139,12812,955.94,1791505,-179.60247375488282,0.001,,
,1794446,10.103151343822478,,,,,1795000,-179.46937561035156,0.001,2730.3757604539396,1000.0
2526.1698671100003,,,1856,139,12859,955.94,1795505,,,,
2519.3200828200006,1798309,9.672405980000766,1860,139,12890,953.76,1798625,-179.6070044710022,0.001,,
,1799566,10.207972794055939,,,,,1800000,-179.6578857421875,0.001,2434.9619222771844,892.6
2493.22856259,1801566,8.536008608579635,1864,139,12932,953.76,1802625,-179.71939938354492,0.001,,
,1804566,9.017836076021194,,,,,1805000,-179.9186796875,0.001,2335.10210206717,869.6
2493.1644094,1805566,9.014222204446792,1868,139,12979,953.76,1806625,-180.11932098388672,0.001,,
,1809566,9.640770669460297,,,,,1810000,-180.27759701538085,0.001,2682.367015762534,1000.0
2491.45445839,,,1872,138,13027,953.76,1810625,,,,
2493.7643468100005,1813566,12.194628878593445,1876,138,13058,953.76,1814625,-180.20588998413086,0.001,,
,1814566,10.386042596817017,,,,,1815000,-180.31043310546875,0.001,2666.9855489019305,1000.0
2490.51176151,1817566,8.303837107658387,1880,138,13103,953.76,1818625,-179.8328971862793,0.001,,
,1819566,9.606801896333694,,,,,1820000,-179.66052713012695,0.001,2675.2334709912075,1000.0
2504.17433365,1821566,8.137140534877776,1884,138,13152,959.17,1822625,-179.32216458129884,0.001,,
,1824566,9.358532121419907,,,,,1825000,-179.57057891845704,0.001,2279.8228493555916,873.8
2506.18308997,1825566,9.04232028388977,1888,138,13197,959.17,1826625,-179.67823385620116,0.001,,
,1829566,8.450467926025391,,,,,1830000,-179.6351819152832,0.001,2652.0153105522504,968.0
2509.9153042099997,,,1892,138,13243,959.17,1830625,,,,
2532.7401159999995,1833566,7.635339257001877,1896,138,13275,967.4,1834625,-179.95434771728515,0.001,,
,1834566,9.104025354385376,,,,,1835000,-180.10440798950196,0.001,2660.710345228016,1000.0
2528.91036533,1837566,10.926367968559266,1900,138,13322,967.4,1838625,-179.84890628051758,0.001,,
,1839566,8.20460606765747,,,,,1840000,-179.66699850463868,0.001,2615.620867902972,1000.0
2558.26320527,1841566,9.787674590110779,1904,137,13369,974.68,1842625,-179.45220471191405,0.001,,
,1844566,8.679938309907913,,,,,1845000,-179.49354037475587,0.001,2677.111175512988,987.5
2562.5811053800003,1845566,8.49907025885582,1908,137,13416,974.68,1846625,-179.86469454956054,0.001,,
,1849566,8.6794187874794,,,,,1850000,-180.0663422241211,0.001,2654.6716977907345,983.6
2560.4179151300004,,,1912,137,13463,974.68,1850625,,,,
2580.7682834599996,1853566,8.556286678075791,1916,137,13494,980.91,1854625,-180.42192880249024,0.001,,
,1854566,7.365520004987717,,,,,1855000,-180.59211703491212,0.001,2332.643286205828,874.4
2567.5074368299993,1856980,9.07097018623352,1920,137,13534,975.05,1858039,-180.6634207458496,0.001,,
,1858980,8.702546976089478,,,,,1860000,-180.65375112915038,0.001,2704.72814144562,1000.0
2572.73212997,1860980,8.999926052570343,1924,137,13580,975.05,1862039,-180.7773052368164,0.001,,
,1863980,9.068638817071914,,,,,1865000,-180.60997286987305,0.001,2463.624935834296,940.0
2574.41027483,1864980,9.065681274175644,1928,136,13626,975.05,1866039,-180.42714123535157,0.001,,
,1868980,10.77549153494835,,,,,1870000,-180.79840350341797,0.001,2311.2187621319667,835.3
2573.9394977,,,1932,136,13670,975.05,1870039,,,,
2574.65052332,1872980,8.490589817762375,1936,136,13701,975.05,1874039,-180.58742904663086,0.001,,
,1873980,9.180176392793655,,,,,1875000,-180.48769982910156,0.001,2693.7798780575395,1000.0
2589.2826033300003,1876980,8.623066717386246,1940,136,13745,980.12,1878039,-180.86799911499023,0.001,,
,1878980,8.595619509935378,,,,,1880000,-180.71097268676758,0.001,2669.9424463020637,959.9
2610.21673138,1880980,11.290169820547105,1944,136,13790,985.34,1882039,-180.92392251586915,0.001,,
,1883980,9.602585547685623,,,,,1885000,-180.73554217529298,0.001,2656.100981055587,1000.0
2611.5295016500004,1884980,9.2764699549675,1948,136,13834,985.34,1886039,-180.99355966186525,0.001,,
2591.7564013300002,1888159,9.504044347524642,1952,136,13858,977.13,1889218,-180.875925201416,0.001,,
,1889159,11.236295700550079,,,,,1890000,-180.56835009765626,0.001,2725.903668615222,1000.0
2592.8979562900004,1892159,9.013419879436492,1956,136,13902,977.13,1893218,-180.79339443969727,0.001,,
,1894159,9.04165919303894,,,,,1895000,-180.50351397705077,0.001,2851.6571945914066,1000.0
2621.17029175,1896159,8.781814178466798,1960,136,13946,985.93,1897218,-180.6483210449219,0.001,,
,1899159,9.92684785580635,,,,,1900000,-180.7258600463867,0.001,2369.4340368617327,905.0
2647.8855580799996,1900159,9.906699360132217,1964,135,13988,985.93,1901218,-181.01849130249025,0.001,,
2635.29990028,1903508,8.290995542504385,1968,135,14013,979.42,1904567,-181.35446881975446,0.001,,
,1904508,9.025766556501388,,,,,1905000,-181.46560168457032,0.001,2569.358218482509,947.0
2638.6707938500003,1907508,8.040235743284226,1972,135,14057,979.42,1908567,-181.63855575561524,0.001,,
,1909508,7.588547854185104,,,,,1910000,-181.7155942993164,0.001,2765.916169055924,1000.0
2631.41398811,1911269,8.611127329111099,1976,135,14099,977.03,1912328,-181.78974096679687,0.001,,
,1914269,9.471447494029999,,,,,1915000,-182.0159249267578,0.001,2727.373963769153,1000.0
2636.0749932900003,1915269,10.974060395002365,1980,135,14143,977.03,1916328,-182.09756408691408,0.001,,
2630.4329236200006,1918935,8.608431688547135,1984,135,14171,973.69,1919994,-182.34399432373047,0.001,,
,1919935,9.867394866466523,,,,,1920000,-182.58085791015625,0.001,2795.4500194391703,1000.0
2632.83859984,1922935,9.167541736841201,1988,135,14215,973.69,1923994,-182.86443295288086,0.001,,
,1924935,9.88646791124344,,,,,1925000,-182.84258984375,0.001,2705.9546846779995,995.9
2630.8099897599996,1926935,9.05294194149971,1992,135,14259,973.69,1927994,-182.8948302307129,0.001,,
,1929935,8.974113334417343,,,,,1930000,-182.93541192626952,0.001,2507.529709834792,891.1
2634.3475282400004,1930935,11.334154705762863,1996,135,14303,973.69,1931994,-182.77209017944335,0.001,,
,1934935,9.190618870258332,,,,,1935000,-183.05601455688478,0.001,2736.5589834206853,1000.0
2637.8267851600003,,,2000,134,14348,973.69,1935994,,,,
2625.11188137,1938461,9.826200607061386,2004,134,14375,968.95,1939520,-182.86107345581055,0.001,,
,1939461,10.217654383659363,,,,,1940000,-183.11253884887697,0.001,2572.123045067396,929.2
2608.35208898,1941801,11.424629240176257,2008,134,14414,962.35,1942860,-183.3336758781882,0.001,,
,1944316,8.667391236066818,,,,,1945000,-183.38972482299803,0.001,2771.515289731696,1000.0
2598.81584795,1945316,9.516359283208846,2012,134,14455,957.5,1946375,-183.59593756103516,0.001,,
,1949316,9.066709218502044,,,,,1950000,-183.7837749633789,0.001,2282.433049004199,833.3
2599.62553344,,,2016,134,14500,957.5,1950375,,,,
2621.35565023,1953316,10.707689759731293,2020,134,14531,963.36,1954375,-184.01519342041016,0.001,,
,1954316,9.941874840021134,,,,,1955000,-183.84872021484375,0.001,2546.837399931811,931.2
2619.66169454,1957316,9.058998707532883,2024,134,14577,963.36,1958375,-184.24262332153322,0.001,,
,1959316,11.294528975486756,,,,,1960000,-184.11362969970702,0.001,2764.343369706813,981.9
2623.12745898,1961316,10.467154600858688,2028,134,14624,963.36,1962375,-184.25010830688475,0.001,,
,1964411,8.961617171136956,,,,,1965000,-184.14537665184508,0.001,2055.445418241178,781.6
2599.91180169,,,2032,134,14660,954.31,1965470,,,,
2601.7137862000004,1968411,9.977986772537232,2036,134,14691,954.31,1969470,-184.88366390991212,0.001,,
,1969411,10.06351960849762,,,,,1970000,-184.5088254699707,0.001,2577.3964448578654,926.1
2607.19379989,1972411,9.518434523105622,2040,133,14738,954.31,1973470,-184.5896380004883,0.001,,
,1974411,9.34056393790245,,,,,1975000,-184.51321633911132,0.001,2602.407645209506,954.1
2608.75555556,1976411,9.634170439243317,2044,133,14785,954.31,1977470,-184.28607604980468,0.001,,
,1979411,12.191324865579604,,,,,1980000,-184.03401760864259,0.001,2684.9381605436092,1000.0
2613.49149338,1980411,10.658908126592635,2048,133,14832,954.31,1981470,-183.73784075927733,0.001,,
2626.14111035,1984411,8.632481364488601,2052,133,14864,957.78,1984996,-184.2025205078125,0.001,,
,1984937,8.467441910573285,,,,,1985000,-183.86564676843216,0.001,2748.4502805728466,1000.0
2605.11261494,1987089,10.133617787599563,2056,133,14901,949.3,1988148,-184.27169659423828,0.001,,
,1989089,10.666035135507583,,,,,1990000,-184.4176312561035,0.001,2544.0176358212716,921.9
2604.27537322,1991089,10.286699684858322,2060,133,14947,949.3,1992148,-184.43393728637696,0.001,,
,1994089,11.119386071681976,,,,,1995000,-184.1188084716797,0.001,2702.672300608433,1000.0
2603.77648584,1995089,9.104628773212433,2064,133,14996,949.3,1996148,-184.10491250610352,0.001,,
,1999089,9.544540110588073,,,,,2000000,-184.09909149169923,0.001,2767.3684708460232,1000.0
2619.0376725300002,,,2068,132,15045,955.81,2000148,,,,
