train/critic_loss,time/total_timesteps,rollout/ep_len_mean,train/learning_rate,time/episodes,train/n_updates,rollout/ep_rew_mean,time/fps,time/time_elapsed,train/actor_loss,eval/mean_ep_length,eval/mean_reward
0.46185438944534823,2070,517.5,0.001,4,1070,-598.896638,340,6,-3.080506380866556,,
0.09604357131011784,5000,,0.001,,4070,,,,3.155605752468109,1000.0,-2624.2188329935075
0.09371021863259375,6070,758.75,0.001,8,5070,-1610.6880448749998,176,34,6.862163666725158,,
0.5839551968070177,8203,683.5833333333334,0.001,12,8161,-1581.8094016666666,166,49,4.8129039817386206,,
1.2085263752748097,9314,582.125,0.001,16,9278,-1376.1451257499998,169,54,4.845883603673428,,
1.8907933235168457,10000,,0.001,,9399,,,,6.02425376106711,317.1,-766.3567706814968
,10279,513.95,,20,,-1221.7835457,174,58,,,
1.8965851403474807,11483,478.4583333333333,0.001,24,11475,-1055.6646962916666,165,69,7.582212677001953,,
1.5455390211641789,14538,519.2142857142857,0.001,28,14483,-917.8919755357143,171,84,6.4997325692474845,,
2.5079139098018204,15000,,0.001,,14805,,,,5.744066134656537,387.0,-150.07343431006956
1.9872012085914612,15931,497.84375,0.001,32,15805,-818.9295365625001,168,94,6.275291012957692,,
2.1857543094800067,17702,491.72222222222223,0.001,36,17020,-736.8500509722222,175,101,5.398103006434842,,
3.8250750049948694,20000,,0.001,,19258,,,,4.142239226676524,728.5,251.07253648316728
5.080051344275475,21258,531.45,0.001,40,20258,-632.7263293,171,124,2.0505458350572736,,
3.271484417438507,24379,554.0681818181819,0.001,44,24258,-552.0105199090909,169,143,-5.6291303373537955,,
2.9494136532476127,25000,,0.001,,24379,,,,-6.256584153572718,717.1,164.49138116774702
2.583842251956463,28379,591.2291666666666,0.001,48,27379,-478.0418940833333,170,166,-8.36641981178522,,
2.6748684310913085,30000,,0.001,,29379,,,,-8.879820415019989,539.2,220.11932246725775
2.513000941702298,31491,605.5961538461538,0.001,52,30491,-410.2892604423077,168,186,-10.408692240715027,,
2.307444151904848,33590,599.8214285714286,0.001,56,32590,-364.94555582142857,170,197,-11.921972632408142,,
2.3851473112106323,35000,,0.001,,34656,,,,-14.336923224449158,427.7,134.41824996934156
2.500885339856148,36656,610.9333333333333,0.001,60,35656,-308.21275113333337,169,216,-15.25204976272583,,
2.448808091027396,38700,604.6875,0.001,64,37700,-271.1455064375,170,226,-18.330542130903765,,
2.2655717770258588,39753,584.6029411764706,0.001,68,39727,-244.3414329117647,168,236,-17.967076574053085,,
2.3368116800601664,40000,,0.001,,39753,,,,-16.97041893005371,613.7,249.36169285805664
2.490219759821892,42768,594.0,0.001,72,41768,-212.25853843055555,169,252,-17.902162355422973,,
2.1955575216107253,45000,,0.001,,44809,,,,-18.987895488739014,609.8,485.9909919893951
,45809,602.75,,76,,-171.61581138157894,168,272,,,
2.2299320890903473,49809,622.6125,0.001,80,48809,-125.78091942500001,170,292,-21.62543140411377,,
2.168125479757786,50000,,0.001,,49809,,,,-22.017140247344972,902.5,618.6337877170168
2.2644816439151763,52926,630.0714285714286,0.001,84,52809,-113.00511116666667,165,319,-21.098444074630738,,
2.1861625272631646,55000,,0.001,,54964,,,,-22.63113359260559,902.3,647.8164992596285
,55964,635.9545454545455,,88,,-80.19622779545456,165,338,,,
1.9555676756501197,59964,651.7826086956521,0.001,92,58964,-40.3889678478261,166,359,-25.0828231048584,,
1.896016444504261,60000,,0.001,,59964,,,,-25.628649248123168,1000.0,693.4999610090002
1.881452565252781,63964,666.2916666666666,0.001,96,62964,-4.653944604166675,165,387,-27.029913505554198,,
1.876037397146225,65000,,0.001,,64964,,,,-27.10806538772583,812.7,710.138086915249
1.7938489433526992,67964,679.64,0.001,100,66964,21.603608989999994,163,414,-27.92065872192383,,
1.6867906470894813,70000,,0.001,,69964,,,,-29.54238106536865,626.2,504.5950059455354
1.9232954023111808,71572,695.02,0.001,104,70572,64.8767446,163,438,-29.239325699053314,,
1.9803491347544901,73701,676.31,0.001,108,73609,187.41007782,162,452,-29.562465561760796,,
1.9237217248678207,75000,,0.001,,74701,,,,-30.688409225463868,901.8,763.749836827736
1.739857416403921,76720,685.17,0.001,112,75720,274.73169224000003,162,471,-32.14159660339355,,
1.7575033695697784,80000,,0.001,,79720,,,,-32.39912692260742,1000.0,835.2512306714113
,80720,714.06,,116,,342.68964346,161,500,,,
1.6819269923567772,84720,744.41,0.001,120,83720,400.50631152999995,162,521,-34.10705981826782,,
1.6908636817932128,85000,,0.001,,84720,,,,-34.46475825500488,1000.0,857.9652903488313
1.6059051957130432,88720,772.37,0.001,124,87720,445.0206073400001,161,550,-35.625151763916016,,
1.717273838341236,90000,,0.001,,89791,,,,-36.2188274345398,906.2,827.7021229696868
1.727561754643917,91791,772.53,0.001,128,90791,477.30379448,160,573,-36.500618179321286,,
1.503539640562875,94826,788.95,0.001,132,93826,504.27921984,161,588,-35.86383522881402,,
1.2821910211018153,95000,,0.001,,94840,,,,-38.515035901750835,901.9,731.4272451279569
1.7073972953690424,96849,791.47,0.001,136,95849,524.7063162300001,159,606,-38.99671936035156,,
1.7231766113042832,100000,,0.001,,99849,,,,-38.732888973236086,1000.0,764.299304545924
,100849,795.91,,140,,548.02611899,158,634,,,
1.7969574540853501,104849,804.7,0.001,144,103849,573.20502455,160,654,-39.794400524139405,,
1.8871937036514281,105000,,0.001,,104864,,,,-37.702622413635254,803.8,605.6456278351718
1.7946639740467072,107864,794.85,0.001,148,106864,586.7513998999999,159,677,-40.52430453491211,,
1.749097773006984,108994,775.03,0.001,152,107994,581.07042884,159,682,-40.61527909172906,,
1.8724326736330985,110000,,0.001,,109994,,,,-40.934050834655764,906.2,794.1955166503437
1.8742677565217019,112021,784.31,0.001,156,111021,601.3100053400001,158,705,-41.27326232910156,,
1.85179475659132,115000,,0.001,,114021,,,,-41.28565048980713,1000.0,843.0546603772906
1.7735489261746407,116021,793.65,0.001,160,115021,611.5795175700001,157,734,-41.303818473815916,,
1.8884839990735054,120000,,0.001,,119021,,,,-41.44933268737793,1000.0,878.1075717896631
,120021,813.21,,164,,630.1197452600002,157,763,,,
2.1219682781784623,123075,833.22,0.001,168,122075,654.80436771,157,779,-42.65123395566587,,
1.9613113429546356,125000,,0.001,,124075,,,,-42.56531047821045,1000.0,994.6097054579411
1.917211368560791,127075,843.07,0.001,172,126075,687.5083192600001,157,807,-42.901844535827635,,
1.9429709841012954,130000,,0.001,,129075,,,,-43.64483452606201,806.2,921.159865290072
1.9842825852632522,131075,852.66,0.001,176,130075,709.23824422,156,834,-43.79451834869385,,
2.0023616495132446,133227,834.18,0.001,180,132227,698.1138450499998,157,846,-43.944291595458985,,
2.016603035390377,135000,,0.001,,134227,,,,-44.39004565429688,918.1,953.0567529138992
1.9755617752671242,137227,843.01,0.001,184,136227,736.8195944299998,157,873,-45.03375685119629,,
1.9766441443562508,140000,,0.001,,139227,,,,-45.415462783813474,1000.0,1122.534106554353
2.147539780020714,141227,852.63,0.001,188,140227,742.1088484899999,156,902,-45.14221402740478,,
2.1659613046050072,145000,,0.001,,144227,,,,-45.352355987548826,1000.0,1177.7743891656894
,145227,852.63,,192,,733.3360525799998,155,930,,,
2.1936734149456023,148248,842.84,0.001,196,147248,734.1029264699998,156,946,-45.781504432678226,,
2.1193913444280623,150000,,0.001,,149248,,,,-46.03763415527344,1000.0,1106.7167020771885
2.193174092948437,152248,842.84,0.001,200,151248,751.2466542000001,156,975,-46.36788968658447,,
2.251410124719143,155000,,0.001,,154248,,,,-46.931185264587405,923.7,1054.5403434885084
2.171994448184967,156248,846.76,0.001,204,155248,781.6339516300001,155,1003,-47.218681938171386,,
2.1578242785930635,160000,,0.001,,159248,,,,-48.694187217712404,1000.0,1277.6122598975314
,160248,865.47,,208,,812.45281149,155,1032,,,
2.1058849437236784,164248,875.28,0.001,212,163248,839.88159118,156,1052,-50.17844007873535,,
2.174629358112812,165000,,0.001,,164248,,,,-50.16107982635498,903.3,1164.6937693937748
2.197220809459686,168248,875.28,0.001,216,167248,847.9047594300001,155,1080,-51.25533751678467,,
2.2327327852249144,170000,,0.001,,169248,,,,-51.865246154785154,904.9,1245.895725619234
2.3214936678409575,172248,875.28,0.001,220,171248,869.34942598,155,1107,-52.84760730743408,,
2.273207665324211,175000,,0.001,,174248,,,,-54.00712043762207,1000.0,1329.8210204041213
2.1986283000707627,176248,875.28,0.001,224,175248,887.62221901,155,1135,-54.308607292175296,,
2.398183130145073,180000,,0.001,,179248,,,,-55.88311972808838,1000.0,1310.208081526062
,180248,884.57,,228,,915.90464107,154,1164,,,
2.4598142454624177,184248,894.22,0.001,232,183248,948.9918735000001,155,1184,-57.354791450500485,,
2.5464412425756455,185000,,0.001,,184248,,,,-57.759044403076174,1000.0,1105.0954309204594
2.5223428025245664,188248,913.99,0.001,236,187248,992.4106362200001,155,1213,-58.733826683044434,,
2.5552000383138656,190000,,0.001,,189248,,,,-59.54519158935547,999.7,1493.367831173411
2.547451371908188,192248,913.99,0.001,240,191248,1017.37434045,154,1241,-60.19559310913086,,
2.7164242354631423,195000,,0.001,,194248,,,,-61.46129029083252,1000.0,1310.1770837181248
2.655502335190773,196248,913.99,0.001,244,195248,1040.00928982,154,1269,-61.62563045501709,,
2.8365479744672775,199306,914.42,0.001,248,198306,1059.6129799599998,155,1285,-62.74402660369873,,
2.8005688835382463,200000,,0.001,,199306,,,,-63.054354316711425,1000.0,1517.0700958755915
2.7312359603643417,203306,943.12,0.001,252,202306,1112.12105635,154,1313,-64.36771546936035,,
2.771505416870117,205000,,0.001,,204993,,,,-65.4146074295044,832.2,1259.4000163735006
2.8559123386144636,206993,949.72,0.001,256,205993,1141.4043917,154,1338,-65.82290551757812,,
2.930838471109217,209132,931.11,0.001,260,209059,1143.0592199700002,154,1353,-67.46728885535038,,
2.8898007325958788,210000,,0.001,,209222,,,,-66.44790189019565,1000.0,913.0130256086326
3.0438480484485626,211222,912.01,0.001,264,210222,1144.6266406899997,154,1368,-67.5180325164795,,
3.1920440833568575,215000,,0.001,,214222,,,,-68.70629456329345,1000.0,1397.6967038581583
,215222,921.47,,268,,1174.6093508699998,154,1396,,,
3.256842213392258,219222,921.47,0.001,272,218222,1186.43493979,154,1417,-70.39319820404053,,
3.328626442670822,220000,,0.001,,219222,,,,-70.78475638580322,878.1,1405.2066243049962
3.4291098128557205,223168,920.93,0.001,276,222168,1208.9902826,154,1444,-71.74704180145264,,
3.6235800724029543,225000,,0.001,,224168,,,,-72.55482913208007,901.7,1490.9849641664302
3.4650716563463213,227168,939.41,0.001,280,226168,1257.87545068,154,1472,-73.19931048583985,,
3.6989944374561308,230000,,0.001,,229168,,,,-74.15631309509277,902.2,1397.8204934458306
3.565900114893913,231168,939.41,0.001,284,230168,1278.72695434,154,1499,-74.69629872131348,,
3.867631219863892,235000,,0.001,,234168,,,,-76.2894439239502,1000.0,1735.6969615566545
,235168,939.41,,288,,1319.1764044800002,153,1529,,,
4.079335256814956,237230,920.03,0.001,292,237194,1329.0550204800002,153,1543,-77.37661325073242,,
3.967106285572052,240000,,0.001,,239230,,,,-77.56755596923828,1000.0,1692.2894412693045
3.901352410316467,241230,929.82,0.001,296,240230,1364.2230404900004,153,1567,-78.25817929077148,,
4.051997098207473,245000,,0.001,,244230,,,,-79.29116496276855,1000.0,1420.088192722114
,245230,929.82,,300,,1364.5978923800003,153,1596,,,
4.150494348526001,249230,929.82,0.001,304,248230,1342.77129662,154,1616,-80.39969110107423,,
4.043837601184845,250000,,0.001,,249230,,,,-80.22561318969727,902.3,1251.563560837059
4.054546480894088,252257,920.09,0.001,308,252230,1348.4620967000003,153,1643,-81.4345493774414,,
4.22028331985998,255000,,0.001,,254839,,,,-81.93602679275565,1000.0,1790.3115400010836
,255839,915.91,,312,,1356.67675035,153,1665,,,
4.3263270223140715,259839,915.91,0.001,316,258839,1360.89632772,154,1685,-83.00337760925294,,
4.006643883347511,260000,,0.001,,259839,,,,-83.30368771362305,1000.0,1267.3610806669283
4.652706566572189,263839,915.91,0.001,320,262839,1355.6624199100002,153,1713,-84.1635277709961,,
4.481339215755463,265000,,0.001,,264839,,,,-84.31902693176269,1000.0,1562.2065307831886
4.467415454387665,267839,915.91,0.001,324,266839,1375.4591720300002,153,1742,-84.86661831665039,,
4.343965673327446,270000,,0.001,,269839,,,,-85.6995126953125,1000.0,1737.1956095966743
4.450263686418533,271839,915.91,0.001,328,270839,1391.0708389500003,153,1771,-85.87075616455078,,
4.453864351511002,275000,,0.001,,274839,,,,-86.5479107208252,1000.0,1359.9073653078638
,275839,915.91,,332,,1407.58716027,153,1800,,,
5.057845890045166,279839,915.91,0.001,336,278839,1420.67253528,153,1821,-88.02546708679199,,
4.475016559720039,280000,,0.001,,279839,,,,-88.3821679534912,1000.0,1769.3312722963528
4.428936282396316,283839,915.91,0.001,340,282839,1432.8786109199996,153,1849,-89.03563568115234,,
4.657436774730682,285000,,0.001,,284839,,,,-89.77332490539551,1000.0,1252.7679061130038
4.397331098079682,287839,915.91,0.001,344,286839,1448.6599518,153,1877,-90.35892771911621,,
4.488470297336578,290000,,0.001,,289839,,,,-91.37010621643067,902.5,1348.407512839244
4.654866898536683,291839,925.33,0.001,348,290839,1475.7268116900002,153,1905,-91.52470988464356,,
4.627477535009384,295000,,0.001,,294839,,,,-92.20961567687988,989.9,1848.6570841932669
,295839,925.33,,352,,1478.1366364199996,152,1933,,,
5.1879449489116665,299839,928.46,0.001,356,298839,1482.13918566,153,1953,-93.28588862609864,,
4.779038519859314,300000,,0.001,,299839,,,,-93.55238911437988,902.5,1644.1491363503737
4.846998765945434,303839,947.07,0.001,360,302839,1528.83175727,153,1981,-94.42283035278321,,
4.838446746110916,305000,,0.001,,304839,,,,-94.91016606140137,1000.0,1694.5928142407677
4.6714126937389375,307839,966.17,0.001,364,306839,1572.76976486,153,2009,-95.53305274963378,,
4.956183299422264,310000,,0.001,,309839,,,,-95.63110098266601,942.7,1483.6041070632332
4.982981704473495,311839,966.17,0.001,368,310839,1566.39316006,153,2037,-95.96045924377441,,
5.569373377323151,315000,,0.001,,314839,,,,-96.3106753692627,905.3,1638.0446346781857
,315839,966.17,,372,,1558.83564133,152,2064,,,
5.3276460899247065,318911,957.43,0.001,376,317911,1529.28060186,153,2080,-97.29394637213812,,
5.4819503419399265,320000,,0.001,,319911,,,,-96.83337200927734,905.3,1663.0901105363737
5.422963643550873,322911,957.43,0.001,380,321911,1517.06147588,153,2107,-96.93511581420898,,
5.35896938419342,325000,,0.001,,324911,,,,-97.14553045654297,903.0,1737.7489548694343
5.284897258520126,325925,947.57,0.001,384,325911,1509.8864395700002,152,2133,-97.71415490722656,,
5.614586202144623,329477,943.09,0.001,388,328477,1498.6659363299998,153,2147,-97.82050552368165,,
6.045709733247757,330000,,0.001,,329477,,,,-97.68647662353516,1000.0,1994.044354038917
5.702803462266922,333281,960.51,0.001,392,332281,1535.92942221,153,2174,-98.05025923156738,,
6.045264071941376,335000,,0.001,,334281,,,,-98.66356930541993,1000.0,1496.3341633056757
5.771793058872223,337281,960.51,0.001,396,336281,1526.1573529099996,153,2203,-98.8633563079834,,
5.7549984555244444,340000,,0.001,,339281,,,,-99.18674310302734,730.2,1384.4795488306322
5.836382011890412,341281,960.51,0.001,400,340281,1558.94183088,153,2230,-99.56880142211914,,
5.774088290452958,345000,,0.001,,344281,,,,-99.7334387664795,878.8,1687.1695305200294
,345281,960.51,,404,,1605.96648414,152,2257,,,
6.2456638973593535,348964,967.07,0.001,408,347964,1620.82218737,153,2276,-100.20673542134246,,
5.733083858728409,350000,,0.001,,349964,,,,-100.70346891784668,1000.0,1978.0058217953424
6.462030677914619,352964,971.25,0.001,412,351964,1606.85913029,153,2304,-101.33600044250488,,
6.149418957471847,355000,,0.001,,354964,,,,-101.36020066833495,1000.0,1952.6543455125416
5.640386412620544,356964,971.25,0.001,416,355964,1635.01002384,153,2332,-101.76635786437988,,
5.9177092847824095,360000,,0.001,,359964,,,,-101.82901538085937,1000.0,1914.5108498073882
,360964,971.25,,420,,1662.23773945,152,2360,,,
5.751200706005096,364964,971.25,0.001,424,363964,1668.3548571699998,153,2380,-103.010173828125,,
5.961869385957718,365000,,0.001,,364964,,,,-102.97984364318847,947.7,1905.9514031851663
6.256992345809937,368964,971.25,0.001,428,367964,1673.9116631100003,153,2408,-103.07676821899415,,
5.58246145103917,370000,,0.001,,369997,,,,-103.42316579818726,922.5,1601.7012237254996
5.936686874866486,371997,961.58,0.001,432,370997,1660.5406400800002,153,2431,-103.93508074951171,,
5.9578595600128175,375000,,0.001,,374997,,,,-104.7203072052002,953.5,1865.2301399988821
,375997,961.58,,436,,1664.9076783099995,152,2459,,,
6.073759087085724,379967,961.28,0.001,440,378967,1671.8877130499998,153,2479,-105.42193989562988,,
6.180542272567749,380000,,0.001,,379967,,,,-105.45515495300293,805.5,1578.2925790391862
6.3473142032623295,383967,961.28,0.001,444,382967,1677.80734412,153,2506,-106.20811689758301,,
6.106074633836746,385000,,0.001,,384967,,,,-106.23280918884278,705.6,1364.8517394602763
6.348733334541321,387967,961.28,0.001,448,386967,1656.2144268799998,153,2532,-106.13037576293945,,
7.607093954086304,390000,,0.001,,389967,,,,-106.5600877532959,939.4,1941.668077743682
6.60607229065895,391967,961.28,0.001,452,390967,1648.96331549,153,2559,-106.68566822814941,,
6.830157277822495,395000,,0.001,,394967,,,,-107.19593157958984,1000.0,2054.288553756196
,395967,961.28,,456,,1666.28438839,152,2588,,,
6.781872439622879,399001,951.62,0.001,460,398001,1650.3985763800001,153,2603,-107.20016261291504,,
7.149367289066315,400000,,0.001,,399001,,,,-107.72322387695313,803.5,1685.3659104160615
6.51052111363411,403001,951.62,0.001,464,402001,1657.5982063500005,153,2630,-108.11011219787598,,
6.872229476928711,405000,,0.001,,404832,,,,-108.02615602111817,836.2,1420.9259797867912
6.925474296569824,406832,949.93,0.001,468,405832,1681.02530681,153,2656,-108.52340293884278,,
7.113698470592499,410000,,0.001,,409832,,,,-108.98473834228515,902.8,1876.695889863919
,410832,949.93,,472,,1713.5548813699997,153,2684,,,
7.03448599076271,414832,959.21,0.001,476,413832,1758.3104725899998,153,2705,-109.88807417297363,,
7.158159787654877,415000,,0.001,,414832,,,,-110.21755198669433,1000.0,2018.1585874635434
6.944950433969498,418832,959.21,0.001,480,417832,1785.18027205,153,2734,-110.71524391174316,,
7.104989152908325,420000,,0.001,,419832,,,,-111.43544067382813,1000.0,1824.9711839861295
7.124686301708222,422832,969.07,0.001,484,421832,1810.13994022,153,2761,-111.23447793579102,,
7.139447118759155,425000,,0.001,,424832,,,,-111.59048115539551,1000.0,1580.4646581982902
7.810233724117279,426832,973.55,0.001,488,425832,1834.2801748299999,152,2790,-111.98937158203125,,
7.31070321893692,430000,,0.001,,429832,,,,-112.11808547973632,900.9,1823.1481525903334
,430832,975.51,,492,,1846.3898694800002,152,2817,,,
7.49275346493721,434832,975.51,0.001,496,433832,1869.5399207500002,153,2838,-112.74965213012695,,
7.2722684571743015,435000,,0.001,,434832,,,,-112.59798513793945,963.5,1606.7465567514532
7.3901545612812045,438832,975.51,0.001,500,437832,1876.07076044,153,2865,-113.21809324645996,,
6.969260824918747,440000,,0.001,,439832,,,,-113.0556446685791,952.7,2032.113327146694
7.118520608901978,442832,975.51,0.001,504,441832,1887.2286194,153,2893,-113.76023846435547,,
7.342213287073023,445000,,0.001,,444176,,,,-114.03922653198242,886.1,1429.3781496541574
,445176,962.12,,508,,1863.9051376699997,152,2912,,,
7.1996942768096925,449176,962.12,0.001,512,448176,1900.9929001499997,153,2932,-114.21241667175293,,
7.286846643924713,450000,,0.001,,449176,,,,-114.77080299377441,1000.0,2071.5607357100353
7.5446182398796084,453176,962.12,0.001,516,452176,1873.88780301,153,2960,-115.06644921875,,
7.554602264881134,455000,,0.001,,454293,,,,-114.40591206359863,914.0,1557.9755383391107
7.633002290010452,456293,953.29,0.001,520,455293,1839.3575833700004,152,2984,-114.7113226928711,,
7.9071243255138395,459321,943.57,0.001,524,458321,1822.85577873,153,3001,-114.99586369323731,,
8.129686459302903,460000,,0.001,,459321,,,,-115.33552764892578,1000.0,2112.7402099076194
8.304073568820954,463321,943.57,0.001,528,462321,1827.8863717300003,152,3030,-114.84190101623535,,
8.002341376304626,465000,,0.001,,464321,,,,-114.90494879150391,938.1,1999.5322434719478
8.181898663043976,467321,953.24,0.001,532,466321,1836.4154796600005,152,3058,-115.23832873535156,,
7.698531108617782,470000,,0.001,,469321,,,,-115.61514028930664,1000.0,2139.811634158553
8.534930794239044,471321,953.24,0.001,536,470321,1842.6088634500002,152,3087,-114.90758969116212,,
8.884820991039277,475000,,0.001,,474321,,,,-114.96139120483399,913.5,1969.631592940935
,475321,953.54,,540,,1833.53863901,152,3115,,,
8.50683379817009,478367,944.0,0.001,544,478321,1818.7464196199999,152,3134,-114.9622794494629,,
8.84201989364624,480000,,0.001,,479392,,,,-115.23627334594727,1000.0,2175.212099306425
8.588858294248581,481392,934.25,0.001,548,480392,1831.0139448200002,152,3153,-115.2436501159668,,
8.780844021558762,485000,,0.001,,484392,,,,-115.5864162902832,988.0,1994.3823644133402
,485392,934.25,,552,,1857.97454214,152,3181,,,
8.962833516120911,489392,934.25,0.001,556,488392,1865.8899773799994,152,3201,-116.0438581237793,,
8.111868549528577,490000,,0.001,,489497,,,,-115.1716067974384,1000.0,2131.338246573601
8.78919754910469,492497,934.96,0.001,560,491497,1870.0591686199998,152,3224,-116.52026486206054,,
9.26843992114067,495000,,0.001,,494497,,,,-116.6545910949707,941.6,1997.5352311976487
8.621795037746429,496497,934.96,0.001,564,495497,1858.39179702,152,3252,-116.49695111083985,,
9.43087508392334,500000,,0.001,,499497,,,,-116.72464427185058,1000.0,2160.682270643255
,500497,936.65,,568,,1837.7044171399998,152,3280,,,
9.459249601125718,504497,936.65,0.001,572,503497,1839.1838265400002,152,3300,-117.13801533508301,,
9.623425567150116,505000,,0.001,,504497,,,,-116.87889305114746,1000.0,2213.9385977555066
9.124415457963943,508497,936.65,0.001,576,507497,1845.8731433800003,152,3328,-116.97187542724609,,
10.057332654714584,510000,,0.001,,509497,,,,-117.49326220703125,906.5,2057.698366926967
9.434303782224655,512497,936.65,0.001,580,511497,1853.6296271400001,152,3356,-117.53989056396485,,
9.613283667087554,515000,,0.001,,514497,,,,-117.86999894714356,904.3,2054.0649820374324
9.83120558810234,516497,936.65,0.001,584,515497,1860.9160211799995,152,3384,-117.82224705505371,,
10.007996548175813,520000,,0.001,,519497,,,,-118.92657875061035,1000.0,2121.8394146355336
,520497,936.65,,588,,1866.5686874899998,152,3412,,,
9.797757694482803,524497,936.65,0.001,592,523497,1872.86903196,152,3432,-118.950808883667,,
8.914205516815185,525000,,0.001,,524497,,,,-119.10380883789063,1000.0,2028.7249537718017
9.483267767429352,528497,936.65,0.001,596,527497,1883.92675766,152,3461,-119.60873672485351,,
9.557771735191345,530000,,0.001,,529497,,,,-119.9759296875,904.6,2056.385322614992
10.145051357269287,532497,936.65,0.001,600,531497,1892.79319464,152,3488,-120.40398347473145,,
9.182555287837982,535000,,0.001,,534497,,,,-120.32588159179687,985.3,1992.1401922972843
9.35498998117447,536497,936.65,0.001,604,535497,1898.5084035099997,152,3516,-120.84574839782715,,
9.51473065328598,540000,,0.001,,539497,,,,-121.36588880920411,831.9,1936.39622086804
,540497,953.21,,608,,1947.6182453400002,152,3543,,,
9.358144782543182,544497,953.21,0.001,612,543497,1957.6437470500002,152,3564,-122.50125428771973,,
9.055429498195648,545000,,0.001,,544497,,,,-122.86921789550782,841.7,1676.2385627408978
9.781660787582398,548497,953.21,0.001,616,547497,1998.0061623800002,152,3591,-123.50695394897461,,
9.725762963294983,550000,,0.001,,549497,,,,-122.92925497436524,971.6,2154.751753851352
9.534072446107864,552497,962.04,0.001,620,551497,2051.7889031299997,152,3619,-123.40558679199219,,
10.304523896689366,555000,,0.001,,554190,,,,-123.64160259587621,860.8,2100.0428479614666
9.473346952676772,556190,968.69,0.001,624,555190,2072.4747782,152,3645,-123.61149313354493,,
9.198376757758004,558746,954.25,0.001,628,557746,2050.36244788,152,3658,-123.44838060651507,,
9.67507594013214,560000,,0.001,,559746,,,,-124.42946653747559,906.2,2156.3231114693917
9.423073266983032,562746,954.25,0.001,632,561746,2081.15348708,152,3686,-125.19989576721191,,
9.679887426137924,565000,,0.001,,564704,,,,-124.77351626586913,904.2,2197.254348559561
10.643585627555847,566704,953.83,0.001,636,565704,2091.8137661,152,3714,-125.0628726196289,,
9.893328778982163,570000,,0.001,,569161,,,,-125.07720191955566,905.0,2120.437906555226
,570161,948.4,,640,,2103.28105628,152,3739,,,
10.326792615890502,574161,957.94,0.001,644,573161,2131.87967166,152,3759,-125.57135121154785,,
9.980477135658264,575000,,0.001,,574161,,,,-125.73439588928223,937.0,2108.9723029119314
9.976935130119324,578161,967.69,0.001,648,577161,2164.90666629,152,3787,-126.18815286254883,,
10.69593436050415,580000,,0.001,,579161,,,,-126.36756932067871,819.4,1952.5282776371052
10.893612357139588,582161,967.69,0.001,652,581161,2172.8060851499995,152,3813,-126.38463549804688,,
10.68017810608696,585000,,0.001,,584394,,,,-127.16761910202156,780.9,1403.2190714914584
,585394,960.02,,656,,2135.15117558,152,3835,,,
11.152872677564622,589394,968.97,0.001,660,588394,2167.3901848600003,152,3855,-128.07723570251466,,
11.102851588487626,590000,,0.001,,589394,,,,-127.85858598327637,1000.0,2188.1763341623237
10.692558621460536,592447,959.5,0.001,664,591447,2169.05949012,152,3879,-127.7422241797814,,
11.362771255493165,595000,,0.001,,594447,,,,-129.1358299407959,768.1,1874.1276380868628
11.795061815738679,596447,959.5,0.001,668,595447,2193.4468275900003,152,3905,-128.96710353088378,,
12.036715236186982,600000,,0.001,,599447,,,,-129.55908161926268,837.9,1877.2725741337867
,600447,959.5,,672,,2204.2649941299996,152,3932,,,
11.474098610877991,603479,949.82,0.001,676,603447,2190.90177702,152,3951,-130.5641795654297,,
11.026462524414063,605000,,0.001,,604479,,,,-130.92621014404295,982.7,2401.6095619079774
11.604588105876928,607116,946.19,0.001,680,606116,2189.8935870599994,152,3974,-130.7116235475929,,
11.221769408702851,610000,,0.001,,609116,,,,-131.9673226928711,909.0,2235.048316310119
11.389772340297698,611116,946.19,0.001,684,610116,2200.1638189899995,152,4001,-132.54207266235352,,
11.34705621433258,614150,936.53,0.001,688,614116,2183.67044538,152,4021,-133.4593821105957,,
10.608640474431654,615000,,0.001,,614150,,,,-133.4058312808766,808.0,1796.5280588857597
10.912072373867035,618150,936.53,0.001,692,617150,2195.3303567899998,152,4043,-134.70440960693358,,
11.54919707775116,620000,,0.001,,619150,,,,-134.49183724975586,813.8,1833.5544216771843
11.53328916239621,621759,932.62,0.001,696,620759,2187.6164481299998,152,4069,-135.39301237307097,,
11.019061822414399,625000,,0.001,,624759,,,,-135.57556358337402,815.0,1650.2040867827018
,625759,932.62,,700,,2192.24512414,152,4096,,,
11.260977194547653,629013,925.16,0.001,704,628013,2180.02478059,152,4112,-136.5176042175293,,
11.296194533586503,630000,,0.001,,629013,,,,-137.10117883300782,837.7,1904.5001877697184
11.209207398891449,633013,925.16,0.001,708,632013,2171.64102931,152,4139,-137.5695751953125,,
11.347589290360638,635000,,0.001,,634982,,,,-137.54682606441875,568.7,1306.2485163594597
,635016,905.19,,712,,2122.75793755,152,4158,,,
12.385223278522492,638186,896.89,0.001,716,637186,2106.24603644,153,4170,-138.07953875732423,,
13.092936222176803,640000,,0.001,,639624,,,,-137.89524214895147,809.6,2012.8475459570648
,640624,881.27,,720,,2070.52898584,152,4189,,,
11.552677591323853,643631,874.41,0.001,724,642631,2059.4359984300004,153,4203,-138.05773280334472,,
12.311038866043091,645000,,0.001,,644631,,,,-138.24317756652832,934.0,2361.3421119116247
13.437988084905287,646767,880.21,0.001,728,645767,2078.40043187,152,4227,-139.7576280481675,,
11.429814071655274,650000,,0.001,,649767,,,,-139.62509344482422,710.2,1738.7809300415568
,650767,880.21,,732,,2079.68385719,152,4253,,,
11.587386322498322,654767,880.63,0.001,736,653767,2074.3930849299995,153,4273,-139.22603816223145,,
12.56670576953888,655000,,0.001,,654767,,,,-139.91676091003418,824.0,1753.6770975701977
12.318012709617614,658767,886.06,0.001,740,657767,2070.54519608,153,4300,-139.1291383972168,,
12.034100726127624,660000,,0.001,,659767,,,,-140.18422668457032,890.6,2308.917376163241
12.341779651165009,662044,878.83,0.001,744,661767,2061.78528091,152,4327,-139.94349678039552,,
11.940104857444764,665000,,0.001,,664044,,,,-140.3402079925537,1000.0,2367.835079867765
12.914149232387542,666044,878.83,0.001,748,665044,2065.94757657,153,4352,-140.1561452026367,,
12.095871923923493,669091,869.3,0.001,752,668091,2048.01567044,153,4368,-140.3144274597168,,
12.99882687998645,670000,,0.001,,669437,,,,-140.56047622592462,915.7,2366.8553181738125
12.817459475292878,672117,867.23,0.001,756,671117,2044.6984785599998,153,4390,-140.61438755708582,,
12.997386972427368,675000,,0.001,,674117,,,,-140.47713581848146,1000.0,2684.7679983918824
13.39420076751709,676117,867.23,0.001,760,675117,2051.4041672999997,153,4418,-140.9656435546875,,
13.666348162174225,680000,,0.001,,679117,,,,-140.90809426879883,912.6,2079.7680835411593
,680117,876.7,,764,,2070.22032639,152,4446,,,
13.749616362571716,682411,859.64,0.001,768,681411,2044.3216653700001,153,4458,-140.60379650878906,,
15.137395084678353,685000,,0.001,,684027,,,,-140.93830918646478,1000.0,2626.379228897509
16.11642677640915,686027,855.8,0.001,772,685027,2041.90703344,152,4485,-140.66195594787598,,
15.373594347000122,690000,,0.001,,689027,,,,-140.53768966674804,906.1,2145.0067414808086
,690027,865.48,,776,,2068.17615419,152,4512,,,
15.443162938594819,693474,863.58,0.001,780,692474,2063.51173212,153,4530,-141.1812068939209,,
14.629428043842315,695000,,0.001,,694474,,,,-141.27246965026856,922.4,2404.524550652085
15.917343314558137,697161,860.45,0.001,784,696161,2061.38002363,153,4556,-141.13880606781984,,
15.493392652080905,700000,,0.001,,699223,,,,-141.1427238218246,905.5,2275.6503727825825
,700223,860.73,,788,,2067.49906605,152,4579,,,
14.014864279454448,702626,844.76,0.001,792,701952,2026.3638881099998,152,4592,-141.82562891642252,,
14.729918372112772,705000,,0.001,,704086,,,,-141.22896801492442,990.5,2648.981540668942
15.06713723897934,706086,843.27,0.001,796,705086,2030.2702566600003,152,4616,-141.7680336303711,,
15.902517515482181,707829,820.7,0.001,800,706829,1976.6960333000002,153,4625,-141.95539380241843,,
16.341672123432158,710000,,0.001,,709021,,,,-142.2987967529297,1000.0,2646.479488700803
15.706990093386112,711006,819.93,0.001,804,710006,1967.1591629200002,152,4649,-141.8570545034041,,
16.284956987857818,715000,,0.001,,714006,,,,-141.99644766235352,906.1,2276.3949705927866
,715006,819.93,,808,,1944.03655277,152,4676,,,
15.820932879924774,719006,839.9,0.001,812,718006,1998.7924988799998,153,4696,-142.0329494934082,,
15.589231071949005,720000,,0.001,,719006,,,,-142.12320111083983,805.3,2005.2960697726812
16.477823585033416,722127,839.41,0.001,816,721540,2001.89103267,152,4720,-141.80399742126465,,
16.85646674489975,724951,843.27,0.001,820,724252,1986.8947446999998,153,4734,-142.53938877868652,,
15.811127286100593,725000,,0.001,,724951,,,,-142.5937097981188,904.6,2300.6770128082017
16.586165885925293,728332,847.01,0.001,824,727332,2001.1486844199999,153,4758,-142.71119233703612,,
15.824900072097778,730000,,0.001,,729332,,,,-142.7095690612793,771.3,1966.0709041931666
16.95018580341339,732332,855.65,0.001,828,731332,2023.1409271400003,153,4784,-142.73226997375488,,
17.069503167152405,735000,,0.001,,734332,,,,-142.54801039123535,903.7,2400.4572310987337
15.152427003860474,736332,855.65,0.001,832,735332,2028.73233052,153,4812,-143.25408570861816,,
16.85067448091507,739357,845.9,0.001,836,739332,2015.6347029700003,153,4831,-142.81956568908691,,
19.464873161315918,740000,,0.001,,739357,,,,-139.17100715637207,902.5,2264.7363400731238
16.301342240333557,743357,845.9,0.001,840,742357,2042.8464783900004,153,4854,-143.71411419677733,,
16.427728268146517,745000,,0.001,,744357,,,,-143.83210801696777,691.1,1844.6908989536867
17.411976787567138,747152,851.08,0.001,844,746152,2054.7597713900004,153,4879,-143.78221685791016,,
16.729929305553437,750000,,0.001,,749129,,,,-144.0759344177246,1000.0,2648.360458485855
16.43990744638443,751129,850.85,0.001,848,750129,2057.36373385,153,4906,-144.1970694580078,,
16.430669531345366,754191,851.0,0.001,852,754129,2059.5553507100003,153,4927,-144.32823950195314,,
13.225573783697085,755000,,0.001,,754297,,,,-145.03057280040923,705.6,1847.822701612243
18.151724752426148,756297,841.8,0.001,856,755297,2066.1591139300003,153,4939,-144.0639592285156,,
17.153753075122832,760000,,0.001,,759297,,,,-144.6328816833496,903.2,2228.566007496052
,760297,841.8,,860,,2068.1454417500004,153,4967,,,
17.01978897333145,764297,841.8,0.001,864,763297,2082.24245559,153,4987,-145.19421432495116,,
17.798574003219606,765000,,0.001,,764297,,,,-145.01762969970704,861.9,2177.6412106783973
17.89418184375763,767514,851.03,0.001,868,767297,2110.67465151,153,5013,-145.16003883361816,,
18.733758959770203,770000,,0.001,,769514,,,,-146.06708502197264,923.4,2487.276762776938
17.90503235197067,771514,854.87,0.001,872,770514,2124.47088249,153,5037,-145.4162947692871,,
17.569749145507814,774549,845.22,0.001,876,774514,2101.27107546,153,5056,-146.10717185974121,,
16.698010117667064,775000,,0.001,,774549,,,,-146.5009604061351,826.9,1849.5450255504343
17.15124569988251,778549,850.75,0.001,880,777549,2094.8424545,153,5079,-146.33748692321777,,
17.878321015834807,780000,,0.001,,779589,,,,-146.93466128540038,1000.0,2632.4070797245076
17.135545397281646,781589,844.28,0.001,884,780589,2073.78910989,153,5103,-146.7606088256836,,
17.3423678355217,784624,844.01,0.001,888,784589,2076.48561444,153,5123,-147.12740814208985,,
18.293877329145158,785000,,0.001,,784624,,,,-145.1001739501953,739.1,1782.3144935298128
17.646570343971252,787657,850.31,0.001,892,786657,2092.8786853799998,153,5140,-147.17010540771486,,
18.06380868768692,790000,,0.001,,789736,,,,-147.95417486572265,902.6,2426.6345874808962
,790064,839.78,,896,,2065.52966166,153,5162,,,
18.387056533719452,792945,851.16,0.001,900,791945,2094.73820504,153,5175,-147.93548258033718,,
18.847369939648782,795000,,0.001,,794424,,,,-149.0269989013672,942.8,2516.059285745147
19.629870343685152,796424,854.18,0.001,904,795424,2117.53806402,153,5200,-148.01044917297364,,
17.680441660404206,800000,,0.001,,799424,,,,-148.2709383087158,836.7,2127.4144627639325
,800424,854.18,,908,,2163.1638629,153,5227,,,
17.230681571006777,804424,854.18,0.001,912,803424,2130.6007708099996,153,5247,-148.5290128479004,,
18.54255570793152,805000,,0.001,,804424,,,,-148.4184981994629,1000.0,2522.9195663638325
18.449901146411896,808424,862.97,0.001,916,807424,2158.23673068,153,5275,-148.6344267272949,,
18.05927304649353,810000,,0.001,,809424,,,,-148.74659603881835,930.3,2417.6402373749065
20.068613337516783,811623,866.72,0.001,920,811424,2179.99686378,153,5302,-148.21566354370117,,
20.248020824432373,815000,,0.001,,814623,,,,-148.64127380371093,1000.0,2509.3337785719777
,815623,872.91,,924,,2196.1480511699997,153,5327,,,
19.59819122695923,818655,863.23,0.001,928,817655,2173.27294165,153,5342,-149.18783389282225,,
20.300182352542876,820000,,0.001,,819655,,,,-149.5846682739258,1000.0,2267.421000973013
20.632367316246032,822655,863.23,0.001,932,821655,2173.33641911,153,5370,-149.38190411376954,,
18.008058103561403,825000,,0.001,,824893,,,,-149.8657198486328,1000.0,2679.131100590853
,825893,865.36,,936,,2176.78006159,153,5394,,,
18.77968783044815,829893,865.36,0.001,940,828893,2177.7335359400004,153,5415,-149.61345516967774,,
19.289294212818145,830000,,0.001,,829893,,,,-149.6410567626953,1000.0,2736.139682096068
19.805884484767915,833893,867.41,0.001,944,832893,2186.2401842900003,153,5443,-150.0124370727539,,
19.794444015979767,835000,,0.001,,834893,,,,-149.9197137145996,1000.0,2740.437548782834
20.29959667491913,837893,867.64,0.001,948,836893,2187.2865557200003,153,5471,-150.40440893554688,,
19.803853740215303,840000,,0.001,,839893,,,,-151.0206293029785,854.1,2181.542402283987
18.839054072856904,841868,876.77,0.001,952,840893,2212.90504774,153,5498,-150.91360836791992,,
19.094708261489867,845000,,0.001,,844868,,,,-151.43989303588867,990.1,2725.4356739394507
,845868,895.71,,956,,2269.82664392,153,5527,,,
19.158020257454158,849349,890.52,0.001,960,848349,2253.53280598,153,5545,-152.1825537999471,,
19.040133026599882,850000,,0.001,,849349,,,,-151.89723403930665,868.3,2183.579598577699
20.343864969730376,853349,890.52,0.001,964,852349,2253.2912839299997,153,5572,-151.62524319458007,,
21.497863555431366,855000,,0.001,,854349,,,,-151.72315579223633,858.8,2023.6559511996923
20.148977945327758,857349,898.35,0.001,968,856349,2273.5164022699996,153,5599,-151.3235629272461,,
19.803509088993074,860000,,0.001,,859349,,,,-151.9237586517334,996.8,2704.9375869459936
19.208060648918153,861349,898.35,0.001,972,860349,2276.99001623,153,5627,-151.3845792236328,,
20.508948735713957,864812,902.63,0.001,976,864349,2291.68904598,153,5647,-152.42999203491212,,
21.2245344940581,865000,,0.001,,864812,,,,-152.493353745033,849.4,2202.617284549598
21.722057219982148,868812,902.63,0.001,980,867812,2318.61677926,153,5671,-151.89325061035157,,
21.775066263198852,870000,,0.001,,869812,,,,-151.9822014465332,1000.0,2668.7609970197955
21.107567028999327,872812,912.23,0.001,984,871812,2351.90625594,153,5700,-152.47082009887694,,
20.154680845737456,875000,,0.001,,874812,,,,-152.99021615600586,918.6,2536.2400636143634
20.804066987037658,876812,921.88,0.001,988,875812,2378.16131478,153,5728,-153.4960060119629,,
20.167702426433564,880000,,0.001,,879812,,,,-153.3467976989746,1000.0,2711.9670796033924
,880812,931.55,,992,,2410.24766066,152,5757,,,
19.912917751312257,884812,947.48,0.001,996,883812,2456.2697482400004,153,5776,-154.43986352539062,,
18.230448248386384,885000,,0.001,,884812,,,,-154.72122811889648,1000.0,2814.6596754330794
17.046481617291768,887023,940.78,0.001,1000,886023,2444.2684378800004,153,5795,-154.98348286946614,,
18.318986882686616,890000,,0.001,,889023,,,,-156.05857595825196,1000.0,2772.5556694907136
17.033460578918458,891023,945.99,0.001,1004,890023,2461.8158925899997,152,5824,-156.22332778930664,,
18.532852335453033,895000,,0.001,,894023,,,,-157.2160107727051,904.3,2442.3060366561576
,895023,945.99,,1008,,2463.3071464299996,152,5852,,,
17.12785266494751,897362,929.38,0.001,1012,897232,2458.60563961,152,5867,-157.82325192260743,,
18.15506711435318,900000,,0.001,,899362,,,,-158.5818478088379,1000.0,2654.7286933036985
16.98248506116867,901362,929.38,0.001,1016,900362,2417.85634019,152,5893,-158.53162551879882,,
17.440874472618102,903671,920.48,0.001,1020,903452,2409.97089253,152,5907,-159.27819900512696,,
16.418994718551637,905000,,0.001,,904671,,,,-159.23968838500977,893.3,2394.280356853176
18.95225034856796,907671,920.48,0.001,1024,906671,2416.27937769,153,5931,-159.48193392944336,,
17.93463866329193,910000,,0.001,,909671,,,,-159.43835037231446,986.5,2661.739305305481
17.57338595151901,911671,930.16,0.001,1028,910671,2446.8942136799997,152,5960,-160.17013119506836,,
18.30967147922516,915000,,0.001,,914671,,,,-160.10233236694336,1000.0,2803.401509405457
,915671,930.16,,1032,,2448.0098949,152,5988,,,
18.076329827785493,919073,931.8,0.001,1036,918073,2458.710022329999,153,6005,-160.76376858520507,,
18.12438895225525,920000,,0.001,,919073,,,,-160.81424661254883,1000.0,2568.440164426841
18.617545003414154,923073,931.8,0.001,1040,922073,2458.82744488,152,6034,-161.36918231201173,,
19.31883182149375,925000,,0.001,,924732,,,,-161.56793684525923,946.5,2619.0060904097045
18.728131381988526,926732,928.39,0.001,1044,925732,2453.6857830799995,152,6060,-161.23525888061525,,
18.53184541273117,930000,,0.001,,929732,,,,-161.68284027099608,963.2,2687.46510989957
,930732,928.39,,1048,,2460.43323448,152,6088,,,
16.973716301076553,933243,913.75,0.001,1052,932243,2426.1993882700003,152,6100,-161.19200634355303,,
17.440386800289154,935000,,0.001,,934243,,,,-161.3432897338867,842.7,2416.677261063526
19.107376507159028,936599,907.31,0.001,1056,935599,2407.2784178,152,6123,-161.04419519660178,,
18.647790358543396,940000,,0.001,,939599,,,,-162.41265945434571,1000.0,2701.7344857969497
,940599,912.5,,1060,,2427.82108135,152,6152,,,
17.772393728256226,944599,912.5,0.001,1064,943599,2430.87080499,153,6173,-162.1903496398926,,
19.169782514572145,945000,,0.001,,944599,,,,-162.4000771484375,938.8,2619.4037455318494
18.91026224384239,947462,901.13,0.001,1068,947430,2401.8176663,152,6199,-162.42787449176495,,
18.77440510416031,950000,,0.001,,949671,,,,-162.5657742919922,1000.0,2749.4765938037076
,950671,893.22,,1072,,2378.58401524,152,6219,,,
19.349702850341796,953717,889.05,0.001,1076,952859,2369.33384958,152,6236,-163.0502642211914,,
18.499062458992004,955000,,0.001,,954717,,,,-162.97813269042967,1000.0,2820.0075987840887
19.034451151371,957717,889.05,0.001,1080,956717,2377.2828673400004,152,6264,-163.36931283569336,,
17.734659376621245,960000,,0.001,,959717,,,,-163.60086264038085,994.1,2795.18324970291
17.74752387857437,961717,889.05,0.001,1084,960717,2382.14066735,152,6291,-163.50898690795898,,
20.350838552474976,965000,,0.001,,964717,,,,-163.8022237854004,1000.0,2773.856270754535
,965717,889.05,,1088,,2386.9937971300005,152,6319,,,
17.331413835048675,969717,889.05,0.001,1092,968717,2387.8414690300006,152,6339,-163.65158422851562,,
17.647646643638613,970000,,0.001,,969717,,,,-164.41049911499024,872.8,2422.260241376888
18.624096238613127,973717,889.05,0.001,1096,972717,2390.2521894,152,6366,-164.1498946533203,,
19.51412761735916,975000,,0.001,,974717,,,,-164.23261557006836,911.2,2616.9395919390954
18.71981887340546,977717,906.94,0.001,1100,976717,2413.1578668,152,6394,-163.87966076660157,,
17.597189100265503,980000,,0.001,,979717,,,,-164.11013232421874,1000.0,2755.4756888682487
18.637930528640748,981717,906.94,0.001,1104,980717,2414.58600267,152,6422,-164.02736978149414,,
18.74006497192383,985000,,0.001,,984717,,,,-164.87503842163085,1000.0,2856.6587951474125
,985717,906.94,,1108,,2419.6115616600005,152,6451,,,
17.491748000621797,989717,923.55,0.001,1112,988717,2472.24766244,152,6471,-164.86003521728514,,
17.687989253997802,990000,,0.001,,989717,,,,-165.57047772216796,966.8,2870.907114329236
18.476163646697998,993717,923.55,0.001,1116,992717,2493.73987837,152,6500,-165.16503295898437,,
17.404868673324586,995000,,0.001,,994717,,,,-165.75125900268554,1000.0,3030.0580802303275
17.977428519248964,997717,940.46,0.001,1120,996717,2551.8591886100003,152,6528,-165.7034875793457,,
16.82149009656906,1000000,,0.001,,999639,,,,-166.11513327026367,1000.0,2796.27144453848
,1000639,929.68,,1124,,2522.0022597899997,152,6551,,,
17.271337122917174,1004551,928.8,0.001,1128,1003639,2523.7945878100004,152,6571,-167.29042611694337,,
16.987043982535077,1005000,,0.001,,1004551,,,,-167.22031181736997,749.3,2075.8205814566927
19.517115624427795,1008551,928.8,0.001,1132,1007551,2534.71289983,152,6596,-167.62625741577148,,
18.04199509525299,1010000,,0.001,,1009551,,,,-167.82715167236327,1000.0,2741.823255742621
16.617948206901552,1012551,934.78,0.001,1136,1011551,2558.64420291,152,6626,-168.88051934814453,,
18.461430872917177,1015000,,0.001,,1014551,,,,-169.93418780517578,1000.0,2795.890481828677
17.062657146930693,1016551,934.78,0.001,1140,1015551,2568.42558349,152,6654,-169.78247891235353,,
16.06788780784607,1020000,,0.001,,1019551,,,,-170.70509020996093,831.7,2426.2512769160794
,1020551,938.19,,1144,,2588.44892992,152,6681,,,
16.603524740219115,1024551,938.19,0.001,1148,1023551,2595.28436049,152,6702,-172.0996521911621,,
17.062323236465453,1025000,,0.001,,1024551,,,,-171.71846484375,902.8,2696.8815566006115
16.83628444223596,1027849,946.06,0.001,1152,1026849,2624.1434269399997,152,6726,-171.6650551405529,,
17.66990726184845,1030000,,0.001,,1029849,,,,-172.28957321166993,822.7,2275.882206705329
18.746900462627412,1030907,943.08,0.001,1156,1030849,2623.9674070899996,152,6751,-173.03417834472657,,
17.938588653087617,1034907,943.08,0.001,1160,1033907,2630.8693451999993,152,6767,-172.93612042236327,,
18.893020206451418,1035000,,0.001,,1034907,,,,-173.59662866210937,892.9,2549.536157350335
19.123920418262482,1038080,934.81,0.001,1164,1037080,2614.6940203399995,152,6791,-173.69555990600585,,
19.134935371875763,1040000,,0.001,,1039080,,,,-173.45192315673827,844.7,2503.3763785684014
17.28115290880203,1042080,946.18,0.001,1168,1041080,2657.1014801199995,152,6818,-173.72628820800782,,
17.657983475208283,1045000,,0.001,,1044080,,,,-174.42092907714843,977.2,2882.136211461641
19.49200772714615,1046080,954.09,0.001,1172,1045080,2687.9915503200004,152,6846,-174.71368719482422,,
18.386158245521905,1049102,953.85,0.001,1176,1048102,2690.30774939,152,6862,-174.7537717200499,,
16.472553320766725,1050000,,0.001,,1049878,,,,-175.33055523744562,798.9,2323.2093915068776
16.68468922996521,1052878,951.61,0.001,1180,1051878,2692.026253809999,152,6888,-175.3002882080078,,
18.924809636592865,1055000,,0.001,,1054878,,,,-176.29080184936524,903.4,2737.804767071083
18.257871558666228,1056878,951.61,0.001,1184,1055878,2697.03315284,152,6915,-175.97330877685548,,
18.22301451859541,1059569,938.52,0.001,1188,1058569,2665.79119049,152,6928,-176.75311440916448,,
18.478795914173126,1060000,,0.001,,1059569,,,,-176.45248416137696,902.1,2729.5908130676953
19.09699581336975,1062954,932.37,0.001,1192,1062569,2657.21958554,152,6955,-177.33627685546875,,
18.73949096059799,1065000,,0.001,,1064954,,,,-177.5537053527832,887.3,2668.2894309454364
18.780482591629028,1066954,932.37,0.001,1196,1065954,2666.7903224099996,152,6979,-177.96807061767578,,
18.125956079483032,1070000,,0.001,,1069954,,,,-177.87014724731446,826.9,2332.4735057101934
,1070954,932.37,,1200,,2702.1406689100004,152,7007,,,
17.837650347709655,1073916,921.99,0.001,1204,1073101,2677.9334902700007,152,7023,-178.63893826293946,,
17.618921545028687,1075000,,0.001,,1074916,,,,-178.58717767333985,940.7,2836.824703613599
17.61649551343918,1077257,915.4,0.001,1208,1076257,2663.0626418800007,152,7047,-178.98133825683593,,
17.700025044441222,1080000,,0.001,,1079257,,,,-179.42180242919923,933.8,2813.195945058926
18.293461466312408,1081257,915.4,0.001,1212,1080257,2670.25954106,152,7075,-179.73560708618163,,
17.772263101100922,1085000,,0.001,,1084257,,,,-180.34456814575196,1000.0,2825.764072003914
,1085257,915.4,,1216,,2701.4262461999997,152,7103,,,
18.287593264579773,1089257,915.4,0.001,1220,1088257,2703.0163724499994,152,7123,-180.91555200195313,,
21.118780465602875,1090000,,0.001,,1089257,,,,-180.96455743408202,1000.0,2914.7890904862666
19.33519423007965,1093257,926.18,0.001,1224,1092257,2742.96224435,152,7151,-180.85387329101562,,
18.805084508895874,1095000,,0.001,,1094257,,,,-181.94307107543946,1000.0,3047.631665161834
18.463207605838775,1097257,927.06,0.001,1228,1096257,2751.2747284700004,152,7179,-182.04270510864256,,
15.755059146881104,1100000,,0.001,,1099277,,,,-183.66820678710937,1000.0,3015.1015632110766
,1100277,917.26,,1232,,2724.97276225,152,7202,,,
17.93950711250305,1104277,917.26,0.001,1236,1103277,2726.8357699899993,152,7222,-183.1082070617676,,
18.489545192241668,1105000,,0.001,,1104277,,,,-183.38530529785157,984.7,2564.6630349617335
21.17429699087143,1108277,917.26,0.001,1240,1107277,2728.1261967000005,152,7250,-183.98832962036133,,
17.434972967624663,1110000,,0.001,,1109277,,,,-184.2316223449707,986.3,2965.926764272549
18.797741732597352,1112277,917.26,0.001,1244,1111277,2694.99386597,152,7278,-183.9913073425293,,
20.217067254914177,1115000,,0.001,,1114421,,,,-184.98419083489313,1000.0,3097.0991066835004
,1115421,908.7,,1248,,2672.19621644,152,7302,,,
17.15508425998688,1118620,907.71,0.001,1252,1117620,2671.7856166,152,7318,-184.9838313293457,,
20.77078085231781,1120000,,0.001,,1119620,,,,-185.4347960205078,972.5,2949.4627510050314
18.04884484195709,1122620,917.13,0.001,1256,1121620,2704.9539794199995,152,7346,-185.80492572021484,,
18.43573325252533,1125000,,0.001,,1124620,,,,-186.3751569519043,1000.0,3025.095061489742
18.493136871337892,1126620,917.13,0.001,1260,1125620,2707.64693003,152,7375,-186.38778344726563,,
18.54600472354889,1130000,,0.001,,1129620,,,,-186.76687561035158,1000.0,3013.0020326506665
,1130620,925.4,,1264,,2733.3963737900003,152,7404,,,
19.90527084362076,1134284,922.04,0.001,1268,1133284,2688.6238531000004,152,7422,-187.20885922535356,,
20.627750542640687,1135000,,0.001,,1134284,,,,-187.31235025024415,880.6,2559.752242385689
20.033164289474488,1138284,922.04,0.001,1272,1137284,2693.1761408700004,152,7449,-187.6006169128418,,
20.067708804130554,1140000,,0.001,,1139284,,,,-187.02835232543944,1000.0,3080.399824845744
18.809354004859923,1142284,931.82,0.001,1276,1141284,2729.43623226,152,7477,-187.9932349243164,,
20.301615942001344,1145000,,0.001,,1144284,,,,-188.42609591674804,855.1,2634.446154314233
22.31722650051117,1145462,925.84,0.001,1280,1145284,2713.43820291,152,7504,-188.95708728027344,,
20.22901720952506,1148858,919.8,0.001,1284,1147858,2693.28529018,152,7518,-189.06617282135318,,
21.66090746307373,1150000,,0.001,,1149858,,,,-189.59079125976564,1000.0,3143.2044204686304
22.4367495470047,1152858,932.89,0.001,1288,1151858,2733.27231908,152,7546,-189.64123208618165,,
21.817641608715057,1155000,,0.001,,1154858,,,,-189.54981723022462,1000.0,3066.430305732618
21.04278798723221,1156858,939.04,0.001,1292,1155858,2754.56619753,152,7574,-189.95068890380858,,
20.96301499938965,1160000,,0.001,,1159858,,,,-190.42749533081056,1000.0,3043.189909129776
,1160858,939.04,,1296,,2757.1776208099996,152,7603,,,
20.93542731809616,1164858,939.04,0.001,1300,1163858,2760.84813575,152,7623,-190.72314532470702,,
20.70527352428436,1165000,,0.001,,1164858,,,,-191.1611256713867,1000.0,3120.007553485618
19.90628225708008,1168858,949.42,0.001,1304,1167858,2764.2627756099996,152,7650,-191.76136544799806,,
20.24704270362854,1170000,,0.001,,1169858,,,,-191.9531792602539,911.6,2744.5470312519465
20.85989198589325,1172858,956.01,0.001,1308,1171858,2789.63225233,152,7678,-191.75861193847658,,
21.30103286409378,1175000,,0.001,,1174858,,,,-191.926390625,1000.0,3112.762516126386
19.57151855611801,1176858,956.01,0.001,1312,1175858,2790.35124816,152,7707,-192.07367788696288,,
19.15952483510971,1180000,,0.001,,1179858,,,,-192.3310461730957,904.4,2726.83353603133
,1180858,956.01,,1316,,2794.99561008,152,7735,,,
19.699886348724366,1184858,956.01,0.001,1320,1183858,2791.7216969700003,152,7755,-193.12259405517577,,
19.306238679409027,1185000,,0.001,,1184858,,,,-193.18295672607422,941.8,2939.251144994213
20.58171707010269,1188858,956.01,0.001,1324,1187858,2798.6214489199997,152,7783,-193.67863922119142,,
20.288750754356386,1190000,,0.001,,1189858,,,,-193.68176315307616,913.5,2673.957701852231
20.063325970649718,1192858,956.01,0.001,1328,1191858,2802.49828982,152,7811,-193.40225033569337,,
19.884522915363313,1195000,,0.001,,1194858,,,,-194.8495300292969,932.1,3024.7768540379125
18.262426149368284,1196858,965.81,0.001,1332,1195858,2841.1357519300004,152,7839,-194.57003234863282,,
20.022083133220672,1200000,,0.001,,1199858,,,,-194.41593353271483,898.8,2833.32658751111
,1200858,965.81,,1336,,2847.3563223300002,152,7866,,,
18.13127112054825,1204277,960.0,0.001,1340,1203858,2837.11102663,152,7887,-195.50235018920898,,
20.508814831053158,1205000,,0.001,,1204277,,,,-195.27064711283268,972.1,3020.40349030745
18.932375342845916,1207670,953.93,0.001,1344,1206670,2859.77661948,152,7910,-195.55122277832032,,
20.242084908008575,1210000,,0.001,,1209670,,,,-195.5441295776367,896.1,2711.107876506564
20.86837977695465,1211670,962.49,0.001,1348,1210670,2887.05504174,152,7937,-196.24967272949218,,
20.24276287841797,1215000,,0.001,,1214670,,,,-196.09468020629882,1000.0,3108.7222787561827
,1215670,970.5,,1352,,2910.4683686800004,152,7965,,,
19.415704508304596,1219232,966.12,0.001,1356,1218232,2892.63992847,152,7983,-196.90058584594726,,
20.834235397815704,1220000,,0.001,,1219232,,,,-197.36348696899415,981.5,2940.826836705254
20.509336525917053,1223232,966.12,0.001,1360,1222232,2892.57074632,152,8010,-197.38558306884767,,
19.177414355754852,1225000,,0.001,,1224232,,,,-197.05423287963868,903.8,2928.4100113183026
21.170540163993834,1227232,966.12,0.001,1364,1226232,2901.2037426199995,152,8038,-197.18713442993163,,
20.27327288532257,1230000,,0.001,,1229232,,,,-197.34099871826172,903.5,2850.368921998236
18.913472987174988,1231232,969.48,0.001,1368,1230232,2955.7852156799995,152,8065,-196.9922989807129,,
21.66311670637131,1235000,,0.001,,1234232,,,,-197.45529010009767,844.3,2681.295480500767
,1235232,969.48,,1372,,2962.6174045899998,152,8092,,,
18.00295564889908,1238257,959.73,0.001,1376,1238232,2933.65170904,152,8112,-197.87491189575195,,
18.53528760290146,1240000,,0.001,,1239257,,,,-197.9575702819824,932.8,2909.4515986423476
21.928957758903504,1242257,967.95,0.001,1380,1241257,2960.6323088800004,152,8135,-198.76297329711915,,
20.173488317489625,1245000,,0.001,,1244257,,,,-199.29415438842773,808.2,2601.738943686965
19.876425584316255,1245278,964.2,0.001,1384,1245257,2951.854570640001,152,8161,-199.63385879516602,,
18.705309060573576,1249278,964.2,0.001,1388,1248278,2958.8294278800004,152,8177,-200.04349710083008,,
19.09378453683853,1250000,,0.001,,1249278,,,,-200.87159548950194,887.1,2801.1634717252336
17.74908814606843,1250756,938.98,0.001,1392,1250341,2881.6177995999997,152,8194,-201.23956885704627,,
21.480280998789976,1254662,938.04,0.001,1396,1253662,2885.0093602,152,8211,-201.17481469160674,,
20.26258343219757,1255000,,0.001,,1254662,,,,-201.09749560546874,977.2,3113.0088535036075
18.757337472438813,1258662,938.04,0.001,1400,1257662,2892.8669466700007,152,8240,-201.76681130981444,,
18.816740103244783,1260000,,0.001,,1259662,,,,-202.36743630981445,903.5,2844.0068888698706
19.265121153354645,1262662,938.04,0.001,1404,1261662,2929.4374721800004,152,8267,-202.51528567504883,,
18.35586850452423,1265000,,0.001,,1264662,,,,-203.5184320678711,857.2,2682.2924366468214
19.442653150081636,1266662,938.04,0.001,1408,1265662,2927.9244015500008,152,8293,-203.59331399536134,,
19.420447173118593,1270000,,0.001,,1269510,,,,-204.14037197875976,882.4,2702.6342406656595
,1270510,936.52,,1412,,2925.75582426,152,8320,,,
18.675454996585845,1274510,936.52,0.001,1416,1273510,2932.99779859,152,8340,-204.48863458251952,,
18.09204794406891,1275000,,0.001,,1274510,,,,-204.5388782348633,804.0,2598.1085041874817
19.332118896961212,1278510,936.52,0.001,1420,1277510,2947.1374527000007,152,8367,-205.05913049316408,,
19.068927129268648,1280000,,0.001,,1279510,,,,-205.13341253662108,809.5,2659.1333221588284
19.089017129421233,1282510,936.52,0.001,1424,1281510,2949.864124450001,152,8394,-206.09336065673827,,
19.24931091737747,1285000,,0.001,,1284644,,,,-205.08305322265625,1000.0,3248.438939159457
,1285644,927.86,,1428,,2882.6833552000003,152,8418,,,
22.070870146274565,1289644,927.86,0.001,1432,1288644,2884.1549345500007,152,8439,-205.51051641845703,,
22.63529846429825,1290000,,0.001,,1289644,,,,-205.27820983886718,676.0,2209.7646086510854
19.697481946468354,1293644,927.86,0.001,1436,1292644,2893.81661153,152,8464,-205.37917446899414,,
19.445371669769287,1295000,,0.001,,1294722,,,,-206.37246875,1000.0,3299.4570922624785
19.892436694622038,1295941,916.64,0.001,1440,1295722,2857.1630888900004,152,8488,-206.24625979614257,,
22.30977522802353,1298709,910.39,0.001,1444,1298685,2836.1741979800004,152,8503,-207.67371072387695,,
20.98561754131317,1300000,,0.001,,1299709,,,,-207.4116354370117,926.5,2989.7853418239856
23.34536147201075,1302566,908.96,0.001,1448,1301566,2839.6828201200005,152,8526,-208.03194735155796,,
21.34062080478668,1305000,,0.001,,1304603,,,,-207.70934371948243,987.6,3211.8127970044734
,1305603,899.33,,1452,,2817.9846391399997,152,8549,,,
22.306865445137024,1309297,900.65,0.001,1456,1308603,2834.55547521,152,8569,-208.65770718383789,,
21.060542420626373,1310000,,0.001,,1309297,,,,-208.53907560408973,901.7,2918.227710828328
22.235329690472835,1313167,899.35,0.001,1460,1312167,2839.81081946,152,8595,-208.7940983914781,,
22.06267523145676,1315000,,0.001,,1314167,,,,-209.64090515136718,902.0,2523.420776822185
22.789736090660096,1317167,899.35,0.001,1464,1316167,2845.0837969,152,8622,-209.28246990966798,,
20.088659123420715,1320000,,0.001,,1319167,,,,-210.24674725341796,813.2,2710.529178484087
20.445429703712463,1321167,899.35,0.001,1468,1320167,2850.9741486,152,8649,-210.31487203979492,,
20.334627591133117,1324822,895.9,0.001,1472,1323822,2843.230904620001,152,8667,-210.50085189819336,,
20.62120606517792,1325000,,0.001,,1324822,,,,-210.60485095214844,742.6,2353.079148895899
22.119576246261598,1328822,905.65,0.001,1476,1327822,2885.1550617899998,152,8693,-211.15202508544922,,
18.976377081394194,1330000,,0.001,,1329822,,,,-211.023849609375,926.5,3006.8228470646777
20.696188972949983,1332311,900.54,0.001,1480,1331822,2875.6136018,152,8720,-210.93925537109374,,
21.737852218151094,1335000,,0.001,,1334311,,,,-211.37276055908202,1000.0,3272.133733418444
21.902547560214995,1336311,910.33,0.001,1484,1335311,2912.59956596,152,8747,-210.98907540893555,,
20.059751292705535,1340000,,0.001,,1339311,,,,-211.95414138793944,1000.0,2818.213268893448
,1340311,910.33,,1488,,2918.0342619099997,152,8775,,,
22.828868558883666,1344311,935.55,0.001,1492,1343311,3003.6616879999997,152,8795,-212.2318635864258,,
21.15421535205841,1345000,,0.001,,1344311,,,,-212.3001960144043,897.0,2863.073811621568
19.86034216403961,1348311,936.49,0.001,1496,1347311,2988.7820934399997,152,8822,-212.4587815246582,,
19.5591918053627,1350000,,0.001,,1349311,,,,-212.5011941833496,583.2,1897.2881665486027
20.27922931432724,1352311,936.49,0.001,1500,1351311,2946.39882325,152,8846,-213.217626953125,,
23.947356551647186,1354480,918.18,0.001,1504,1354411,2888.0250337000007,152,8861,-213.3751821899414,,
32.70621902355249,1355000,,0.001,,1354480,,,,-212.32446463448662,1000.0,2928.5277470464644
21.45173494386673,1358480,918.18,0.001,1508,1357480,2898.6019429800003,152,8885,-213.42354290771485,,
19.72647329930509,1360000,,0.001,,1359836,,,,-213.72415649756957,1000.0,3245.36773060034
25.31221824169159,1361836,913.26,0.001,1512,1360836,2890.4606351499997,152,8910,-213.67900616455077,,
23.126578701019287,1365000,,0.001,,1364836,,,,-213.50608047485352,954.1,3130.9652471121867
,1365836,913.26,,1516,,2892.569546360001,152,8938,,,
22.063730679035185,1368896,903.86,0.001,1520,1367896,2862.94837772,152,8953,-213.85221130371093,,
21.488501153469084,1370000,,0.001,,1369896,,,,-214.24818124389648,913.0,2870.2323008470585
21.51320534486037,1371948,894.38,0.001,1524,1370948,2832.8595942099996,152,8976,-214.50540571946365,,
21.734822235107423,1375000,,0.001,,1374948,,,,-214.5557688293457,861.1,2855.8126816960053
,1375948,903.04,,1528,,2906.31100828,152,9003,,,
23.935747293949127,1379948,903.04,0.001,1532,1378948,2910.7746869099997,152,9024,-215.23642840576173,,
23.761801216125487,1380000,,0.001,,1379948,,,,-214.68961181640626,1000.0,3390.065951824462
20.73534229135513,1383948,903.04,0.001,1536,1382948,2913.129746469999,152,9053,-214.89474014282226,,
22.632036220550535,1385000,,0.001,,1384948,,,,-214.73913104248047,901.1,2570.1965313214578
21.553645191669464,1387103,911.62,0.001,1540,1386103,2945.3467035200006,152,9077,-215.17585647583007,,
24.585509449005126,1390000,,0.001,,1389103,,,,-215.13844216918946,902.2,2973.870046585426
22.578088527202606,1391103,923.94,0.001,1544,1390103,2939.756949049999,152,9105,-214.65142111206055,,
21.07460650587082,1395000,,0.001,,1394103,,,,-215.5801908569336,801.7,2741.9784036793744
,1395103,925.37,,1548,,2945.11570279,152,9131,,,
22.974186034202575,1399103,935.0,0.001,1552,1398103,2985.20846106,152,9151,-215.56584204101563,,
22.05456527042389,1400000,,0.001,,1399103,,,,-215.49074615478514,1000.0,3428.3744101722723
22.968519759655,1403103,938.06,0.001,1556,1402103,2995.5135223099996,152,9179,-215.78487664794923,,
22.763242230415344,1405000,,0.001,,1404103,,,,-215.19413256835938,928.0,3143.79329559952
22.345538422584532,1407103,939.36,0.001,1560,1406103,3003.82432445,152,9207,-216.27823788452147,,
21.30601019001007,1410000,,0.001,,1409533,,,,-215.86613040161131,771.1,2585.8766272398643
,1410533,933.66,,1564,,2985.5527040899997,152,9231,,,
24.029233932495117,1413523,923.56,0.001,1568,1412523,2951.4268975400005,152,9246,-218.07557326096756,,
22.907521352767944,1415000,,0.001,,1414523,,,,-216.25835137939453,1000.0,3324.6135537143796
24.79131320142746,1417523,927.01,0.001,1572,1416523,2959.9377525299997,152,9274,-216.67266345214844,,
25.03498616027832,1420000,,0.001,,1419523,,,,-216.4770194091797,939.2,2852.0354253200508
20.315216857910155,1421523,927.01,0.001,1576,1420523,2961.3296106800008,152,9302,-216.1473323059082,,
23.233903848648072,1424948,926.37,0.001,1580,1423948,2955.9502195399987,152,9319,-216.66611029052734,,
22.29817251396179,1425000,,0.001,,1424948,,,,-216.8365023803711,956.8,3305.432910130173
21.069140642166136,1427786,914.75,0.001,1584,1426786,2920.4966717,152,9341,-217.0105149230957,,
24.178057112693786,1430000,,0.001,,1429786,,,,-217.11599688720702,868.5,2971.746041191672
21.684984035491944,1431386,910.75,0.001,1588,1430386,2907.6453696400004,152,9367,-216.52891118367512,,
24.369660170555115,1434537,902.26,0.001,1592,1434386,2884.2660412000005,152,9387,-217.39050485229492,,
25.48021711261067,1435000,,0.001,,1434537,,,,-217.56249348958335,1000.0,3342.3741307301448
21.06462698841095,1438537,902.26,0.001,1596,1437537,2909.5186605199997,152,9411,-217.26543823242187,,
25.58257848930359,1440000,,0.001,,1439537,,,,-217.71710635375976,915.3,2500.9623946678357
22.192390740394593,1442537,902.26,0.001,1600,1441537,2956.89170543,152,9439,-217.81181842041016,,
23.03447472858429,1445000,,0.001,,1444417,,,,-218.17089337158203,903.6,3042.196042967634
22.989423417568208,1446255,917.75,0.001,1604,1445417,3013.16524534,152,9465,-218.2242496948242,,
23.211139095783235,1449485,910.05,0.001,1608,1449255,2985.5574040899996,152,9484,-218.80349838256836,,
22.179023912678595,1450000,,0.001,,1449485,,,,-218.40304565429688,933.6,3067.562871815814
26.580981016159058,1452707,908.71,0.001,1612,1451707,2975.845451410001,152,9505,-219.27678742279878,,
27.63967654132843,1455000,,0.001,,1454807,,,,-219.3979340209961,810.1,2541.3672686444597
,1455807,899.71,,1616,,2947.0331325500006,152,9527,,,
25.38331396818161,1458145,892.49,0.001,1620,1457822,2922.1057080900005,152,9542,-220.0428465270996,,
23.906515416145325,1460000,,0.001,,1459145,,,,-219.59890118408202,1000.0,3210.2088408371433
24.071166234564696,1460904,889.56,0.001,1624,1460432,2912.4138718000004,152,9563,-218.9040586683485,,
24.706938177108764,1464904,889.56,0.001,1628,1463904,2893.673895140001,152,9581,-220.00147912597657,,
24.036130877017975,1465000,,0.001,,1464904,,,,-220.19771493530274,883.5,2866.1970402580455
26.210205832481385,1468904,889.56,0.001,1632,1467904,2896.4087268099997,152,9608,-220.50941458129884,,
25.26809455728531,1470000,,0.001,,1469904,,,,-220.19277542114258,904.9,2991.4668285380585
24.569411722660064,1472904,889.56,0.001,1636,1471904,2895.4908220499997,152,9635,-220.98353634643556,,
25.868036332130433,1475000,,0.001,,1474904,,,,-220.73968588256835,1000.0,3415.076003871346
23.691905546188355,1476904,898.01,0.001,1640,1475904,2930.03679586,152,9663,-220.98868200683594,,
25.53949768447876,1480000,,0.001,,1479495,,,,-220.9372979736328,790.1,2706.4481079571647
,1480495,893.92,,1644,,2966.595115060001,152,9688,,,
22.953409992218017,1483912,888.09,0.001,1648,1482912,2950.14581065,152,9706,-221.43440008544923,,
21.099717611312865,1485000,,0.001,,1484963,,,,-221.57407723999023,962.8,3234.080852764193
26.922101336479187,1486963,878.6,0.001,1652,1485963,2912.39913858,152,9729,-221.64006228637695,,
23.62008320045471,1490000,,0.001,,1489963,,,,-222.43234814453126,960.9,3327.209680679487
,1490963,878.6,,1656,,2913.8848763000005,152,9757,,,
21.832432732105254,1494236,871.33,0.001,1660,1493963,2884.8813347200007,152,9777,-222.6264715270996,,
20.09697156424051,1495000,,0.001,,1494236,,,,-222.66313561209796,912.4,3112.0502793245714
22.646239744218366,1497594,870.61,0.001,1664,1496594,2885.95171113,152,9797,-222.49904679452908,,
23.015770714759828,1500000,,0.001,,1499594,,,,-222.86582568359376,901.7,3090.6720830705017
22.629271217823028,1501594,880.71,0.001,1668,1500594,2919.9995426200003,152,9825,-223.42919915771483,,
26.394449911117555,1505000,,0.001,,1504594,,,,-223.65397924804688,846.2,2687.051081459923
,1505594,880.71,,1672,,2921.02369151,152,9852,,,
25.177117748737334,1509594,880.71,0.001,1676,1508594,2918.97001631,152,9873,-223.62674765014648,,
24.75696293592453,1510000,,0.001,,1509594,,,,-224.199294921875,1000.0,3533.166366916802
25.488898445129394,1513594,886.46,0.001,1680,1512594,2945.90014634,152,9901,-223.83232012939453,,
24.701471471309663,1515000,,0.001,,1514594,,,,-223.47115914916992,807.3,2718.2833031997084
23.84544226074219,1517594,898.08,0.001,1684,1516594,2986.8498300400006,152,9927,-223.93584704589844,,
26.045622723579406,1520000,,0.001,,1519605,,,,-223.69032568359376,888.1,2982.9748071169947
,1520605,892.19,,1688,,2969.1160034100003,152,9950,,,
26.081843413352967,1524605,900.68,0.001,1692,1523605,3000.4236847400007,152,9971,-224.01172402954103,,
27.862911722183227,1525000,,0.001,,1524605,,,,-224.32830435180665,1000.0,3459.472351258248
23.910602299690247,1528605,900.68,0.001,1696,1527605,2994.6881838100003,152,9999,-224.2381653137207,,
23.030457277239467,1530000,,0.001,,1529257,,,,-224.18394741690233,883.2,3040.3847078896824
24.8327015376091,1532257,897.2,0.001,1700,1531257,2983.5845692699995,152,10024,-224.4648530883789,,
21.054104992600738,1535000,,0.001,,1534379,,,,-226.08868558289575,905.5,3023.261833009031
,1535379,891.24,,1704,,2963.7827538399993,152,10047,,,
23.971763619422912,1537185,877.0,0.001,1708,1536427,2917.3348117399996,152,10057,-225.4413040161133,,
24.713460107182346,1540000,,0.001,,1539421,,,,-225.51443920579067,1000.0,3372.453019713727
,1540421,877.14,,1712,,2917.92352987,152,10080,,,
26.142777141094207,1544421,886.14,0.001,1716,1543421,2952.4792906400007,152,10100,-226.22696267700195,,
23.95485215187073,1545000,,0.001,,1544641,,,,-228.33766021728516,892.6,3016.296419543588
26.28770108509064,1546641,884.96,0.001,1720,1545641,2936.12998845,152,10118,-226.22410971069337,,
21.611369420051574,1550000,,0.001,,1549641,,,,-226.38078436279298,752.1,2596.5383635491044
,1550641,897.37,,1724,,2986.5232423700004,152,10144,,,
25.826897012233733,1553648,887.44,0.001,1728,1553641,2979.8486015999997,152,10164,-226.90233422851563,,
25.138383167266845,1555000,,0.001,,1554731,,,,-226.90361279296874,818.2,2296.4264059892857
27.81622951454402,1556018,871.14,0.001,1732,1555018,2922.4585848299994,152,10178,-226.63181834750705,,
26.098886451721192,1560000,,0.001,,1559018,,,,-227.30414962768555,1000.0,3477.5962671945335
,1560018,871.14,,1736,,2925.24066673,152,10206,,,
23.30607530550025,1563888,869.84,0.001,1740,1562888,2925.1233676400007,152,10226,-226.85115475709412,,
25.782004342079162,1565000,,0.001,,1564888,,,,-227.60940438842775,1000.0,3485.9355205920524
25.237480873584747,1567888,873.93,0.001,1744,1566888,2944.28802222,152,10253,-227.44494549560548,,
24.9765298871994,1570000,,0.001,,1569308,,,,-228.30627438354492,929.7,3187.1451896644235
25.16032542705536,1571308,873.96,0.001,1748,1570308,2939.9343197,152,10278,-228.04159643554686,,
26.37538289165497,1575000,,0.001,,1574308,,,,-227.90126330566406,967.3,3335.334961322532
,1575308,883.45,,1752,,2974.2958055299996,152,10306,,,
25.136133955955504,1578616,876.53,0.001,1756,1577616,2953.1498449399996,152,10323,-229.16636267089845,,
26.77123272705078,1580000,,0.001,,1579616,,,,-229.02176864624025,1000.0,3476.5851402660714
24.61638757991791,1582616,883.8,0.001,1760,1581616,2987.74389137,152,10351,-229.350518157959,,
24.000863991260527,1585000,,0.001,,1584616,,,,-229.81209399414064,851.3,2912.614318624465
24.769802971363067,1586616,890.22,0.001,1764,1585616,3009.3390912300006,152,10378,-229.77870388793946,,
24.43096009851089,1590000,,0.001,,1589022,,,,-231.10892610596906,1000.0,3423.131026962609
,1590022,884.28,,1768,,2993.755955909999,152,10403,,,
26.173754037380217,1594022,884.28,0.001,1772,1593022,3000.15181863,152,10424,-230.9155116882324,,
24.262293661117553,1595000,,0.001,,1594022,,,,-231.32052447509767,1000.0,3604.91017536007
27.119574563980102,1596867,872.73,0.001,1776,1596246,2967.0722540899997,152,10448,-231.73799795532227,,
26.90423349761963,1600000,,0.001,,1599524,,,,-232.04016439819335,1000.0,3408.911594863236
,1600524,869.3,,1780,,2951.4013341200007,152,10473,,,
29.133578648037382,1603749,861.55,0.001,1784,1602749,2929.1163211499997,152,10489,-232.1398102896554,,
26.91058561563492,1605000,,0.001,,1604749,,,,-232.03630136108399,913.9,3197.2394289088975
28.39957983493805,1607511,869.06,0.001,1788,1606749,2958.86328903,152,10517,-232.1841163635254,,
29.19694255447388,1610000,,0.001,,1609562,,,,-232.07930657958985,1000.0,3357.657663634955
,1610562,859.57,,1792,,2926.5196829099996,152,10539,,,
27.212938088417054,1614562,859.57,0.001,1796,1613562,2937.5098499899996,152,10559,-233.15872543334962,,
30.029915795326232,1615000,,0.001,,1614562,,,,-233.09731967163086,894.7,2858.9730977244326
25.07475272846222,1618562,863.05,0.001,1800,1617562,2947.809406119999,152,10587,-233.2947414855957,,
27.39394023990631,1620000,,0.001,,1619562,,,,-233.49920928955078,832.1,2926.6339168802197
25.62223193359375,1622562,871.83,0.001,1804,1621562,2983.38732469,152,10615,-233.49143521118165,,
24.820644244194032,1625000,,0.001,,1624670,,,,-233.77140979003906,934.8,3329.227523788507
,1625670,884.85,,1808,,3033.7169749100008,152,10638,,,
26.48709265089035,1629670,892.49,0.001,1812,1628670,3072.693511360001,152,10658,-233.68592846679687,,
27.040280031204222,1630000,,0.001,,1629670,,,,-233.23215737915038,1000.0,3386.7564205250355
24.848426820755005,1632700,882.79,0.001,1816,1631700,3044.58869247,152,10681,-233.65489190673827,,
27.32959283065796,1635000,,0.001,,1634700,,,,-233.88455249023437,821.2,2791.3866650073674
27.70064721298218,1636700,900.59,0.001,1820,1635700,3123.7166878000003,152,10709,-233.91350408935546,,
24.032841239929198,1640000,,0.001,,1639700,,,,-233.87041217041016,904.4,2955.0192552402614
,1640303,896.62,,1824,,3113.9106086299994,152,10735,,,
28.20910687351227,1644303,906.55,0.001,1828,1643303,3146.28464024,152,10753,-233.99947103881837,,
27.338251044750212,1645000,,0.001,,1644303,,,,-233.52963122558594,1000.0,3454.3883418227547
26.222130723953246,1647671,916.53,0.001,1832,1646671,3186.21748549,152,10778,-233.93364224243163,,
27.787765793800354,1650000,,0.001,,1649671,,,,-233.95510510253905,905.2,3219.5806718927033
28.943268584251403,1651671,916.53,0.001,1836,1650671,3190.5719288499995,152,10805,-233.73501345825196,,
28.564778961591273,1655000,,0.001,,1654267,,,,-233.79470436044988,902.5,3194.4866593946585
,1655267,913.79,,1840,,3179.9450852200007,152,10831,,,
27.278858294486998,1658293,904.05,0.001,1844,1657293,3146.6053034799993,152,10846,-233.77208486938477,,
28.816033365249634,1660000,,0.001,,1659293,,,,-234.17656307983398,1000.0,3504.6275266343728
27.206938209533693,1662293,909.85,0.001,1848,1661293,3173.72967166,152,10874,-234.0813588256836,,
27.253876533031463,1665000,,0.001,,1664328,,,,-233.53371685791015,963.6,3402.267965204269
,1665328,900.2,,1852,,3143.480149260001,152,10897,,,
28.839415040969847,1669108,904.92,0.001,1856,1668328,3162.6878582,152,10917,-233.94714346313478,,
26.30878138786707,1670000,,0.001,,1669108,,,,-234.04036200107672,1000.0,3559.8834708742334
26.250977937698366,1672200,895.84,0.001,1860,1671200,3134.3734375000004,152,10939,-234.42710638427735,,
28.161549904823303,1675000,,0.001,,1674200,,,,-234.4587106628418,1000.0,3694.4818073042434
28.60995344257355,1676200,895.84,0.001,1864,1675200,3140.8889349100004,152,10967,-234.2234057006836,,
29.868846661567687,1680000,,0.001,,1679200,,,,-234.74562704467775,915.7,3270.470606024016
,1680200,901.78,,1868,,3163.9237280200005,152,10994,,,
28.772405490875244,1684200,901.78,0.001,1872,1683200,3172.2184527200006,152,11014,-234.89164505004882,,
28.575791580200196,1685000,,0.001,,1684200,,,,-234.716376373291,960.1,2869.459925686492
26.4741203250885,1688200,913.33,0.001,1876,1687200,3212.3412567699997,152,11043,-235.36502249145508,,
25.821685571193694,1690000,,0.001,,1689200,,,,-235.5217893371582,830.8,2928.061673451541
25.089834953308106,1692200,916.76,0.001,1880,1691200,3232.0457949300007,152,11070,-235.55773916625978,,
25.698165364265442,1695000,,0.001,,1694072,,,,-235.8864996948242,1000.0,3439.855777830607
23.700642546653746,1696072,923.23,0.001,1884,1695072,3256.62759809,152,11097,-236.11480154418945,,
25.05338759422302,1699189,916.78,0.001,1888,1698189,3233.8947922900006,152,11112,-235.9651865234375,,
25.70751033258438,1700000,,0.001,,1699189,,,,-236.24469464111328,1000.0,3489.073090628162
31.368299010276793,1703189,926.27,0.001,1892,1702189,3266.4032974700003,152,11141,-236.5877038269043,,
27.08301144828349,1705000,,0.001,,1704786,,,,-237.1435649450806,989.8,3503.1815806142113
26.609650173187255,1706786,922.24,0.001,1896,1705786,3254.5228479499997,152,11167,-237.26777264404296,,
27.071935235977172,1709911,913.49,0.001,1900,1709786,3231.6695286599993,152,11186,-237.58040335083007,,
25.235317070007323,1710000,,0.001,,1709911,,,,-237.37073935231854,789.5,2554.2530169111205
27.413692148208618,1713015,904.53,0.001,1904,1712015,3198.764567910001,152,11205,-237.6119609375,,
24.44583672428131,1715000,,0.001,,1714015,,,,-238.22602255249024,1000.0,3568.4615189345086
24.563611753463746,1716223,905.53,0.001,1908,1716015,3200.61760618,152,11232,-238.9794732055664,,
27.451098269939422,1719412,897.42,0.001,1912,1718412,3166.5878110200006,152,11245,-239.68361996459961,,
23.99897324180603,1720000,,0.001,,1719412,,,,-239.72332257080078,902.7,3217.5819406533965
23.634031010627748,1723412,907.12,0.001,1916,1722412,3195.6645683700003,152,11273,-239.77658535766602,,
28.74071083307266,1725000,,0.001,,1724412,,,,-239.8715736694336,940.8,3126.73082382055
26.269645739555358,1727412,907.12,0.001,1920,1726412,3197.4964114799996,152,11300,-240.56921560668945,,
23.926248165130616,1730000,,0.001,,1729412,,,,-240.5308942565918,1000.0,3545.2902813201304
26.839016451835633,1731412,911.09,0.001,1924,1730412,3211.26879159,152,11328,-240.93577041625977,,
24.597727452278136,1735000,,0.001,,1734412,,,,-241.34035675048827,914.2,3385.6509344952183
,1735204,909.01,,1928,,3214.130621319999,152,11356,,,
27.377875217437744,1739204,915.33,0.001,1932,1738204,3239.6342825099996,152,11376,-241.25479614257813,,
27.0734823846817,1740000,,0.001,,1739204,,,,-240.97261511230468,955.3,3468.1520376028375
27.70001366519928,1743204,915.33,0.001,1936,1742204,3241.16310005,152,11404,-241.26843347167969,,
26.12417036628723,1745000,,0.001,,1744204,,,,-241.4880992126465,978.6,3617.6941150866915
27.26672459204436,1747062,917.95,0.001,1940,1746062,3253.89860535,152,11432,-241.182922327713,,
31.279951630592347,1750000,,0.001,,1749062,,,,-241.17367657470703,1000.0,3485.8467287342064
30.922524397850037,1751062,927.69,0.001,1944,1750062,3287.3932763899998,152,11460,-241.3983835144043,,
30.708375576019286,1754479,921.86,0.001,1948,1754062,3274.2550596499996,152,11480,-241.39282113647462,,
28.025573122991275,1755000,,0.001,,1754771,,,,-241.13991577984535,999.6,2851.016401983009
28.268741454124452,1757771,924.43,0.001,1952,1756771,3287.3817126199992,152,11502,-241.049080657959,,
25.97138340473175,1760000,,0.001,,1759771,,,,-241.18613983154296,1000.0,3677.599803368398
29.16770652770996,1761453,923.45,0.001,1956,1760771,3286.4578606200002,152,11530,-241.55353076171875,,
28.295524008750917,1765000,,0.001,,1764453,,,,-241.39637411499024,954.8,3417.955098097923
,1765453,932.53,,1960,,3316.467965410001,152,11557,,,
29.987811902046204,1769191,929.91,0.001,1964,1768191,3305.3099079900003,152,11576,-241.88420843505858,,
29.033443947792055,1770000,,0.001,,1769191,,,,-241.77245913696288,1000.0,3565.6604762869365
28.44010622692108,1773191,929.91,0.001,1968,1772191,3308.225580700001,152,11605,-241.60761776733398,,
25.99249752521515,1775000,,0.001,,1774191,,,,-242.13133923339845,915.4,3341.304265004117
26.56944986820221,1776878,926.78,0.001,1972,1776191,3295.4221437799993,152,11632,-242.21874813842774,,
28.96112131391253,1779913,917.13,0.001,1976,1778913,3201.8339545799995,152,11646,-243.18948184742646,,
30.15116578578949,1780000,,0.001,,1779913,,,,-241.88868087768554,1000.0,3390.530728971644
28.69330698680878,1783913,917.13,0.001,1980,1782913,3200.4622072700004,152,11674,-241.93107107543946,,
28.285313848495484,1785000,,0.001,,1784913,,,,-241.87265243530274,974.3,3377.823331580637
25.459882628440855,1787913,918.41,0.001,1984,1786913,3206.838212819999,152,11703,-241.89122918701173,,
28.767770712852478,1790000,,0.001,,1789913,,,,-242.64787045288085,930.1,3200.2466846228344
27.741224670410155,1791913,927.24,0.001,1988,1790913,3234.9350241300003,152,11731,-242.56207434082032,,
27.520480745315552,1795000,,0.001,,1794745,,,,-242.70259091186523,956.2,3511.3450097062623
,1795745,925.56,,1992,,3228.88450072,152,11758,,,
28.062729190826417,1799745,929.59,0.001,1996,1798745,3241.31229575,152,11778,-242.16594329833984,,
28.179592233657836,1800000,,0.001,,1799745,,,,-242.69609619140624,804.8,2990.8011538776336
25.754161462783813,1803745,938.34,0.001,2000,1802745,3271.0319174300002,152,11805,-242.92549826049805,,
27.871528937339782,1805000,,0.001,,1804763,,,,-243.25320715332032,903.3,3211.251370916702
28.024674428939818,1806763,937.48,0.001,2004,1805763,3268.6383391299987,152,11828,-242.9678610534668,,
25.411539556503296,1810000,,0.001,,1809763,,,,-243.5549343261719,875.7,2975.058274625044
,1810533,943.1,,2008,,3286.6727342200006,152,11855,,,
25.556226570129393,1813682,942.7,0.001,2012,1813533,3280.5183518100002,152,11873,-243.8580520324707,,
27.07276552438736,1815000,,0.001,,1814682,,,,-243.823235748291,1000.0,3734.494476958015
28.477199025154114,1817682,942.7,0.001,2016,1816682,3287.21286096,152,11898,-243.84187289428712,,
28.83380866241455,1820000,,0.001,,1819682,,,,-244.49801437377928,1000.0,3518.585061033163
28.042510411262512,1821682,942.7,0.001,2020,1820682,3288.1666709199994,152,11926,-244.55165692138672,,
27.212333927154543,1825000,,0.001,,1824682,,,,-243.95134643554687,926.0,2899.3542101141866
,1825682,942.7,,2024,,3291.33305734,152,11954,,,
26.85216306591034,1829104,939.0,0.001,2028,1828104,3278.4858669900004,152,11971,-244.65033044433594,,
24.668553733825682,1830000,,0.001,,1829114,,,,-244.91354675292968,914.2,3470.0876810945338
28.513798979759216,1832114,929.1,0.001,2032,1831114,3243.62240862,152,11994,-244.9804912109375,,
30.231295691490175,1835000,,0.001,,1834114,,,,-245.3002801208496,1000.0,3570.782161874324
30.52778544521332,1836114,929.1,0.001,2036,1835114,3244.5891344799998,152,12022,-245.2451837463379,,
26.746081247329712,1840000,,0.001,,1839114,,,,-245.4169841003418,1000.0,3539.054452367686
,1840114,930.52,,2040,,3250.91218546,152,12050,,,
28.164127585437527,1843871,928.09,0.001,2044,1842871,3249.38756871,152,12068,-245.7256162128751,,
30.92893993091583,1845000,,0.001,,1844871,,,,-246.17189874267578,1000.0,3614.2440726200875
31.395062538190075,1847579,931.0,0.001,2048,1846579,3259.4094534000005,152,12095,-246.35768886070468,,
28.359060091018677,1850000,,0.001,,1849579,,,,-246.27419885253906,1000.0,3776.630721648876
28.539063724517824,1851579,938.08,0.001,2052,1850579,3293.14584511,152,12123,-246.5468108215332,,
31.483167892456056,1855000,,0.001,,1854579,,,,-246.40754495239258,840.5,3022.955206590239
,1855579,941.26,,2056,,3304.8445560200007,152,12150,,,
30.5146979637146,1859093,936.4,0.001,2060,1858093,3292.8975043899995,152,12168,-246.66107241821288,,
31.002082080841063,1860000,,0.001,,1859093,,,,-246.89786932373048,954.2,3421.4893309862355
32.52374368238449,1863093,939.02,0.001,2064,1862093,3310.88119182,152,12195,-246.68513824462892,,
29.83560303878784,1865000,,0.001,,1864093,,,,-246.74971835327148,1000.0,3615.5193450253455
29.477073991775512,1867093,939.02,0.001,2068,1866093,3310.69667679,152,12224,-247.08742916870116,,
30.334295733828387,1870000,,0.001,,1869364,,,,-246.5543389039881,1000.0,3590.5733121229046
,1870364,934.86,,2072,,3295.2846644299993,152,12248,,,
29.147607949256898,1874364,944.51,0.001,2076,1873364,3390.9635581299995,152,12268,-247.26593621826171,,
28.523012073516846,1875000,,0.001,,1874364,,,,-246.94846697998048,904.6,3260.028862655023
32.508836583137516,1878364,944.51,0.001,2080,1877364,3360.62239671,152,12295,-246.5659606933594,,
31.3324543094635,1880000,,0.001,,1879364,,,,-246.28312158203124,955.4,3532.8164612705355
32.01639517211914,1882364,944.51,0.001,2084,1881364,3367.4616149499993,152,12323,-246.3610845336914,,
27.788572602272033,1885000,,0.001,,1884364,,,,-246.4718807373047,819.0,2282.46148747391
30.436574588775635,1886364,944.51,0.001,2088,1885364,3368.276846750001,152,12350,-246.32615795898437,,
33.150508780479434,1888598,928.53,0.001,2092,1888456,3315.1792611300007,152,12364,-246.8716079711914,,
31.808833618164062,1890000,,0.001,,1889598,,,,-246.61746002197265,948.9,3421.229775231611
34.06776552391052,1891627,918.82,0.001,2096,1891545,3285.71071735,152,12387,-246.52538748168945,,
35.75372412776947,1895000,,0.001,,1894627,,,,-246.41819427490233,884.2,3148.6280640251935
,1895627,918.82,,2100,,3293.5909268000005,152,12411,,,
36.15947144985199,1899161,923.98,0.001,2104,1898627,3314.1190691,152,12431,-246.78996044921874,,
33.84371488192555,1900000,,0.001,,1899161,,,,-245.6218392590012,1000.0,3819.377586829709
34.376420333862306,1903161,926.28,0.001,2108,1902161,3329.3355626100006,152,12458,-246.43227758789064,,
35.264544032096865,1905000,,0.001,,1904161,,,,-246.5606882019043,741.0,2855.510492605087
37.13697388076782,1907161,934.79,0.001,2112,1906161,3375.033217580001,152,12483,-246.56624017333985,,
36.42187767314911,1910000,,0.001,,1909497,,,,-245.8951968383789,963.3,3483.7316643048425
,1910497,928.15,,2116,,3347.6743705900003,152,12508,,,
30.895653745651245,1914497,928.15,0.001,2120,1913497,3350.17832833,152,12529,-245.84939840698243,,
32.152812490463255,1915000,,0.001,,1914497,,,,-245.12944491577147,823.3,2709.378132499836
33.14245871257782,1918497,928.15,0.001,2124,1917497,3345.4313702800005,152,12556,-246.11802886962892,,
32.293913687705995,1920000,,0.001,,1919497,,,,-245.59634463500976,891.3,3424.851742942298
32.06217816925049,1922497,933.93,0.001,2128,1921497,3368.1531225300005,152,12583,-245.5990618286133,,
33.41766440868378,1925000,,0.001,,1924497,,,,-245.72601501464842,917.3,3464.643148192391
35.30420136260987,1926497,943.83,0.001,2132,1925497,3410.6444377199996,152,12610,-246.01536483764647,,
30.95285791397095,1930000,,0.001,,1929497,,,,-246.62552478027345,876.2,3276.1699889894808
,1930497,943.83,,2136,,3414.9475385199994,152,12636,,,
30.142873997688294,1934497,943.83,0.001,2140,1933497,3416.0297644899997,152,12657,-246.26316323852538,,
32.36456712245941,1935000,,0.001,,1934497,,,,-246.47520986938477,902.6,3220.8704403170036
33.90714127349854,1938497,946.26,0.001,2144,1937497,3423.5592916200003,152,12684,-246.7148256225586,,
32.28493424129486,1940000,,0.001,,1939497,,,,-246.83527978515625,943.9,3726.9907997592354
41.31470528841019,1941577,939.98,0.001,2148,1940577,3405.0814109,152,12708,-246.4839294433594,,
31.586628745908946,1945000,,0.001,,1944440,,,,-247.16180536482068,892.2,3440.413819649513
,1945440,938.61,,2152,,3343.75787631,152,12735,,,
35.66667038822174,1947961,923.82,0.001,2156,1947827,3259.27334709,152,12751,-247.08632565307616,,
34.36402084282668,1950000,,0.001,,1949635,,,,-247.67044216801222,828.5,3078.651611121604
37.5102061214447,1951635,925.42,0.001,2160,1950635,3256.1716053699997,152,12772,-247.39555139160157,,
44.162295886448454,1954663,915.7,0.001,2164,1953663,3217.6573598200002,152,12787,-246.5415802001953,,
40.01559083175659,1955000,,0.001,,1954663,,,,-247.93350061035156,973.4,3488.0612230479737
40.578778113365175,1958663,915.7,0.001,2168,1957663,3221.20564284,152,12816,-247.79225750732422,,
38.454287199020385,1960000,,0.001,,1959663,,,,-248.35343118286133,970.8,3599.195664851554
36.34257687091827,1962663,922.99,0.001,2172,1961663,3248.99872219,152,12843,-247.4724957885742,,
36.56289210700989,1965000,,0.001,,1964663,,,,-247.92129803466796,1000.0,3658.5829624369944
36.99579067802429,1966663,922.99,0.001,2176,1965663,3255.4236637599997,152,12871,-248.38515570068358,,
62.712570764541624,1970000,,0.001,,1969663,,,,-247.91054873657225,1000.0,-2279.8858355762436
,1970663,922.99,,2180,,3067.3277307,152,12900,,,
102.89503935623169,1974663,922.99,0.001,2184,1973663,2847.838423689999,152,12920,-262.4135833129883,,
88.60950358963012,1975000,,0.001,,1974663,,,,-261.9388387756348,904.0,-1282.1204641975462
56.45138886642456,1977691,913.27,0.001,2188,1977663,2655.8876089699997,152,12947,-261.6108581237793,,
53.81950199160586,1980000,,0.001,,1979148,,,,-262.60338842400296,945.7,-1335.1541449320343
48.04615286922455,1980951,923.53,0.001,2192,1980148,2522.1272379899992,152,12968,-262.0017463684082,,
45.51275201034546,1984951,933.24,0.001,2196,1983951,2409.9016914,152,12987,-261.7414959716797,,
40.10764716434479,1985000,,0.001,,1984951,,,,-260.86084298706055,842.4,1777.0069671685676
44.53083683391513,1988739,931.12,0.001,2200,1987739,2365.27803457,152,13013,-260.0743300926867,,
46.70457570743561,1990000,,0.001,,1989791,,,,-258.5031752624512,1000.0,3531.7918214782812
44.05492634487152,1991791,926.3,0.001,2204,1990791,2336.80624365,152,13036,-259.1174090576172,,
41.06470949268341,1995000,,0.001,,1994791,,,,-257.66475692749026,1000.0,3220.3848555813543
,1995791,926.3,,2208,,2335.36019698,152,13064,,,
37.52048864364624,1998811,916.5,0.001,2212,1997811,2290.6841241700004,152,13079,-256.6236297607422,,
39.55869715881347,2000000,,0.001,,1999811,,,,-255.95095883178712,795.0,2698.2703947992995
