time/time_elapsed,time/total_timesteps,rollout/ep_len_mean,rollout/ep_rew_mean,time/episodes,time/fps,train/learning_rate,train/n_updates,train/actor_loss,train/critic_loss,eval/mean_ep_length,eval/mean_reward
0,22,5.5,39.71696525,4,3364,,,,,,
0,47,5.875,43.21393975,8,3351,,,,,,
0,72,6.0,44.483972249999994,12,3450,,,,,,
0,95,5.9375,43.949394625000004,16,3526,,,,,,
0,114,5.7,41.655809000000005,20,771,0.001,15,-7.040684223175049,67.23508071899414,,
0,129,5.375,38.57882858333333,24,499,0.001,30,-5.705761194229126,42.733978271484375,,
0,144,5.142857142857143,36.38124935714286,28,276,0.001,45,-7.539422035217285,15.96565842628479,,
0,159,4.96875,34.73085424999999,32,246,0.001,60,-7.896000862121582,17.502214431762695,,
0,172,4.777777777777778,32.97693727777777,36,226,0.001,74,-7.237870931625366,15.594446818033854,,
0,187,4.675,31.996759524999998,40,210,0.001,89,-7.90291690826416,14.19568657875061,,
1,202,4.590909090909091,31.194634499999996,44,200,0.001,103,-7.685935735702515,13.968069791793823,,
1,215,4.479166666666667,30.177566770833334,48,191,0.001,117,-7.921146392822266,14.126765251159668,,
1,228,4.384615384615385,29.313703596153843,52,183,0.001,130,-8.270429611206055,14.094090461730957,,
1,243,4.339285714285714,28.877764875,56,171,0.001,145,-7.227221250534058,12.658249378204346,,
1,256,4.266666666666667,28.21841811666667,60,162,0.001,158,-7.5236897468566895,14.57873503367106,,
1,268,4.1875,27.509663187500003,64,161,0.001,170,-7.735362529754639,12.90753142038981,,
1,282,4.147058823529412,27.13283714705883,68,161,0.001,183,-8.516111373901367,13.135677655537924,,
1,296,4.111111111111111,26.797606277777774,72,157,0.001,197,-7.334599494934082,11.128413200378418,,
1,309,4.065789473684211,26.387739881578945,76,156,0.001,211,-7.647876262664795,11.944861650466919,,
2,322,4.025,26.0189746,80,156,0.001,223,-7.481782913208008,10.93543815612793,,
2,335,3.988095238095238,25.68411598809524,84,155,0.001,236,-7.522828578948975,10.36176872253418,,
2,347,3.9431818181818183,25.283655772727272,88,155,0.001,249,-8.692660331726074,9.337506612141928,,
2,360,3.9130434782608696,25.009378793478255,92,151,0.001,262,-8.449097156524658,11.401835918426514,,
2,376,3.9166666666666665,25.01749857291667,96,150,0.001,277,-9.074572563171387,12.016201734542847,,
2,391,3.91,24.942022760000004,100,149,0.001,292,-7.715903282165527,9.772199630737305,,
2,405,3.83,24.195583170000006,104,148,0.001,306,-8.587589740753174,11.067328135172525,,
2,417,3.7,23.0022764,108,148,0.001,319,-9.571666717529297,9.862027963002523,,
2,431,3.59,21.962345590000005,112,148,0.001,333,-9.056172847747803,9.705633640289307,,
3,445,3.5,21.11086177,116,147,0.001,346,-8.580834865570068,10.036742210388184,,
3,461,3.47,20.82218794,120,142,0.001,362,-8.794601440429688,9.666763544082642,,
3,473,3.44,20.571221119999997,124,141,0.001,375,-9.0581636428833,9.437959988911947,,
3,485,3.41,20.32027995,128,141,0.001,387,-10.089354515075684,8.672268390655518,,
3,500,3.41,20.31876329,132,140,0.001,402,-7.46585750579834,12.729544639587402,,
3,513,3.41,20.32248269,136,140,0.001,415,-9.57540225982666,9.623858094215393,,
3,528,3.41,20.32237772,140,140,0.001,429,-8.914202690124512,8.067336082458496,,
3,543,3.41,20.321231909999998,144,139,0.001,444,-7.902215242385864,7.910599946975708,,
4,559,3.44,20.571533979999998,148,139,0.001,460,-8.240251302719116,9.561743974685669,,
4,572,3.44,20.571375229999997,152,136,0.001,473,-9.590741157531738,8.545689264933268,,
4,585,3.42,20.40382359,156,134,0.001,487,-8.544700622558594,9.14035701751709,,
4,599,3.43,20.48523669,160,134,0.001,500,-8.531312704086304,7.732537031173706,,
4,614,3.46,20.736991229999997,164,134,0.001,515,-9.3824462890625,7.593969464302063,,
4,627,3.45,20.651815579999997,168,134,0.001,529,-10.646601676940918,7.301030953725179,,
4,639,3.43,20.482679099999995,172,135,0.001,541,-8.146377563476562,7.808114210764567,,
4,652,3.43,20.48134235,176,135,0.001,554,-9.117907047271729,7.580101648966472,,
4,665,3.43,20.47893689,180,135,0.001,567,-7.897345066070557,8.269013404846191,,
5,679,3.44,20.561498549999996,184,135,0.001,581,-9.243068218231201,7.923156499862671,,
5,693,3.46,20.727581639999997,188,135,0.001,595,-10.914545059204102,6.205750226974487,,
5,708,3.48,20.895794679999998,192,135,0.001,610,-9.340621948242188,7.019806981086731,,
5,721,3.45,20.647026499999996,196,135,0.001,623,-10.67050838470459,7.66126024723053,,
5,736,3.45,20.64568177,200,133,0.001,637,-8.893782138824463,8.140057802200317,,
5,750,3.45,20.64611664,204,131,0.001,652,-8.969569206237793,7.2313276926676435,,
5,765,3.48,20.89851026,208,129,0.001,667,-9.635012149810791,6.344801425933838,,
6,778,3.47,20.81455618,212,129,0.001,680,-8.4905366897583,6.836158275604248,,
6,791,3.46,20.73272449,216,128,0.001,693,-9.843135833740234,6.499768892923991,,
6,806,3.45,20.64690064,220,128,0.001,707,-10.396181106567383,6.8325395584106445,,
6,820,3.47,20.814389570000003,224,126,0.001,722,-9.494065284729004,5.480325857798259,,
6,835,3.5,21.064496340000005,228,126,0.001,736,-9.87266492843628,6.5746612548828125,,
6,849,3.49,20.97938831,232,126,0.001,750,-9.709922313690186,7.831298828125,,
6,864,3.51,21.14338907,236,126,0.001,765,-10.927448272705078,7.747971534729004,,
6,877,3.49,20.976050410000003,240,126,0.001,778,-9.680744647979736,6.101604302724202,,
7,890,3.47,20.811079520000003,244,126,0.001,792,-9.824145793914795,5.27583909034729,,
7,905,3.46,20.72529888,248,125,0.001,806,-10.519721508026123,5.418874979019165,,
7,924,3.52,21.2750502,252,125,0.001,823,-13.274228572845459,5.8057053565979,,
7,965,3.8,23.874107490000007,256,125,0.001,862,-13.609163965497698,6.529745561735971,,
,1000,,,,,0.001,897,-13.68924331665039,6.367655611038208,9.7,79.34086351394653
8,1001,4.02,25.945065320000005,260,123,,,,,,
8,1036,4.22,27.82494173,264,122,0.001,931,-16.30540657043457,5.243791103363037,,
8,1068,4.41,29.598459660000003,268,119,0.001,967,-15.32222867012024,5.719362735748291,,
9,1101,4.62,31.55435151,272,117,0.001,999,-15.943917910257975,6.188003131321499,,
9,1131,4.79,33.145224060000004,276,115,0.001,1029,-15.532399415969849,5.433107972145081,,
10,1164,4.99,35.01480378,280,114,0.001,1059,-15.008487383524576,5.015089171273368,,
10,1198,5.19,36.89054359,284,113,0.001,1094,-16.34584069252014,6.154465079307556,,
10,1233,5.4,38.8632715,288,114,0.001,1129,-17.403414964675903,5.6128109031253395,,
11,1270,5.62,40.93989931,292,115,0.001,1164,-17.990562915802002,4.188250005245209,,
11,1308,5.87,43.28951161,296,113,0.001,1203,-17.403038024902344,4.774357080459595,,
11,1348,6.12,45.653153540000005,300,113,0.001,1243,-18.45412317911784,3.724852999051412,,
12,1392,6.42,48.46749541,304,112,0.001,1286,-18.255890210469563,3.738388928500089,,
13,1433,6.68,50.92180986999999,308,109,0.001,1325,-18.908993244171143,4.145384682549371,,
13,1471,6.93,53.27016420999999,312,108,0.001,1367,-19.45379877090454,3.440674251980252,,
14,1508,7.17,55.52360138,316,106,0.001,1403,-20.452702713012695,3.4145462079481645,,
14,1547,7.41,57.801468830000005,320,105,0.001,1441,-21.054302215576172,3.26271231174469,,
14,1590,7.7,60.52778025000001,324,106,0.001,1482,-22.183382987976074,3.177888254324595,,
15,1639,8.04,63.7292043,328,105,0.001,1534,-21.779780524117605,3.4949129479272023,,
15,1685,8.36,66.71933358999999,332,105,0.001,1573,-21.738994979858397,3.9334065437316896,,
16,1742,8.78,70.66114845,336,105,0.001,1631,-24.838597933451336,3.0657292145949144,,
17,1785,9.08,73.47609496999999,340,104,0.001,1680,-25.213855425516766,2.356043588031422,,
17,1826,9.36,76.11075102000001,344,104,0.001,1722,-24.64745044708252,2.4071636497974396,,
17,1865,9.6,78.38585829,348,104,0.001,1760,-25.71584701538086,3.651186215877533,,
18,1912,9.88,81.0215883,352,105,0.001,1806,-24.64645462036133,2.868468904495239,,
18,1949,9.84,80.67835466999999,356,105,0.001,1845,-25.464253616333007,3.346910285949707,,
,2000,,,,,0.001,1885,-26.615054607391357,2.588074286778768,15.4,132.57259554862975
18,2002,10.01,82.27463762,360,105,,,,,,
19,2045,10.09,83.0435309,364,105,0.001,1939,-27.8393856048584,2.9316245317459106,,
19,2106,10.38,85.76321410999999,368,105,0.001,1989,-28.196392483181423,2.9367141221698962,,
20,2160,10.59,87.72866096,372,104,0.001,2054,-29.598001861572264,2.786434018611908,,
21,2205,10.74,89.14357376000002,376,104,0.001,2098,-30.49959526062012,2.5906046628952026,,
21,2259,10.95,91.11320468,380,103,0.001,2150,-30.03315963745117,3.311243987083435,,
22,2315,11.17,93.18330248000002,384,102,0.001,2203,-31.284413528442382,8.356062173843384,,
23,2366,11.33,94.68780819999998,388,101,0.001,2257,-32.4345600605011,4.1254089921712875,,
23,2431,11.61,97.31883777999998,392,101,0.001,2321,-33.75445573980158,6.462996027686379,,
24,2474,11.66,97.77706224999999,396,102,0.001,2368,-35.98096529642741,4.489916758103804,,
24,2553,12.05,101.40842185999998,400,102,0.001,2436,-35.33708745783026,6.885537374587286,,
25,2629,12.37,104.39993426000001,404,102,0.001,2522,-35.72684817843967,9.999935825665792,,
26,2692,12.59,106.45194235999998,408,102,0.001,2582,-36.374445481733844,6.054603150912693,,
26,2751,12.8,108.41671907999998,412,102,0.001,2644,-37.321571350097656,7.58548629283905,,
27,2824,13.16,111.77535645999998,416,103,0.001,2712,-37.69751793997629,5.5019146374293735,,
28,2888,13.41,114.10033985,420,102,0.001,2781,-39.67541948954264,6.463704665501912,,
28,2976,13.86,118.29643396,424,103,0.001,2846,-40.87170886993408,3.5578575293223063,,
,3000,,,,,0.001,2904,-41.595846811930336,4.95153696640678,20.5,180.19202580451966
29,3062,14.23,121.7244717,428,102,0.001,2948,-41.42903225238506,5.168424863815307,,
30,3160,14.75,126.59794181,432,102,0.001,3038,-44.1507317679269,4.169482452528817,,
31,3242,15.0,128.9415384,436,101,0.001,3134,-45.68677584330241,5.733988220041448,,
32,3333,15.48,133.41315297,440,101,0.001,3219,-45.69891166687012,4.1539165616035465,,
33,3423,15.97,137.98815054,444,101,0.001,3293,-43.85655811854771,5.496157709757487,,
34,3513,16.48,142.7368858,448,102,0.001,3378,-48.090248107910156,5.482392160516036,,
35,3595,16.83,145.99870973,452,102,0.001,3472,-49.05894470214844,6.310411512851715,,
35,3663,17.14,148.88897017000002,456,102,0.001,3554,-48.959715843200684,6.956159464518229,,
36,3740,17.38,151.1231251,460,102,0.001,3630,-50.71496534347534,5.550191481908162,,
37,3795,17.5,152.23761587,464,102,0.001,3686,-51.81779416402181,5.736487646897634,,
38,3886,17.8,155.03435542,468,102,0.001,3758,-52.022617885044646,6.046212563147912,,
38,3949,17.89,155.87140476000002,472,101,0.001,3841,-51.8566689491272,6.708220762365005,,
,4000,,,,,0.001,3902,-53.610704803466795,6.134449458122253,22.1,195.0078570961952
39,4021,18.16,158.37915466,476,101,0.001,3913,-54.66046371459961,6.722222848372026,,
40,4120,18.61,162.58406794,480,101,0.001,4006,-51.720720291137695,6.7439565539360045,,
41,4206,18.91,165.35527588000002,484,100,0.001,4086,-54.61796417236328,7.084505927562714,,
42,4330,19.64,172.15627221000003,488,100,0.001,4195,-55.39463181929155,6.965559275253959,,
44,4448,20.17,177.08051889,492,99,0.001,4326,-57.75707117716471,6.787243803342183,,
45,4550,20.76,182.58064394000002,496,99,0.001,4414,-58.397989145914714,6.580752913157145,,
46,4651,20.98,184.64644051,500,99,0.001,4528,-60.03626327514648,6.168341447567117,,
47,4799,21.7,191.35514695000006,504,100,0.001,4650,-61.31468672979446,6.150739495347186,,
48,4917,22.25,196.49422687000003,508,100,0.001,4782,-62.457428781609785,6.07253105575974,,
,5000,,,,,0.001,4904,-64.19449125017438,7.05172859770911,31.3,281.01565463542937
50,5042,22.91,202.64129807,512,99,,,,,,
51,5142,23.18,205.16047975,516,100,0.001,5009,-64.97942638397217,7.4310440719127655,,
52,5257,23.69,209.91487953,520,100,0.001,5125,-65.5171104007297,7.891067749745137,,
54,5411,24.35,216.07183694,524,100,0.001,5282,-67.87970733642578,7.579343557357788,,
55,5531,24.69,219.27486719,528,98,0.001,5418,-69.15551509027895,7.49681798087226,,
57,5683,25.23,224.3126652,532,98,0.001,5549,-71.02820120917426,7.191936009639019,,
59,5830,25.88,230.36999799999998,536,98,0.001,5668,-70.70367736816407,7.825514348347982,,
61,5958,26.25,233.82457068,540,96,0.001,5827,-73.410228953642,7.5284344308516555,,
,6000,,,,,0.001,5895,-74.17139768600464,7.0512282103300095,35.6,321.11851675510405
63,6057,26.34,234.63783183000004,544,94,0.001,5941,-74.69228490193684,8.406619350115458,,
65,6192,26.79,238.83153303999998,548,94,0.001,6057,-75.57421064376831,8.081579829707291,,
67,6326,27.31,243.68508205,552,94,0.001,6196,-74.11396074295044,9.03847022210398,,
68,6461,27.98,249.93553035000002,556,94,0.001,6324,-76.42455368041992,8.725871220613138,,
70,6640,29.0,259.47112665000003,560,94,0.001,6501,-79.06618273699725,10.551772347203007,,
72,6789,29.94,268.24057976000006,564,93,0.001,6653,-80.6215091281467,20.606020154179753,,
73,6930,30.44,272.90732505000005,568,93,0.001,6805,-82.72278340657552,11.971156519286486,,
,7000,,,,,0.001,6894,-83.40452248709542,15.857913357870919,41.6,377.148545563221
75,7069,31.2,279.99643123999994,572,93,0.001,6940,-82.58123447584069,13.218151154725447,,
78,7217,31.96,287.09953535,576,92,0.001,7085,-84.89396122523716,13.664872333921235,,
79,7357,32.37,290.91003312,580,92,0.001,7212,-86.6848871866862,17.241425875959724,,
81,7505,32.99,296.7169943,584,92,0.001,7366,-85.09829677234997,19.49479919256166,,
82,7645,33.15,298.22315444,588,92,0.001,7518,-89.19126759404722,20.042908880445694,,
84,7831,33.83,304.58166156999994,592,92,0.001,7681,-90.1387939453125,20.012652856332284,,
85,7981,34.31,309.05905587999996,596,93,0.001,7844,-90.74633674621582,19.388802146911623,,
,8000,,,,,0.001,7886,-90.40873863583519,23.477560656411306,47.0,427.686719417572
87,8174,35.23,317.65427135999994,600,92,0.001,8046,-92.8865902549342,19.55740687721654,,
89,8309,35.1,316.44704957,604,93,0.001,8186,-93.34283761417164,20.65250862345976,,
90,8430,35.13,316.70896115,608,93,0.001,8307,-95.45192500523159,23.317697788106983,,
91,8599,35.57,320.82506888000006,612,94,0.001,8471,-93.91288176037017,25.592961621838946,,
92,8785,36.43,328.86130296000005,616,94,0.001,8636,-98.03114559775905,27.386191393878008,,
94,8934,36.77,332.03200881,620,94,0.001,8807,-98.37638727823894,24.52267963409424,,
,9000,,,,,0.001,8839,-97.37707424163818,27.112302482128143,45.9,417.58147169351577
96,9164,37.53,339.15418002,624,95,0.001,9025,-98.1861706783897,28.208280575739874,,
98,9367,38.36,346.91471217,628,95,0.001,9210,-100.52172798945986,27.330239513464143,,
99,9488,38.05,344.00984021999994,632,95,0.001,9367,-102.70300132349918,25.083396984980656,,
100,9658,38.28,346.16485476,636,95,0.001,9529,-102.66992645263672,31.746102174123127,,
102,9841,38.83,351.31153132,640,95,0.001,9701,-104.34159653275101,29.308731962133336,,
,10000,,,,,0.001,9900,-106.27002643403553,36.29727624102337,54.4,497.08066656589506
104,10038,39.81,360.48003471,644,96,,,,,,
106,10244,40.52,367.14365878999996,648,96,0.001,10096,-109.57550339471726,37.25521169057706,,
107,10465,41.39,375.29276860000004,652,96,0.001,10321,-110.36863136291504,39.48082820006779,,
110,10784,43.23,392.51983376,656,97,0.001,10614,-110.9181447982788,38.547245669364926,,
,11000,,,,,0.001,10794,-114.41519254796646,43.1947860139789,243.1,2265.646424472332
121,11920,52.8,482.20337212,660,98,0.001,11794,-122.02695823669434,47.891455065727236,,
,12000,,,,,0.001,11874,-122.54753356933594,50.6292612503986,56.0,512.1235386610031
123,12175,53.86,492.13312823,664,98,0.001,12026,-125.05720271620639,49.410067624823995,,
125,12352,54.22,495.50132097,668,98,0.001,12202,-125.81613841809724,57.19640278171848,,
127,12514,54.45,497.66281464000014,672,98,0.001,12373,-129.60918378829956,50.34942424658573,,
,13000,,,,,0.001,12564,-127.85581817626954,66.54580472310384,66.1,606.5877864360809
134,13077,58.6,536.4967893900001,676,97,,,,,,
139,13232,58.75,537.9025194300001,680,95,0.001,13102,-134.6937215704667,67.02224035520811,,
140,13440,59.35,543.51371608,684,95,0.001,13254,-132.67255347115653,77.63287108285087,,
,14000,,,,,0.001,13376,-135.26726818084717,52.80127057721538,57.1,522.3776079177857
151,14535,68.9,633.0120314799999,688,95,0.001,14412,-146.6876301235623,108.90677054723103,,
153,14834,70.03,643.59241888,692,96,0.001,14661,-144.14171824735755,100.98544715107352,,
,15000,,,,,0.001,14879,-147.32198548928287,97.97966685661903,64.4,590.7210757374763
156,15102,71.21,654.64299374,696,96,0.001,14923,-146.7266845703125,90.93817602504383,,
159,15385,72.11,663.0672738499999,700,96,0.001,15225,-149.56476792045262,86.23679749862008,,
162,15676,73.67,677.67122303,704,96,0.001,15496,-148.53174384864602,101.48335688822978,,
165,15967,75.37,693.5928097699999,708,96,0.001,15830,-151.01321036355537,94.39072217350513,,
,16000,,,,,0.001,15872,-153.43831888834634,93.5494764418829,75.8,697.2379472851753
168,16239,76.4,703.23189684,712,96,0.001,16088,-152.25009710138494,102.601386846498,,
171,16476,76.91,708.00790856,716,96,0.001,16344,-154.1302744547526,100.55976323021783,,
174,16825,78.91,726.7330291100001,720,96,0.001,16619,-154.04049355643136,101.90983702007092,,
,17000,,,,,0.001,16864,-158.25887298583984,99.00226793660747,300.6,2803.8196304798125
,18000,,,,,0.001,17864,-163.1956288757324,101.31956747436523,92.8,856.4392451047897
189,18026,88.62,817.7307864200001,724,94,,,,,,
,19000,,,,,0.001,17988,-167.88386062095904,94.28791936238606,545.9,5103.357911968231
203,19313,99.46,919.2988986099999,728,95,0.001,19088,-175.36770141601562,127.21266170501708,,
206,19561,100.73,931.1893997,732,94,0.001,19433,-180.10408341257195,121.39787503292686,,
209,19847,101.89,942.0468531299999,736,94,0.001,19705,-174.76455503521544,129.08445473873255,,
,20000,,,,,0.001,19824,-177.78903240627713,130.16587691836887,130.0,1204.643119108677
214,20311,104.7,968.3386765299999,740,94,0.001,20088,-177.9103521531628,131.7865213533727,,
218,20663,106.25,982.85030782,744,94,0.001,20510,-178.87921846829929,131.1816720684755,,
221,20988,107.44,993.9741552300002,748,94,0.001,20795,-181.66798715030447,143.5177528437446,,
,21000,,,,,0.001,20893,-181.63982282366072,135.7743356471159,93.1,859.1838382959365
,22000,,,,,0.001,21204,-183.01100771354908,144.30489302403998,648.9,6068.638513612747
,23000,,,,,0.001,22204,-189.15723376464842,143.66003543472291,832.6,7790.4121946334835
243,23299,128.34,1189.8227651500001,752,95,,,,,,
,24000,,,,,0.001,23204,-198.06361270141602,138.23152187156677,662.2,6193.004991173744
,25000,,,,,0.001,24204,-204.5179157409668,133.72666730308532,1000.0,9359.759251499176
,26000,,,,,0.001,25204,-213.28873022460937,137.92694931602477,1000.0,9359.687422370911
,27000,,,,,0.001,26204,-221.3830174255371,143.68267747497558,1000.0,9359.726722240448
298,27299,165.15,1534.8228875699997,756,91,,,,,,
,28000,,,,,0.001,27204,-228.79310580444337,155.24124100494384,1000.0,9359.21661787033
,29000,,,,,0.001,28204,-236.01867761230469,161.76976178359985,1000.0,9359.388307476043
,30000,,,,,0.001,29204,-242.51781423950194,164.29188164901734,1000.0,9359.352769756317
,31000,,,,,0.001,30204,-249.3631371154785,181.50947902679442,1000.0,9359.152136802673
363,31299,193.79,1803.23146993,760,86,,,,,,
,32000,,,,,0.001,31524,-258.2260029466846,191.2972677931001,1000.0,9359.292935276031
,33000,,,,,0.001,32524,-263.36540185546875,174.52552473068238,1000.0,9359.27822523117
395,33619,214.44,1996.7314836100004,764,85,,,,,,
,34000,,,,,0.001,33524,-268.9478522644043,201.42223694992066,1000.0,9359.645310211181
,35000,,,,,0.001,34586,-277.4258723105154,270.7795044683641,1000.0,9359.149823188782
,36000,,,,,0.001,35586,-280.4652946472168,284.3607219772339,1000.0,9359.852583026886
442,36681,243.29,2267.11434258,768,82,,,,,,
,37000,,,,,0.001,36735,-287.53996812975083,253.61382073524015,1000.0,9359.478806781768
,38000,,,,,0.001,37735,-293.23783251953125,272.4210316429138,1000.0,9359.728783988952
,39000,,,,,0.001,38735,-299.56388494873045,272.4512865104675,1000.0,9359.190280246734
485,39830,273.16,2547.03771759,772,82,,,,,,
,40000,,,,,0.001,39735,-303.6328319091797,255.21067402648924,1000.0,9359.138503742219
,41000,,,,,0.001,40735,-308.63924670410154,282.7486439704895,1000.0,9359.711961650848
,42000,,,,,0.001,41782,-317.7340850830078,384.0584447333153,1000.0,9359.577087783813
526,42877,298.0,2779.88344729,776,81,,,,,,
,43000,,,,,0.001,42782,-315.39226147460937,401.6103285675049,1000.0,9357.093840122223
,44000,,,,,0.001,43782,-319.98609411621095,348.4658948249817,1000.0,9354.425851154327
,45000,,,,,0.001,44782,-326.8692868041992,346.03252054214477,1000.0,9359.18156785965
,46000,,,,,0.001,45782,-333.035075012207,381.1060308570862,1000.0,9354.126728916168
578,46877,336.45,3140.1135953399994,780,80,,,,,,
,47000,,,,,0.001,46782,-339.1344442138672,463.40452808380127,1000.0,9343.32203245163
,48000,,,,,0.001,47782,-344.5520665283203,609.7317756652832,1000.0,9330.606949234008
,49000,,,,,0.001,48782,-354.21109240722654,874.1643675613403,1000.0,9342.851320362091
,50000,,,,,0.001,49782,-364.5032541503906,1519.5640401763917,1000.0,9327.863152980804
632,50877,374.37,3494.4616361500002,784,80,,,,,,
,51000,,,,,0.001,50782,-377.31528631591794,2341.339641204834,1000.0,9324.760993862152
,52000,,,,,0.001,51782,-387.82643994140625,2525.855155334473,1000.0,9322.72795343399
,53000,,,,,0.001,52782,-398.54375476074216,2305.589075683594,1000.0,9322.080196380615
,54000,,,,,0.001,53782,-403.9724282836914,1941.1698633422852,1000.0,9321.704135227203
689,54877,403.42,3765.2501088199997,788,79,,,,,,
,55000,,,,,0.001,54782,-407.45125225830077,1886.629680999756,1000.0,9329.127347564698
,56000,,,,,0.001,55782,-410.88218939208986,1796.2641871643066,1000.0,9324.048989391327
,57000,,,,,0.001,56782,-412.813592590332,1647.990904937744,1000.0,9322.818468952179
,58000,,,,,0.001,57782,-418.12909020996096,1852.105090637207,1000.0,9322.179653930663
746,58877,440.43,4110.74533115,792,78,,,,,,
,59000,,,,,0.001,58782,-421.07558587646486,1527.5199930725098,1000.0,9320.66280193329
,60000,,,,,0.001,59782,-424.20552154541014,1114.196007736206,1000.0,9322.555673885345
,61000,,,,,0.001,60782,-427.2866448364258,1226.905257232666,1000.0,9322.343028926849
,62000,,,,,0.001,61782,-430.38305682373044,1269.7596611938477,1000.0,9321.101167869569
801,62877,477.75,4459.019645869999,796,78,,,,,,
,63000,,,,,0.001,62782,-429.98220837402346,1198.5390443572999,1000.0,9324.317016983032
,64000,,,,,0.001,63782,-432.94791766357423,1268.467265563965,1000.0,9321.018313121796
,65000,,,,,0.001,64782,-436.2624256591797,1253.3588178253174,1000.0,9320.88753232956
,66000,,,,,0.001,65782,-436.8376424560547,1154.5274515075685,1000.0,9320.690580558778
862,66877,514.92,4805.880085349999,800,77,,,,,,
,67000,,,,,0.001,66782,-438.86882238769533,1104.1919692077636,1000.0,9322.469067668915
,68000,,,,,0.001,67782,-441.53199951171877,1227.521973953247,1000.0,9321.168525218964
,69000,,,,,0.001,68782,-442.1435587158203,1108.0171201324463,1000.0,9321.302478790283
,70000,,,,,0.001,69782,-446.51887170410157,1154.9462057495118,1000.0,9320.54166431427
914,70877,552.01,5151.98167736,804,77,,,,,,
,71000,,,,,0.001,70782,-447.4107064819336,1049.1551102294923,1000.0,9321.19820842743
,72000,,,,,0.001,71782,-447.39395642089846,833.994275390625,1000.0,9320.429208564758
,73000,,,,,0.001,72782,-449.45854779052735,791.1663575057984,1000.0,9320.238338279723
,74000,,,,,0.001,73782,-450.93039782714845,703.5206555023193,1000.0,9320.586169815064
966,74877,589.1,5498.044539900001,808,77,,,,,,
,75000,,,,,0.001,74782,-452.51787603759766,762.217503326416,1000.0,9320.924351882935
,76000,,,,,0.001,75782,-455.5926224365234,717.6337941436767,1000.0,9321.028162193299
,77000,,,,,0.001,76782,-458.6003923950195,773.5943097839355,1000.0,9319.890706539154
,78000,,,,,0.001,77782,-459.2936599121094,766.8692688598633,1000.0,9320.080437850953
1023,78877,626.38,5845.89197415,812,77,,,,,,
,79000,,,,,0.001,78782,-461.4469829711914,843.9317431488037,1000.0,9320.184529781342
,80000,,,,,0.001,79782,-463.7095491943359,756.5708691940307,1000.0,9320.019781589508
,81000,,,,,0.001,80782,-468.6103521118164,707.5368829193116,1000.0,9317.53036737442
,82000,,,,,0.001,81782,-467.8937096557617,741.5235476989747,1000.0,9320.833861351013
1088,82877,664.01,6196.96760487,816,76,,,,,,
,83000,,,,,0.001,82782,-469.34653741455077,681.5115827636719,1000.0,9317.871685886383
,84000,,,,,0.001,83782,-471.4034943847656,653.9307934951782,1000.0,9319.082482528687
,85000,,,,,0.001,84782,-473.11392431640627,558.6667707366944,1000.0,9317.682546138763
,86000,,,,,0.001,85782,-474.90651708984376,589.2222114105225,1000.0,9320.488606452942
1153,86877,700.52,6537.553978680002,820,75,,,,,,
,87000,,,,,0.001,86782,-475.87027978515624,544.8121575164795,1000.0,9319.010197734833
,88000,,,,,0.001,87782,-477.03256768798826,613.281104232788,1000.0,9319.927501964568
,89000,,,,,0.001,88782,-478.0972323608398,693.0741305313111,1000.0,9320.991645908356
,90000,,,,,0.001,89782,-480.1846496582031,568.0570269699097,1000.0,9319.631996631622
1218,90877,728.51,6798.303696359999,824,74,,,,,,
,91000,,,,,0.001,90782,-481.9651193847656,468.2983866119385,1000.0,9319.647387504578
,92000,,,,,0.001,91782,-482.9789998779297,470.8826785888672,1000.0,9319.892847156525
,93000,,,,,0.001,92782,-487.49087609863284,400.96389347076416,1000.0,9319.973317337037
,94000,,,,,0.001,93782,-489.60245568847654,406.3562272644043,1000.0,9320.46568660736
1280,94877,755.64,7051.01461088,828,74,,,,,,
,95000,,,,,0.001,94782,-489.35166040039064,404.93245261001584,1000.0,9321.388167285919
,96000,,,,,0.001,95782,-491.2049040527344,649.4913447113037,1000.0,9319.764974975586
,97000,,,,,0.001,96782,-491.07397589111326,657.9856064376831,1000.0,9319.652701854706
,98000,,,,,0.001,97782,-493.52408673095704,698.4669881973267,1000.0,9319.818818664551
1337,98877,793.16,7401.09540478,832,73,,,,,,
,99000,,,,,0.001,98782,-493.8128916625977,622.7161306991577,1000.0,9320.507917118073
,100000,,,,,0.001,99782,-495.5648831176758,556.8291606445313,1000.0,9320.434639835357
,101000,,,,,0.001,100782,-497.076385925293,609.5369125366211,1000.0,9321.145596504211
,102000,,,,,0.001,101782,-497.72688708496094,746.0586822509765,1000.0,9321.570021724701
1384,102877,830.3,7747.64966947,836,74,,,,,,
,103000,,,,,0.001,102782,-499.0637354125977,714.3016893463134,1000.0,9317.334760475158
,104000,,,,,0.001,103782,-500.46412829589843,556.113882358551,1000.0,9321.080740165711
,105000,,,,,0.001,104782,-501.11473779296875,606.6033526992798,1000.0,9320.170682907104
,106000,,,,,0.001,105782,-504.00792181396486,765.5255447998047,1000.0,9319.18102197647
1429,106877,865.66,8077.48914806,840,74,,,,,,
,107000,,,,,0.001,106782,-503.6212490234375,705.202454170227,1000.0,9320.383012008668
,108000,,,,,0.001,107782,-503.66778259277345,623.1479315032959,1000.0,9320.82034072876
,109000,,,,,0.001,108782,-504.75599981689453,863.2253201980591,1000.0,9321.13208618164
,110000,,,,,0.001,109782,-505.2318735961914,693.9122747955322,1000.0,9320.855652713775
1472,110877,902.14,8417.85700618,844,75,,,,,,
,111000,,,,,0.001,110782,-505.3785746459961,708.8079587249756,1000.0,9320.233056545258
,112000,,,,,0.001,111782,-506.1707277832031,607.8047733383179,1000.0,9320.382398414611
,113000,,,,,0.001,112782,-508.63446722412107,476.1445108795166,1000.0,9318.922007274628
,114000,,,,,0.001,113782,-510.2648361206055,399.7491975135803,1000.0,9320.961222553253
1517,114877,938.89,8760.7326289,848,75,,,,,,
,115000,,,,,0.001,114782,-511.52631011962893,330.4351527137756,1000.0,9320.762389278412
,116000,,,,,0.001,115782,-512.3800376586914,384.4660066604614,1000.0,9318.696302032471
,117000,,,,,0.001,116782,-511.94955145263674,366.8125725288391,1000.0,9318.296023845673
,118000,,,,,0.001,117782,-513.8020643310547,406.7356880340576,1000.0,9318.55465555191
1563,118877,955.78,8917.43622433,852,76,,,,,,
,119000,,,,,0.001,118782,-513.8573151855469,440.4800374069214,1000.0,9316.527973842622
,120000,,,,,0.001,119782,-515.4144935913085,467.505373134613,1000.0,9317.280778694152
,121000,,,,,0.001,120845,-515.1465444257183,652.4695722791884,1000.0,9318.535804653167
1600,121940,946.41,8828.3174454,856,76,,,,,,
,122000,,,,,0.001,121845,-516.1075800170898,826.4232169189453,1000.0,9317.852788448334
,123000,,,,,0.001,122845,-517.1089597167969,787.6321660537719,1000.0,9319.900312805175
,124000,,,,,0.001,123845,-520.6922435913086,352.2137678565979,1000.0,9319.750863647461
,125000,,,,,0.001,124845,-522.3323994750976,254.46873643493652,1000.0,9320.408167934418
1649,125940,946.41,8826.726289440001,860,76,,,,,,
,126000,,,,,0.001,125845,-524.8707852783203,203.61464392471314,65.9,602.8951177120209
,127000,,,,,0.001,125914,-528.0331760951451,208.54305333676547,1000.0,9319.070705127717
,128000,,,,,0.001,126914,-525.2057715454101,216.41338436317443,1000.0,9318.161410236358
,129000,,,,,0.001,127914,-526.9837673950195,222.05398890686035,282.9,2627.2945751070974
1684,129009,953.9,8895.712470050003,864,76,,,,,,
,130000,,,,,0.001,128914,-529.0626533203125,287.365864074707,1000.0,9320.983475494384
,131000,,,,,0.001,129914,-530.2785767822265,259.8895262031555,1000.0,9319.980686283112
,132000,,,,,0.001,130914,-531.4171245727539,291.77399647903445,1000.0,9320.907466506958
,133000,,,,,0.001,131914,-533.7801986083985,333.93656158828736,1000.0,9319.772119140625
1730,133009,963.28,8982.06158313,868,76,,,,,,
,134000,,,,,0.001,132914,-536.489111694336,441.1854077529907,1000.0,9319.952164173126
,135000,,,,,0.001,134881,-538.6284547414839,573.0842430169974,1000.0,9318.323280048371
,136000,,,,,0.001,135881,-539.7142653198242,718.3123642425537,1000.0,9320.02963924408
1772,136976,971.46,9057.00451904,872,77,,,,,,
,137000,,,,,0.001,136881,-540.8384038085937,545.9875051193237,1000.0,9320.040264129639
,138000,,,,,0.001,137881,-541.9319049682617,417.9187904586792,1000.0,9320.243147659301
,139000,,,,,0.001,138881,-540.7219050292969,653.49277809906,1000.0,9319.428777217865
,140000,,,,,0.001,139881,-540.9131682128906,702.5692677688598,1000.0,9317.344456195831
1815,140976,980.99,9144.71780944,876,77,,,,,,
,141000,,,,,0.001,140881,-541.4995578613281,471.8629995040894,1000.0,9317.562222957611
,142000,,,,,0.001,141881,-542.0423187255859,352.3561627731323,1000.0,9318.22542924881
,143000,,,,,0.001,142881,-542.924298828125,335.1785103263855,149.7,1384.6133115172386
,144000,,,,,0.001,142956,-541.9079421193976,364.6884009806315,1000.0,9319.963066768647
1852,144051,971.74,9056.899118809999,880,77,,,,,,
,145000,,,,,0.001,143956,-542.8704998168945,340.6949163093567,1000.0,9318.020466899872
,146000,,,,,0.001,144956,-543.3167084350586,421.6515562324524,1000.0,9316.755543136596
,147000,,,,,0.001,145956,-542.7031624145508,473.8208177719116,1000.0,9316.62775850296
,148000,,,,,0.001,146956,-541.6305478515625,421.73596171569824,1000.0,9312.790818786621
1901,148051,971.74,9056.212020900002,884,77,,,,,,
,149000,,,,,0.001,147956,-539.1020829467774,587.2754532165527,1000.0,9318.904565525056
,150000,,,,,0.001,149829,-536.9943709767193,560.0327880352496,1000.0,9317.651881313324
,151000,,,,,0.001,150829,-536.1782103271485,437.8734906311035,1000.0,9319.937406539917
1943,151924,970.47,9044.07533945,888,78,,,,,,
,152000,,,,,0.001,151829,-532.8882112426758,1449.2454561538696,1000.0,9319.634598731995
,153000,,,,,0.001,152876,-533.2651799519857,1037.6084627192072,1000.0,9321.295461940765
,154000,,,,,0.001,153876,-530.766562866211,789.3604394454956,1000.0,9320.136909198762
1979,154971,960.94,8954.94522291,892,78,,,,,,
,155000,,,,,0.001,154876,-528.8861585083008,640.0949859771729,908.5,8460.616002058983
,156000,,,,,0.001,154933,-531.7487357003348,579.0735978243644,1000.0,9317.636503601074
,157000,,,,,0.001,155933,-527.366387512207,708.2181742477417,1000.0,9320.131886863708
,158000,,,,,0.001,156933,-524.9754208374023,850.5295037460327,1000.0,9319.656687641143
2018,158028,951.51,8866.84610203,896,78,,,,,,
,159000,,,,,0.001,157933,-523.8389149780273,864.8328939971924,1000.0,9318.596378898621
,160000,,,,,0.001,159014,-522.4096940203411,862.9023991337529,1000.0,9317.18754310608
,161000,,,,,0.001,160014,-520.3018573608398,824.1805513687134,1000.0,9317.962952041626
2052,161109,942.32,8780.950059190001,900,78,,,,,,
,162000,,,,,0.001,161200,-517.8743626521184,791.6315648005559,1000.0,9317.084642219543
,163000,,,,,0.001,162200,-516.0409789428711,525.826426109314,1000.0,9317.002261161804
2076,163295,924.18,8611.529741409999,904,78,,,,,,
,164000,,,,,0.001,163200,-514.9824412841797,407.1534389801025,1000.0,9315.846615695953
,165000,,,,,0.001,164200,-512.8016813964844,510.29130948638914,1000.0,9318.246897029876
,166000,,,,,0.001,165200,-510.5502579956055,650.1945054626465,1000.0,9317.201762771607
,167000,,,,,0.001,166200,-507.2060042724609,602.6378036270141,1000.0,9320.365999698639
2123,167295,924.18,8611.423453160001,908,78,,,,,,
,168000,,,,,0.001,167287,-505.0558649107467,635.7370808919271,1000.0,9320.259815216064
,169000,,,,,0.001,168287,-503.1729384765625,647.6980186614991,1000.0,9320.097735595704
,170000,,,,,0.001,169287,-501.1265880737305,597.2619335174561,1000.0,9319.414084339141
2159,170382,915.05,8526.189947850002,912,78,,,,,,
,171000,,,,,0.001,170287,-499.7867963867188,516.0244375152588,1000.0,9320.040979862213
,172000,,,,,0.001,171287,-497.1863143310547,544.7190667800903,1000.0,9319.29279718399
,173000,,,,,0.001,172287,-493.5386078491211,599.9424926834106,1000.0,9319.445366764068
,174000,,,,,0.001,173287,-490.9981973876953,521.5641383056641,1000.0,9319.01060476303
2207,174382,915.05,8526.18250925,916,78,,,,,,
,175000,,,,,0.001,174287,-488.2248441772461,514.3387388763427,1000.0,9319.51022567749
,176000,,,,,0.001,175287,-485.3816231079102,529.607060256958,1000.0,9319.287680816651
,177000,,,,,0.001,176287,-483.4751483154297,582.9842989044189,1000.0,9320.221678829193
,178000,,,,,0.001,177287,-481.70896887207033,565.409474105835,1000.0,9320.011168289184
2254,178382,915.05,8526.20857793,920,79,,,,,,
,179000,,,,,0.001,178287,-478.38762268066404,1243.8699877319336,1000.0,9317.919309711457
,180000,,,,,0.001,179287,-474.21622631835936,1462.9651758117675,1000.0,9316.647868919372
,181000,,,,,0.001,180303,-470.5786895751953,1955.685043334961,1000.0,9316.766630363465
2290,181398,905.21,8434.30218115,924,79,,,,,,
,182000,,,,,0.001,181303,-464.6302237548828,1506.915365737915,1000.0,9318.401539134979
,183000,,,,,0.001,182303,-465.2592979125977,1189.8194763336182,1000.0,9317.900690174103
,184000,,,,,0.001,183303,-462.26873547363283,1521.4457129974364,1000.0,9318.713397312164
,185000,,,,,0.001,184303,-462.35829095458985,1012.398756767273,1000.0,9317.482623195649
2338,185398,905.21,8434.22295041,928,79,,,,,,
,186000,,,,,0.001,185303,-461.209791015625,871.2082900161743,1000.0,9316.19512577057
,187000,,,,,0.001,186385,-457.90063550995615,903.7540716776034,1000.0,9314.846152687072
,188000,,,,,0.001,187385,-458.21239782714844,1015.0868511199951,1000.0,9315.987622737885
2375,188480,896.03,8348.40060978,932,79,,,,,,
,189000,,,,,0.001,188385,-456.19645050048825,963.8652865753173,1000.0,9319.635725879669
,190000,,,,,0.001,189385,-455.417762878418,1057.4824904937743,1000.0,9318.291936016083
,191000,,,,,0.001,190385,-455.01116619873045,839.9701498794556,1000.0,9317.337767219544
,192000,,,,,0.001,191385,-454.65987518310544,834.1641917190552,1000.0,9317.952559280395
2422,192480,896.03,8348.31197465,936,79,,,,,,
,193000,,,,,0.001,192385,-454.3942816772461,1133.1795139236451,1000.0,9316.415596103669
,194000,,,,,0.001,193385,-454.2821472167969,1175.6694519958496,1000.0,9309.210632228851
,195000,,,,,0.001,194385,-451.6118197021484,1082.0331514587401,906.3,8442.922662067413
,196000,,,,,0.001,195385,-452.0341287841797,841.0815299224854,1000.0,9319.117190361023
2469,196480,896.03,8348.147599380001,940,79,,,,,,
,197000,,,,,0.001,196385,-453.21243280029296,813.5672398834229,1000.0,9318.548834228515
,198000,,,,,0.001,197385,-452.80459796142577,1097.8453025665283,1000.0,9319.524022006988
,199000,,,,,0.001,198385,-451.08453771972654,1307.8266339569093,1000.0,9318.867843914031
,200000,,,,,0.001,199385,-450.5284797973633,990.512421913147,527.3,4907.210574007035
2515,200480,896.03,8348.0460234,944,79,,,,,,
,201000,,,,,0.001,200385,-450.8768677368164,474.9125259475708,1000.0,9319.248159217834
,202000,,,,,0.001,201385,-450.66933026123047,540.9810344161988,1000.0,9319.833598327637
,203000,,,,,0.001,202385,-450.3104672851563,603.2557498550415,1000.0,9316.673722362519
,204000,,,,,0.001,203385,-449.76179296875,513.694757446289,1000.0,9316.497888469696
2565,204480,896.03,8347.95314177,948,79,,,,,,
,205000,,,,,0.001,204385,-450.97027331542967,454.52475838470457,1000.0,9315.903592014312
,206000,,,,,0.001,205385,-450.3861107788086,445.19191122436524,1000.0,9319.016165542602
,207000,,,,,0.001,206385,-451.30454272460935,470.18151847839357,1000.0,9319.488862609864
,208000,,,,,0.001,207385,-452.3005520019531,462.4857281341553,1000.0,9319.750914096832
2613,208480,896.03,8347.93791517,952,79,,,,,,
,209000,,,,,0.001,208385,-452.56330206298827,443.10950020217894,1000.0,9319.3016787529
,210000,,,,,0.001,209385,-453.77398309326173,449.52382219696045,1000.0,9318.911300849915
,211000,,,,,0.001,210385,-454.71623608398437,433.8084850616455,1000.0,9320.083658313752
,212000,,,,,0.001,211385,-454.8337794189453,539.4613945007325,1000.0,9318.152633666992
2660,212480,905.4,8435.4601974,956,79,,,,,,
,213000,,,,,0.001,212385,-456.02765240478516,483.7878463897705,1000.0,9319.78961277008
,214000,,,,,0.001,213385,-455.78371044921874,456.6154836044312,1000.0,9319.865461158752
,215000,,,,,0.001,214385,-455.9298563232422,372.95604597091676,1000.0,9319.86303434372
,216000,,,,,0.001,215385,-456.1909588623047,476.39997650909424,1000.0,9319.83471069336
2708,216480,905.4,8435.475022429997,960,79,,,,,,
,217000,,,,,0.001,216385,-455.3098497314453,443.1770107498169,1000.0,9319.219766807557
,218000,,,,,0.001,217385,-455.5590587158203,677.4027288742066,1000.0,9319.35838022232
,219000,,,,,0.001,218385,-454.90854791259767,853.881744392395,1000.0,9308.137971687316
,220000,,,,,0.001,219385,-454.0287908325195,931.6900338439941,1000.0,9316.529032516479
2752,220480,914.71,8522.23159892,964,80,,,,,,
,221000,,,,,0.001,220385,-452.25198614501954,992.9347442779541,1000.0,9319.417511844635
,222000,,,,,0.001,221385,-452.0987696533203,825.8133036880494,1000.0,9318.361777877808
,223000,,,,,0.001,222385,-451.8558748168945,717.8763563079834,1000.0,9318.909807491302
,224000,,,,,0.001,223385,-454.19937982177737,570.2197043838501,1000.0,9319.996320915223
2802,224480,914.71,8522.17444965,968,80,,,,,,
,225000,,,,,0.001,224385,-454.03863610839846,608.1918860855103,1000.0,9319.734583187103
,226000,,,,,0.001,225385,-454.6080308227539,634.319421180725,1000.0,9319.628377914429
,227000,,,,,0.001,226385,-455.41967456054687,610.1720732192994,1000.0,9314.569717025757
,228000,,,,,0.001,227385,-457.31127990722655,532.6701923484802,1000.0,9319.50512151718
2849,228480,915.04,8525.359792689998,972,80,,,,,,
,229000,,,,,0.001,228449,-459.82429122924805,416.02444410324097,1000.0,9317.488992786408
,230000,,,,,0.001,229449,-460.26248028564453,557.1123500862121,1000.0,9318.12725019455
,231000,,,,,0.001,230449,-462.2487925415039,429.3786201896668,1000.0,9317.615409374237
2886,231544,905.68,8437.97634793,976,80,,,,,,
,232000,,,,,0.001,231449,-462.9346323852539,504.0706477851868,1000.0,9318.757381343841
,233000,,,,,0.001,232449,-465.5080464477539,564.5376037063598,1000.0,9319.194238567352
,234000,,,,,0.001,233449,-467.0976989746094,383.71726543426513,1000.0,9318.611545181275
,235000,,,,,0.001,234449,-468.79774334716797,438.80588536071775,1000.0,9317.189611530304
2937,235544,914.93,8524.28595506,980,80,,,,,,
,236000,,,,,0.001,235449,-470.0142252807617,610.7890070762634,1000.0,9316.080172538757
,237000,,,,,0.001,236449,-469.85869964599607,762.769894241333,1000.0,9316.198558425904
,238000,,,,,0.001,237449,-471.36223974609373,414.5929927520752,1000.0,9315.672614955902
,239000,,,,,0.001,238449,-471.62505145263674,773.7356980514527,1000.0,9315.554350185394
2986,239544,914.93,8524.27432045,984,80,,,,,,
,240000,,,,,0.001,239449,-469.11807104492186,1480.9009097900391,1000.0,9315.761435699464
,241000,,,,,0.001,240449,-469.04506640625,973.0227045822144,1000.0,9318.454237937927
,242000,,,,,0.001,241449,-469.3030314941406,741.3072857818604,1000.0,9314.510413837434
,243000,,,,,0.001,242449,-470.38791229248045,740.2266564407348,1000.0,9323.963544750213
3032,243544,916.2,8536.2212389,988,80,,,,,,
,244000,,,,,0.001,243449,-471.60484338378905,678.5132305679322,1000.0,9318.870587444306
,245000,,,,,0.001,244608,-472.909460119299,732.8359424487965,1000.0,9322.244932746888
3058,245703,907.32,8453.35181978,992,80,,,,,,
,246000,,,,,0.001,245675,-475.2137293960109,625.2567746746006,1000.0,9318.97374868393
,247000,,,,,0.001,246675,-475.5792364501953,514.6255150680543,1000.0,9316.471544265747
,248000,,,,,0.001,247675,-477.81520343017576,513.1642505111695,1000.0,9318.320129585267
3097,248770,907.42,8454.24715546,996,80,,,,,,
,249000,,,,,0.001,248675,-479.9833139038086,442.6959289703369,1000.0,9322.163531589507
,250000,,,,,0.001,249675,-481.2844232788086,509.0768197441101,1000.0,9317.895894432068
,251000,,,,,0.001,250675,-483.67585107421877,593.2805576782226,1000.0,9317.175202846527
,252000,,,,,0.001,251675,-483.82835333251955,835.4826360702515,1000.0,9315.047804832458
3144,252770,916.61,8540.00178098,1000,80,,,,,,
,253000,,,,,0.001,252675,-483.0996798095703,903.0712163619995,1000.0,9317.858878993988
,254000,,,,,0.001,253675,-483.1747607421875,834.6843021621704,1000.0,9315.497885513305
,255000,,,,,0.001,254675,-485.03895245361326,934.0011031265259,1000.0,9316.101844024659
,256000,,,,,0.001,255675,-482.97137310791015,1299.973495979309,1000.0,9316.383123111726
3193,256770,934.75,8709.225323319999,1004,80,,,,,,
,257000,,,,,0.001,256675,-479.90634790039064,1515.8220299072266,1000.0,9314.8230178833
,258000,,,,,0.001,257675,-480.5729724121094,956.5974284896851,1000.0,9318.50558719635
,259000,,,,,0.001,258675,-483.08437689208984,619.1891251335144,1000.0,9322.305689048768
,260000,,,,,0.001,259675,-483.24394799804685,640.3815013427734,1000.0,9317.073812484741
3245,260770,934.75,8709.23999647,1008,80,,,,,,
,261000,,,,,0.001,260675,-483.34785455322265,624.9735229568481,1000.0,9318.728963947297
,262000,,,,,0.001,261675,-485.0151233520508,518.5281949653626,1000.0,9318.820415973663
,263000,,,,,0.001,262675,-487.3077340698242,595.4805727233887,1000.0,9315.998633766174
,264000,,,,,0.001,263675,-485.8017913818359,1304.5068418807984,1000.0,9314.88771724701
3290,264770,943.88,8794.3360073,1012,80,,,,,,
,265000,,,,,0.001,264783,-487.15319880732784,958.0678261650933,907.0,8447.838531506062
,266000,,,,,0.001,265783,-485.55458123779295,1140.4288162384032,1000.0,9316.401298332214
3324,266966,925.84,8625.914145100001,1016,80,0.001,266783,-486.3291812133789,1249.416673347473,,
,267000,,,,,0.001,266871,-485.4339176524769,1229.0649871826172,88.1,809.5475611805916
,268000,,,,,0.001,266968,-487.2007527254066,1223.452073873933,1000.0,9317.454699611664
,269000,,,,,0.001,268057,-487.9362432306463,472.215996560086,1000.0,9315.510896778107
3342,269152,907.7,8456.55226349,1020,80,,,,,,
,270000,,,,,0.001,269057,-492.1893784790039,460.04812546539307,1000.0,9316.225776290894
,271000,,,,,0.001,270057,-493.9888447265625,460.5959539718628,1000.0,9319.261586952209
,272000,,,,,0.001,271057,-496.0152398071289,476.1086357688904,1000.0,9315.16022157669
3386,272224,908.26,8461.763223290001,1024,80,0.001,272057,-496.73304168701173,690.6581516036987,,
,273000,,,,,0.001,272129,-498.5470021565755,614.9729915195041,1000.0,9318.113885498047
,274000,,,,,0.001,273129,-497.88802239990235,688.4420639724732,1000.0,9317.941537761688
,275000,,,,,0.001,274129,-499.41702282714846,634.3933227386475,1000.0,9316.680139446258
,276000,,,,,0.001,275129,-498.4072388305664,1150.74403956604,1000.0,9313.936572265626
3426,276224,908.26,8461.71794621,1028,80,,,,,,
,277000,,,,,0.001,276129,-495.34422943115237,1453.1063423767089,1000.0,9316.253113555907
,278000,,,,,0.001,277129,-495.8370971069336,688.3061846084595,1000.0,9322.75899333954
,279000,,,,,0.001,278129,-494.080619140625,691.1678685073853,1000.0,9320.076501750946
,280000,,,,,0.001,279129,-492.2612401123047,819.8959717407226,1000.0,9316.166768836974
3474,280224,917.44,8547.481793829998,1032,80,,,,,,
,281000,,,,,0.001,280129,-491.6774479370117,531.9414815292358,1000.0,9321.891645240783
,282000,,,,,0.001,281129,-490.80003845214844,627.9535424880982,1000.0,9317.457398796081
,283000,,,,,0.001,282129,-490.6563517456055,748.3469952316284,1000.0,9316.778403949738
,284000,,,,,0.001,283129,-490.607668762207,881.0905205841065,1000.0,9319.637925910949
3522,284224,917.44,8547.49072763,1036,80,,,,,,
,285000,,,,,0.001,284129,-489.75863116455076,952.8936724243164,1000.0,9318.208491134643
,286000,,,,,0.001,285129,-489.39192010498044,690.2189947891235,1000.0,9319.353951072693
,287000,,,,,0.001,286129,-491.2330532226562,479.4890785522461,1000.0,9323.312399482727
,288000,,,,,0.001,287129,-491.9355522460938,414.6060521736145,1000.0,9318.653245830536
3569,288224,917.44,8547.67261236,1040,80,,,,,,
,289000,,,,,0.001,288129,-492.75440515136717,432.0345137367249,1000.0,9318.93346271515
,290000,,,,,0.001,289129,-493.9146504516602,457.90447302246093,1000.0,9319.661154270172
,291000,,,,,0.001,290129,-495.0376709594727,525.4618478851319,1000.0,9319.42007932663
,292000,,,,,0.001,291129,-495.77642614746094,478.44966358184814,1000.0,9320.509013271332
3614,292224,917.44,8547.72262427,1044,80,,,,,,
,293000,,,,,0.001,292129,-497.3673091430664,427.8554107894897,1000.0,9316.413871479035
,294000,,,,,0.001,293129,-498.68654333496096,490.4559288635254,1000.0,9319.406513690948
,295000,,,,,0.001,294129,-499.5677749633789,475.71643994903565,1000.0,9321.573363399506
,296000,,,,,0.001,295129,-498.6603598022461,815.4944125366211,1000.0,9318.581724452972
3660,296224,917.44,8547.770862409998,1048,80,,,,,,
,297000,,,,,0.001,296129,-497.69671868896484,893.0775734405518,1000.0,9318.18639202118
,298000,,,,,0.001,297129,-496.1709290161133,1102.4470731658935,1000.0,9320.125718021392
,299000,,,,,0.001,298129,-499.22089739990236,396.0734705238342,1000.0,9322.529014396667
,300000,,,,,0.001,299129,-504.14522528076174,570.6021681060791,1000.0,9333.758646202088
3706,300224,917.44,8547.96357402,1052,80,,,,,,
,301000,,,,,0.001,300129,-501.7521218261719,1166.0683337402343,1000.0,9332.933586311341
,302000,,,,,0.001,301836,-487.1641136169434,2723.993023182611,149.2,1379.585384976864
3732,302103,896.23,8350.09850083,1056,80,,,,,,
,303000,,,,,0.001,302008,-483.2664386837981,2659.8508730156477,631.0,5877.239943134785
,304000,,,,,0.001,303008,-483.4592151489258,2410.5028461151123,1000.0,9319.306365680695
,305000,,,,,0.001,304008,-481.4538092651367,2425.803339263916,1000.0,9322.029161930084
,306000,,,,,0.001,305008,-483.28779852294923,1520.376974472046,1000.0,9332.25257949829
3769,306103,896.23,8350.28444893,1060,81,,,,,,
,307000,,,,,0.001,306008,-488.14335266113284,409.9649431762695,1000.0,9337.58050994873
,308000,,,,,0.001,307008,-493.112111328125,269.0723275566101,1000.0,9337.651185226441
3801,308211,877.31,8174.235361629999,1064,81,0.001,308051,-494.44104149228053,1159.6768582366233,,
3803,308497,840.17,7827.5818043300005,1068,81,0.001,308335,-492.89447725736176,1563.322135925293,,
3805,308751,802.71,7478.057353149999,1072,81,0.001,308600,-490.61484375,1674.459036718441,,
,309000,,,,,0.001,308845,-491.0423938648121,2050.1539166424727,120.5,1110.180544412136
3808,309143,775.99,7228.704523110001,1076,81,,,,,,
,310000,,,,,0.001,309720,-487.57681952582465,2906.9080097327073,1000.0,9317.449754619598
3818,310815,752.71,7011.404319230001,1080,81,,,,,,
,311000,,,,,0.001,310805,-487.215816679455,2269.825316664752,1000.0,9315.758576965332
,312000,,,,,0.001,311805,-485.5827041015625,1941.4197813110352,1000.0,9318.005512332917
,313000,,,,,0.001,312805,-481.4111725463867,2356.6884837646485,1000.0,9319.750691509247
3855,313900,743.56,6926.158741940001,1084,81,,,,,,
,314000,,,,,0.001,313805,-475.01707971191405,2562.840928527832,1000.0,9330.997083377839
,315000,,,,,0.001,314805,-471.2000076904297,2135.9712400512694,842.0,7850.012744045258
,316000,,,,,0.001,315805,-467.9414945678711,2417.324475708008,88.6,814.2758069872856
3887,316093,725.49,6757.779405730002,1088,81,0.001,315923,-462.0838385113215,2373.892133292505,,
3890,316533,708.3,6597.335963420001,1092,81,0.001,316330,-460.71360778808594,2398.3791545286017,,
,317000,,,,,0.001,316490,-457.08287048339844,2472.4665093055137,611.2,5690.523340380192
3902,317724,689.54,6422.35356228,1096,81,0.001,317564,-446.1622479413007,3106.269549395587,,
,318000,,,,,0.001,317856,-444.43730024857956,2955.90693962711,78.5,719.9605367779732
3905,318111,653.41,6085.25049842,1100,81,0.001,317941,-443.1873343331473,3027.3462093577664,,
3908,318416,616.46,5740.557521149999,1104,81,0.001,318271,-440.98810564007675,3340.629891304348,,
3910,318743,579.73,5397.837484739999,1108,81,0.001,318568,-440.7726892541956,3770.6372652142963,,
,319000,,,,,0.001,318793,-439.0675028483073,3340.2162353515623,115.0,1060.1092373728752
3914,319222,544.52,5069.30440334,1112,81,0.001,318921,-438.61283349990845,3336.832661151886,,
3917,319864,528.98,4924.322742709999,1116,81,0.001,319329,-435.27489336799175,3988.946703742532,,
,320000,,,,,0.001,319831,-433.91332712481096,4400.356592978201,94.6,869.8595204353333
,321000,,,,,0.001,320012,-432.7511622837612,4099.933396693638,903.7,8420.396653199195
3926,321107,519.55,4836.37393102,1120,81,,,,,,
,322000,,,,,0.001,321188,-424.1007721640847,3292.9044567454944,1000.0,9326.522941970825
,323000,,,,,0.001,322188,-422.45912005615236,2814.936171569824,1000.0,9315.154103374482
,324000,,,,,0.001,323188,-422.3458800048828,2267.3634966430664,1000.0,9315.992087936402
3963,324283,520.59,4846.134277249999,1124,81,,,,,,
,325000,,,,,0.001,324272,-426.88223339262464,1647.633058820452,1000.0,9329.26105747223
,326000,,,,,0.001,325272,-426.3543140258789,1918.3993517608642,1000.0,9317.010857009887
,327000,,,,,0.001,326272,-425.1116820678711,2005.1234771118163,1000.0,9316.980859184265
3998,327367,511.43,4760.78020155,1128,81,,,,,,
,328000,,,,,0.001,327272,-432.63555047607423,1544.2999650421143,1000.0,9315.997747612
,329000,,,,,0.001,328272,-436.2120001220703,1552.3693030700683,1000.0,9316.715673351287
,330000,,,,,0.001,329272,-433.4389821166992,2220.648289642334,1000.0,9316.098713874817
,331000,,,,,0.001,330272,-431.24200415039064,2446.863696411133,1000.0,9314.936222743989
4048,331367,511.43,4760.66395118,1132,81,,,,,,
,332000,,,,,0.001,331272,-430.2029627685547,1965.8154938354492,1000.0,9314.465675067902
,333000,,,,,0.001,332272,-431.1408541870117,1364.5067600708007,1000.0,9315.753809833526
,334000,,,,,0.001,333272,-433.12531970214843,1264.4124138793945,1000.0,9314.904811668395
,335000,,,,,0.001,334272,-433.4491363525391,1345.5054531707763,1000.0,9314.342967510223
4094,335367,511.43,4760.50288205,1136,81,,,,,,
,336000,,,,,0.001,335272,-432.9036117553711,1722.7587964172362,1000.0,9315.58205947876
,337000,,,,,0.001,336272,-432.45042022705076,2281.1970223693847,1000.0,9314.527838993072
,338000,,,,,0.001,337272,-437.6379576416016,1936.0151412506104,1000.0,9318.45100736618
,339000,,,,,0.001,338272,-442.9973604736328,1578.7973334960936,1000.0,9319.345733833314
4140,339367,511.43,4760.39242113,1140,81,,,,,,
,340000,,,,,0.001,339272,-441.72896813964843,2102.2148377990725,1000.0,9315.591940021515
,341000,,,,,0.001,340362,-431.2478217230903,2418.0728908962674,1000.0,9314.340418052674
4173,341548,493.24,4590.55102593,1144,81,0.001,341362,-431.26695178222656,1874.691519454956,,
,342000,,,,,0.001,341453,-434.0042195638021,1391.5786897428743,1000.0,9312.836026191711
,343000,,,,,0.001,342583,-429.7163114107572,1768.9197202242337,1000.0,9314.018827342987
,344000,,,,,0.001,343583,-430.4030986328125,1644.1263957366943,1000.0,9317.27885274887
4202,344678,484.54,4509.22342286,1148,82,,,,,,
,345000,,,,,0.001,344666,-431.86680385044644,1170.278910441571,1000.0,9313.050402832032
,346000,,,,,0.001,345755,-428.8045508644798,1545.1403966325054,1000.0,9313.373312473297
4229,346850,466.26,4338.34653231,1152,82,,,,,,
,347000,,,,,0.001,346755,-428.10798150634764,1477.5083612823487,1000.0,9313.766226196289
,348000,,,,,0.001,347849,-425.2983872433926,2250.9257771918114,85.9,789.2845960497856
,349000,,,,,0.001,347929,-422.9868362426758,2345.9822341918943,1000.0,9317.480855178834
4255,349024,469.21,4365.72655289,1156,82,,,,,,
,350000,,,,,0.001,349045,-419.3194310114934,2310.0093752303214,1000.0,9314.273027706146
4276,350379,442.76,4118.631801590001,1160,81,0.001,350045,-412.34586730957034,3416.0161735229494,,
,351000,,,,,0.001,350284,-409.66015167236327,3119.9297366601154,1000.0,9312.897936820984
,352000,,,,,0.001,351284,-405.22253924560545,2658.0204637146,1000.0,9317.50868358612
,353000,,,,,0.001,352356,-400.46160380045575,3283.6253679063584,1000.0,9315.49092502594
4306,353451,452.4,4208.102922460001,1164,82,,,,,,
,354000,,,,,0.001,353356,-400.8463994140625,2324.814696029663,1000.0,9318.448398590088
,355000,,,,,0.001,354356,-399.01471875,2159.0372543029785,910.4,8477.923435533046
,356000,,,,,0.001,355356,-394.75692962646485,2208.621917526245,1000.0,9314.722265625
,357000,,,,,0.001,356356,-395.2734027709961,1449.7465592041015,1000.0,9314.28965177536
4353,357451,489.54,4554.619842669999,1168,82,,,,,,
,358000,,,,,0.001,357356,-396.30735723876955,1460.571860244751,1000.0,9316.04913816452
,359000,,,,,0.001,358356,-398.0524605102539,1252.5496341247558,1000.0,9314.239316558838
4386,359593,508.42,4730.70780777,1172,81,0.001,359430,-394.0512076712943,2271.0788539164773,,
,360000,,,,,0.001,359578,-395.4902488708496,2096.0403396606443,1000.0,9314.279352092743
4400,360815,516.72,4808.17300764,1176,82,0.001,360649,-394.20419921875,2144.197626678037,,
,361000,,,,,0.001,360789,-394.7240044088925,1755.3651804163835,1000.0,9312.959446334839
,362000,,,,,0.001,361789,-391.2220961303711,2171.1784413757323,1000.0,9316.089291477203
,363000,,,,,0.001,362789,-387.08458618164065,2167.604993560791,1000.0,9313.73005552292
4429,363884,530.69,4938.4772393700005,1180,82,,,,,,
,364000,,,,,0.001,363872,-385.99791826520647,2357.70409494423,1000.0,9320.89831647873
,365000,,,,,0.001,364872,-382.27123217773436,2754.1063491821287,1000.0,9316.802587509155
,366000,,,,,0.001,365872,-377.182525390625,2906.651461029053,92.0,845.6707450151443
4462,366057,521.57,4853.363457719999,1184,82,,,,,,
,367000,,,,,0.001,366094,-373.5626414905895,2974.2227773955374,1000.0,9313.99359331131
,368000,,,,,0.001,367094,-378.53417791748046,2235.812722442627,1000.0,9311.588899993896
4489,368296,522.03,4857.32096071,1188,82,0.001,368094,-379.37845080566404,2107.284610626221,,
,369000,,,,,0.001,368201,-380.2851199743883,2054.744853652526,911.4,8488.057145762443
,370000,,,,,0.001,369201,-377.0399928588867,2018.396934753418,1000.0,9313.661378097535
4514,370464,539.31,5018.47308381,1192,82,0.001,370306,-362.9377602631191,2951.6230596633186,,
,371000,,,,,0.001,370530,-362.28544049944196,3032.00552280971,1000.0,9313.673810195924
4527,371709,539.85,5023.41574795,1196,82,0.001,371530,-358.1241611328125,2981.4962072753906,,
,372000,,,,,0.001,371879,-355.85011167783995,2655.9288997395834,1000.0,9315.654109287261
4535,372974,548.63,5105.301908819999,1200,82,,,,,,
,373000,,,,,0.001,372879,-355.75684326171876,2494.222893798828,1000.0,9314.503520870208
,374000,,,,,0.001,373879,-357.94933251953125,2847.5013903808594,72.9,667.754032933712
4556,374305,558.89,5200.98798634,1204,82,0.001,374141,-354.24449366519326,2894.025427373916,,
,375000,,,,,0.001,374288,-356.59478368514624,2812.9964435283955,1000.0,9312.83216161728
,376000,,,,,0.001,375381,-361.7488648787789,2631.9498507591984,1000.0,9322.878979206085
4575,376476,577.33,5373.046955060001,1208,82,,,,,,
,377000,,,,,0.001,376576,-362.8523653897372,2338.30068409771,1000.0,9314.158718204499
4597,377790,585.68,5450.962025180001,1212,82,0.001,377576,-364.11786920166014,2168.662352996826,,
,378000,,,,,0.001,377695,-365.40904623775157,1964.9110086905855,1000.0,9314.564097118378
,379000,,,,,0.001,378695,-364.7615599975586,1892.5140128479004,1000.0,9313.441172409057
,380000,,,,,0.001,379784,-363.9991522894965,2126.2625811287526,1000.0,9313.380308914184
4626,380879,610.15,5679.197508740001,1216,82,,,,,,
,381000,,,,,0.001,380859,-363.7758690086571,2266.1694392903646,78.6,720.8768956899643
,382000,,,,,0.001,380943,-363.51041448683964,2167.927101135254,500.2,4656.3978073120115
4645,382126,610.19,5679.65616877,1220,82,0.001,381943,-365.23046557617187,1941.0840947265624,,
4647,382464,581.81,5414.85368149,1224,82,0.001,382283,-368.9060406352198,1635.7080557180007,,
,383000,,,,,0.001,382439,-374.782808140346,1549.1569253104074,1000.0,9331.672527694702
,384000,,,,,0.001,383439,-372.5462423095703,1906.4354766540528,1000.0,9314.623667907716
4671,384632,572.65,5329.423179569999,1228,82,0.001,384439,-371.35064294433596,2204.624056060791,,
,385000,,,,,0.001,384652,-368.3640278783338,2342.020956818954,324.3,3012.747124516964
4678,385306,539.39,5019.171423119999,1232,82,0.001,385127,-368.8915586925688,2363.5843017578127,,
,386000,,,,,0.001,385824,-371.2754414876302,2250.803355663498,1000.0,9313.298467636108
4688,386919,515.52,4796.47630908,1236,82,,,,,,
,387000,,,,,0.001,386824,-374.4196838378906,2081.252321884155,1000.0,9317.235219669343
,388000,,,,,0.001,387824,-379.5290452880859,1562.4994484405518,1000.0,9313.028723526
,389000,,,,,0.001,388824,-387.93880554199217,977.2865005187988,1000.0,9314.133778381347
,390000,,,,,0.001,389824,-391.3631354370117,874.7623888092041,1000.0,9315.384749221801
4739,390919,515.52,4796.386104339999,1240,82,,,,,,
,391000,,,,,0.001,390824,-396.40744744873047,568.2030236816406,1000.0,9312.81527929306
,392000,,,,,0.001,391824,-401.41730114746093,345.91298890686033,1000.0,9314.401215267182
,393000,,,,,0.001,392824,-405.3617883300781,348.1617110519409,1000.0,9316.571029758454
,394000,,,,,0.001,393824,-410.25431872558596,345.6019098205566,1000.0,9316.686232948303
4786,394919,533.71,4966.056643110001,1244,82,,,,,,
,395000,,,,,0.001,394824,-415.47986920166016,298.50380214309695,1000.0,9317.20886220932
,396000,,,,,0.001,395824,-420.1777366943359,293.8464025878906,1000.0,9318.061432933808
,397000,,,,,0.001,396824,-425.46414111328124,271.0256072006226,1000.0,9316.680314540863
,398000,,,,,0.001,397824,-429.0209144287109,283.39057522964475,1000.0,9317.158045196533
4835,398919,542.41,5047.31593593,1248,82,,,,,,
,399000,,,,,0.001,398824,-433.4626364135742,305.0442736854553,1000.0,9316.825910758973
,400000,,,,,0.001,399824,-437.39865490722656,287.9838683509827,1000.0,9318.287602329254
