train/n_updates,time/total_timesteps,time/episodes,train/learning_rate,time/fps,time/time_elapsed,train/critic_loss,rollout/ep_len_mean,rollout/ep_rew_mean,train/actor_loss,eval/mean_ep_length,eval/mean_reward
3000,4000,4,0.001,255,15,0.09965569695457815,1000.0,-1886.3546525,-0.18153147614793852,,
4000,5000,,0.001,,,0.1948140702471137,,,1.2556007696390152,1000.0,-774.8522764692491
7000,8000,8,0.001,183,43,0.5281102130711078,1000.0,-1852.4985081250002,4.075807492733002,,
9000,10000,,0.001,,,0.6121616547405719,,,6.577863433837891,1000.0,397.3889781618054
11000,12000,12,0.001,167,71,0.4266081684529781,1000.0,-1409.3715561666668,9.2584157705307,,
14000,15000,,0.001,,,0.3615555894225836,,,12.592684564590455,1000.0,773.6504494085893
15000,16000,16,0.001,159,100,0.3230575692653656,1000.0,-1103.3206561250001,13.476180971145629,,
19000,20000,,0.001,,,0.2588616573661566,,,16.792381883621214,1000.0,748.5436169187539
,20000,20,,155,128,,1000.0,-923.6838442500002,,,
23000,24000,24,0.001,161,148,0.20159264555573464,1000.0,-788.6769294583333,18.92481784439087,,
24000,25000,,0.001,,,0.18486650734394788,,,19.272878761291505,1000.0,819.5322234781459
27000,28000,28,0.001,157,177,0.16438729027658702,1000.0,-684.4822589285714,20.173293418884278,,
29000,30000,,0.001,,,0.14732147608697416,,,20.616048603057862,1000.0,871.4681843057275
31000,32000,32,0.001,155,206,0.13032957620173694,1000.0,-601.595487375,20.94025982284546,,
34000,35000,,0.001,,,0.11604454042762517,,,21.31993215560913,1000.0,903.1400152564049
35000,36000,36,0.001,153,234,0.1105238198786974,1000.0,-535.3210261388888,21.36184977722168,,
39000,40000,,0.001,,,0.0947637527473271,,,21.435601539611817,1000.0,932.5474303722382
,40000,40,,152,263,,1000.0,-479.60588802500007,,,
43000,44000,44,0.001,155,282,0.08482754642888904,1000.0,-432.2215051363637,21.286732906341552,,
44000,45000,,0.001,,,0.07866749259829521,,,21.22787650299072,1000.0,948.1226021885872
47000,48000,48,0.001,154,311,0.07414746944978833,1000.0,-392.15996612500004,21.036106746673585,,
49000,50000,,0.001,,,0.06936603341251611,,,20.887900859832765,1000.0,956.3121589243412
51000,52000,52,0.001,152,340,0.06526637052372097,1000.0,-357.59857869230774,20.7120387840271,,
54000,55000,,0.001,,,0.06239226702786982,,,20.447484756469727,1000.0,962.1625582456588
55000,56000,56,0.001,151,369,0.058699242774397135,1000.0,-327.45720171428576,20.354942989349365,,
59000,60000,,0.001,,,0.0563211449123919,,,19.976045726776125,1000.0,961.157139313221
,60000,60,,150,398,,1000.0,-301.49215153333336,,,
63000,64000,64,0.001,153,417,0.050298066906630995,1000.0,-278.46738098437504,19.579980693817138,,
64000,65000,,0.001,,,0.04967696410045028,,,19.4814104347229,1000.0,962.1144697904587
67000,68000,68,0.001,152,446,0.04786658775433898,1000.0,-258.2491084852942,19.16384559249878,,
69000,70000,,0.001,,,0.047575617717579004,,,18.955544036865234,1000.0,962.0132723212242
71000,72000,72,0.001,151,475,0.04646808579564095,1000.0,-240.21422097222225,18.726762382507324,,
74000,75000,,0.001,,,0.043803178472444415,,,18.39665905761719,1000.0,975.976206791401
75000,76000,76,0.001,150,504,0.04095442852191627,1000.0,-223.94756503947366,18.291044872283937,,
79000,80000,,0.001,,,0.03899751713126898,,,17.84816000366211,1000.0,971.0992737233639
,80000,80,,149,533,,1000.0,-208.953762925,,,
83000,84000,84,0.001,151,553,0.036620038287714124,1000.0,-195.3136790595238,17.42849401473999,,
84000,85000,,0.001,,,0.03934190542437136,,,17.329384536743163,1000.0,976.6406183660031
87000,88000,88,0.001,151,582,0.03585506231151521,1000.0,-182.9725914886364,17.033781089782714,,
89000,90000,,0.001,,,0.03401283256709576,,,16.832094005584718,1000.0,976.0213762819767
91000,92000,92,0.001,150,611,0.03425659315660596,1000.0,-171.6240679239131,16.63383072280884,,
94000,95000,,0.001,,,0.033622812874615195,,,16.359719005584715,1000.0,976.7498546898365
95000,96000,96,0.001,149,640,0.033415841827169064,1000.0,-161.33620758333333,16.2710196685791,,
99000,100000,,0.001,,,0.032524794906377795,,,15.915190355300904,1000.0,975.4431521475315
,100000,100,,149,668,,1000.0,-151.75623292,,,
103000,104000,104,0.001,151,688,0.031228762913495304,1000.0,-73.18716940000002,15.575578330993652,,
104000,105000,,0.001,,,0.032179421612992885,,,15.497521759033203,1000.0,981.4183996319771
107000,108000,108,0.001,150,716,0.029412050932645796,1000.0,2.8008967199999995,15.259534757614135,,
109000,110000,,0.001,,,0.02967219432722777,,,15.097008520126343,1000.0,985.0612197339535
111000,112000,112,0.001,150,745,0.029461506373248993,1000.0,27.053693889999998,14.958657796859741,,
114000,115000,,0.001,,,0.029185048828832806,,,14.747463638305664,1000.0,978.273177999258
115000,116000,116,0.001,149,774,0.028044230504892766,1000.0,37.559481090000006,14.688316917419433,,
119000,120000,,0.001,,,0.02808065847866237,,,14.425029113769531,1000.0,977.0811243236064
,120000,120,,149,802,,1000.0,48.93059494999999,,,
123000,124000,124,0.001,150,822,0.02821667825523764,1000.0,56.586527030000006,14.188455144882202,,
124000,125000,,0.001,,,0.02686939887329936,,,14.125840976715088,1000.0,970.7999858736991
127000,128000,128,0.001,150,851,0.026996328447014092,1000.0,62.24253025,13.940847831726074,,
129000,130000,,0.001,,,0.027303089462220667,,,13.832813608169555,1000.0,978.7602712512016
131000,132000,132,0.001,150,879,0.02774595469608903,1000.0,66.36898405,13.734536308288574,,
134000,135000,,0.001,,,0.026957070923410355,,,13.590040918350219,1000.0,981.73157979846
135000,136000,136,0.001,149,908,0.02724750334303826,1000.0,69.93893423,13.547420778274535,,
139000,140000,,0.001,,,0.02734177725110203,,,13.360345335006715,1000.0,981.7083375096321
,140000,140,,149,936,,1000.0,72.39725135999998,,,
143000,144000,144,0.001,150,956,0.025963505084626377,1000.0,74.12683421,13.171481018066407,,
144000,145000,,0.001,,,0.02649891934543848,,,13.12707550239563,1000.0,982.4530533313751
147000,148000,148,0.001,150,984,0.025185794700868427,1000.0,75.63690842000001,12.997336297988891,,
149000,150000,,0.001,,,0.024499890672042966,,,12.908609727859497,1000.0,981.880882126093
151000,152000,152,0.001,150,1013,0.024216302249580622,1000.0,76.57794234,12.826921257019043,,
154000,155000,,0.001,,,0.024491175142116843,,,12.706567520141602,1000.0,986.5516633212567
155000,156000,156,0.001,149,1041,0.025072786847129463,1000.0,77.47264485,12.67090943145752,,
159000,160000,,0.001,,,0.024054067152552306,,,12.524494037628173,1000.0,981.7738017499447
,160000,160,,149,1070,,1000.0,78.25520376,,,
163000,164000,164,0.001,150,1090,0.02368571262434125,1000.0,78.93135309000002,12.373222799301148,,
164000,165000,,0.001,,,0.024096307650208475,,,12.336353828430175,1000.0,979.2258910834789
167000,168000,168,0.001,150,1118,0.023573895131237806,1000.0,79.63243502000002,12.24425493812561,,
169000,170000,,0.001,,,0.023701461520977317,,,12.185878309249878,1000.0,983.8205691456794
171000,172000,172,0.001,149,1147,0.023827984344214202,1000.0,80.30374501,12.135438562393189,,
174000,175000,,0.001,,,0.023181097247637807,,,12.042970188140869,1000.0,980.9676424264908
175000,176000,176,0.001,149,1175,0.023451853571459652,1000.0,80.85822266,12.016526327133178,,
179000,180000,,0.001,,,0.023861663400195538,,,11.921281066894531,1000.0,980.0355842292308
,180000,180,,149,1204,,1000.0,80.98333382,,,
183000,184000,184,0.001,150,1223,0.02314902106113732,1000.0,80.90257942,11.812166496276856,,
184000,185000,,0.001,,,0.023531008502468465,,,11.787678796768189,1000.0,988.419519931078
187000,188000,188,0.001,150,1252,0.022691943084821104,1000.0,81.23125293,11.717422887802124,,
189000,190000,,0.001,,,0.023677211630158127,,,11.669134508132935,1000.0,981.736044806242
191000,192000,192,0.001,149,1281,0.02362673197966069,1000.0,81.17712242,11.633382438659668,,
194000,195000,,0.001,,,0.022735331347212194,,,11.58337693786621,1000.0,976.8199237763881
195000,196000,196,0.001,149,1310,0.023270624293014408,1000.0,81.31838446,11.56926581954956,,
199000,200000,,0.001,,,0.022987656648270786,,,11.531397068023681,1000.0,977.5388519644737
,200000,200,,149,1338,,1000.0,81.46078081,,,
203000,204000,204,0.001,150,1358,0.022704736126586796,1000.0,81.22024621000001,11.486785291671753,,
204000,205000,,0.001,,,0.02271473215892911,,,11.474675928115845,1000.0,980.7108710646629
207000,208000,208,0.001,149,1387,0.022231423363089562,1000.0,81.30872219,11.432933513641357,,
209000,210000,,0.001,,,0.022441724330186843,,,11.407819501876832,1000.0,980.5229930281639
211000,212000,212,0.001,149,1415,0.02232621149159968,1000.0,81.22830648,11.390317039489746,,
214000,215000,,0.001,,,0.022573216964490713,,,11.357965084075929,1000.0,978.2792568266392
215000,216000,216,0.001,149,1444,0.021951952124014497,1000.0,81.52256127,11.344901468276978,,
219000,220000,,0.001,,,0.02158371077943593,,,11.290192251205445,1000.0,982.4642407119275
,220000,220,,149,1472,,1000.0,81.7805407,,,
223000,224000,224,0.001,150,1492,0.02136120662931353,1000.0,82.07724349,11.219742176055908,,
224000,225000,,0.001,,,0.02189529132656753,,,11.2027469997406,1000.0,981.4855448067188
227000,228000,228,0.001,149,1520,0.02189972040336579,1000.0,82.18530748,11.158438819885253,,
229000,230000,,0.001,,,0.02185711362119764,,,11.135894073486329,1000.0,980.5955796182155
231000,232000,232,0.001,149,1549,0.02142709208931774,1000.0,82.18608054,11.111560995101929,,
234000,235000,,0.001,,,0.021682920286431907,,,11.086399997711181,1000.0,984.9690119862556
235000,236000,236,0.001,149,1577,0.021290019162930548,1000.0,81.91443736000002,11.074369232177734,,
239000,240000,,0.001,,,0.02137800550367683,,,11.021534830093383,1000.0,980.68005361557
,240000,240,,149,1606,,1000.0,82.00098485000001,,,
243000,244000,244,0.001,150,1625,0.021007078277878462,1000.0,82.07135187,10.973000490188598,,
244000,245000,,0.001,,,0.021169155741110442,,,10.966572099685669,1000.0,986.1848584592342
247000,248000,248,0.001,149,1653,0.021140985764563084,1000.0,81.95700577000001,10.934488010406493,,
249000,250000,,0.001,,,0.021587991954758762,,,10.916582592010498,1000.0,983.7190856516361
251000,252000,252,0.001,149,1681,0.02105748993996531,1000.0,82.06437283,10.890115840911864,,
254000,255000,,0.001,,,0.021081692688167095,,,10.85086353302002,1000.0,985.3008961260318
255000,256000,256,0.001,149,1710,0.021530435008928178,1000.0,82.01971857000001,10.844112369537353,,
259000,260000,,0.001,,,0.02107238458376378,,,10.81770905303955,1000.0,988.67330275774
,260000,260,,149,1740,,1000.0,82.22748034,,,
263000,264000,264,0.001,149,1760,0.02197226690221578,1000.0,81.9470015,10.7979596118927,,
264000,265000,,0.001,,,0.02099015741981566,,,10.791588680267335,1000.0,986.0058989882469
267000,268000,268,0.001,149,1789,0.0214437010679394,1000.0,82.10071647000001,10.759284355163574,,
269000,270000,,0.001,,,0.021552467425353824,,,10.75917717552185,1000.0,979.9447674572468
271000,272000,272,0.001,149,1817,0.021452923302538694,1000.0,82.10305290000001,10.758206924438477,,
274000,275000,,0.001,,,0.020677161902189253,,,10.74676762199402,1000.0,987.0010936796665
275000,276000,276,0.001,149,1846,0.02095633704587817,1000.0,82.16789218,10.742117408752442,,
279000,280000,,0.001,,,0.020960630697198213,,,10.72778299331665,1000.0,988.1009181678295
,280000,280,,149,1874,,1000.0,82.51531127,,,
283000,284000,284,0.001,149,1895,0.02134356824029237,1000.0,82.76336927999999,10.718062084197998,,
284000,285000,,0.001,,,0.021072165759280323,,,10.715044652938843,1000.0,985.1178986728191
287000,288000,288,0.001,149,1923,0.020692593924701214,1000.0,82.81749354999998,10.707849166870117,,
289000,290000,,0.001,,,0.02083829102665186,,,10.704609912872314,1000.0,984.2126622140407
291000,292000,292,0.001,149,1952,0.02105861994996667,1000.0,83.10778452000001,10.70338415145874,,
294000,295000,,0.001,,,0.021318389168940483,,,10.707240381240844,1000.0,987.0650731801986
295000,296000,296,0.001,149,1981,0.021158437843434512,1000.0,83.34711689,10.716177509307862,,
299000,300000,,0.001,,,0.020967848892323674,,,10.712306665420533,1000.0,981.8194940984249
,300000,300,,149,2009,,1000.0,83.26960574,,,
303000,304000,304,0.001,149,2030,0.02118884785939008,1000.0,83.807796,10.728012971878051,,
304000,305000,,0.001,,,0.021277922078035773,,,10.730318799972535,1000.0,970.8891932189465
307000,308000,308,0.001,149,2059,0.021885414597578347,1000.0,83.71197355999999,10.751080310821534,,
309000,310000,,0.001,,,0.021265950202010574,,,10.766822858810425,1000.0,981.9327397882938
311000,312000,312,0.001,149,2088,0.02202619370352477,1000.0,83.83385509000001,10.779381563186645,,
314000,315000,,0.001,,,0.022263169546611606,,,10.815129888534546,1000.0,984.7403746962548
315000,316000,316,0.001,149,2116,0.022270519737154246,1000.0,83.90879637000002,10.829197040557862,,
319000,320000,,0.001,,,0.021220152996480467,,,10.8531702003479,1000.0,983.9819561421871
,320000,320,,149,2145,,1000.0,83.8263694,,,
323000,324000,324,0.001,149,2165,0.021376689334399998,1000.0,83.82983454,10.849830335617066,,
324000,325000,,0.001,,,0.02108227205183357,,,10.847615209579468,1000.0,983.8802754819393
327000,328000,328,0.001,149,2193,0.020873455674387514,1000.0,83.72783986999998,10.835877504348755,,
329000,330000,,0.001,,,0.021127564955502748,,,10.834268808364868,1000.0,984.1187301576138
331000,332000,332,0.001,149,2221,0.02084831603243947,1000.0,83.79928917,10.833655809402465,,
334000,335000,,0.001,,,0.021407815753482284,,,10.843361616134644,1000.0,974.1469587385654
335000,336000,336,0.001,149,2250,0.02141005261428654,1000.0,84.08045535,10.848125127792358,,
339000,340000,,0.001,,,0.021502839989028872,,,10.85580729866028,1000.0,978.7800533115864
,340000,340,,149,2278,,1000.0,83.97905299,,,
343000,344000,344,0.001,149,2299,0.022399847553111613,1000.0,83.88640144000001,10.882466836929321,,
344000,345000,,0.001,,,0.02246295003965497,,,10.899900938034058,1000.0,987.2922179043293
347000,348000,348,0.001,149,2327,0.021746295125223695,1000.0,83.83835913000001,10.919854303359985,,
349000,350000,,0.001,,,0.021979880654253065,,,10.934119735717774,1000.0,978.756675261259
351000,352000,352,0.001,149,2355,0.02191465421859175,1000.0,83.62558924999999,10.954693115234376,,
354000,355000,,0.001,,,0.0217277092654258,,,10.982542739868164,1000.0,975.9682474374771
355000,356000,356,0.001,149,2383,0.022163237316533923,1000.0,83.20369747999999,10.99280805015564,,
359000,360000,,0.001,,,0.021329394882544876,,,11.023451755523682,1000.0,968.4336860716343
,360000,360,,149,2411,,1000.0,82.93314115999999,,,
363000,364000,364,0.001,149,2431,0.02193596775457263,1000.0,82.60056662000001,11.021857421875,,
364000,365000,,0.001,,,0.02199153363611549,,,11.017908294677735,1000.0,977.8049597740173
367000,368000,368,0.001,149,2459,0.02201146590895951,1000.0,81.62796096999999,11.013557088851929,,
369000,370000,,0.001,,,0.021919010256417095,,,10.998835580825805,1000.0,981.252543848753
371000,372000,372,0.001,149,2488,0.02179020766634494,1000.0,81.24565035,10.994673639297485,,
374000,375000,,0.001,,,0.021181699415668845,,,10.971805465698242,1000.0,982.225232052803
375000,376000,376,0.001,149,2516,0.02143074697814882,1000.0,80.97931227000001,10.956743173599243,,
379000,380000,,0.001,,,0.02133746052812785,,,10.93535717010498,1000.0,981.9939937651158
,380000,380,,149,2545,,1000.0,80.70340202000001,,,
383000,384000,384,0.001,149,2565,0.021000525289215147,1000.0,80.73878118000002,10.908149675369263,,
384000,385000,,0.001,,,0.02119328331016004,,,10.914574026107788,1000.0,981.6353696882725
387000,388000,388,0.001,149,2593,0.021517079424113034,1000.0,80.67448311999999,10.902034952163696,,
389000,390000,,0.001,,,0.02098468878213316,,,10.890800025939942,1000.0,982.5941648900509
391000,392000,392,0.001,149,2622,0.021340673858299852,1000.0,80.55317738000001,10.885384971618652,,
394000,395000,,0.001,,,0.021692038592882455,,,10.88220059967041,1000.0,972.1358720302582
395000,396000,396,0.001,149,2651,0.02126081417966634,1000.0,80.29384085,10.881040864944458,,
399000,400000,,0.001,,,0.021145370915532112,,,10.862561136245727,1000.0,974.4262213230134
,400000,400,,149,2680,,1000.0,80.20164476,,,
403000,404000,404,0.001,149,2699,0.020211129038594663,1000.0,80.03276604000001,10.842086589813233,,
404000,405000,,0.001,,,0.020514653561636807,,,10.839589004516602,1000.0,972.1570294857025
407000,408000,408,0.001,149,2728,0.020184330865740775,1000.0,79.87992504,10.819707956314087,,
409000,410000,,0.001,,,0.021284322603605688,,,10.821607648849488,1000.0,977.8367847323418
411000,412000,412,0.001,149,2757,0.02132342977169901,1000.0,79.65670955,10.828227821350097,,
414000,415000,,0.001,,,0.021407605794258416,,,10.840570198059082,1000.0,971.1075628578662
415000,416000,416,0.001,149,2786,0.021626054640859364,1000.0,79.31026085,10.84373243713379,,
419000,420000,,0.001,,,0.02110254651401192,,,10.845496326446533,1000.0,982.398031449318
,420000,420,,149,2815,,1000.0,78.99085828,,,
423000,424000,424,0.001,149,2834,0.021113076503388582,1000.0,78.7022283,10.832119081497192,,
424000,425000,,0.001,,,0.02122393107973039,,,10.834253095626831,1000.0,979.2852750778198
427000,428000,428,0.001,149,2863,0.02120396136213094,1000.0,78.67767554,10.836033361434936,,
429000,430000,,0.001,,,0.020963185089640318,,,10.83265318107605,1000.0,976.3541440784932
431000,432000,432,0.001,149,2892,0.020882607512176035,1000.0,78.61554246,10.825785415649413,,
434000,435000,,0.001,,,0.02155115869641304,,,10.823163433074951,1000.0,976.4489095807076
435000,436000,436,0.001,149,2920,0.021149592737667262,1000.0,78.27000559,10.8224599609375,,
439000,440000,,0.001,,,0.02129882291704416,,,10.819198148727416,1000.0,981.1342023074627
,440000,440,,149,2949,,1000.0,78.03782992,,,
443000,444000,444,0.001,149,2968,0.021377577395178378,1000.0,77.74618654,10.817287439346314,,
444000,445000,,0.001,,,0.021015231280587614,,,10.816948625564574,1000.0,977.6917781293392
447000,448000,448,0.001,149,2996,0.021466264398768545,1000.0,77.51996817999999,10.806574119567872,,
449000,450000,,0.001,,,0.02136173502355814,,,10.80028012084961,1000.0,975.2246354341507
451000,452000,452,0.001,149,3025,0.021342663544230162,1000.0,77.31544848,10.808074283599854,,
454000,455000,,0.001,,,0.021498263135552406,,,10.803647384643554,1000.0,978.0442214369774
455000,456000,456,0.001,149,3054,0.021806027365848423,1000.0,77.60949303,10.799452482223511,,
459000,460000,,0.001,,,0.021755235000513493,,,10.790669132232667,1000.0,971.435147625208
,460000,460,,149,3082,,1000.0,77.4335016,,,
463000,464000,464,0.001,149,3102,0.021142730460502208,1000.0,77.66641474,10.783834213256837,,
464000,465000,,0.001,,,0.02099650151655078,,,10.785140670776368,1000.0,978.187694299221
467000,468000,468,0.001,149,3131,0.021043222919106482,1000.0,78.45993764,10.774880002975463,,
469000,470000,,0.001,,,0.02068505629058927,,,10.777944288253785,1000.0,977.8450421750546
471000,472000,472,0.001,149,3159,0.020563680056482552,1000.0,78.67786801,10.772113733291626,,
474000,475000,,0.001,,,0.0216342836022377,,,10.788036542892456,1000.0,982.8795926749706
475000,476000,476,0.001,149,3189,0.021258461154997348,1000.0,78.94311728000001,10.795653347015381,,
479000,480000,,0.001,,,0.021493736655451356,,,10.81453367805481,1000.0,978.794689488411
,480000,480,,149,3217,,1000.0,78.97082064,,,
483000,484000,484,0.001,149,3237,0.020700939771719277,1000.0,78.88665237000001,10.807815462112426,,
484000,485000,,0.001,,,0.021061720190569757,,,10.810879795074463,1000.0,984.6681317090988
487000,488000,488,0.001,149,3265,0.020699624322354792,1000.0,78.74873640999999,10.807328876495362,,
489000,490000,,0.001,,,0.020891845083795487,,,10.803466873168945,1000.0,984.4673284530639
491000,492000,492,0.001,149,3293,0.020788933131843806,1000.0,78.84890465,10.797304111480713,,
494000,495000,,0.001,,,0.02139816203713417,,,10.812429637908936,1000.0,980.8967678904534
495000,496000,496,0.001,149,3322,0.02146053919568658,1000.0,78.98649541,10.81570892715454,,
499000,500000,,0.001,,,0.022050597071647644,,,10.843120540618896,1000.0,981.0945155024529
,500000,500,,149,3350,,1000.0,79.16853954999999,,,
503000,504000,504,0.001,149,3370,0.02108261575642973,1000.0,79.18693701,10.859315952301026,,
504000,505000,,0.001,,,0.020926018266007304,,,10.850836231231689,1000.0,979.5635978519916
507000,508000,508,0.001,149,3399,0.02076100918930024,1000.0,78.96854925999999,10.83036418914795,,
509000,510000,,0.001,,,0.02075754302646965,,,10.819037874221802,1000.0,980.4979305148124
511000,512000,512,0.001,149,3427,0.021670151882804932,1000.0,79.10429174,10.825974990844726,,
514000,515000,,0.001,,,0.020037012243643404,,,10.791231538772584,1000.0,974.7773659646512
515000,516000,516,0.001,149,3455,0.020118679500184953,1000.0,78.83617124999999,10.774711317062378,,
519000,520000,,0.001,,,0.020349260786548258,,,10.729662601470947,1000.0,983.318442839384
,520000,520,,149,3484,,1000.0,79.18540663,,,
523000,524000,524,0.001,149,3503,0.02056184808816761,1000.0,79.63043392,10.703742059707642,,
524000,525000,,0.001,,,0.021095598384737967,,,10.698768030166626,1000.0,979.4666084885597
527000,528000,528,0.001,149,3532,0.020864517140202224,1000.0,79.36497501,10.691560981750488,,
529000,530000,,0.001,,,0.02072296800930053,,,10.671249717712403,1000.0,981.9031385242939
531000,532000,532,0.001,149,3561,0.020768646073527634,1000.0,79.35578806999999,10.6593863697052,,
534000,535000,,0.001,,,0.02075498369894922,,,10.65399034500122,1000.0,981.592221724987
535000,536000,536,0.001,149,3589,0.020737697502598167,1000.0,79.78671009,10.647117139816284,,
539000,540000,,0.001,,,0.020248834394849837,,,10.597844232559204,1000.0,983.2888514637947
,540000,540,,149,3618,,1000.0,80.13115969999998,,,
543000,544000,544,0.001,149,3637,0.021362801677547394,1000.0,80.30660843,10.582829238891602,,
544000,545000,,0.001,,,0.021364553772844373,,,10.582772523880005,1000.0,987.1303656041622
547000,548000,548,0.001,149,3665,0.0212567654941231,1000.0,80.58703413,10.5803543510437,,
549000,550000,,0.001,,,0.021167511691339316,,,10.581925134658814,1000.0,983.5891904294491
551000,552000,552,0.001,149,3693,0.021335462059825658,1000.0,80.76877321,10.585792430877685,,
554000,555000,,0.001,,,0.020908485393971204,,,10.585818635940552,1000.0,984.0354861855507
555000,556000,556,0.001,149,3722,0.0211422001728788,1000.0,80.47862950999999,10.582040866851807,,
559000,560000,,0.001,,,0.021188956114463506,,,10.582410133361817,1000.0,980.5109463691712
,560000,560,,149,3751,,1000.0,80.63894456999999,,,
563000,564000,564,0.001,149,3771,0.02133399773109704,1000.0,81.01672305,10.5834837474823,,
564000,565000,,0.001,,,0.021249578843824564,,,10.58302741241455,1000.0,984.7849040150643
567000,568000,568,0.001,149,3799,0.020836755263619125,1000.0,81.03200505,10.59066711616516,,
569000,570000,,0.001,,,0.020112592332996428,,,10.577884788513183,1000.0,974.0401934444905
571000,572000,572,0.001,149,3828,0.020908008412458004,1000.0,81.01047038,10.584343269348144,,
574000,575000,,0.001,,,0.022067552423104642,,,10.594784952163696,1000.0,979.2281513094902
575000,576000,576,0.001,149,3856,0.021489685439504684,1000.0,80.52419032,10.607131322860718,,
579000,580000,,0.001,,,0.021362129365094008,,,10.632981899261475,1000.0,980.9707265615464
,580000,580,,149,3885,,1000.0,80.66878688999999,,,
583000,584000,584,0.001,149,3904,0.0214644051194191,1000.0,80.82678867,10.671424013137818,,
584000,585000,,0.001,,,0.021735546114854516,,,10.677663530349731,1000.0,984.0220328807831
587000,588000,588,0.001,149,3933,0.021587468738667667,1000.0,80.98374424000001,10.685248182296753,,
589000,590000,,0.001,,,0.020761777413077654,,,10.688163312911987,1000.0,985.0237989246846
591000,592000,592,0.001,149,3962,0.021110996327362956,1000.0,80.97366489,10.68251435661316,,
594000,595000,,0.001,,,0.021678430600091815,,,10.678820922851562,1000.0,984.3187940657139
595000,596000,596,0.001,149,3990,0.02178282284922898,1000.0,81.02573289,10.678999004364014,,
599000,600000,,0.001,,,0.021214220465160905,,,10.670205368041993,1000.0,985.1772033214569
,600000,600,,149,4019,,1000.0,81.10314652,,,
603000,604000,604,0.001,149,4039,0.02238875719625503,1000.0,81.09201564,10.673461278915406,,
604000,605000,,0.001,,,0.0231153462883085,,,10.685313989639281,1000.0,982.8091130197048
607000,608000,608,0.001,149,4067,0.022126396780833602,1000.0,81.49194241,10.700047170639039,,
609000,610000,,0.001,,,0.022397172452881933,,,10.715542127609252,1000.0,983.6608347594738
611000,612000,612,0.001,149,4096,0.022917611920274795,1000.0,81.40435368,10.742506547927857,,
614000,615000,,0.001,,,0.022785876139998437,,,10.767519304275513,1000.0,984.3798862159252
615000,616000,616,0.001,149,4124,0.023215000218711795,1000.0,81.7461244,10.775904012680053,,
619000,620000,,0.001,,,0.02144899246841669,,,10.80098327255249,1000.0,983.0991888701916
,620000,620,,149,4153,,1000.0,81.50787951000001,,,
623000,624000,624,0.001,149,4172,0.021352236428298057,1000.0,81.15977552,10.794826051712036,,
624000,625000,,0.001,,,0.021110445890575646,,,10.78308320426941,1000.0,969.2772980034351
627000,628000,628,0.001,149,4200,0.02099532690271735,1000.0,80.86875083000001,10.743436653137207,,
629000,630000,,0.001,,,0.021625742174685002,,,10.725403078079223,1000.0,971.1771485567093
631000,632000,632,0.001,149,4229,0.021360918047837914,1000.0,80.23490789,10.70641015434265,,
634000,635000,,0.001,,,0.021611125939525664,,,10.696090663909912,1000.0,981.5074846208096
635000,636000,636,0.001,149,4258,0.021497737849131227,1000.0,80.0976337,10.701338228225708,,
639000,640000,,0.001,,,0.02211146690417081,,,10.717674789428711,1000.0,983.0945640206337
,640000,640,,149,4287,,1000.0,79.97842450999998,,,
643000,644000,644,0.001,149,4307,0.021640540414489807,1000.0,80.02469679000001,10.742276691436768,,
644000,645000,,0.001,,,0.021565172503702344,,,10.743364742279052,1000.0,985.3316287875175
647000,648000,648,0.001,149,4335,0.021985785990953445,1000.0,80.09938898,10.74469209098816,,
649000,650000,,0.001,,,0.021828150583431124,,,10.757276893615723,1000.0,984.6344957888126
651000,652000,652,0.001,149,4363,0.022444947212934493,1000.0,80.32281367,10.769347667694092,,
654000,655000,,0.001,,,0.022802986335009337,,,10.804175186157227,1000.0,968.6133438289165
655000,656000,656,0.001,149,4392,0.02358725884091109,1000.0,80.28864994,10.819322317123413,,
659000,660000,,0.001,,,0.023008870610035956,,,10.870485000610351,1000.0,977.4736156463623
,660000,660,,149,4420,,1000.0,79.90594645000002,,,
663000,664000,664,0.001,149,4439,0.025106292138807475,1000.0,79.83139192,10.932659032821656,,
664000,665000,,0.001,,,0.024551431706175207,,,10.943966590881347,1000.0,976.9764044642449
667000,668000,668,0.001,149,4467,0.025265934025868773,1000.0,79.65384264000001,10.987575748443604,,
669000,670000,,0.001,,,0.026373743468895556,,,11.029628196716308,1000.0,972.3826623976231
671000,672000,672,0.001,149,4495,0.026785968905314803,1000.0,79.23029852999998,11.047252353668213,,
674000,675000,,0.001,,,0.028856519639492036,,,11.141265018463134,1000.0,971.7427772045136
675000,676000,676,0.001,149,4524,0.02935323469154537,1000.0,78.99194477,11.179298080444337,,
679000,680000,,0.001,,,0.029491974636912346,,,11.276761487960815,1000.0,970.2544625997543
,680000,680,,149,4552,,1000.0,78.22062607,,,
683000,684000,684,0.001,149,4572,0.029113850025460124,1000.0,77.61119273,11.349277584075928,,
684000,685000,,0.001,,,0.029565327370539306,,,11.367701248168945,1000.0,966.9834652125835
687000,688000,688,0.001,149,4601,0.029571726688183843,1000.0,76.45466649999999,11.410754119873047,,
689000,690000,,0.001,,,0.030155873162671924,,,11.439189113616944,1000.0,978.2448616981507
691000,692000,692,0.001,149,4628,0.030222447706386445,1000.0,76.20427742000001,11.468858358383178,,
694000,695000,,0.001,,,0.03109109055995941,,,11.50725410079956,1000.0,965.8613613247871
695000,696000,696,0.001,149,4657,0.031261996634304526,1000.0,75.66926851000001,11.532159210205078,,
699000,700000,,0.001,,,0.02890028323046863,,,11.522960775375367,1000.0,972.9553975522518
,700000,700,,149,4685,,1000.0,75.40424148,,,
703000,704000,704,0.001,149,4705,0.02759771998785436,1000.0,74.76898394000001,11.500579719543458,,
704000,705000,,0.001,,,0.027388629622757434,,,11.499432739257813,1000.0,973.1192906737327
707000,708000,708,0.001,149,4733,0.02696070502139628,1000.0,74.50670224000001,11.498380481719972,,
709000,710000,,0.001,,,0.027448225475847722,,,11.491297561645508,1000.0,976.950664037466
711000,712000,712,0.001,149,4761,0.02738449164573103,1000.0,74.33840173,11.495793296813964,,
714000,715000,,0.001,,,0.02678051489405334,,,11.501273267745972,1000.0,972.8256645977497
715000,716000,716,0.001,149,4790,0.026684622365050016,1000.0,74.07996095,11.509189182281494,,
719000,720000,,0.001,,,0.025681725741364063,,,11.494522544860839,1000.0,981.5510292053223
,720000,720,,149,4819,,1000.0,74.03504174000001,,,
723000,724000,724,0.001,149,4839,0.025735688654705883,1000.0,73.43733511999999,11.474320501327515,,
724000,725000,,0.001,,,0.025655900556594134,,,11.468806205749512,1000.0,976.6183381676674
727000,728000,728,0.001,149,4867,0.025993930260650812,1000.0,73.85151850999999,11.455912776947022,,
729000,730000,,0.001,,,0.02499741856008768,,,11.440572011947632,1000.0,979.3134102404117
731000,732000,732,0.001,149,4896,0.024905465909279882,1000.0,74.27929619000001,11.413813238143922,,
734000,735000,,0.001,,,0.02578809613082558,,,11.393995353698731,1000.0,984.6423357367515
735000,736000,736,0.001,149,4924,0.025191781622357665,1000.0,74.04240365000001,11.391389560699462,,
739000,740000,,0.001,,,0.02549399482831359,,,11.37583644104004,1000.0,978.3615888297558
,740000,740,,149,4952,,1000.0,73.92071786000001,,,
743000,744000,744,0.001,149,4972,0.024697110508568584,1000.0,73.75727320000001,11.323406679153443,,
744000,745000,,0.001,,,0.024122258733958006,,,11.315383541107177,1000.0,978.8226278841496
747000,748000,748,0.001,149,5001,0.02382012131251395,1000.0,73.58696078999999,11.277066181182862,,
749000,750000,,0.001,,,0.023362858217209577,,,11.24358974647522,1000.0,972.9948083460331
751000,752000,752,0.001,149,5029,0.023798948080278933,1000.0,73.42617369999999,11.210581205368042,,
754000,755000,,0.001,,,0.023668886232189833,,,11.190117223739623,1000.0,975.2239418208599
755000,756000,756,0.001,149,5057,0.023795780362561345,1000.0,73.50636080000001,11.177966896057129,,
759000,760000,,0.001,,,0.02393008973263204,,,11.146922803878784,1000.0,971.7964125931263
,760000,760,,149,5085,,1000.0,73.56252771000001,,,
763000,764000,764,0.001,149,5105,0.02444423573743552,1000.0,72.88512416999998,11.148273454666137,,
764000,765000,,0.001,,,0.024973185105249287,,,11.154034051895142,1000.0,963.6807682871819
767000,768000,768,0.001,149,5134,0.023849929600954056,1000.0,72.8412367,11.143817527770995,,
769000,770000,,0.001,,,0.023985882335342466,,,11.122520406723023,1000.0,986.6978262603283
771000,772000,772,0.001,149,5162,0.02343700375687331,1000.0,73.4895416,11.10843864250183,,
774000,775000,,0.001,,,0.024098307810723783,,,11.084720560073853,1000.0,988.2533220827579
775000,776000,776,0.001,149,5190,0.02398578740749508,1000.0,74.24825014,11.084133918762207,,
779000,780000,,0.001,,,0.024460285363718866,,,11.090945287704468,1000.0,980.833050441742
,780000,780,,149,5219,,1000.0,74.93522722,,,
783000,784000,784,0.001,149,5239,0.024570876066572964,1000.0,75.40945844000002,11.088544229507447,,
784000,785000,,0.001,,,0.024515909700654447,,,11.089125831604004,1000.0,984.1061783015728
787000,788000,788,0.001,149,5268,0.02447830323409289,1000.0,76.64722656000001,11.088907051086426,,
789000,790000,,0.001,,,0.024891421905718743,,,11.093623929977417,1000.0,980.9033258259296
791000,792000,792,0.001,149,5296,0.02410277992300689,1000.0,76.81082876,11.102183954238892,,
794000,795000,,0.001,,,0.025385857131332158,,,11.118801252365113,1000.0,989.060545629263
795000,796000,796,0.001,149,5325,0.024453331655822693,1000.0,77.2137219,11.124036378860474,,
799000,800000,,0.001,,,0.02420887040346861,,,11.138543392181397,1000.0,980.2526953279972
,800000,800,,149,5353,,1000.0,77.22561369,,,
803000,804000,804,0.001,149,5372,0.02519776645116508,1000.0,77.93599658000001,11.13847361755371,,
804000,805000,,0.001,,,0.02539871934056282,,,11.135471872329711,1000.0,982.1477467656135
807000,808000,808,0.001,149,5401,0.02500653890427202,1000.0,78.11063716000001,11.131114694595336,,
809000,810000,,0.001,,,0.025314007582142948,,,11.132894676208496,1000.0,979.0455452024937
811000,812000,812,0.001,149,5429,0.025418329470790924,1000.0,78.38821638,11.132151964187623,,
814000,815000,,0.001,,,0.02451737553998828,,,11.110366962432861,1000.0,984.6182399749756
815000,816000,816,0.001,149,5457,0.025028689523227513,1000.0,78.90316693000001,11.108334041595459,,
819000,820000,,0.001,,,0.02502180671412498,,,11.117742429733276,1000.0,977.9837505578995
,820000,820,,149,5486,,1000.0,78.87746987,,,
823000,824000,824,0.001,149,5506,0.025906513430178166,1000.0,79.52012329,11.166044408798218,,
824000,825000,,0.001,,,0.026012653233483434,,,11.18144854927063,1000.0,983.8565802752971
827000,828000,828,0.001,149,5534,0.025964916992932557,1000.0,79.19752369000001,11.205087181091308,,
829000,830000,,0.001,,,0.025251647364348172,,,11.195904361724853,1000.0,982.7996592819691
831000,832000,832,0.001,149,5562,0.024742552794516086,1000.0,79.33887626999999,11.185360286712646,,
834000,835000,,0.001,,,0.02411622343584895,,,11.175076261520386,1000.0,983.3442962944507
835000,836000,836,0.001,149,5590,0.02389166982565075,1000.0,79.49007094,11.171152097702027,,
839000,840000,,0.001,,,0.025136346179060638,,,11.152536567687989,1000.0,985.6334785223007
,840000,840,,149,5618,,1000.0,79.69052672999999,,,
843000,844000,844,0.001,149,5639,0.025071201343089343,1000.0,79.89642752,11.152315279006958,,
844000,845000,,0.001,,,0.025415348993614317,,,11.152065631866455,1000.0,976.9714657247066
847000,848000,848,0.001,149,5667,0.026071884746663273,1000.0,79.91013514000001,11.164643207550048,,
849000,850000,,0.001,,,0.027054182009771468,,,11.20032406425476,1000.0,978.9321983635425
851000,852000,852,0.001,149,5695,0.026988613381050526,1000.0,79.83118819,11.24130855178833,,
854000,855000,,0.001,,,0.025183629173785447,,,11.25174850654602,1000.0,983.5323121964932
855000,856000,856,0.001,149,5724,0.024658439110964537,1000.0,79.70274944,11.246616809844971,,
859000,860000,,0.001,,,0.024890590300783513,,,11.232841110229492,1000.0,980.9623403310776
,860000,860,,149,5752,,1000.0,80.01097585,,,
863000,864000,864,0.001,149,5772,0.02566709687560797,1000.0,80.58578514,11.212592357635499,,
864000,865000,,0.001,,,0.025613276693969966,,,11.211862691879272,1000.0,982.2188433289527
867000,868000,868,0.001,149,5801,0.02479084551241249,1000.0,80.82895338,11.200416576385498,,
869000,870000,,0.001,,,0.025151523631066083,,,11.201942846298218,1000.0,981.3958435475827
871000,872000,872,0.001,149,5829,0.025436521662399174,1000.0,80.70104269000001,11.199361351013184,,
874000,875000,,0.001,,,0.024837161654606463,,,11.188876924514771,1000.0,978.5552966654301
875000,876000,876,0.001,149,5856,0.024192538767121734,1000.0,80.64591339,11.180200883865357,,
879000,880000,,0.001,,,0.024175502154044806,,,11.15422787284851,1000.0,983.6727807104587
,880000,880,,149,5885,,1000.0,80.57696177000001,,,
883000,884000,884,0.001,149,5905,0.024401392305269838,1000.0,80.56225793000002,11.154779397964477,,
884000,885000,,0.001,,,0.024954401686787607,,,11.15245099067688,1000.0,978.922774040699
887000,888000,888,0.001,149,5933,0.024833922709338367,1000.0,80.27877392,11.163286638259887,,
889000,890000,,0.001,,,0.024645483414642514,,,11.16384801864624,1000.0,980.3025160491467
891000,892000,892,0.001,149,5962,0.024793867784552275,1000.0,80.13078608,11.139741050720215,,
894000,895000,,0.001,,,0.02389158950187266,,,11.129738233566284,1000.0,981.3865496635437
895000,896000,896,0.001,149,5990,0.024249649986624718,1000.0,79.88087137999999,11.130336666107178,,
899000,900000,,0.001,,,0.023634098876267672,,,11.10817057800293,1000.0,984.682223278284
,900000,900,,149,6018,,1000.0,79.96220898000001,,,
903000,904000,904,0.001,149,6038,0.022858382996171715,1000.0,79.84693024,11.08168367576599,,
904000,905000,,0.001,,,0.023187876757234334,,,11.074077783584595,1000.0,981.7660292387009
907000,908000,908,0.001,149,6066,0.023446521397680043,1000.0,79.97056779,11.04897336769104,,
909000,910000,,0.001,,,0.023387729747220875,,,11.026492525100709,1000.0,987.4481782317162
911000,912000,912,0.001,149,6095,0.022215541622601448,1000.0,79.89925333000001,10.992392053604126,,
914000,915000,,0.001,,,0.022988525185734035,,,10.952973695755006,1000.0,976.8593341350555
915000,916000,916,0.001,149,6125,0.023225156536325814,1000.0,79.63362667,10.946896583557129,,
919000,920000,,0.001,,,0.023811677494086324,,,10.930400136947632,1000.0,985.6512979328633
,920000,920,,149,6153,,1000.0,79.62184331,,,
923000,924000,924,0.001,149,6174,0.02439406765718013,1000.0,79.61328245000001,10.913552179336548,,
924000,925000,,0.001,,,0.02359326419234276,,,10.912345346450806,1000.0,983.2708058178425
927000,928000,928,0.001,149,6202,0.02335908172931522,1000.0,80.03909596,10.90277455329895,,
929000,930000,,0.001,,,0.023586790713481603,,,10.905977445602417,1000.0,984.101842802763
931000,932000,932,0.001,149,6231,0.023062125648371876,1000.0,80.04765621,10.896760467529298,,
934000,935000,,0.001,,,0.023335434944368898,,,10.878177715301513,1000.0,982.7998104572296
935000,936000,936,0.001,149,6260,0.0228368975603953,1000.0,80.19487052999999,10.877688341140747,,
939000,940000,,0.001,,,0.02352541951555759,,,10.873419467926025,1000.0,984.012749260664
,940000,940,,149,6288,,1000.0,80.03127752999998,,,
943000,944000,944,0.001,149,6308,0.022814551632851364,1000.0,79.8440895,10.879005142211915,,
944000,945000,,0.001,,,0.02294445716496557,,,10.881783082962036,1000.0,978.4023292601108
947000,948000,948,0.001,149,6336,0.023317156303673984,1000.0,79.76510592000001,10.864819757461548,,
949000,950000,,0.001,,,0.02350720154866576,,,10.856577613830567,1000.0,980.7866802036763
951000,952000,952,0.001,149,6364,0.023080576254986225,1000.0,80.04276949999999,10.845251264572143,,
954000,955000,,0.001,,,0.022347695421427487,,,10.823505069732667,1000.0,979.9810853004456
955000,956000,956,0.001,149,6393,0.02295727600157261,1000.0,80.33585853999999,10.812082443237305,,
959000,960000,,0.001,,,0.023037014720030127,,,10.79983920097351,1000.0,984.1728541731834
,960000,960,,149,6421,,1000.0,80.52151666,,,
963000,964000,964,0.001,149,6441,0.023423842938616872,1000.0,80.04255916999999,10.781245655059815,,
964000,965000,,0.001,,,0.02341104028746486,,,10.781736513137817,1000.0,984.5691556513309
967000,968000,968,0.001,149,6470,0.02365241153165698,1000.0,79.98575478999999,10.794564228057862,,
969000,970000,,0.001,,,0.02357222918327898,,,10.803095569610596,1000.0,973.910408937931
971000,972000,972,0.001,149,6498,0.02411423680372536,1000.0,79.82625645,10.823824825286865,,
974000,975000,,0.001,,,0.024916305158287286,,,10.8700823097229,1000.0,982.0195645391941
975000,976000,976,0.001,149,6528,0.024819375379942357,1000.0,79.49299148000001,10.882282634735107,,
979000,980000,,0.001,,,0.024108358958736063,,,10.93169471359253,1000.0,967.7621798694133
,980000,980,,149,6556,,1000.0,79.03527755,,,
983000,984000,984,0.001,149,6576,0.02474217609129846,1000.0,78.94720373,10.971470798492431,,
984000,985000,,0.001,,,0.024159361025318505,,,10.978681116104125,1000.0,966.0760309576988
987000,988000,988,0.001,149,6605,0.025015988833270966,1000.0,78.86754321000001,11.011886444091797,,
989000,990000,,0.001,,,0.023953460916876793,,,11.017412242889405,1000.0,978.398362982273
991000,992000,992,0.001,149,6633,0.02340886052325368,1000.0,78.64887033999999,11.008132698059082,,
994000,995000,,0.001,,,0.02310656525939703,,,10.98485629081726,1000.0,978.0232582211495
995000,996000,996,0.001,149,6662,0.023141082699410617,1000.0,78.88348354,10.979916929244995,,
999000,1000000,,0.001,,,0.023803559437394144,,,10.932610710144044,1000.0,965.6523665487766
,1000000,1000,,149,6690,,1000.0,78.55796372,,,
1003000,1004000,1004,0.001,149,6710,0.024211390271782877,1000.0,78.09146607000001,10.940311519622803,,
1004000,1005000,,0.001,,,0.023602525014430286,,,10.931497539520263,1000.0,984.4022838711738
1007000,1008000,1008,0.001,149,6739,0.02295000028051436,1000.0,78.20238679,10.908140489578248,,
1009000,1010000,,0.001,,,0.021982339398004116,,,10.887340869903564,1000.0,975.8076865136624
1011000,1012000,1012,0.001,149,6768,0.020632034012116492,1000.0,78.2784496,10.851955242156983,,
1014000,1015000,,0.001,,,0.01977277860417962,,,10.75649995803833,1000.0,978.2320781588554
1015000,1016000,1016,0.001,149,6796,0.019370858245529234,1000.0,78.33338323,10.714495733261108,,
1019000,1020000,,0.001,,,0.019871716419234874,,,10.586895112991334,1000.0,981.2991038084031
,1020000,1020,,149,6824,,1000.0,78.36760519,,,
1023000,1024000,1024,0.001,149,6844,0.01695865545794368,1000.0,78.486431,10.401819578170777,,
1024000,1025000,,0.001,,,0.01668887286167592,,,10.342804197311402,1000.0,983.6241659343243
1027000,1028000,1028,0.001,149,6872,0.015953791570849717,1000.0,78.7501668,10.16311040687561,,
1029000,1030000,,0.001,,,0.014911088761873543,,,10.016230237960816,1000.0,983.3740363121033
1031000,1032000,1032,0.001,149,6901,0.014884565606713295,1000.0,78.87701311,9.870843461990356,,
1034000,1035000,,0.001,,,0.019315948916599154,,,9.742861137390136,1000.0,974.3872966051101
1035000,1036000,1036,0.001,149,6929,0.020911261119879784,1000.0,78.60576464,9.725530427932739,,
1039000,1040000,,0.001,,,0.01998745064251125,,,9.663712825775146,1000.0,979.0372775971889
,1040000,1040,,149,6958,,1000.0,78.58969818,,,
1043000,1044000,1044,0.001,149,6978,0.015705691580660642,1000.0,78.19574502,9.417565641403199,,
1044000,1045000,,0.001,,,0.014935704173520208,,,9.327225507736205,1000.0,974.952605831623
1047000,1048000,1048,0.001,149,7007,0.014904156161472202,1000.0,78.06135594999999,9.086234489440917,,
1049000,1050000,,0.001,,,0.015860234185121953,,,8.924095266342164,1000.0,971.6657227158546
1051000,1052000,1052,0.001,149,7035,0.017497649708762764,1000.0,77.79340895,8.776365922927857,,
1054000,1055000,,0.001,,,0.018486922238022088,,,8.571249740600585,1000.0,971.5224692821503
1055000,1056000,1056,0.001,149,7064,0.017754232776351273,1000.0,77.21817598,8.476341230392457,,
1059000,1060000,,0.001,,,0.016005133218131958,,,8.1119934425354,1000.0,983.6236662983895
,1060000,1060,,149,7092,,1000.0,76.78318855,,,
1063000,1064000,1064,0.001,149,7112,0.020290298506617545,1000.0,76.74332835,7.813484704971313,,
1064000,1065000,,0.001,,,0.022306331594474614,,,7.766247729301453,1000.0,965.2121571719647
1067000,1068000,1068,0.001,149,7140,0.028078308696858584,1000.0,75.98539278,7.7121081485748295,,
1069000,1070000,,0.001,,,0.033072269938886165,,,7.781837277412414,1000.0,903.312009948492
1071000,1072000,1072,0.001,149,7168,0.04404892554879188,1000.0,72.08140019000001,7.9362068901062015,,
1074000,1075000,,0.001,,,0.2945317833572626,,,9.008257793426514,1000.0,877.2629094958305
1075000,1076000,1076,0.001,149,7197,0.39450148518383504,1000.0,58.89799732,9.516897987365722,,
1079000,1080000,,0.001,,,0.46859460562467575,,,12.86533518409729,1000.0,572.8481725146528
,1080000,1080,,149,7225,,1000.0,20.45885631999999,,,
1083000,1084000,1084,0.001,149,7245,0.9503811653852463,1000.0,13.760110329999998,18.966035926818847,,
1084000,1085000,,0.001,,,1.0426387752890587,,,20.19562660217285,1000.0,903.7717395335436
1087000,1088000,1088,0.001,149,7274,1.0943093902468681,1000.0,4.94276986,22.901986015319824,,
1089000,1090000,,0.001,,,1.282568547606468,,,24.78821872329712,1000.0,100.85658160148887
1091000,1092000,1092,0.001,149,7302,0.9321321709156036,1000.0,-15.76019977,26.68547589111328,,
1094000,1095000,,0.001,,,0.6255104908049106,,,27.586704559326172,1000.0,488.8792538273148
1095000,1096000,1096,0.001,149,7331,0.8223263836801052,1000.0,-28.880210480000006,28.34254669189453,,
1099000,1100000,,0.001,,,1.629224528133869,,,32.63425218582153,1000.0,589.9205528870458
,1100000,1100,,149,7359,,1000.0,-48.91756749000001,,,
1103000,1104000,1104,0.001,149,7379,1.0287119892239571,1000.0,-60.20294325000002,35.64669659423828,,
1104000,1105000,,0.001,,,1.200452388584614,,,36.51887506866455,908.2,448.5447861912726
1107000,1108000,1108,0.001,149,7406,2.5712576348781586,1000.0,-71.3391488,39.49585110473633,,
1109000,1110000,,0.001,,,2.057398876786232,,,41.20256259918213,1000.0,720.5060219712556
1111000,1112000,1112,0.001,149,7435,1.312170657455921,1000.0,-134.35547982,40.490422058105466,,
1114040,1114414,1116,0.001,149,7450,0.7829607516527176,984.14,-162.16111115,43.06591281890869,,
1114688,1115000,,0.001,,,0.7130343139606671,,,43.326767858797616,812.1,157.69423222142214
1116688,1117688,1120,0.001,149,7470,0.8703691127300263,976.88,-195.30601819,43.72500912475586,,
1119688,1120000,,0.001,,,0.5814865918159485,,,42.890783157348636,1000.0,444.6438662867789
1120688,1121688,1124,0.001,149,7499,0.5882646307945252,976.88,-214.36552177,42.896724044799804,,
1124688,1125000,,0.001,,,0.7248274448513985,,,45.66078650665283,1000.0,652.617826882936
,1125688,1128,,149,7528,,976.88,-228.83922986,,,
1128688,1129688,1132,0.001,149,7548,1.4990022475123406,976.88,-244.71615101000003,50.99815236663818,,
1129688,1130000,,0.001,,,1.9635038439035415,,,51.99703002929687,1000.0,555.8627873088699
1132688,1133688,1136,0.001,149,7576,1.5861659516096116,976.88,-268.47599533,53.12040983581543,,
1134688,1135000,,0.001,,,1.2013946012854577,,,52.404626831054685,1000.0,689.9731582591805
1136688,1137688,1140,0.001,149,7604,1.2080793572068214,976.88,-288.55762406,51.72602507781983,,
1139688,1140000,,0.001,,,1.330888565003872,,,50.29837246704101,1000.0,483.0016033437103
1140688,1141688,1144,0.001,149,7633,1.1915790753364564,976.88,-297.68386477,49.882040840148925,,
1144688,1145000,,0.001,,,1.1325682112574578,,,49.53194506072998,1000.0,649.275356066646
,1145688,1148,,149,7661,,976.88,-309.93176068,,,
1147725,1148725,1152,0.001,149,7677,0.772447365361291,967.25,-317.9325521800001,48.82636027865939,,
1149725,1150000,,0.001,,,0.7914587880373001,,,48.580330589294434,711.6,199.63144230918587
1151725,1152725,1156,0.001,149,7703,1.5437584046125412,967.25,-340.65195995,48.74856394195557,,
1154725,1155000,,0.001,,,0.7126516714692116,,,46.65544536590576,1000.0,865.0189713154454
1155725,1156725,1160,0.001,149,7731,0.6131565036475658,967.25,-359.6338318,45.86916572570801,,
1159725,1160000,,0.001,,,0.9952484066486359,,,44.70629516601562,1000.0,-61.14044217217888
,1160725,1164,,149,7760,,967.25,-377.81144781999996,,,
1163725,1164725,1168,0.001,149,7779,1.1195533081293105,967.25,-407.81673581999996,47.36332019042969,,
1164958,1165000,,0.001,,,1.017932459775982,,,48.02043096428243,942.0,-294.1710061209698
1166958,1167958,1172,0.001,149,7803,0.9405885270237923,959.58,-417.40194660000003,47.555000938415525,,
1169958,1170000,,0.001,,,0.727905218809843,,,46.24479676818848,720.8,276.38137201931386
1170958,1171958,1176,0.001,149,7829,0.7382395471334458,959.58,-427.28033848,45.93948719787598,,
1174958,1175000,,0.001,,,0.9428678888976574,,,45.19697982788086,1000.0,515.2620504960214
,1175958,1180,,149,7858,,959.58,-405.27034354999995,,,
1178007,1179007,1184,0.001,149,7873,0.7772573218941689,950.07,-429.73865969999997,44.66149164581299,,
1179007,1180000,,0.001,,,0.8200340431928634,,,44.35969013977051,814.9,275.5053627698493
1181169,1181688,1188,0.001,149,7895,0.8041242954432964,936.88,-442.6765536599999,44.383589469909666,,
1183741,1184741,1192,0.001,149,7908,1.2413570588489748,927.41,-438.35492481,44.7628591977633,,
1184741,1185000,,0.001,,,0.9685701518952846,,,45.00436331176758,909.8,551.2231718662522
1187741,1188741,1196,0.001,149,7935,1.1011323325634004,927.41,-434.73578733,46.14953568267822,,
1189741,1190000,,0.001,,,1.081324529349804,,,45.673482742309574,1000.0,377.4163276701714
1191741,1192741,1200,0.001,149,7964,0.9718746438622474,927.41,-465.60637646000004,44.971600479125975,,
1194741,1195000,,0.001,,,1.1465818420648575,,,44.58935984802246,1000.0,271.87948570625747
1195741,1196741,1204,0.001,149,7993,1.1789425317049027,927.41,-481.20440538,44.94026600646973,,
1199741,1200000,,0.001,,,1.3966361197829247,,,45.67377805328369,1000.0,401.7250414453629
,1200741,1208,,149,8022,,927.41,-489.38895141,,,
1203741,1203902,1212,0.001,149,8041,1.0978896553516388,919.02,-437.69682699000003,45.85485208129883,,
1204902,1205000,,0.001,,,1.1738281611204147,,,46.21736265563965,566.0,-340.8120250234497
1205295,1205340,1216,0.001,149,8053,1.2245599834386967,909.26,-427.46958682,46.06394627888997,,
1205469,1206469,1220,0.001,149,8055,1.3578199500387365,887.81,-415.09727408,46.200922532515094,,
1209059,1209178,1224,0.001,149,8072,1.384907608921245,874.9,-440.76799170000004,45.70372170917059,,
1209819,1210000,,0.001,,,1.2455860229387676,,,45.91245410866933,558.1,-81.79268960977242
1210007,1210980,1228,0.001,149,8082,1.2621044922382274,852.92,-444.06796667000003,45.87296242409564,,
1212432,1213432,1232,0.001,149,8094,1.2961959990260867,837.44,-449.84312918,46.246997373323914,,
1214432,1215000,,0.001,,,1.253998704791069,,,46.754635040283205,1000.0,407.3735173865745
1216432,1217432,1236,0.001,149,8123,1.3416104692816735,837.44,-447.2310249900001,46.9292718963623,,
1219432,1220000,,0.001,,,1.225590569794178,,,46.71004685974121,1000.0,684.5396909873467
1220432,1221432,1240,0.001,149,8151,1.2390386592745781,837.44,-443.27212231000004,46.904256668090824,,
1224432,1225000,,0.001,,,1.2228269961476326,,,47.66392364501953,1000.0,254.12073055460206
,1225432,1244,,149,8179,,837.44,-451.42443864,,,
1228432,1229432,1248,0.001,149,8199,0.8047040145099164,837.44,-453.9399293,46.26594083404541,,
1229432,1230000,,0.001,,,0.7282808346152305,,,45.95341145324707,902.3,566.8076782168006
1232432,1233432,1252,0.001,149,8227,0.6019296238422394,847.07,-455.2969924,44.53561220550537,,
1234432,1235000,,0.001,,,0.540827390819788,,,43.06731799316406,1000.0,869.5558570057153
1236432,1237432,1256,0.001,149,8255,0.8175329991281033,847.07,-437.57924088,41.79611541748047,,
1239432,1240000,,0.001,,,0.8175365428030491,,,40.17644198608399,1000.0,764.2253603100777
1240432,1241432,1260,0.001,149,8283,0.8408585831224918,847.07,-431.03931848,40.14599411773682,,
1244432,1245000,,0.001,,,0.843031948685646,,,39.35891849517822,918.9,620.352549530409
,1245432,1264,,149,8311,,847.07,-436.0141344100001,,,
1247457,1248457,1268,0.001,149,8326,0.808968732625246,837.32,-432.97085432,39.03661067199707,,
1249457,1250000,,0.001,,,0.5888629611134529,,,38.49657946014404,1000.0,790.5309732967289
1251457,1252457,1272,0.001,149,8354,0.7516716172993183,844.99,-428.9234256600001,38.06222576904297,,
1254457,1255000,,0.001,,,0.6932683989703655,,,37.48010558319092,1000.0,398.16277996995484
1255457,1256457,1276,0.001,149,8383,0.61599599096179,844.99,-423.8001723699999,37.34467189025879,,
1259457,1260000,,0.001,,,0.6165859259068965,,,37.15640508270263,1000.0,487.77066996198045
,1260457,1280,,149,8412,,844.99,-421.11533556,,,
1263457,1264457,1284,0.001,149,8431,0.8990800074934959,854.5,-398.14763548,36.724892196655276,,
1264457,1265000,,0.001,,,0.9120920059978962,,,36.57210469055176,1000.0,706.0443725007702
1267457,1268457,1288,0.001,149,8460,0.4828908852785826,867.69,-388.60916746000004,35.59844906616211,,
1269457,1270000,,0.001,,,0.5283160911351442,,,34.628626472473144,1000.0,514.578787245747
1271457,1272457,1292,0.001,149,8488,0.4981114320456982,877.16,-384.6184625299999,33.9779722366333,,
1274457,1275000,,0.001,,,0.47047595807909964,,,33.20048773193359,715.1,532.5335420127958
1275457,1276457,1296,0.001,149,8514,0.5750226631760598,877.16,-382.95989502999987,32.957316524505615,,
1279225,1280000,,0.001,,,0.6099735689759255,,,32.53573204421997,1000.0,682.8204111339525
,1280225,1300,,149,8541,,874.84,-339.25646774999996,,,
1283225,1284225,1304,0.001,150,8560,0.5114836315214634,874.84,-328.08679564000005,32.03590514755249,,
1284225,1285000,,0.001,,,0.5285308683365584,,,31.80870939254761,1000.0,828.2658597640693
1287225,1288225,1308,0.001,149,8588,0.4308545486778021,874.84,-315.79418782,31.083838485717774,,
1289225,1290000,,0.001,,,0.3892797067910433,,,30.609618408203126,1000.0,846.65644056499
1291225,1292225,1312,0.001,149,8616,0.3328428084552288,883.23,-309.7916965,30.232468627929688,,
1294225,1295000,,0.001,,,0.37222160947322847,,,29.882054927825926,1000.0,800.6722486823797
1295225,1296225,1316,0.001,149,8645,0.43314056971669196,908.85,-297.71108140999996,29.819737464904787,,
1299225,1300000,,0.001,,,0.37348057739436624,,,29.636711757659914,1000.0,873.3533661246299
,1300225,1320,,149,8674,,937.56,-283.21454686,,,
1303225,1304225,1324,0.001,150,8693,0.38118849076330663,950.47,-248.38302444999997,29.643946701049806,,
1304225,1305000,,0.001,,,0.392845055103302,,,29.704832271575928,1000.0,833.5031860113144
1307225,1308225,1328,0.001,149,8722,0.5324794881343842,972.45,-238.67581941999998,29.752977519989013,,
1309225,1310000,,0.001,,,0.5615122684538364,,,29.92073328781128,1000.0,805.2089234292507
1311225,1312225,1332,0.001,149,8751,0.6192704113423825,987.93,-227.09101625000005,30.074930862426758,,
1314225,1315000,,0.001,,,0.5711569118797779,,,30.077546375274657,1000.0,741.5383517205715
1315225,1316225,1336,0.001,149,8779,0.547089562445879,987.93,-213.00377517,30.194456089019777,,
1319225,1320000,,0.001,,,0.6908554137647152,,,30.626878875732423,1000.0,756.1144483186305
,1320225,1340,,149,8808,,987.93,-204.53605660999997,,,
1323225,1324225,1344,0.001,150,8827,0.5294811078310013,987.93,-194.3564689,30.586318183898925,,
1324225,1325000,,0.001,,,0.5194645410329104,,,30.48769157028198,1000.0,785.7204509332776
1327225,1328225,1348,0.001,149,8856,0.4756786148399115,987.93,-184.29990014999998,30.073481323242188,,
1329225,1330000,,0.001,,,0.5302851974666118,,,30.03698307418823,1000.0,818.2416938722133
1331225,1332225,1352,0.001,149,8885,0.6798751768767833,987.93,-182.17400662999998,30.235506843566895,,
1334225,1335000,,0.001,,,0.9063853396177292,,,30.760049617767333,1000.0,813.8682675734162
1335225,1336225,1356,0.001,149,8913,0.8934028769731521,987.93,-183.26898122999995,30.76318487548828,,
1339225,1340000,,0.001,,,0.696715428352356,,,30.476149311065672,1000.0,655.2715340991563
,1340225,1360,,149,8941,,987.93,-180.96635090999996,,,
1343225,1344225,1364,0.001,150,8961,0.8025663496553898,987.93,-165.16320966,30.738897800445557,,
1344225,1345000,,0.001,,,0.6428330528140068,,,30.804033554077147,1000.0,515.7463688990101
1347225,1348225,1368,0.001,149,8989,0.773774493098259,997.68,-151.70939112999997,31.146857082366942,,
1349225,1350000,,0.001,,,0.7927927975356579,,,31.33934468460083,1000.0,565.3980241431739
1351225,1352225,1372,0.001,149,9017,0.8044073562920093,997.68,-157.63092832999996,31.85114847946167,,
1354225,1355000,,0.001,,,1.0815551421046257,,,32.4788240737915,1000.0,695.9557830476202
1355225,1356225,1376,0.001,149,9046,1.1792770361304283,997.68,-148.16169460999998,32.93552434921265,,
1358714,1359714,1380,0.001,150,9063,1.3409965623375828,992.57,-155.01321231999998,35.801232816735094,,
1359969,1360000,,0.001,,,1.1434794868741716,,,36.43479650160845,295.9,-303.37249792468504
1360163,1360225,1384,0.001,149,9072,1.135143576209078,957.68,-155.66534496,36.36279713738825,,
1362525,1363525,1388,0.001,150,9085,1.3430101688091571,950.68,-178.36375705000003,37.53984851406929,,
1364525,1365000,,0.001,,,1.046598698824644,,,37.87908486175537,993.6,39.46937674807778
1366525,1367525,1392,0.001,150,9113,0.9210370049476624,950.68,-185.32968224999996,38.105214401245114,,
1369525,1370000,,0.001,,,0.8666228260993958,,,38.0017942276001,1000.0,397.2588837608026
1370525,1371525,1396,0.001,150,9141,0.8530374166965484,950.68,-200.79890770999998,38.07178493499756,,
1374525,1375000,,0.001,,,0.8941963113546372,,,37.86637606048584,836.2,561.3907367775333
,1375525,1400,,150,9168,,953.0,-215.20233164,,,
1378525,1379525,1404,0.001,150,9188,0.7256511468291282,953.0,-212.13070742999997,36.8601078414917,,
1379525,1380000,,0.001,,,0.5917962563633918,,,36.59373104095459,1000.0,856.8115133881569
1382525,1383525,1408,0.001,150,9217,0.583676414847374,953.0,-209.53348188999996,35.94882664489746,,
1384525,1385000,,0.001,,,0.6394601415544748,,,35.51800807952881,1000.0,896.1731907606124
1386525,1387525,1412,0.001,150,9246,0.49593741220235826,953.0,-208.39620050999997,35.110557678222655,,
1389525,1390000,,0.001,,,0.5806196627020835,,,34.43254327392578,1000.0,796.130415263545
1390525,1391525,1416,0.001,150,9274,0.5089676980227232,953.0,-210.178163,34.25970420074463,,
1394525,1395000,,0.001,,,0.7841257358193398,,,34.2511471862793,1000.0,838.0215747706592
,1395525,1420,,150,9302,,953.0,-210.17720950000003,,,
1398525,1399525,1424,0.001,150,9322,0.7844025266468525,953.0,-213.16685640999995,34.190790458679196,,
1399525,1400000,,0.001,,,0.8266920396387577,,,34.20762491607666,1000.0,789.8863617002964
1402525,1403525,1428,0.001,150,9350,0.7206849556267262,953.0,-213.06348359999996,33.67523657989502,,
1404525,1405000,,0.001,,,0.6753373307287693,,,33.23136401367187,833.0,668.5256610346958
1405913,1406913,1432,0.001,150,9375,0.6741107778686652,946.88,-213.83922322,32.690797988162096,,
1409913,1410000,,0.001,,,0.8315159431397915,,,32.544268909454345,827.5,443.95636060375256
,1410166,1436,,149,9401,,939.41,-216.08093964,,,
1412718,1413718,1440,0.001,150,9415,0.6118756878077984,934.93,-225.53477633000003,31.534881286621093,,
1414718,1415000,,0.001,,,0.4843977782726288,,,30.622279121398925,1000.0,878.7336505517363
1416718,1417718,1444,0.001,150,9443,0.4330883824080229,934.93,-221.91470235999998,30.128416328430177,,
1419718,1420000,,0.001,,,0.4333011441081762,,,29.602456703186036,1000.0,834.4567750409245
1420718,1421718,1448,0.001,150,9472,0.39093140861392023,934.93,-223.62190147000004,29.365395221710205,,
1424718,1425000,,0.001,,,0.3584775353372097,,,28.72830969619751,1000.0,804.0081677310169
,1425718,1452,,150,9501,,934.93,-220.66108240000005,,,
1428718,1429718,1456,0.001,150,9521,0.34899226506054404,934.93,-219.06472516000002,28.093082633972166,,
1429718,1430000,,0.001,,,0.367075894549489,,,27.940396968841554,652.8,483.08064385000614
1432134,1433134,1460,0.001,150,9543,0.4055638987123966,929.09,-217.33221237,27.654490417480467,,
1434134,1435000,,0.001,,,0.37039463663101196,,,27.516711906433105,1000.0,870.3322694418952
1436134,1437134,1464,0.001,150,9571,0.3910930586159229,929.09,-217.2170112,27.33695606613159,,
1439134,1440000,,0.001,,,0.4113468117415905,,,27.336535545349122,909.9,666.47837031862
1440134,1441134,1468,0.001,150,9599,0.4358266699910164,929.09,-210.62901652,27.373397720336914,,
1442415,1443415,1472,0.001,150,9610,0.5174933503639986,911.9,-201.34422497,27.372814638068878,,
1444415,1445000,,0.001,,,0.4964761406183243,,,27.479363285064696,789.8,544.6375112489361
1445782,1446551,1476,0.001,150,9633,0.40513847118664825,903.26,-205.83965624,27.6026001183883,,
1447911,1448911,1480,0.001,150,9644,0.3941280453958932,891.97,-191.43670445,27.851463317871094,,
1449911,1450000,,0.001,,,0.4702088940292597,,,27.95298377990723,919.5,711.5886120391776
1451911,1452911,1484,0.001,150,9672,0.41765046934783456,926.86,-190.90715483,28.013639041900635,,
1454911,1455000,,0.001,,,0.43383082768321035,,,27.97267418670654,1000.0,853.9432010784745
1455911,1456911,1488,0.001,150,9699,0.4483139197677374,933.86,-160.51486541000003,27.99234949874878,,
1459911,1460000,,0.001,,,0.44296304307878015,,,27.320928466796875,1000.0,772.8757329463958
,1460911,1492,,150,9728,,933.86,-147.31480280999997,,,
1463911,1464911,1496,0.001,150,9747,0.5092039114385843,933.86,-131.40304767,27.054387119293214,,
1464911,1465000,,0.001,,,0.4607664348036051,,,26.87647447967529,1000.0,644.4337711598666
1467911,1468911,1500,0.001,150,9777,0.505248406112194,933.86,-121.13805152,26.183438808441164,,
1469989,1470000,,0.001,,,0.4133486089259386,,,25.857807598114015,1000.0,901.1989356279373
1470989,1471989,1504,0.001,150,9800,0.41677146083116534,924.64,-111.67842270000003,25.66419725418091,,
1474989,1475000,,0.001,,,0.3356404975503683,,,25.210060890197752,967.3,876.3643450982869
,1475989,1508,,150,9828,,924.64,-110.53351864999999,,,
1478989,1479989,1512,0.001,150,9848,0.3618784708380699,924.64,-109.97449277,24.922378131866456,,
1479989,1480000,,0.001,,,0.37778481614589693,,,24.878818798065186,1000.0,909.0596871167421
1482989,1483989,1516,0.001,150,9876,0.41804072821140287,924.64,-106.15739324999998,24.89636027908325,,
1484989,1485000,,0.001,,,0.41992028994858266,,,24.758011001586915,1000.0,907.5504499197007
1486989,1487989,1520,0.001,150,9904,0.40946082697808744,924.64,-102.51282250999999,24.50401364517212,,
1489989,1490000,,0.001,,,0.3835711394399405,,,24.120368633270264,1000.0,910.920849609375
1490989,1491989,1524,0.001,150,9932,0.3764764131456614,924.64,-95.71187653000001,24.02512741470337,,
1494989,1495000,,0.001,,,0.38216818270087244,,,23.614101852416994,1000.0,764.7315585236065
,1495989,1528,,150,9961,,924.64,-92.44231971999997,,,
1498989,1499989,1532,0.001,150,9980,0.3241318645179272,930.76,-84.49710987,22.991002197265626,,
1499989,1500000,,0.001,,,0.29343681287020446,,,22.86800322341919,1000.0,929.2229964017868
1502989,1503989,1536,0.001,150,10009,0.2808773693665862,938.23,-76.87360272,22.45246307373047,,
1504989,1505000,,0.001,,,0.24928321042656898,,,22.334593952178956,1000.0,930.4979791611433
1506989,1507989,1540,0.001,150,10038,0.29920934640616176,942.71,-61.58078194999999,22.200481281280517,,
1509989,1510000,,0.001,,,0.2629414607062936,,,21.957282859802245,1000.0,922.6458615958691
1510989,1511989,1544,0.001,150,10066,0.26505446366220714,942.71,-60.40114546000001,21.877078884124757,,
1514989,1515000,,0.001,,,0.25518577932566405,,,21.541677005767824,1000.0,904.6960868639871
,1515989,1548,,150,10094,,942.71,-56.53404561,,,
1518989,1519989,1552,0.001,150,10114,0.26757172343879937,942.71,-55.48409122000001,21.369092998504637,,
1519989,1520000,,0.001,,,0.2677706077992916,,,21.370944458007813,1000.0,905.4719929009676
1522989,1523989,1556,0.001,150,10142,0.2764019058123231,942.71,-53.95650280000001,21.298563415527344,,
1524989,1525000,,0.001,,,0.3116726261302829,,,21.305146945953368,1000.0,844.1464668750763
1526989,1527989,1560,0.001,150,10170,0.3058083149343729,948.55,-48.39430379000002,21.380825336456297,,
1529989,1530000,,0.001,,,0.35762935590744016,,,21.365809394836425,882.9,468.7777318995213
1530989,1531989,1564,0.001,150,10198,0.324503295391798,948.55,-47.18618124,21.389297863006593,,
1534493,1535000,,0.001,,,0.3185768696814775,,,21.25687697982788,1000.0,793.2107999414205
,1535493,1568,,150,10223,,943.59,-46.25939740000002,,,
1538493,1539493,1572,0.001,150,10244,0.27724899612367154,960.78,-47.989065180000004,21.390730060577393,,
1539493,1540000,,0.001,,,0.26905298556387425,,,21.44062019729614,1000.0,820.0716098964215
1542493,1543493,1576,0.001,150,10272,0.32083285398781297,969.42,-39.87546985,21.464448833465575,,
1544493,1545000,,0.001,,,0.3142488691061735,,,21.523639381408692,1000.0,833.9740655481816
1546493,1547493,1580,0.001,150,10301,0.28888227574527264,985.82,-39.50741773,21.457969192504883,,
1549493,1550000,,0.001,,,0.31284012711793185,,,21.299102199554444,917.7,835.5201419755816
1550493,1551493,1584,0.001,150,10328,0.2639317961484194,985.82,-34.02615813,21.2626893119812,,
1554493,1555000,,0.001,,,0.20996122001111509,,,20.96415935897827,1000.0,934.9164692521096
,1555493,1588,,150,10357,,985.82,-31.08767405,,,
1558493,1559493,1592,0.001,150,10377,0.18204752904176713,985.82,-25.738925450000007,20.544298152923584,,
1559493,1560000,,0.001,,,0.20463150282949208,,,20.451694858551026,1000.0,942.6219475023448
1562493,1563493,1596,0.001,150,10405,0.1840944230929017,985.82,-19.61197534,20.205990840911866,,
1564493,1565000,,0.001,,,0.16509905973821878,,,20.0510948677063,1000.0,943.1754823505878
1566493,1567493,1600,0.001,150,10434,0.16550515884160996,985.82,-9.364500929999998,19.909396980285646,,
1569493,1570000,,0.001,,,0.18070487794652582,,,19.750008285522462,1000.0,913.1444447457791
1570493,1571493,1604,0.001,150,10462,0.1541015842668712,995.04,-7.895250699999999,19.70597900772095,,
1574493,1575000,,0.001,,,0.1694410321712494,,,19.405618297576904,1000.0,942.5156601548194
,1575493,1608,,150,10491,,995.04,-6.75456253,,,
1578493,1579493,1612,0.001,150,10511,0.1339116012379527,995.04,-4.6811973799999995,19.1546244392395,,
1579493,1580000,,0.001,,,0.13565961073338986,,,19.092993446350096,1000.0,950.5197859704494
1582493,1583493,1616,0.001,150,10539,0.11581433090567589,995.04,-2.3419758000000015,18.823992275238037,,
1584493,1585000,,0.001,,,0.13276467098668218,,,18.64818451690674,1000.0,931.3621968686581
1586493,1587493,1620,0.001,150,10567,0.1539007471948862,995.04,-1.9122370700000013,18.526204273223875,,
1589493,1590000,,0.001,,,0.14314689200744032,,,18.377640369415282,1000.0,922.3472543597221
1590493,1591493,1624,0.001,150,10596,0.1310520812794566,995.04,1.3687370799999998,18.323084758758544,,
1594493,1595000,,0.001,,,0.12818312020972372,,,18.079165256500243,1000.0,938.5975182004273
,1595493,1628,,150,10624,,995.04,3.708005270000001,,,
1598493,1599493,1632,0.001,150,10644,0.13477889361977577,995.04,4.75868981,17.85303508758545,,
1599493,1600000,,0.001,,,0.13864511177316308,,,17.770827571868896,1000.0,943.9877711594105
1602151,1603151,1636,0.001,150,10671,0.13194864995777608,991.62,5.01303191,17.657147315979003,,
1604151,1605000,,0.001,,,0.12334179106354713,,,17.505304275512696,1000.0,959.4227239012719
1606151,1607151,1640,0.001,150,10699,0.11747256294637919,991.62,6.211459400000001,17.350398189544677,,
1609151,1610000,,0.001,,,0.10992442632466555,,,17.188726558685303,946.6,880.0615529153496
1610151,1611151,1644,0.001,150,10727,0.11981835968792438,991.62,7.866869870000001,17.13552941131592,,
1614151,1615000,,0.001,,,0.13387084743380548,,,16.82529114532471,1000.0,909.1709635734558
,1615151,1648,,150,10756,,991.62,9.157366770000001,,,
1618151,1619151,1652,0.001,150,10776,0.14525716220214963,991.62,10.05912595,16.675692840576172,,
1619151,1620000,,0.001,,,0.12891960027068852,,,16.623901649475098,1000.0,920.2324728608131
1622151,1623151,1656,0.001,150,10804,0.09768266100436448,991.62,11.589753559999998,16.38470644378662,,
1624151,1625000,,0.001,,,0.09246538782119751,,,16.19412554550171,1000.0,957.147226858139
1626151,1627151,1660,0.001,150,10832,0.104867944765836,991.62,13.96882872,16.055984325408936,,
1629151,1630000,,0.001,,,0.0893595673032105,,,15.892175664901734,1000.0,965.8787590622902
1630151,1631151,1664,0.001,150,10860,0.08749978844076395,991.62,19.853992829999996,15.838413997650147,,
1634151,1635000,,0.001,,,0.09443617890030145,,,15.701435287475586,1000.0,961.4426684558391
,1635151,1668,,150,10889,,996.58,25.985193740000003,,,
1638151,1639151,1672,0.001,150,10908,0.08489302522689104,996.58,32.784749080000005,15.537642488479614,,
1639151,1640000,,0.001,,,0.09429847770556808,,,15.493215351104736,1000.0,952.1327015757561
1642151,1643151,1676,0.001,150,10937,0.07972821392305195,996.58,36.485325919999994,15.326064294815064,,
1644151,1645000,,0.001,,,0.08369129247218371,,,15.221436603546142,1000.0,951.1267973482609
1646151,1647151,1680,0.001,150,10965,0.08230731047876179,996.58,42.04495466,15.127699453353882,,
1649151,1650000,,0.001,,,0.06879062123410404,,,14.94519359779358,1000.0,961.3815342366695
1650151,1651151,1684,0.001,150,10993,0.07906941819936036,996.58,44.42353779999999,14.87622303199768,,
1654151,1655000,,0.001,,,0.0857725764401257,,,14.629580213546753,1000.0,983.6614985764027
,1655151,1688,,150,11023,,996.58,45.85734385,,,
1658151,1659151,1692,0.001,150,11043,0.07308588722348214,996.58,46.827318899999995,14.377180351257325,,
1659151,1660000,,0.001,,,0.0795394967328757,,,14.302876441955567,1000.0,977.0437999427319
1662151,1663151,1696,0.001,150,11071,0.0702032457087189,996.58,48.11295998000001,14.13169121170044,,
1664151,1665000,,0.001,,,0.08220470713078976,,,14.03286177444458,1000.0,979.2796731829643
1666151,1667151,1700,0.001,150,11100,0.07243132793530822,996.58,49.56624902999999,13.935549591064452,,
1669151,1670000,,0.001,,,0.06950853437557816,,,13.806481601715088,1000.0,978.3931423783303
1670151,1671151,1704,0.001,150,11128,0.07379315731674432,996.58,51.63086204000001,13.764963041305542,,
1674151,1675000,,0.001,,,0.06387096487171948,,,13.598468662261963,1000.0,983.1558091282844
,1675151,1708,,150,11156,,996.58,53.61385467,,,
1678151,1679151,1712,0.001,150,11176,0.06533114531822502,996.58,54.94787345999998,13.446276372909546,,
1679151,1680000,,0.001,,,0.05912889728695154,,,13.413362102508545,1000.0,976.3111487090588
1682151,1683151,1716,0.001,150,11204,0.07222912813164294,996.58,56.118437289999996,13.307214897155761,,
1684151,1685000,,0.001,,,0.06251918172836304,,,13.252997694015503,1000.0,988.1249728858471
1686151,1687151,1720,0.001,150,11233,0.05496827440150082,996.58,58.65050198000001,13.167610054016114,,
1689151,1690000,,0.001,,,0.05308730925992131,,,13.046909006118774,1000.0,980.3445548832417
1690151,1691151,1724,0.001,150,11262,0.06188521199673414,996.58,61.35456109000002,13.033788927078247,,
1694151,1695000,,0.001,,,0.06445934768207372,,,12.890436603546142,1000.0,978.2205356538295
,1695151,1728,,150,11290,,996.58,63.45256221999999,,,
1698151,1699151,1732,0.001,150,11310,0.05177870646491647,996.58,64.17955022,12.795528259277344,,
1699151,1700000,,0.001,,,0.049983049334958195,,,12.74699414253235,1000.0,977.4893071472645
1702151,1703151,1736,0.001,150,11338,0.054422649716958406,1000.0,65.70325881999999,12.68145356941223,,
1704151,1705000,,0.001,,,0.06271465781144797,,,12.630983737945556,1000.0,981.6207168519497
1706151,1707151,1740,0.001,150,11366,0.04846362124197185,1000.0,66.37648087,12.572609683990478,,
1709151,1710000,,0.001,,,0.05192309375107288,,,12.512872566223145,1000.0,977.2547133684159
1710151,1711151,1744,0.001,150,11395,0.05051571723259986,1000.0,67.45666437999999,12.495584558486938,,
1714151,1715000,,0.001,,,0.0606003798302263,,,12.465889852523803,1000.0,977.8728621959687
,1715151,1748,,150,11423,,1000.0,68.89733499,,,
1718151,1719151,1752,0.001,150,11443,0.04486946291662753,1000.0,71.16355168999999,12.391001787185669,,
1719151,1720000,,0.001,,,0.04576239571534097,,,12.366053544998168,1000.0,976.6257747650146
1722151,1723151,1756,0.001,150,11471,0.0470097713265568,1000.0,73.07076688,12.342561792373656,,
1724151,1725000,,0.001,,,0.05351276298612356,,,12.30275387763977,1000.0,978.6118832290173
1726151,1727151,1760,0.001,150,11499,0.04339625408127904,1000.0,73.59362981,12.261065742492676,,
1729151,1730000,,0.001,,,0.04345397962629795,,,12.2430662651062,1000.0,978.3770767569542
1730151,1731151,1764,0.001,150,11527,0.044999627280049026,1000.0,73.76335454999999,12.230745143890381,,
1734151,1735000,,0.001,,,0.050769363787025214,,,12.177615573883056,1000.0,970.9954339563847
,1735151,1768,,150,11557,,1000.0,73.9794168,,,
1738151,1739151,1772,0.001,150,11576,0.0479248819462955,1000.0,74.81233167999999,12.130708808898925,,
1739151,1740000,,0.001,,,0.04468543561734259,,,12.12209920501709,1000.0,967.4556292235851
1742151,1743151,1776,0.001,150,11605,0.04309312936663628,1000.0,75.50961143999999,12.094808458328247,,
1744151,1745000,,0.001,,,0.042974806604906914,,,12.08142109298706,1000.0,967.5377784132958
1746151,1747151,1780,0.001,150,11633,0.04653650544770062,1000.0,75.97944770999999,12.05490043449402,,
1749151,1750000,,0.001,,,0.03998911060579121,,,12.003896575927735,1000.0,971.4110639095306
1750151,1751151,1784,0.001,150,11661,0.0443803160469979,1000.0,76.10491837,12.014330940246582,,
1754151,1755000,,0.001,,,0.043744003675878045,,,11.950357275009155,1000.0,981.2555156111717
,1755151,1788,,150,11689,,1000.0,76.01987278,,,
1758151,1759151,1792,0.001,150,11709,0.04339920978527516,1000.0,75.81919935,11.931476205825806,,
1759151,1760000,,0.001,,,0.047506845826283096,,,11.937230661392212,1000.0,979.0258285403252
1762151,1763151,1796,0.001,150,11737,0.04017399856261909,1000.0,75.82431115,11.896618370056153,,
1764151,1765000,,0.001,,,0.04144370579719543,,,11.88371040725708,1000.0,978.8485045969486
1766151,1767151,1800,0.001,150,11765,0.03862740905303508,1000.0,75.75216327999999,11.874383544921875,,
1769151,1770000,,0.001,,,0.045941461089998484,,,11.842848205566407,1000.0,976.0669807970523
1770151,1771151,1804,0.001,150,11794,0.04787323343195021,1000.0,75.61779804,11.829527585983277,,
1774151,1775000,,0.001,,,0.04038341194204986,,,11.819215391159057,1000.0,978.5591267526149
,1775151,1808,,150,11822,,1000.0,75.57191073000001,,,
1778151,1779151,1812,0.001,150,11842,0.03303236923459917,1000.0,75.60685742999999,11.827522903442382,,
1779151,1780000,,0.001,,,0.04302317282371223,,,11.821833156585694,1000.0,975.412829631567
1782151,1783151,1816,0.001,150,11870,0.03962673131749034,1000.0,75.50851318,11.809867845535278,,
1784151,1785000,,0.001,,,0.03538126939348876,,,11.790768472671509,1000.0,977.584366774559
1786151,1787151,1820,0.001,150,11899,0.03398529770039022,1000.0,75.38521089,11.810257877349853,,
1789151,1790000,,0.001,,,0.03820497479662299,,,11.785813199996948,1000.0,977.2697622478008
1790151,1791151,1824,0.001,150,11928,0.04249326639436185,1000.0,75.27631313,11.794023641586303,,
1794151,1795000,,0.001,,,0.04159299995005131,,,11.800235122680665,1000.0,970.4744029283523
,1795151,1828,,150,11956,,1000.0,75.09430042,,,
1798151,1799151,1832,0.001,150,11976,0.04300113657489419,1000.0,76.0136833,11.784024932861328,,
1799151,1800000,,0.001,,,0.03588900929316878,,,11.791485773086547,1000.0,967.9037182629108
1802151,1803151,1836,0.001,150,12005,0.0358964400794357,1000.0,75.78337383999998,11.765721382141113,,
1804151,1805000,,0.001,,,0.03299257159046829,,,11.78154227256775,1000.0,980.6795956492424
1806151,1807151,1840,0.001,150,12034,0.03500389378331602,1000.0,75.72599258,11.76852771949768,,
1809151,1810000,,0.001,,,0.037267370520159604,,,11.742275289535522,1000.0,966.1514166772365
1810151,1811151,1844,0.001,150,12062,0.03678606128320098,1000.0,75.47882039,11.733976484298706,,
1814151,1815000,,0.001,,,0.03132080372795463,,,11.717485620498657,1000.0,963.6347099483013
,1815151,1848,,150,12091,,1000.0,74.84347948999999,,,
1818151,1819151,1852,0.001,150,12111,0.03422632371168584,1000.0,75.03723411000001,11.706569957733155,,
1819151,1820000,,0.001,,,0.035614543652161955,,,11.69260450553894,1000.0,978.9300046861172
1822151,1823151,1856,0.001,150,12139,0.033716202528215944,1000.0,75.00296468,11.682119688034058,,
1824151,1825000,,0.001,,,0.03806830128934234,,,11.679005575180053,1000.0,982.3824912309647
1826151,1827151,1860,0.001,150,12168,0.03746995463781059,1000.0,75.32690036,11.654728094100951,,
1829151,1830000,,0.001,,,0.038447137794457374,,,11.63232479095459,1000.0,980.5688773512841
1830151,1831151,1864,0.001,150,12197,0.035529629725031556,1000.0,75.86878974000001,11.614960968017579,,
1834151,1835000,,0.001,,,0.034511933647096156,,,11.593699642181397,1000.0,979.134311068058
,1835151,1868,,150,12225,,1000.0,76.17019536000001,,,
1838151,1839151,1872,0.001,150,12245,0.03196661541145295,1000.0,75.69323594,11.539474037170411,,
1839151,1840000,,0.001,,,0.036225782357156275,,,11.5334942817688,1000.0,966.2816159486771
1842151,1843151,1876,0.001,150,12274,0.03372005212400109,1000.0,76.07676104000001,11.48237554359436,,
1844151,1845000,,0.001,,,0.030752712515182794,,,11.45958875656128,1000.0,972.3664040148258
1846151,1847151,1880,0.001,150,12302,0.0367329204166308,1000.0,75.9413375,11.42038846206665,,
1849151,1850000,,0.001,,,0.03303419889230281,,,11.402261569976806,1000.0,975.4311727285385
1850151,1851151,1884,0.001,150,12330,0.03223527531605214,1000.0,76.15654130000001,11.390927932739258,,
1854151,1855000,,0.001,,,0.04117257376201451,,,11.382691133499145,1000.0,975.9431580066681
,1855151,1888,,150,12359,,1000.0,76.35895304,,,
1858151,1859151,1892,0.001,150,12379,0.04341819281037897,1000.0,76.67034295,11.39153749847412,,
1859151,1860000,,0.001,,,0.03679165538027883,,,11.398067726135254,1000.0,973.6824327409267
1862151,1863151,1896,0.001,150,12408,0.038543520998209714,1000.0,76.24519047000001,11.40704108428955,,
1864151,1865000,,0.001,,,0.042554132571443914,,,11.424827953338623,1000.0,974.1086047410965
1866151,1867151,1900,0.001,150,12437,0.03949720389582217,1000.0,75.8986406,11.44818033027649,,
1869151,1870000,,0.001,,,0.04053247578255832,,,11.447759447097779,1000.0,974.8482015490532
1870151,1871151,1904,0.001,150,12466,0.03870804823562503,1000.0,75.96550831999998,11.468270566940308,,
1874151,1875000,,0.001,,,0.03697565555199981,,,11.49624654006958,1000.0,974.985198110342
,1875151,1908,,150,12494,,1000.0,75.76351217,,,
1878151,1879151,1912,0.001,150,12514,0.0427688311804086,1000.0,75.37802647000001,11.52416619682312,,
1879151,1880000,,0.001,,,0.04089110281597823,,,11.51590523338318,1000.0,971.6325869739055
1882151,1883151,1916,0.001,150,12542,0.03679938760586083,1000.0,74.8761849,11.538329814910888,,
1884151,1885000,,0.001,,,0.03609085065126419,,,11.55414319229126,1000.0,970.2840612530708
1886151,1887151,1920,0.001,150,12571,0.04507010727375746,1000.0,74.31764743000001,11.583817914962768,,
1889151,1890000,,0.001,,,0.034050248414278034,,,11.595335042953492,1000.0,972.4530049860477
1890151,1891151,1924,0.001,150,12599,0.04074645438231528,1000.0,74.1101802,11.5964275970459,,
1894151,1895000,,0.001,,,0.03436843881011009,,,11.591837558746338,1000.0,975.3650335609913
,1895151,1928,,150,12627,,1000.0,74.11264167,,,
1898151,1899151,1932,0.001,150,12647,0.03398829741962254,1000.0,73.5361273,11.57555173110962,,
1899151,1900000,,0.001,,,0.034655162279494105,,,11.577529788970947,1000.0,976.1949592649937
1902151,1903151,1936,0.001,150,12675,0.03854101582430303,1000.0,73.77988797,11.55984610748291,,
1904151,1905000,,0.001,,,0.0334800962228328,,,11.545791418075561,1000.0,981.8389510512352
1906151,1907151,1940,0.001,150,12703,0.03713540395349264,1000.0,73.7331612,11.554117084503174,,
1909151,1910000,,0.001,,,0.03876501193828881,,,11.538843954086303,1000.0,963.2831574082375
1910151,1911151,1944,0.001,150,12732,0.03220711922738701,1000.0,73.79121989,11.535678968429565,,
1914151,1915000,,0.001,,,0.03311765621695668,,,11.497798654556274,1000.0,980.3968074560165
,1915151,1948,,150,12760,,1000.0,73.75188658,,,
1918151,1919151,1952,0.001,150,12780,0.03145363487675786,1000.0,73.70422146000001,11.433726947784423,,
1919151,1920000,,0.001,,,0.03334967668168247,,,11.41586923789978,1000.0,972.3688368082046
1922151,1923151,1956,0.001,150,12809,0.03438252568803728,1000.0,73.39185066,11.37645184326172,,
1924151,1925000,,0.001,,,0.029822622941806914,,,11.347851804733276,1000.0,975.9694676756859
1926151,1927151,1960,0.001,150,12838,0.03606620709784329,1000.0,72.66277939000001,11.301394952774048,,
1929151,1930000,,0.001,,,0.03658915673475713,,,11.282999681472779,1000.0,972.0577589809894
1930151,1931151,1964,0.001,150,12867,0.03727794736251235,1000.0,72.36796215,11.25254255104065,,
1934151,1935000,,0.001,,,0.03338146777357906,,,11.208869171142577,1000.0,969.6126539587974
,1935151,1968,,150,12895,,1000.0,71.9964596,,,
1938151,1939151,1972,0.001,150,12915,0.03712036257050932,1000.0,72.36365540999999,11.194960262298585,,
1939151,1940000,,0.001,,,0.035006342396140096,,,11.194128158569336,1000.0,963.5043732106685
1942151,1943151,1976,0.001,150,12943,0.031511075725778936,1000.0,72.22580871,11.191085468292236,,
1944151,1945000,,0.001,,,0.03211747524980456,,,11.181155290603638,1000.0,964.9060206413269
1946151,1947151,1980,0.001,150,12972,0.0340754137057811,1000.0,72.00800079000001,11.163967559814454,,
1949151,1950000,,0.001,,,0.03289450861699879,,,11.142162424087525,1000.0,968.5949313759804
1950151,1951151,1984,0.001,150,13001,0.03343407612387091,1000.0,72.06694972999999,11.127774753570556,,
1954151,1955000,,0.001,,,0.03158695822302252,,,11.095092641830444,1000.0,979.018512815237
,1955151,1988,,150,13029,,1000.0,72.28760111000001,,,
1958151,1959151,1992,0.001,150,13049,0.028363346138037742,1000.0,72.37856656000001,11.054133394241333,,
1959151,1960000,,0.001,,,0.03337278830911964,,,11.047159185409546,1000.0,982.9864530086518
1962151,1963151,1996,0.001,150,13077,0.030313521683216094,1000.0,72.92516068,11.02205108833313,,
1964151,1965000,,0.001,,,0.031551884023472664,,,11.012998991012573,1000.0,979.8011346459389
1966151,1967151,2000,0.001,150,13105,0.02926037064474076,1000.0,73.42466068,10.984884784698487,,
1969151,1970000,,0.001,,,0.030006840486079454,,,10.946723669052124,1000.0,980.671301406622
1970151,1971151,2004,0.001,150,13133,0.02662959850858897,1000.0,73.69130142,10.925234489440918,,
1974151,1975000,,0.001,,,0.033691251462325454,,,10.881029163360596,1000.0,978.9100344061851
,1975151,2008,,150,13162,,1000.0,73.88297492000001,,,
1978151,1979151,2012,0.001,150,13182,0.026872661449946465,1000.0,74.51568963000001,10.846290210723877,,
1979151,1980000,,0.001,,,0.03383737872820348,,,10.832211095809937,1000.0,982.8767895996571
1982151,1983151,2016,0.001,150,13211,0.026565048891119658,1000.0,74.96678124,10.798256452560425,,
1984151,1985000,,0.001,,,0.031014078182168305,,,10.77446990966797,1000.0,979.1211767971515
1986151,1987151,2020,0.001,150,13239,0.028806088441982864,1000.0,75.472219,10.75653595161438,,
1989151,1990000,,0.001,,,0.026296036378480495,,,10.720827571868897,1000.0,987.3901022851467
1990151,1991151,2024,0.001,150,13268,0.027474113637581468,1000.0,75.92500889000002,10.725495164871216,,
1994151,1995000,,0.001,,,0.024771239397116004,,,10.678541229248047,1000.0,978.5314679384231
,1995151,2028,,150,13296,,1000.0,76.14733107000002,,,
1998151,1999151,2032,0.001,150,13316,0.027584089560434222,1000.0,76.92359866000001,10.637723354339599,,
1999151,2000000,,0.001,,,0.027876846795901657,,,10.624991424560546,1000.0,984.1525739908218
