time/total_timesteps,eval/mean_reward,eval/mean_ep_length,time/iterations,rollout/ep_len_mean,time/fps,rollout/ep_rew_mean,time/time_elapsed,train/value_loss,train/approx_kl,train/explained_variance,train/n_updates,train/policy_gradient_loss,train/entropy_loss,train/clip_fraction,train/clip_range,train/std,train/learning_rate,train/loss
1000,-13.121666663140058,50.0,,,,,,,,,,,,,,,,
2000,-13.121666663140058,50.0,,,,,,,,,,,,,,,,
2048,,,1,50.0,857,-59.84899930000002,2,,,,,,,,,,,
3000,-12.144820857979358,50.0,,,,,,185.25473709106444,0.0042735683,-0.011929154396057129,10,-0.004132697437307797,-2.8103513918817042,0.022802734375,0.2,0.9765331745147705,0.0003,68.48869323730469
4000,-12.144820857979358,50.0,,,,,,,,,,,,,,,,
4096,,,2,50.0,691,-60.010165049382714,5,,,,,,,,,,,
5000,-11.419905201531947,50.0,,,,,,117.24122375249863,0.00217246,0.18257969617843628,20,-0.002503544624778442,-2.777877341210842,0.0044921875,0.2,0.9643021821975708,0.0003,23.92044448852539
6000,-11.419905201531947,50.0,,,,,,,,,,,,,,,,
6144,,,3,50.0,646,-59.564101109999996,9,,,,,,,,,,,
7000,-11.50931142065674,50.0,,,,,,65.89038645029068,0.0041709463,0.29559141397476196,30,-0.0030808332085143775,-2.7447934567928316,0.01728515625,0.2,0.9388741254806519,0.0003,12.780327796936035
8000,-11.50931142065674,50.0,,,,,,,,,,,,,,,,
8192,,,4,50.0,623,-59.1686135,13,,,,,,,,,,,
9000,-9.438345351442695,50.0,,,,,,58.911352929472926,0.0062583303,0.22261744737625122,40,-0.006045153687591664,-2.680006679147482,0.043310546875,0.2,0.9040274620056152,0.0003,10.925145149230957
10000,-9.438345351442695,50.0,,,,,,,,,,,,,,,,
10240,,,5,50.0,611,-58.357539499999994,16,,,,,,,,,,,
11000,-9.556149054691195,50.0,,,,,,48.45708196759224,0.009405514,0.10157161951065063,50,-0.00772909123916179,-2.5872744865715505,0.036083984375,0.2,0.8517909646034241,0.0003,8.863720893859863
12000,-9.556149054691195,50.0,,,,,,,,,,,,,,,,
12288,,,6,50.0,603,-56.77992087000001,20,,,,,,,,,,,
13000,-11.441563847474754,50.0,,,,,,33.51176627576351,0.011469686,0.06742304563522339,60,-0.007360719560529106,-2.4718151696026327,0.045556640625,0.2,0.8104628324508667,0.0003,5.445723056793213
14000,-11.441563847474754,50.0,,,,,,,,,,,,,,,,
14336,,,7,50.0,602,-54.803843850000014,23,,,,,,,,,,,
15000,-11.148833851516248,50.0,,,,,,21.80080117583275,0.0120743755,0.22465330362319946,70,-0.011338140306179412,-2.3583268776535986,0.062548828125,0.2,0.7629594802856445,0.0003,4.462998390197754
16000,-11.148833851516248,50.0,,,,,,,,,,,,,,,,
16384,,,8,50.0,601,-52.086663849999994,27,,,,,,,,,,,
17000,-12.016560501605273,50.0,,,,,,15.41523427516222,0.014115646,0.31105124950408936,80,-0.013158992250100709,-2.2453922510147093,0.0787109375,0.2,0.7229782938957214,0.0003,2.954469919204712
18000,-12.016560501605273,50.0,,,,,,,,,,,,,,,,
18432,,,9,50.0,590,-49.57105043999999,31,,,,,,,,,,,
19000,-15.223450173437595,50.0,,,,,,13.050429399311543,0.008179377,0.5699996054172516,90,-0.013177309979801067,-2.160156188160181,0.073095703125,0.2,0.7031786441802979,0.0003,3.0813088417053223
20000,-15.223450173437595,50.0,,,,,,,,,,,,,,,,
20480,,,10,50.0,585,-48.44995311,34,,,,,,,,,,,
21000,-19.230352891981603,50.0,,,,,,18.409995049238205,0.0067918566,0.7659345418214798,100,-0.016530253214295954,-2.1221709348261357,0.08486328125,0.2,0.6948559284210205,0.0003,7.613159656524658
22000,-19.230352891981603,50.0,,,,,,,,,,,,,,,,
22528,,,11,50.0,580,-48.345318,38,,,,,,,,,,,
23000,-24.25304233133793,50.0,,,,,,23.659158158302308,0.008763354,0.845045268535614,110,-0.020114929293049498,-2.1031257711350917,0.12841796875,0.2,0.6903046369552612,0.0003,13.762749671936035
24000,-24.25304233133793,50.0,,,,,,,,,,,,,,,,
24576,,,12,50.0,578,-49.471681800000006,42,,,,,,,,,,,
25000,-29.7035749360919,50.0,,,,,,19.781066086888313,0.010507679,0.8763269558548927,120,-0.019278635963564737,-2.0920775763690473,0.1322265625,0.2,0.6870705485343933,0.0003,7.457450866699219
26000,-29.7035749360919,50.0,,,,,,,,,,,,,,,,
26624,,,13,50.0,577,-50.69134801,46,,,,,,,,,,,
27000,-35.95313104391098,50.0,,,,,,9.911175782978535,0.008063285,0.9205349311232567,130,-0.015478034064290113,-2.0790365897119045,0.110400390625,0.2,0.6810910701751709,0.0003,3.8921918869018555
28000,-35.95313104391098,50.0,,,,,,,,,,,,,,,,
28672,,,14,50.0,576,-52.116881469999996,49,,,,,,,,,,,
29000,-43.484370523691176,50.0,,,,,,9.685815784335137,0.009693133,0.936444453895092,140,-0.019326821935828777,-2.056837518513203,0.1060546875,0.2,0.6730650663375854,0.0003,4.666024684906006
30000,-43.484370523691176,50.0,,,,,,,,,,,,,,,,
30720,,,15,50.0,576,-54.6726924,53,,,,,,,,,,,
31000,-51.61812546253204,50.0,,,,,,6.77044280320406,0.009574392,0.9515769965946674,150,-0.019077994755934923,-2.0357397332787515,0.13779296875,0.2,0.6661165952682495,0.0003,2.7104568481445312
32000,-51.61812546253204,50.0,,,,,,,,,,,,,,,,
32768,,,16,50.0,576,-57.03188717999999,56,,,,,,,,,,,
33000,-55.30670973062515,50.0,,,,,,4.267983566224575,0.003802631,0.9665444903075695,160,-0.011389161957777106,-2.0087469689548016,0.097216796875,0.2,0.6544325947761536,0.0003,2.0252816677093506
34000,-55.30670973062515,50.0,,,,,,,,,,,,,,,,
34816,,,17,50.0,576,-59.22135966,60,,,,,,,,,,,
35000,-57.0729639172554,50.0,,,,,,3.9367143619805574,0.0071981978,0.9679624885320663,170,-0.011215515490039251,-1.9763108372688294,0.081689453125,0.2,0.6458555459976196,0.0003,1.874107003211975
36000,-57.0729639172554,50.0,,,,,,,,,,,,,,,,
36864,,,18,50.0,575,-60.50283134999999,64,,,,,,,,,,,
37000,-58.12769045829773,50.0,,,,,,2.767396242544055,0.0066887476,0.9818349350243807,180,-0.009128157011582516,-1.9405498579144478,0.06875,0.2,0.6314746141433716,0.0003,1.3908979892730713
38000,-58.12769045829773,50.0,,,,,,,,,,,,,,,,
38912,,,19,50.0,576,-60.85852897999999,67,,,,,,,,,,,
39000,-58.15518205165863,50.0,,,,,,3.3906532883644105,0.0061926185,0.9775431025773287,190,-0.013028028645203448,-1.8952954273670912,0.06689453125,0.2,0.6161065697669983,0.0003,1.5679123401641846
40000,-58.15518205165863,50.0,,,,,,,,,,,,,,,,
40960,,,20,50.0,576,-61.54959286999999,71,,,,,,,,,,,
41000,-58.344949424266815,50.0,,,,,,2.4093850761651994,0.008900741,0.9827543906867504,200,-0.010580849468533415,-1.837195609137416,0.10712890625,0.2,0.5972963571548462,0.0003,0.9951844811439514
42000,-58.344949424266815,50.0,,,,,,,,,,,,,,,,
43000,-58.344949424266815,50.0,,,,,,,,,,,,,,,,
43008,,,21,50.0,575,-61.995816080000004,74,,,,,,,,,,,
44000,-58.45188167691231,50.0,,,,,,1.951090345159173,0.01192333,0.9899055864661932,210,-0.009416342413169332,-1.7746052846312523,0.104345703125,0.2,0.5778417587280273,0.0003,1.0112069845199585
45000,-58.45188167691231,50.0,,,,,,,,,,,,,,,,
45056,,,22,50.0,573,-63.389917809999986,78,,,,,,,,,,,
46000,-59.11331145763397,50.0,,,,,,2.230375610291958,0.0062943376,0.9855761229991913,220,-0.006315013131825253,-1.7216187436133623,0.064501953125,0.2,0.5690852403640747,0.0003,0.8711955547332764
47000,-59.11331145763397,50.0,,,,,,,,,,,,,,,,
47104,,,23,50.0,575,-64.12184214,81,,,,,,,,,,,
48000,-60.19422144889832,50.0,,,,,,2.4369897363707422,0.009901417,0.9869813770055771,230,-0.012479161465307698,-1.6872222408652306,0.102685546875,0.2,0.5578644275665283,0.0003,0.8983938694000244
49000,-60.19422144889832,50.0,,,,,,,,,,,,,,,,
49152,,,24,50.0,575,-63.53648217999999,85,,,,,,,,,,,
50000,-59.271370285749434,50.0,,,,,,2.304717306420207,0.008099049,0.9862360339611769,240,-0.00779993720643688,-1.6365246687084436,0.0787109375,0.2,0.5419292449951172,0.0003,0.9183518886566162
51000,-59.271370285749434,50.0,,,,,,,,,,,,,,,,
51200,,,25,50.0,573,-62.25026891999999,89,,,,,,,,,,,
52000,-58.18705393075943,50.0,,,,,,1.8649192541837691,0.012344524,0.9898727117106318,250,-0.016018690029159188,-1.5555362690240144,0.140625,0.2,0.5172386765480042,0.0003,0.7614993453025818
53000,-58.18705393075943,50.0,,,,,,,,,,,,,,,,
53248,,,26,50.0,573,-61.80967355,92,,,,,,,,,,,
54000,-57.38157759308815,50.0,,,,,,1.4243592759594321,0.011671505,0.9921734277158976,260,-0.01053625101048965,-1.4627624064683915,0.105712890625,0.2,0.4939192831516266,0.0003,0.5427899956703186
55000,-57.38157759308815,50.0,,,,,,,,,,,,,,,,
55296,,,27,50.0,572,-60.4574918,96,,,,,,,,,,,
56000,-56.17052046358585,50.0,,,,,,1.2245596626773476,0.009785932,0.9916627462953329,270,-0.00937877078249585,-1.3846597038209438,0.128076171875,0.2,0.477556973695755,0.0003,0.46383726596832275
57000,-56.17052046358585,50.0,,,,,,,,,,,,,,,,
57344,,,28,50.0,572,-59.72571033,100,,,,,,,,,,,
58000,-53.964285391569135,50.0,,,,,,1.173634343408048,0.014531608,0.9925026488490403,280,-0.012324399466160684,-1.3064559269696474,0.13359375,0.2,0.4594871401786804,0.0003,0.4613792896270752
59000,-53.964285391569135,50.0,,,,,,,,,,,,,,,,
59392,,,29,50.0,572,-58.72985841999999,103,,,,,,,,,,,
60000,-52.26502783596516,50.0,,,,,,0.9278096886351704,0.013599807,0.9940842548385262,290,-0.013717743157758377,-1.2182495046406985,0.148974609375,0.2,0.4412952959537506,0.0003,0.38670796155929565
61000,-52.26502783596516,50.0,,,,,,,,,,,,,,,,
61440,,,30,50.0,572,-56.64985214,107,,,,,,,,,,,
62000,-51.89095234274864,50.0,,,,,,0.8043896025978029,0.017261725,0.993966463021934,300,-0.005598777934210375,-1.1400550715625286,0.147998046875,0.2,0.426452100276947,0.0003,0.2562149465084076
63000,-51.89095234274864,50.0,,,,,,,,,,,,,,,,
63488,,,31,50.0,572,-54.98551544000001,110,,,,,,,,,,,
64000,-50.44644525945186,50.0,,,,,,0.6872864434495568,0.013523721,0.994620374403894,310,-0.009608026858768427,-1.0607685752213,0.130029296875,0.2,0.40780970454216003,0.0003,0.48070693016052246
65000,-50.44644525945186,50.0,,,,,,,,,,,,,,,,
65536,,,32,50.0,573,-53.37856806,114,,,,,,,,,,,
66000,-49.740432140231135,50.0,,,,,,0.7444608504883945,0.012507474,0.9928599284030497,320,-0.009537552794790826,-0.963246826082468,0.1509765625,0.2,0.38893890380859375,0.0003,0.38215577602386475
67000,-49.740432140231135,50.0,,,,,,,,,,,,,,,,
67584,,,33,50.0,572,-51.97654019999999,117,,,,,,,,,,,
68000,-51.86830231547356,50.0,,,,,,0.6509006216190756,0.01936302,0.9940354782156646,330,-0.008317613168037497,-0.874754923209548,0.13603515625,0.2,0.3730062246322632,0.0003,0.2979865074157715
69000,-51.86830231547356,50.0,,,,,,,,,,,,,,,,
69632,,,34,50.0,570,-52.12680661,122,,,,,,,,,,,
70000,-50.90169571936131,50.0,,,,,,0.5945846027694642,0.010116002,0.9947938872501254,340,-0.008058804969186895,-0.801814709417522,0.176318359375,0.2,0.3626742362976074,0.0003,0.32918408513069153
71000,-50.90169571936131,50.0,,,,,,,,,,,,,,,,
71680,,,35,50.0,569,-51.9581729,125,,,,,,,,,,,
72000,-48.74555944502354,50.0,,,,,,0.5535122495144605,0.019027568,0.9943742887116969,350,-0.01039764803426806,-0.7498530818149447,0.228173828125,0.2,0.3547988533973694,0.0003,0.2020479291677475
73000,-48.74555944502354,50.0,,,,,,,,,,,,,,,,
73728,,,36,50.0,569,-51.245399340000006,129,,,,,,,,,,,
74000,-45.81509889513254,50.0,,,,,,0.49018462738022206,0.014302201,0.9958725986070931,360,-0.0050791549554560335,-0.7004830943420529,0.169287109375,0.2,0.34375709295272827,0.0003,0.19129088521003723
75000,-45.81509889513254,50.0,,,,,,,,,,,,,,,,
75776,,,37,50.0,569,-49.11618241,133,,,,,,,,,,,
76000,-44.67754823714495,50.0,,,,,,0.4017902436666191,0.014817264,0.9942609290592372,370,-0.01048127692192793,-0.6133534424006939,0.18974609375,0.2,0.3292757272720337,0.0003,0.17729684710502625
77000,-44.67754823714495,50.0,,,,,,,,,,,,,,,,
77824,,,38,50.0,569,-47.27514950999999,136,,,,,,,,,,,
78000,-42.87903070449829,50.0,,,,,,0.41515950290486214,0.015552974,0.9941360210068524,380,-0.008276747399941086,-0.5409977667033672,0.215234375,0.2,0.31954455375671387,0.0003,0.15861457586288452
79000,-42.87903070449829,50.0,,,,,,,,,,,,,,,,
79872,,,39,50.0,570,-45.911731579999994,140,,,,,,,,,,,
80000,-39.69026777148247,50.0,,,,,,0.5065049206838012,0.01150439,0.9923542514443398,390,-0.00439074000751134,-0.48342862725257874,0.188330078125,0.2,0.3111034631729126,0.0003,0.2573719322681427
81000,-39.69026777148247,50.0,,,,,,,,,,,,,,,,
81920,,,40,50.0,570,-43.71108675000001,143,,,,,,,,,,,
82000,-35.61838526800275,50.0,,,,,,0.43196573266759514,0.011008957,0.9881004644557834,400,-0.008635389991104603,-0.41472155023366214,0.173046875,0.2,0.30107229948043823,0.0003,0.2494410127401352
83000,-35.61838526800275,50.0,,,,,,,,,,,,,,,,
83968,,,41,50.0,570,-40.14453621999999,147,,,,,,,,,,,
84000,-28.83172173537314,50.0,,,,,,0.46102435551583765,0.01943924,0.9816474374383688,410,-0.012417416379321367,-0.33072185814380645,0.21826171875,0.2,0.2856593430042267,0.0003,0.2492222785949707
85000,-28.83172173537314,50.0,,,,,,,,,,,,,,,,
86000,-28.83172173537314,50.0,,,,,,,,,,,,,,,,
86016,,,42,50.0,569,-35.98923471,151,,,,,,,,,,,
87000,-18.87440983839333,50.0,,,,,,0.5669499756768346,0.022700991,0.9650163613259792,420,-0.01357920044392813,-0.2196405827999115,0.221337890625,0.2,0.2703259289264679,0.0003,0.282523512840271
88000,-18.87440983839333,50.0,,,,,,,,,,,,,,,,
88064,,,43,50.0,568,-29.982720290000007,154,,,,,,,,,,,
89000,-17.580094546824693,50.0,,,,,,0.5376456473954022,0.02005149,0.8814411610364914,430,-0.00899288455839269,-0.12605474330484867,0.19873046875,0.2,0.2574329674243927,0.0003,0.13656847178936005
90000,-17.580094546824693,50.0,,,,,,,,,,,,,,,,
90112,,,44,50.0,568,-25.875274429999994,158,,,,,,,,,,,
91000,-15.796335201710463,50.0,,,,,,0.37920930082909765,0.016046435,0.9216977953910828,440,-0.010869435651693493,-0.03327678367495537,0.163232421875,0.2,0.24637159705162048,0.0003,0.2522279918193817
92000,-15.796335201710463,50.0,,,,,,,,,,,,,,,,
92160,,,45,50.0,568,-23.41364143,162,,,,,,,,,,,
93000,-14.909067813679576,50.0,,,,,,0.42084787217900155,0.02711298,0.8304271548986435,450,-0.012952540573314764,0.06588089130818844,0.199462890625,0.2,0.23305028676986694,0.0003,0.18463310599327087
94000,-14.909067813679576,50.0,,,,,,,,,,,,,,,,
94208,,,46,50.0,568,-21.74871203,165,,,,,,,,,,,
95000,-11.940653854236007,50.0,,,,,,0.3448393304366618,0.022338713,0.8829174488782883,460,-0.015696655999636277,0.16685422398149968,0.21083984375,0.2,0.22111070156097412,0.0003,0.14669382572174072
96000,-11.940653854236007,50.0,,,,,,,,,,,,,,,,
96256,,,47,50.0,567,-19.10595474,169,,,,,,,,,,,
97000,-10.618750448152422,50.0,,,,,,0.4394538298249245,0.020198258,0.780058354139328,470,-0.011636641933000647,0.28069325536489487,0.183544921875,0.2,0.2083103060722351,0.0003,0.166530579328537
98000,-10.618750448152422,50.0,,,,,,,,,,,,,,,,
98304,,,48,50.0,566,-16.9812606,173,,,,,,,,,,,
99000,-11.00836288658902,50.0,,,,,,1.1719209010712803,0.020610718,0.5075146555900574,480,-0.00693719407718163,0.36188192255795004,0.154736328125,0.2,0.20145900547504425,0.0003,0.7129767537117004
100000,-11.00836288658902,50.0,,,,,,,,,,,,,,,,
100352,,,49,50.0,565,-15.580493660000002,177,,,,,,,,,,,
101000,-9.761223823204636,50.0,,,,,,1.1846554324030876,0.011099724,0.7888253629207611,490,-0.00916905156482244,0.4143324285745621,0.1375,0.2,0.19771459698677063,0.0003,0.3614790439605713
102000,-9.761223823204636,50.0,,,,,,,,,,,,,,,,
102400,,,50,50.0,565,-15.1099289,181,,,,,,,,,,,
103000,-9.725325810723007,50.0,,,,,,1.1981793623417616,0.018080067,0.8941141217947006,500,-0.011982493112736848,0.46207954324781897,0.14248046875,0.2,0.19169186055660248,0.0003,0.30720603466033936
104000,-9.725325810723007,50.0,,,,,,,,,,,,,,,,
104448,,,51,50.0,565,-14.07077822,184,,,,,,,,,,,
105000,-9.634956330503337,50.0,,,,,,0.6737324688117952,0.01790444,0.8575295507907867,510,-0.013175885446253232,0.5170283194631338,0.174560546875,0.2,0.18652381002902985,0.0003,0.1581900417804718
106000,-9.634956330503337,50.0,,,,,,,,,,,,,,,,
106496,,,52,50.0,565,-13.580086340000001,188,,,,,,,,,,,
107000,-10.136043731495738,50.0,,,,,,0.526777767483145,0.015452646,0.8033022433519363,520,-0.011915174266323447,0.5898305173963309,0.13876953125,0.2,0.17884576320648193,0.0003,0.20067667961120605
108000,-10.136043731495738,50.0,,,,,,,,,,,,,,,,
108544,,,53,50.0,565,-13.367374340000001,191,,,,,,,,,,,
109000,-10.722455354034901,50.0,,,,,,0.5030975369736552,0.013602973,0.8904566839337349,530,-0.010132639583025594,0.663306824862957,0.150732421875,0.2,0.17265771329402924,0.0003,0.1917293816804886
110000,-10.722455354034901,50.0,,,,,,,,,,,,,,,,
110592,,,54,50.0,566,-13.24128156,195,,,,,,,,,,,
111000,-10.163018234074116,50.0,,,,,,0.3629185741301626,0.017561197,0.9258938208222389,540,-0.014026671621832066,0.7460506029427052,0.16083984375,0.2,0.16530203819274902,0.0003,0.19434571266174316
112000,-10.163018234074116,50.0,,,,,,,,,,,,,,,,
112640,,,55,50.0,566,-12.88250412,198,,,,,,,,,,,
113000,-9.527204653806985,50.0,,,,,,0.2775189851410687,0.009157511,0.9487223923206329,550,-0.003084591875085607,0.8011214636266232,0.118359375,0.2,0.16216205060482025,0.0003,0.10799378156661987
114000,-9.527204653806985,50.0,,,,,,,,,,,,,,,,
114688,,,56,50.0,566,-12.20750807,202,,,,,,,,,,,
115000,-9.962399308942258,50.0,,,,,,0.30804294855333864,0.012901956,0.9375211372971535,560,-0.007299513524048962,0.8558767784386874,0.133740234375,0.2,0.1561952829360962,0.0003,0.13428080081939697
116000,-9.962399308942258,50.0,,,,,,,,,,,,,,,,
116736,,,57,50.0,566,-12.10799808,206,,,,,,,,,,,
117000,-9.983688632771372,50.0,,,,,,0.248323153401725,0.008684479,0.9744852278381586,570,-0.00604527588293422,0.9234929535537958,0.1130859375,0.2,0.15162873268127441,0.0003,0.06338675320148468
118000,-9.983688632771372,50.0,,,,,,,,,,,,,,,,
118784,,,58,50.0,566,-11.410814570000003,209,,,,,,,,,,,
119000,-9.866875393688678,50.0,,,,,,0.3200002997647971,0.010929607,0.962480153888464,580,-0.005419006233569235,0.9718347202986479,0.130712890625,0.2,0.14837099611759186,0.0003,0.08029266446828842
120000,-9.866875393688678,50.0,,,,,,,,,,,,,,,,
120832,,,59,50.0,566,-11.246925489999997,213,,,,,,,,,,,
121000,-9.643639765912667,50.0,,,,,,0.26824006959795954,0.015913006,0.9795363768935204,590,-0.009978552028769627,1.035698528960347,0.13359375,0.2,0.14237284660339355,0.0003,0.0978965014219284
122000,-9.643639765912667,50.0,,,,,,,,,,,,,,,,
122880,,,60,50.0,566,-10.983840039999997,216,,,,,,,,,,,
123000,-9.619435182772577,50.0,,,,,,0.20460993880406023,0.012983089,0.9833251554518938,600,-0.007196264411322773,1.0931885309517384,0.13427734375,0.2,0.14000247418880463,0.0003,0.03822115808725357
124000,-9.619435182772577,50.0,,,,,,,,,,,,,,,,
124928,,,61,50.0,567,-10.60296447,220,,,,,,,,,,,
125000,-9.706720849871635,50.0,,,,,,0.20397268154192716,0.011966873,0.9836504887789488,610,-0.003412684635259211,1.1294240012764931,0.123046875,0.2,0.1372055858373642,0.0003,0.12162303924560547
126000,-9.706720849871635,50.0,,,,,,,,,,,,,,,,
126976,,,62,50.0,567,-10.06801368,223,,,,,,,,,,,
127000,-9.702968418598175,50.0,,,,,,0.1996666667284444,0.0110774655,0.9841640070080757,620,-0.0030810168362222614,1.1799405857920646,0.11826171875,0.2,0.13308662176132202,0.0003,0.06291159987449646
128000,-9.702968418598175,50.0,,,,,,,,,,,,,,,,
129000,-9.702968418598175,50.0,,,,,,,,,,,,,,,,
129024,,,63,50.0,566,-10.266661039999999,227,,,,,,,,,,,
130000,-9.696393438987434,50.0,,,,,,0.23751199506223203,0.01287657,0.9879909390583634,630,-0.0057037778926314784,1.242114270478487,0.13154296875,0.2,0.128824844956398,0.0003,0.14092926681041718
131000,-9.696393438987434,50.0,,,,,,,,,,,,,,,,
131072,,,64,50.0,566,-10.67848316,231,,,,,,,,,,,
132000,-9.20948871821165,50.0,,,,,,0.21067080968059598,0.0141266575,0.9879347821697593,640,-0.009534850023919716,1.2973856754601,0.15078125,0.2,0.1258341670036316,0.0003,0.10272063314914703
133000,-9.20948871821165,50.0,,,,,,,,,,,,,,,,
133120,,,65,50.0,565,-10.47456926,235,,,,,,,,,,,
134000,-9.491300142928958,50.0,,,,,,0.1876594678731635,0.009057051,0.9904075916856527,650,-0.0037152145290747286,1.3423781219869853,0.13115234375,0.2,0.12335795909166336,0.0003,0.0681869238615036
135000,-9.491300142928958,50.0,,,,,,,,,,,,,,,,
135168,,,66,50.0,565,-11.025076499999997,238,,,,,,,,,,,
136000,-9.524150337278844,50.0,,,,,,0.19572111568413675,0.013247451,0.9912609281018376,660,-0.0047243070366675965,1.3912871964275837,0.12646484375,0.2,0.11977612972259521,0.0003,0.09896942228078842
137000,-9.524150337278844,50.0,,,,,,,,,,,,,,,,
137216,,,67,50.0,566,-10.76164856,242,,,,,,,,,,,
138000,-9.361397334560753,50.0,,,,,,0.17929231212474406,0.014088288,0.99111551605165,670,-0.005873776244698092,1.4411228619515897,0.13701171875,0.2,0.11720673739910126,0.0003,0.07843253016471863
139000,-9.361397334560753,50.0,,,,,,,,,,,,,,,,
139264,,,68,50.0,566,-10.31866725,245,,,,,,,,,,,
140000,-8.940004520863294,50.0,,,,,,0.15589524651877582,0.014701736,0.9920029556378722,680,-0.007765117642702535,1.4913009032607079,0.147705078125,0.2,0.11372692137956619,0.0003,0.04540928825736046
141000,-8.940004520863294,50.0,,,,,,,,,,,,,,,,
141312,,,69,50.0,566,-9.80257724,249,,,,,,,,,,,
142000,-9.256226473860442,50.0,,,,,,0.13460051249712707,0.013468463,0.993661810643971,690,-0.004921282146824524,1.5455183006823063,0.1828125,0.2,0.11080090701580048,0.0003,0.026411354541778564
143000,-9.256226473860442,50.0,,,,,,,,,,,,,,,,
143360,,,70,50.0,566,-9.18506576,253,,,,,,,,,,,
144000,-9.497288777306675,50.0,,,,,,0.132026308728382,0.014463861,0.9946310268715024,700,-0.0034503113813116213,1.5979851193726062,0.154638671875,0.2,0.10794639587402344,0.0003,0.05950963869690895
145000,-9.497288777306675,50.0,,,,,,,,,,,,,,,,
145408,,,71,50.0,566,-9.34118669,256,,,,,,,,,,,
146000,-9.265178984776139,50.0,,,,,,0.13091536238789558,0.01744987,0.9942168910056353,710,-0.0035256574861705302,1.6563002415001393,0.160009765625,0.2,0.10432399809360504,0.0003,0.03630433604121208
147000,-9.265178984776139,50.0,,,,,,,,,,,,,,,,
147456,,,72,50.0,566,-8.94850895,260,,,,,,,,,,,
148000,-9.318486550077797,50.0,,,,,,0.11220383851323276,0.044143192,0.9928143857978284,720,-0.004598143658949993,1.7041556298732758,0.162890625,0.2,0.10264847427606583,0.0003,0.08148010820150375
149000,-9.318486550077797,50.0,,,,,,,,,,,,,,,,
149504,,,73,50.0,566,-9.01163123,263,,,,,,,,,,,
150000,-9.291581548191607,50.0,,,,,,0.09334487584419549,0.01740662,0.9966469262726605,730,-0.005091017056838609,1.7308021560311317,0.204443359375,0.2,0.10155849158763885,0.0003,0.020086251199245453
151000,-9.291581548191607,50.0,,,,,,,,,,,,,,,,
151552,,,74,50.0,566,-9.568949280000002,267,,,,,,,,,,,
152000,-9.245932123996317,50.0,,,,,,0.07216075236210599,0.015420297,0.9967268584296107,740,-0.00817347525153309,1.766160748898983,0.201708984375,0.2,0.09928016364574432,0.0003,-0.012613000348210335
153000,-9.245932123996317,50.0,,,,,,,,,,,,,,,,
153600,,,75,50.0,566,-9.77083102,270,,,,,,,,,,,
154000,-9.213364352285861,50.0,,,,,,0.10087351117981598,0.01952173,0.9947195034474134,750,-0.0022324106539599597,1.7963914275169373,0.193798828125,0.2,0.09829789400100708,0.0003,0.04243883863091469
155000,-9.213364352285861,50.0,,,,,,,,,,,,,,,,
155648,,,76,50.0,566,-9.89419445,274,,,,,,,,,,,
156000,-8.78556954972446,50.0,,,,,,0.05744409572798759,0.015171557,0.997511132620275,760,-0.006263905472587794,1.8270926669239997,0.1921875,0.2,0.09629940986633301,0.0003,0.03781557455658913
157000,-8.78556954972446,50.0,,,,,,,,,,,,,,,,
157696,,,77,50.0,566,-9.43600227,278,,,,,,,,,,,
158000,-8.890618934296072,50.0,,,,,,0.09470757971284911,0.017691974,0.9959884267300367,770,-0.004188999097095802,1.8674895472824573,0.160888671875,0.2,0.09452904015779495,0.0003,0.0033513903617858887
159000,-8.890618934296072,50.0,,,,,,,,,,,,,,,,
159744,,,78,50.0,566,-9.33716323,282,,,,,,,,,,,
160000,-8.946271198987962,50.0,,,,,,0.08355077120941132,0.017681193,0.9972308976575732,780,-0.006526874145492911,1.9190773591399193,0.16943359375,0.2,0.09134338796138763,0.0003,0.013572964817285538
161000,-8.946271198987962,50.0,,,,,,,,,,,,,,,,
161792,,,79,50.0,566,-8.7098432,285,,,,,,,,,,,
162000,-9.193153843656182,50.0,,,,,,0.05068695704685524,0.013434528,0.9978069884236902,790,-0.004884339179261588,1.9876673758029937,0.180419921875,0.2,0.08846476674079895,0.0003,0.03368484973907471
163000,-9.193153843656182,50.0,,,,,,,,,,,,,,,,
163840,,,80,50.0,566,-8.82439745,289,,,,,,,,,,,
164000,-9.102172744460404,50.0,,,,,,0.06080405318061821,0.017614748,0.9984252719441429,800,-0.006929678158485331,2.0273896008729935,0.217431640625,0.2,0.08750853687524796,0.0003,0.0053465161472558975
165000,-9.102172744460404,50.0,,,,,,,,,,,,,,,,
165888,,,81,50.0,565,-8.517750959999999,293,,,,,,,,,,,
166000,-8.930415365938098,50.0,,,,,,0.0656680830346886,0.020463936,0.9966751413885504,810,-0.009354946893290616,2.061210907995701,0.197265625,0.2,0.08550281822681427,0.0003,0.02674618363380432
167000,-8.930415365938098,50.0,,,,,,,,,,,,,,,,
167936,,,82,50.0,564,-9.143156870000002,297,,,,,,,,,,,
168000,-8.77482165619731,50.0,,,,,,0.08021015690173953,0.019829964,0.9976289821788669,820,-0.008710729813901707,2.110252720862627,0.20107421875,0.2,0.08342675864696503,0.0003,0.059696268290281296
169000,-8.77482165619731,50.0,,,,,,,,,,,,,,,,
169984,,,83,50.0,564,-9.469805710000001,301,,,,,,,,,,,
170000,-8.448789391387255,50.0,,,,,,0.09143396170111373,0.016937304,0.9966270981822163,830,-0.006973581277998164,2.1573681212961673,0.1876953125,0.2,0.08138224482536316,0.0003,-0.01773463562130928
171000,-8.448789391387255,50.0,,,,,,,,,,,,,,,,
172000,-8.448789391387255,50.0,,,,,,,,,,,,,,,,
172032,,,84,50.0,564,-9.41441888,304,,,,,,,,,,,
173000,-8.57517312001437,50.0,,,,,,0.0723821138846688,0.011786662,0.9974446818232536,840,-0.00235714472073596,2.198112255334854,0.15380859375,0.2,0.08022864162921906,0.0003,0.05104055255651474
174000,-8.57517312001437,50.0,,,,,,,,,,,,,,,,
174080,,,85,50.0,564,-8.85633082,308,,,,,,,,,,,
175000,-8.714657364459708,50.0,,,,,,0.06459603117546067,0.015957242,0.9977407937403768,850,-0.005703601529239677,2.223335537314415,0.205322265625,0.2,0.07923068106174469,0.0003,0.03953107073903084
176000,-8.714657364459708,50.0,,,,,,,,,,,,,,,,
176128,,,86,50.0,563,-8.371930110000001,312,,,,,,,,,,,
177000,-8.593899998720735,50.0,,,,,,0.04775976548553444,0.025760338,0.9986707482021302,860,-0.002331519735162146,2.2535393834114075,0.21005859375,0.2,0.07798269391059875,0.0003,0.0504024438560009
178000,-8.593899998720735,50.0,,,,,,,,,,,,,,,,
178176,,,87,50.0,563,-8.747911639999998,316,,,,,,,,,,,
179000,-8.546653526229784,50.0,,,,,,0.06569700146792457,0.012303226,0.9979705968871713,870,-0.0027706289372872563,2.273075235635042,0.22861328125,0.2,0.07746954262256622,0.0003,0.018634743988513947
180000,-8.546653526229784,50.0,,,,,,,,,,,,,,,,
180224,,,88,50.0,563,-8.74015419,319,,,,,,,,,,,
181000,-8.474427339807153,50.0,,,,,,0.04779410627670586,0.02134633,0.9983709184452891,880,-0.002909614641976077,2.289604963362217,0.209375,0.2,0.07675245404243469,0.0003,0.024419672787189484
182000,-8.474427339807153,50.0,,,,,,,,,,,,,,,,
182272,,,89,50.0,563,-8.600825770000002,323,,,,,,,,,,,
183000,-8.244814080372453,50.0,,,,,,0.060591896070400254,0.02129695,0.9979002089239657,890,-0.00721878680633381,2.3104213304817676,0.224072265625,0.2,0.07586997747421265,0.0003,-0.007502967491745949
184000,-8.244814080372453,50.0,,,,,,,,,,,,,,,,
184320,,,90,50.0,563,-8.36080922,327,,,,,,,,,,,
185000,-8.490580232115462,50.0,,,,,,0.056213329115416856,0.024660634,0.9978553338441998,900,-0.007578036288032308,2.330610328912735,0.2328125,0.2,0.07514886558055878,0.0003,0.0343567430973053
186000,-8.490580232115462,50.0,,,,,,,,,,,,,,,,
186368,,,91,50.0,563,-8.182043470000002,330,,,,,,,,,,,
187000,-8.366743658948689,50.0,,,,,,0.061533272004453465,0.014789157,0.9985445868223906,910,-0.005317323980852962,2.360460678488016,0.2076171875,0.2,0.07368580251932144,0.0003,0.016114158555865288
188000,-8.366743658948689,50.0,,,,,,,,,,,,,,,,
188416,,,92,50.0,563,-7.817183850000001,334,,,,,,,,,,,
189000,-8.275196650531143,50.0,,,,,,0.043396680243313314,0.020521859,0.9977877659257501,920,-0.005097818054491654,2.4079090297222137,0.20615234375,0.2,0.07184344530105591,0.0003,-0.008686169981956482
190000,-8.275196650531143,50.0,,,,,,,,,,,,,,,,
190464,,,93,50.0,563,-7.96951144,338,,,,,,,,,,,
191000,-8.201245743595063,50.0,,,,,,0.05209858426242135,0.015520407,0.9976536119356751,930,-0.003205553925363347,2.4422832131385803,0.208984375,0.2,0.07087162137031555,0.0003,0.029095299541950226
192000,-8.201245743595063,50.0,,,,,,,,,,,,,,,,
192512,,,94,50.0,563,-7.903315750000001,341,,,,,,,,,,,
193000,-8.034659107099287,50.0,,,,,,0.04314469197415747,0.019606335,0.9984292794251814,940,-0.007272098553949035,2.498694144934416,0.225537109375,0.2,0.06842267513275146,0.0003,0.0004169922322034836
194000,-8.034659107099287,50.0,,,,,,,,,,,,,,,,
194560,,,95,50.0,563,-7.92018338,345,,,,,,,,,,,
195000,-7.832113269274123,50.0,,,,,,0.06985415146918968,0.022685792,0.9952537696808577,950,-0.0003073452215176076,2.5333339273929596,0.214892578125,0.2,0.06799241900444031,0.0003,-0.003106234595179558
196000,-7.832113269274123,50.0,,,,,,,,,,,,,,,,
196608,,,96,50.0,563,-7.587361670000002,348,,,,,,,,,,,
197000,-7.65379223220516,50.0,,,,,,0.08963925507850945,0.022505097,0.9955225307494402,960,-0.003680526081006974,2.5415414199233055,0.21064453125,0.2,0.06774528324604034,0.0003,0.023487325757741928
198000,-7.65379223220516,50.0,,,,,,,,,,,,,,,,
198656,,,97,50.0,563,-7.713545009999999,352,,,,,,,,,,,
199000,-7.665136583195999,50.0,,,,,,0.08762494564289228,0.027974393,0.9958473844453692,970,-0.00011347383842803538,2.556918638199568,0.202880859375,0.2,0.06715230643749237,0.0003,0.013128459453582764
200000,-7.665136583195999,50.0,,,,,,,,,,,,,,,,
200704,,,98,50.0,563,-7.94261914,356,,,,,,,,,,,
201000,-7.673337459890172,50.0,,,,,,0.0588101745932363,0.024897698,0.9958193940110505,980,0.00046721044345758854,2.586247069388628,0.217431640625,0.2,0.06589087843894958,0.0003,0.06514574587345123
202000,-7.673337459890172,50.0,,,,,,,,,,,,,,,,
202752,,,99,50.0,563,-8.094350700000001,359,,,,,,,,,,,
203000,-7.646772098401561,50.0,,,,,,0.05919469740474596,0.017194785,0.9971018515061587,990,0.0013922472600825131,2.619411266595125,0.194091796875,0.2,0.06502251327037811,0.0003,0.0011583361774682999
204000,-7.646772098401561,50.0,,,,,,,,,,,,,,,,
204800,,,100,50.0,563,-7.50019555,363,,,,,,,,,,,
205000,-7.684551736526191,50.0,,,,,,0.05048271252308041,0.018153414,0.9974815403111279,1000,0.002484034764347598,2.6375770583748817,0.22548828125,0.2,0.06460952013731003,0.0003,0.014382893219590187
206000,-7.684551736526191,50.0,,,,,,,,,,,,,,,,
206848,,,101,50.0,563,-7.144815100000001,367,,,,,,,,,,,
207000,-7.712350703217089,50.0,,,,,,0.03583269686205313,0.018135974,0.9976427066139877,1010,0.0011580650534597225,2.651098595559597,0.210595703125,0.2,0.06398920714855194,0.0003,-0.020635321736335754
208000,-7.712350703217089,50.0,,,,,,,,,,,,,,,,
208896,,,102,50.0,563,-7.27645966,370,,,,,,,,,,,
209000,-7.658364861109294,50.0,,,,,,0.048601625039009375,0.016284628,0.9977310679387301,1020,0.00041592739871703087,2.691428231447935,0.2076171875,0.2,0.06229947507381439,0.0003,0.022606300190091133
210000,-7.658364861109294,50.0,,,,,,,,,,,,,,,,
210944,,,103,50.0,564,-6.999158449999999,374,,,,,,,,,,,
211000,-7.5409259862266484,50.0,,,,,,0.06611079129506833,0.019766983,0.9975108101498336,1030,-0.003760477592004463,2.732753127068281,0.216943359375,0.2,0.06130637601017952,0.0003,0.007272915914654732
212000,-7.5409259862266484,50.0,,,,,,,,,,,,,,,,
212992,,,104,50.0,563,-7.103134709999999,377,,,,,,,,,,,
213000,-7.538883448624984,50.0,,,,,,0.05618283498915844,0.026416816,0.9962697955779731,1040,0.0025335236743558196,2.767306401580572,0.262060546875,0.2,0.06027131527662277,0.0003,-0.008707929402589798
214000,-7.538883448624984,50.0,,,,,,,,,,,,,,,,
215000,-7.538883448624984,50.0,,,,,,,,,,,,,,,,
215040,,,105,50.0,563,-7.097580620000001,381,,,,,,,,,,,
216000,-7.569409966468811,50.0,,,,,,0.06531894492218271,0.02191198,0.995204424019903,1050,-0.0008863313763868063,2.7896778866648675,0.243896484375,0.2,0.0597386471927166,0.0003,0.005349738523364067
217000,-7.569409966468811,50.0,,,,,,,,,,,,,,,,
217088,,,106,50.0,563,-7.145133300000001,385,,,,,,,,,,,
218000,-7.577157089393586,50.0,,,,,,0.07352247718954459,0.018330941,0.9954563360661268,1060,-0.002852753455226775,2.802036114782095,0.218798828125,0.2,0.059473540633916855,0.0003,0.13545452058315277
219000,-7.577157089393586,50.0,,,,,,,,,,,,,,,,
219136,,,107,50.0,563,-7.029642749999999,389,,,,,,,,,,,
220000,-7.676415428239852,50.0,,,,,,0.04805080423830077,0.016030997,0.9972174221184105,1070,0.0009644176432630047,2.807206612825394,0.238134765625,0.2,0.05944833159446716,0.0003,0.018443111330270767
221000,-7.676415428239852,50.0,,,,,,,,,,,,,,,,
221184,,,108,50.0,563,-7.272502429999999,392,,,,,,,,,,,
222000,-7.556206647772342,50.0,,,,,,0.04732707607327029,0.018024735,0.9984311528969556,1080,0.002848033409100026,2.822856815904379,0.2234375,0.2,0.05859001725912094,0.0003,0.035755012184381485
223000,-7.556206647772342,50.0,,,,,,,,,,,,,,,,
223232,,,109,50.0,563,-6.969195729999999,396,,,,,,,,,,,
224000,-7.452536637894809,50.0,,,,,,0.03094891844666563,0.02870281,0.9979215471539646,1090,0.006653600500430912,2.8590017944574355,0.225439453125,0.2,0.05753174424171448,0.0003,0.0002279244363307953
225000,-7.452536637894809,50.0,,,,,,,,,,,,,,,,
225280,,,110,50.0,562,-7.195902609999999,400,,,,,,,,,,,
226000,-7.392180096404627,50.0,,,,,,0.04309860215289518,0.020457765,0.9968766223173589,1100,0.002918708007200621,2.8783428475260733,0.239697265625,0.2,0.05736140161752701,0.0003,0.007087446749210358
227000,-7.392180096404627,50.0,,,,,,,,,,,,,,,,
227328,,,111,50.0,562,-7.168508559999999,404,,,,,,,,,,,
228000,-7.40347758163698,50.0,,,,,,0.050783296494046226,0.034547415,0.9977269722148776,1110,0.004171392918215134,2.9029520310461523,0.254150390625,0.2,0.056223899126052856,0.0003,0.015230925753712654
229000,-7.40347758163698,50.0,,,,,,,,,,,,,,,,
229376,,,112,50.0,562,-7.20095854,407,,,,,,,,,,,
230000,-7.506755164358765,50.0,,,,,,0.038550960534485056,0.023154918,0.9978166506625712,1120,0.0025856894149910658,2.923374479264021,0.223046875,0.2,0.05601034313440323,0.0003,0.01131296157836914
231000,-7.506755164358765,50.0,,,,,,,,,,,,,,,,
231424,,,113,50.0,562,-6.718219589999999,411,,,,,,,,,,,
232000,-7.4608296089340005,50.0,,,,,,0.027970521664246916,0.028038118,0.9983867824776098,1130,0.003995211434084922,2.939876066148281,0.2275390625,0.2,0.05539776384830475,0.0003,0.057430945336818695
233000,-7.4608296089340005,50.0,,,,,,,,,,,,,,,,
233472,,,114,50.0,563,-6.530515420000001,414,,,,,,,,,,,
234000,-7.380163699481637,50.0,,,,,,0.04073617611429654,0.026099904,0.9970084798987955,1140,0.0045097370428266005,2.967789101600647,0.245458984375,0.2,0.054465003311634064,0.0003,0.018663890659809113
235000,-7.380163699481637,50.0,,,,,,,,,,,,,,,,
235520,,,115,50.0,563,-7.05914122,418,,,,,,,,,,,
236000,-7.424758516578004,50.0,,,,,,0.03005421339767054,0.020002311,0.9973356667906046,1150,0.007809339447703678,2.9837721407413484,0.209130859375,0.2,0.05437073856592178,0.0003,0.016290271654725075
237000,-7.424758516578004,50.0,,,,,,,,,,,,,,,,
237568,,,116,50.0,563,-7.213692100000002,421,,,,,,,,,,,
238000,-7.457273567421362,50.0,,,,,,0.04325647275545634,0.023914244,0.9959554132074118,1160,0.0006352730939397589,3.007941047847271,0.234521484375,0.2,0.05337030440568924,0.0003,0.041181351989507675
239000,-7.457273567421362,50.0,,,,,,,,,,,,,,,,
239616,,,117,50.0,564,-6.70328888,424,,,,,,,,,,,
240000,-7.4009320915676655,50.0,,,,,,0.03359605545410886,0.015735792,0.9973850718233734,1170,0.007494393712840974,3.0402231335639955,0.231689453125,0.2,0.05255080759525299,0.0003,0.03456368297338486
241000,-7.4009320915676655,50.0,,,,,,,,,,,,,,,,
241664,,,118,50.0,564,-6.63500994,428,,,,,,,,,,,
242000,-7.298404306918383,50.0,,,,,,0.03506116268399637,0.02261044,0.9981018543476239,1180,0.004102635500021279,3.0632934525609015,0.22646484375,0.2,0.05217810720205307,0.0003,0.05942293256521225
243000,-7.298404306918383,50.0,,,,,,,,,,,,,,,,
243712,,,119,50.0,564,-6.612324400000001,432,,,,,,,,,,,
244000,-7.346027817064896,50.0,,,,,,0.04363044863566756,0.028897498,0.996962022036314,1190,-0.0019476295099593699,3.0899972170591354,0.235546875,0.2,0.051141172647476196,0.0003,0.053707368671894073
245000,-7.346027817064896,50.0,,,,,,,,,,,,,,,,
245760,,,120,50.0,564,-6.63347407,435,,,,,,,,,,,
246000,-7.323912296630442,50.0,,,,,,0.043275755204376765,0.025382884,0.9968505138531327,1200,0.0006469636136898771,3.1182163916528225,0.221044921875,0.2,0.05069011449813843,0.0003,-0.007645353674888611
247000,-7.323912296630442,50.0,,,,,,,,,,,,,,,,
247808,,,121,50.0,563,-7.0172443399999995,439,,,,,,,,,,,
248000,-7.2776188490912315,50.0,,,,,,0.048827072785934435,0.023639068,0.9967374436091632,1210,0.0024469794356264175,3.1256432555615903,0.234033203125,0.2,0.05079171061515808,0.0003,0.07232481241226196
249000,-7.2776188490912315,50.0,,,,,,,,,,,,,,,,
249856,,,122,50.0,563,-7.181331779999999,443,,,,,,,,,,,
250000,-7.528837259067222,50.0,,,,,,0.053837677248520774,0.022734448,0.9968047596048564,1220,0.0006975500000407919,3.135255606472492,0.241259765625,0.2,0.05021621286869049,0.0003,0.010213188827037811
251000,-7.528837259067222,50.0,,,,,,,,,,,,,,,,
251904,,,123,50.0,564,-7.3702529,446,,,,,,,,,,,
252000,-7.49875271092169,50.0,,,,,,0.042653854651143776,0.022593044,0.995453015435487,1230,0.005985894415061921,3.169287620484829,0.248388671875,0.2,0.04910995811223984,0.0003,0.02410503290593624
253000,-7.49875271092169,50.0,,,,,,,,,,,,,,,,
253952,,,124,50.0,564,-7.394112889999999,450,,,,,,,,,,,
254000,-7.50619012657553,50.0,,,,,,0.04697358796256594,0.021637477,0.9964002412743866,1240,0.002062197407940403,3.2039225809276104,0.266943359375,0.2,0.04854149371385574,0.0003,0.0275195874273777
255000,-7.50619012657553,50.0,,,,,,,,,,,,,,,,
256000,-7.50619012657553,50.0,,,,,,,,,,,,,,,,
256000,,,125,50.0,563,-7.008973119999999,454,,,,,,,,,,,
257000,-7.527869771560654,50.0,,,,,,0.053157232113881035,0.023213428,0.99550208915025,1250,0.0029646306473296137,3.2214342527091504,0.279638671875,0.2,0.04826832935214043,0.0003,0.018806632608175278
258000,-7.527869771560654,50.0,,,,,,,,,,,,,,,,
258048,,,126,50.0,563,-7.115334579999999,457,,,,,,,,,,,
259000,-7.457908400939777,50.0,,,,,,0.05009822153369896,0.021675061,0.9944323757663369,1260,0.004818402291857637,3.2323963440954686,0.289013671875,0.2,0.04792281985282898,0.0003,0.04585876315832138
260000,-7.457908400939777,50.0,,,,,,,,,,,,,,,,
260096,,,127,50.0,564,-6.730010910000001,461,,,,,,,,,,,
261000,-7.322422221722081,50.0,,,,,,0.051346419838955625,0.022601224,0.9935159562155604,1270,-0.002372812427347526,3.2570706151425837,0.2638671875,0.2,0.047072745859622955,0.0003,0.00830305740237236
262000,-7.322422221722081,50.0,,,,,,,,,,,,,,,,
262144,,,128,50.0,564,-6.94670399,464,,,,,,,,,,,
263000,-7.393267572484911,50.0,,,,,,0.06877902593114413,0.031460155,0.9957119757309556,1280,0.007506073240074329,3.263250295072794,0.265234375,0.2,0.0475672148168087,0.0003,0.03352195769548416
264000,-7.393267572484911,50.0,,,,,,,,,,,,,,,,
264192,,,129,50.0,564,-6.645644119999998,468,,,,,,,,,,,
265000,-7.396868376620114,50.0,,,,,,0.06506689870730042,0.023384484,0.9960190407000482,1290,0.005094080261187628,3.2647310599684713,0.2380859375,0.2,0.04704444110393524,0.0003,0.07148263603448868
266000,-7.396868376620114,50.0,,,,,,,,,,,,,,,,
266240,,,130,50.0,564,-7.196868930000001,471,,,,,,,,,,,
267000,-7.473742762580514,50.0,,,,,,0.05779031384154223,0.024527662,0.9955616216175258,1300,0.002319913444807753,3.2880884289741514,0.258154296875,0.2,0.046562038362026215,0.0003,0.057097308337688446
268000,-7.473742762580514,50.0,,,,,,,,,,,,,,,,
268288,,,131,50.0,564,-7.16798676,475,,,,,,,,,,,
269000,-7.242667358182371,50.0,,,,,,0.040810451173456386,0.026373414,0.9947463632561266,1310,-0.003917447553249076,3.300561545789242,0.2806640625,0.2,0.04641779884696007,0.0003,0.009656183421611786
270000,-7.242667358182371,50.0,,,,,,,,,,,,,,,,
270336,,,132,50.0,564,-6.80739308,479,,,,,,,,,,,
271000,-7.214753781072796,50.0,,,,,,0.08860459110583178,0.023430489,0.9927480216138065,1320,0.00785760544531513,3.295234699547291,0.2783203125,0.2,0.046756282448768616,0.0003,0.060029007494449615
272000,-7.214753781072796,50.0,,,,,,,,,,,,,,,,
272384,,,133,50.0,563,-6.7043832199999995,483,,,,,,,,,,,
273000,-7.098421769682318,50.0,,,,,,0.051132205402245744,0.022756487,0.9876500619575381,1330,0.006469743783236481,3.2829698473215103,0.271728515625,0.2,0.0470103919506073,0.0003,-0.012072360143065453
274000,-7.098421769682318,50.0,,,,,,,,,,,,,,,,
274432,,,134,50.0,563,-6.83967582,486,,,,,,,,,,,
275000,-7.047616853937507,50.0,,,,,,0.05214222110225819,0.024583992,0.9927218346856534,1340,0.002455195121001452,3.275044086575508,0.259228515625,0.2,0.04705297201871872,0.0003,0.08603325486183167
276000,-7.047616853937507,50.0,,,,,,,,,,,,,,,,
276480,,,135,50.0,563,-6.612494220000001,490,,,,,,,,,,,
277000,-7.064449253864586,50.0,,,,,,0.044699778826907274,0.022259766,0.9939935109578073,1350,0.002426210147677921,3.2823497466742992,0.254150390625,0.2,0.04670940712094307,0.0003,0.03501417487859726
278000,-7.064449253864586,50.0,,,,,,,,,,,,,,,,
278528,,,136,50.0,563,-6.607330859999999,493,,,,,,,,,,,
279000,-7.056513414136134,50.0,,,,,,0.06788188074133358,0.019432,0.9935283991508186,1360,0.004315327157382853,3.3013058260083197,0.247802734375,0.2,0.04618452489376068,0.0003,0.07128364592790604
280000,-7.056513414136134,50.0,,,,,,,,,,,,,,,,
280576,,,137,50.0,563,-6.670957910000002,497,,,,,,,,,,,
281000,-7.104481223132462,50.0,,,,,,0.10497186903958208,0.015357901,0.9929680950008333,1370,0.008580743777565658,3.3186387330293656,0.223095703125,0.2,0.045946456491947174,0.0003,0.06968571245670319
282000,-7.104481223132462,50.0,,,,,,,,,,,,,,,,
282624,,,138,50.0,563,-6.470812410000001,501,,,,,,,,,,,
283000,-7.146363575011492,50.0,,,,,,0.06696998382103629,0.02638466,0.9923194744624197,1380,0.0046856947854394095,3.3297049291431904,0.244189453125,0.2,0.045603953301906586,0.0003,0.013382960110902786
284000,-7.146363575011492,50.0,,,,,,,,,,,,,,,,
284672,,,139,50.0,563,-6.528068059999999,505,,,,,,,,,,,
285000,-7.322348357737065,50.0,,,,,,0.08279136663768441,0.022342194,0.9881125325337052,1390,0.0023171009466750546,3.3331261932849885,0.279345703125,0.2,0.0458044596016407,0.0003,0.03290226310491562
286000,-7.322348357737065,50.0,,,,,,,,,,,,,,,,
286720,,,140,50.0,563,-6.464353880000001,508,,,,,,,,,,,
287000,-7.327542685065419,50.0,,,,,,0.06007459889515303,0.022424871,0.9935296447947621,1400,0.001028579346893821,3.3355195738375185,0.272802734375,0.2,0.04557805508375168,0.0003,0.014738809317350388
288000,-7.327542685065419,50.0,,,,,,,,,,,,,,,,
288768,,,141,50.0,563,-6.401833969999999,512,,,,,,,,,,,
289000,-7.443059876561165,50.0,,,,,,0.056212252101977354,0.033327542,0.9917465951293707,1410,0.005684065565583296,3.335973335057497,0.329736328125,0.2,0.0458652526140213,0.0003,0.029971782118082047
290000,-7.443059876561165,50.0,,,,,,,,,,,,,,,,
290816,,,142,50.0,563,-6.39898772,515,,,,,,,,,,,
291000,-7.379179828427732,50.0,,,,,,0.03066663954523392,0.026061408,0.9952929187566042,1420,0.004796664902823977,3.337735763192177,0.273291015625,0.2,0.04542697221040726,0.0003,-0.03424367308616638
292000,-7.379179828427732,50.0,,,,,,,,,,,,,,,,
292864,,,143,50.0,563,-6.42979811,519,,,,,,,,,,,
293000,-7.427511476911604,50.0,,,,,,0.049749581626383585,0.029618751,0.9914284702390432,1430,0.002828630460135173,3.366229595988989,0.277197265625,0.2,0.04461259767413139,0.0003,0.002449003979563713
294000,-7.427511476911604,50.0,,,,,,,,,,,,,,,,
294912,,,144,50.0,563,-6.57889193,523,,,,,,,,,,,
295000,-7.48827458228916,50.0,,,,,,0.03664498045109212,0.021260537,0.993697208352387,1440,0.002661911118775606,3.398537614196539,0.25869140625,0.2,0.04396741837263107,0.0003,0.00041723158210515976
296000,-7.48827458228916,50.0,,,,,,,,,,,,,,,,
296960,,,145,50.0,563,-6.65985488,526,,,,,,,,,,,
297000,-7.4415596324950455,50.0,,,,,,0.09462546958820894,0.026856013,0.9891830673441291,1450,0.001752939898869954,3.435175574570894,0.3001953125,0.2,0.04296574741601944,0.0003,-0.003023061901330948
298000,-7.4415596324950455,50.0,,,,,,,,,,,,,,,,
299000,-7.4415596324950455,50.0,,,,,,,,,,,,,,,,
299008,,,146,50.0,563,-6.764852429999999,530,,,,,,,,,,,
300000,-7.320468358136713,50.0,,,,,,0.10173447951092385,0.02563467,0.985136485658586,1460,0.0033430158597184344,3.4583430878818033,0.288671875,0.2,0.04283913969993591,0.0003,0.04210452735424042
301000,-7.320468358136713,50.0,,,,,,,,,,,,,,,,
301056,,,147,50.0,563,-6.70210632,534,,,,,,,,,,,
302000,-7.284075387765188,50.0,,,,,,0.0752917927224189,0.02502061,0.9826729539781809,1470,0.006609356249100529,3.4579615481197834,0.2900390625,0.2,0.042956069111824036,0.0003,-0.0019923150539398193
303000,-7.284075387765188,50.0,,,,,,,,,,,,,,,,
303104,,,148,50.0,563,-6.717211829999999,537,,,,,,,,,,,
304000,-7.35114824094344,50.0,,,,,,0.050951347476802765,0.048611347,0.9923503794707358,1480,-0.0022335802306770345,3.455142221599817,0.287451171875,0.2,0.04295756295323372,0.0003,-0.0012735109776258469
305000,-7.35114824094344,50.0,,,,,,,,,,,,,,,,
305152,,,149,50.0,563,-6.835826850000001,541,,,,,,,,,,,
306000,-7.1733546641189605,50.0,,,,,,0.033864779898431153,0.032513157,0.996304226340726,1490,0.004572428583924193,3.463289841264486,0.320263671875,0.2,0.04265778511762619,0.0003,0.03677434101700783
307000,-7.1733546641189605,50.0,,,,,,,,,,,,,,,,
307200,,,150,50.0,563,-7.015992460000001,545,,,,,,,,,,,
308000,-7.240262846951373,50.0,,,,,,0.10734648643992842,0.045582432,0.9846919495612383,1500,0.0058937828900525345,3.4828993819653986,0.296337890625,0.2,0.042212359607219696,0.0003,0.048892199993133545
309000,-7.240262846951373,50.0,,,,,,,,,,,,,,,,
309248,,,151,50.0,563,-6.802067159999999,548,,,,,,,,,,,
310000,-7.242429953627289,50.0,,,,,,0.06390308097470551,0.022158824,0.9868650082498789,1510,0.007985433205612935,3.505058402568102,0.25849609375,0.2,0.04173976927995682,0.0003,0.017491597682237625
311000,-7.242429953627289,50.0,,,,,,,,,,,,,,,,
311296,,,152,50.0,563,-6.84242753,552,,,,,,,,,,,
312000,-7.171236402995419,50.0,,,,,,0.08101271471823565,0.027083058,0.9862850736826658,1520,0.003426512195437681,3.5288692064583302,0.28447265625,0.2,0.04122408479452133,0.0003,0.013900194317102432
313000,-7.171236402995419,50.0,,,,,,,,,,,,,,,,
313344,,,153,50.0,564,-6.69170381,555,,,,,,,,,,,
314000,-7.222379837511108,50.0,,,,,,0.05466009738156572,0.01939272,0.994942560326308,1530,0.006339092168491334,3.551646237820387,0.254443359375,0.2,0.04084399342536926,0.0003,0.030253631994128227
315000,-7.222379837511108,50.0,,,,,,,,,,,,,,,,
315392,,,154,50.0,564,-7.06790354,559,,,,,,,,,,,
316000,-7.268495586025528,50.0,,,,,,0.08113614064641297,0.035309207,0.9913478400558233,1540,0.005898310887278058,3.5570368632674216,0.266943359375,0.2,0.0408828929066658,0.0003,0.08462747931480408
317000,-7.268495586025528,50.0,,,,,,,,,,,,,,,,
317440,,,155,50.0,564,-6.61921605,562,,,,,,,,,,,
318000,-7.287228952813893,50.0,,,,,,0.048939349147258324,0.028289007,0.9907290041446686,1550,0.0016174370422959328,3.5664776027202607,0.267431640625,0.2,0.040577232837677,0.0003,0.020901378244161606
319000,-7.287228952813893,50.0,,,,,,,,,,,,,,,,
319488,,,156,50.0,564,-6.723671300000001,565,,,,,,,,,,,
320000,-7.230894448142498,50.0,,,,,,0.04129266756644938,0.024022114,0.9948213389143348,1560,0.003938927390845492,3.576170661300421,0.23232421875,0.2,0.04042171686887741,0.0003,0.061491552740335464
321000,-7.230894448142498,50.0,,,,,,,,,,,,,,,,
321536,,,157,50.0,564,-6.5457371900000005,569,,,,,,,,,,,
322000,-7.2704542179591956,50.0,,,,,,0.04321358588058501,0.02794477,0.9907770827412605,1570,0.003699928376590833,3.5708516776561736,0.280078125,0.2,0.04072612524032593,0.0003,0.025311069563031197
323000,-7.2704542179591956,50.0,,,,,,,,,,,,,,,,
323584,,,158,50.0,564,-6.792684479999999,573,,,,,,,,,,,
324000,-7.426151366904378,50.0,,,,,,0.08678536936640739,0.028729226,0.985847664065659,1580,0.008384388461126945,3.560839792340994,0.29619140625,0.2,0.04091394320130348,0.0003,0.07889019697904587
325000,-7.426151366904378,50.0,,,,,,,,,,,,,,,,
325632,,,159,50.0,564,-7.045175970000002,577,,,,,,,,,,,
326000,-7.3428482406772675,50.0,,,,,,0.06459435796132311,0.027926967,0.9934958214871585,1590,0.0070488844939973205,3.555675085633993,0.277099609375,0.2,0.04088979214429855,0.0003,0.01359156146645546
327000,-7.3428482406772675,50.0,,,,,,,,,,,,,,,,
327680,,,160,50.0,564,-6.951878349999999,580,,,,,,,,,,,
328000,-7.2447026764974,50.0,,,,,,0.04974964687717147,0.023965875,0.9926434811204672,1600,0.004714120899734553,3.5852385863661764,0.25166015625,0.2,0.03977419435977936,0.0003,0.01779092289507389
329000,-7.2447026764974,50.0,,,,,,,,,,,,,,,,
329728,,,161,50.0,564,-6.5655664200000015,584,,,,,,,,,,,
330000,-7.285128092113882,50.0,,,,,,0.044837081694277005,0.02325067,0.9954050639644265,1610,0.005225289695954416,3.633238622546196,0.283447265625,0.2,0.03904097527265549,0.0003,0.015243522822856903
331000,-7.285128092113882,50.0,,,,,,,,,,,,,,,,
331776,,,162,50.0,564,-6.420349140000001,587,,,,,,,,,,,
332000,-7.248809092305601,50.0,,,,,,0.03539380622678436,0.024806283,0.993632426019758,1620,0.0013729836442507803,3.6456572264432907,0.293603515625,0.2,0.039234474301338196,0.0003,-0.0006775148212909698
333000,-7.248809092305601,50.0,,,,,,,,,,,,,,,,
333824,,,163,50.0,564,-6.4194540700000005,591,,,,,,,,,,,
334000,-7.097501118062064,50.0,,,,,,0.03959842272743117,0.027939612,0.993012651335448,1630,0.0012780420016497373,3.638714648783207,0.2947265625,0.2,0.0391809418797493,0.0003,0.041403092443943024
335000,-7.097501118062064,50.0,,,,,,,,,,,,,,,,
335872,,,164,50.0,564,-6.17918138,594,,,,,,,,,,,
336000,-6.824856094224378,50.0,,,,,,0.036828965655877254,0.024925351,0.9930598647333682,1640,0.007520657638087869,3.6508544355630876,0.276171875,0.2,0.038835667073726654,0.0003,-0.00959187000989914
337000,-6.824856094224378,50.0,,,,,,,,,,,,,,,,
337920,,,165,50.0,564,-5.82559824,598,,,,,,,,,,,
338000,-6.876395426597446,50.0,,,,,,0.061726975382771346,0.027089877,0.993576139677316,1650,0.003985911188647151,3.6578945562243463,0.26318359375,0.2,0.038922470062971115,0.0003,0.06511576473712921
339000,-6.876395426597446,50.0,,,,,,,,,,,,,,,,
339968,,,166,50.0,564,-6.37323582,602,,,,,,,,,,,
340000,-6.873279253765941,50.0,,,,,,0.040178942671627735,0.027356325,0.9907368160784245,1660,0.011087985691847279,3.6568253889679907,0.27119140625,0.2,0.03882582113146782,0.0003,-0.0029081711545586586
341000,-6.873279253765941,50.0,,,,,,,,,,,,,,,,
342000,-6.873279253765941,50.0,,,,,,,,,,,,,,,,
342016,,,167,50.0,564,-6.545907199999999,606,,,,,,,,,,,
343000,-6.9141764404252175,50.0,,,,,,0.04524289770633914,0.02945225,0.9936242331750691,1670,0.008875834383070469,3.6682405032217504,0.29736328125,0.2,0.0385231077671051,0.0003,0.013211116194725037
344000,-6.9141764404252175,50.0,,,,,,,,,,,,,,,,
344064,,,168,50.0,564,-6.72916159,609,,,,,,,,,,,
345000,-7.055645173229277,50.0,,,,,,0.039687700726790356,0.038451068,0.9958959491923451,1680,0.002958804415538907,3.6723419964313506,0.293701171875,0.2,0.038703553378582,0.0003,0.044110048562288284
346000,-7.055645173229277,50.0,,,,,,,,,,,,,,,,
346112,,,169,50.0,564,-6.5276301,613,,,,,,,,,,,
347000,-7.091332719475031,50.0,,,,,,0.1512199985794723,0.030043557,0.9583659656345844,1690,0.006867681376752444,3.6499950706958773,0.310693359375,0.2,0.039390064775943756,0.0003,0.08533965051174164
348000,-7.091332719475031,50.0,,,,,,,,,,,,,,,,
348160,,,170,50.0,564,-6.532368250000001,617,,,,,,,,,,,
349000,-7.1428861152380705,50.0,,,,,,0.05839645605883561,0.037281632,0.9931392734870315,1700,0.0031115991121623667,3.634422256052494,0.292626953125,0.2,0.0392402745783329,0.0003,0.010597724467515945
350000,-7.1428861152380705,50.0,,,,,,,,,,,,,,,,
350208,,,171,50.0,564,-6.7178515,620,,,,,,,,,,,
351000,-7.112736321054399,50.0,,,,,,0.09406671207398176,0.03285526,0.982465323060751,1710,0.006203988072229549,3.6423344403505324,0.282177734375,0.2,0.03912495821714401,0.0003,0.05234320089221001
352000,-7.112736321054399,50.0,,,,,,,,,,,,,,,,
352256,,,172,50.0,564,-6.523306720000001,623,,,,,,,,,,,
353000,-7.257278466224671,50.0,,,,,,0.06008636945625767,0.045003287,0.9884828487411141,1720,0.004235176157089881,3.6491599597036837,0.318212890625,0.2,0.03886743262410164,0.0003,0.03219006210565567
354000,-7.257278466224671,50.0,,,,,,,,,,,,,,,,
354304,,,173,50.0,564,-6.55801309,627,,,,,,,,,,,
355000,-7.2467201860621575,50.0,,,,,,0.06252611654927023,0.026469737,0.9906373312696815,1730,0.005407348409062251,3.655391078442335,0.282568359375,0.2,0.039098288863897324,0.0003,0.0304102823138237
356000,-7.2467201860621575,50.0,,,,,,,,,,,,,,,,
356352,,,174,50.0,564,-6.648011460000001,631,,,,,,,,,,,
357000,-7.174765634350479,50.0,,,,,,0.09153714839485474,0.04033125,0.9894100818783045,1740,0.005750370971509255,3.64228013753891,0.298095703125,0.2,0.039224475622177124,0.0003,0.04116323962807655
358000,-7.174765634350479,50.0,,,,,,,,,,,,,,,,
358400,,,175,50.0,564,-6.40678549,634,,,,,,,,,,,
359000,-7.109492057049647,50.0,,,,,,0.03504554505634587,0.024007238,0.9944612830877304,1750,0.004149603101541288,3.627611581236124,0.2888671875,0.2,0.03971310704946518,0.0003,0.019652709364891052
360000,-7.109492057049647,50.0,,,,,,,,,,,,,,,,
360448,,,176,50.0,564,-6.373032530000001,638,,,,,,,,,,,
361000,-7.037020311830565,50.0,,,,,,0.023016224478487855,0.027286064,0.9972657307516783,1760,0.0017948297201655806,3.597631499171257,0.252978515625,0.2,0.040426284074783325,0.0003,0.046750761568546295
362000,-7.037020311830565,50.0,,,,,,,,,,,,,,,,
362496,,,177,50.0,564,-6.657314469999999,642,,,,,,,,,,,
363000,-7.017716198135167,50.0,,,,,,0.03970713556918781,0.030160055,0.9949706313200295,1770,0.001599299765075557,3.597243845462799,0.271044921875,0.2,0.03988964110612869,0.0003,0.05470507591962814
364000,-7.017716198135167,50.0,,,,,,,,,,,,,,,,
364544,,,178,50.0,564,-6.84606503,645,,,,,,,,,,,
365000,-6.988251162320376,50.0,,,,,,0.024180038101621903,0.02218575,0.9968828251585364,1780,0.005119739338988438,3.601315762847662,0.268701171875,0.2,0.040181439369916916,0.0003,-0.014232145622372627
366000,-6.988251162320376,50.0,,,,,,,,,,,,,,,,
366592,,,179,50.0,564,-6.82565342,649,,,,,,,,,,,
367000,-6.974725451786071,50.0,,,,,,0.06665235958644189,0.027144123,0.987832865677774,1790,0.010064340115059167,3.5829983346164225,0.28203125,0.2,0.040579475462436676,0.0003,0.04537465423345566
368000,-6.974725451786071,50.0,,,,,,,,,,,,,,,,
368640,,,180,50.0,564,-6.93882031,652,,,,,,,,,,,
369000,-6.962044398556463,50.0,,,,,,0.05368533249711618,0.026674159,0.9943782719783485,1800,0.0010455906973220407,3.5639275230467318,0.28359375,0.2,0.040877409279346466,0.0003,0.054520756006240845
370000,-6.962044398556463,50.0,,,,,,,,,,,,,,,,
370688,,,181,50.0,564,-6.191591170000001,656,,,,,,,,,,,
371000,-7.008471312467009,50.0,,,,,,0.049941736785694954,0.032565802,0.9932730374857783,1810,0.006445650453679263,3.5587775342166426,0.250634765625,0.2,0.04078216105699539,0.0003,0.04602380841970444
372000,-7.008471312467009,50.0,,,,,,,,,,,,,,,,
372736,,,182,50.0,564,-6.077953160000001,660,,,,,,,,,,,
373000,-7.000768311088905,50.0,,,,,,0.03161196905421093,0.022649046,0.996812985278666,1820,0.003262789043947123,3.5651504933834075,0.276904296875,0.2,0.040680285543203354,0.0003,-0.03695354610681534
374000,-7.000768311088905,50.0,,,,,,,,,,,,,,,,
374784,,,183,50.0,564,-6.166498029999999,663,,,,,,,,,,,
375000,-7.001459546480328,50.0,,,,,,0.05357210304937325,0.020673532,0.9943755124695599,1830,-0.003364740824326873,3.556967756897211,0.258447265625,0.2,0.04101657122373581,0.0003,-0.0001034121960401535
376000,-7.001459546480328,50.0,,,,,,,,,,,,,,,,
376832,,,184,50.0,564,-6.777752019999998,667,,,,,,,,,,,
377000,-6.9550266249571,50.0,,,,,,0.029110632484662346,0.028855298,0.9963596558663994,1840,-0.0012773100548656656,3.5500343017280103,0.2904296875,0.2,0.04101826250553131,0.0003,-0.007922912947833538
378000,-6.9550266249571,50.0,,,,,,,,,,,,,,,,
378880,,,185,50.0,564,-6.591472670000002,670,,,,,,,,,,,
379000,-6.865650637319777,50.0,,,,,,0.02215175778546836,0.02446867,0.9972437836695462,1850,0.0012473979222704656,3.554842535406351,0.281298828125,0.2,0.04084927588701248,0.0003,0.015505017712712288
380000,-6.865650637319777,50.0,,,,,,,,,,,,,,,,
380928,,,186,50.0,565,-6.71978578,674,,,,,,,,,,,
381000,-6.83596289595589,50.0,,,,,,0.04942529081599787,0.023523256,0.9956628018990159,1860,0.0036157376089249738,3.5600857280194758,0.281591796875,0.2,0.04072866588830948,0.0003,-0.005016976967453957
382000,-6.83596289595589,50.0,,,,,,,,,,,,,,,,
382976,,,187,50.0,565,-6.5955454499999995,677,,,,,,,,,,,
383000,-6.848574147257023,50.0,,,,,,0.020307529403362425,0.02272081,0.9975146630313247,1870,0.0068003263004356995,3.560588143020868,0.266943359375,0.2,0.04087061434984207,0.0003,-0.0334571897983551
384000,-6.848574147257023,50.0,,,,,,,,,,,,,,,,
385000,-6.848574147257023,50.0,,,,,,,,,,,,,,,,
385024,,,188,50.0,564,-6.1210613799999996,681,,,,,,,,,,,
386000,-6.858553318120539,50.0,,,,,,0.02004111573623959,0.019383335,0.9966157583985478,1880,0.0016314443011651747,3.5514206804335116,0.259375,0.2,0.04115172475576401,0.0003,-0.002953573828563094
387000,-6.858553318120539,50.0,,,,,,,,,,,,,,,,
387072,,,189,50.0,565,-6.20922003,685,,,,,,,,,,,
388000,-6.825827778410167,50.0,,,,,,0.020840146354748866,0.033526883,0.997409250587225,1890,0.009073495451593772,3.5594208613038063,0.302783203125,0.2,0.04065310209989548,0.0003,0.03409663587808609
389000,-6.825827778410167,50.0,,,,,,,,,,,,,,,,
389120,,,190,50.0,565,-6.372186279999998,688,,,,,,,,,,,
390000,-6.78485313532874,50.0,,,,,,0.034461950897821225,0.032254703,0.9956809263676405,1900,0.005453911065706052,3.5833564169704912,0.275048828125,0.2,0.04016376659274101,0.0003,-0.031080488115549088
391000,-6.78485313532874,50.0,,,,,,,,,,,,,,,,
391168,,,191,50.0,565,-6.6467876,691,,,,,,,,,,,
392000,-6.7322376350173725,50.0,,,,,,0.02523592316720169,0.02331522,0.9961635731160641,1910,0.003547245007939637,3.6012696817517282,0.25458984375,0.2,0.03991320729255676,0.0003,0.024743013083934784
393000,-6.7322376350173725,50.0,,,,,,,,,,,,,,,,
393216,,,192,50.0,565,-6.368531829999999,695,,,,,,,,,,,
394000,-6.777347440645099,50.0,,,,,,0.02343354072945658,0.018979743,0.9959191777743399,1920,0.011263669980689884,3.6040114872157574,0.265625,0.2,0.039964452385902405,0.0003,0.043155476450920105
395000,-6.777347440645099,50.0,,,,,,,,,,,,,,,,
395264,,,193,50.0,565,-5.94125097,699,,,,,,,,,,,
396000,-6.781467412924394,50.0,,,,,,0.024819221638608724,0.018347068,0.9958226336166263,1930,0.0012660209089517594,3.597691650688648,0.279541015625,0.2,0.04017607867717743,0.0003,0.021199624985456467
397000,-6.781467412924394,50.0,,,,,,,,,,,,,,,,
397312,,,194,50.0,565,-6.48134807,702,,,,,,,,,,,
398000,-6.759122954076156,50.0,,,,,,0.02477512271143496,0.019814342,0.9972577935550362,1940,0.008478472880960907,3.603552859276533,0.249267578125,0.2,0.03973330557346344,0.0003,0.018009662628173828
399000,-6.759122954076156,50.0,,,,,,,,,,,,,,,,
399360,,,195,50.0,565,-6.5497182,706,,,,,,,,,,,
400000,-6.773634432768449,50.0,,,,,,0.016356525872834028,0.028874993,0.9977940961252898,1950,0.000685723969945684,3.6327578239142895,0.269287109375,0.2,0.03908808156847954,0.0003,0.050405483692884445
401000,-6.773634432768449,50.0,,,,,,,,,,,,,,,,
401408,,,196,50.0,565,-6.172083590000001,709,,,,,,,,,,,
