time/episodes,rollout/ep_len_mean,time/fps,train/learning_rate,time/time_elapsed,time/total_timesteps,train/actor_loss,train/n_updates,rollout/ep_rew_mean,train/critic_loss,eval/mean_reward,eval/mean_ep_length
4,760.75,208,0.001,14,3043,-3.514476629972458,2000,-1143.7862645,0.06083234430826269,,
,,,0.001,,5000,-4.438019519329071,4000,,0.1458694932255894,-2729.6784101247786,1000.0
8,765.375,122,0.001,50,6123,-3.710757361650467,6000,-1454.102493625,0.4097582806572318,,
12,519.1666666666666,122,0.001,50,6230,-4.234793488184611,6141,-989.2568684166667,0.45659135778745014,,
16,577.75,142,0.001,65,9244,-2.308424184700474,8201,-931.3699330000001,0.430214927457273,,
,,,0.001,,10000,-2.9841325595080854,9201,,1.1946353820860387,-315.19186023920776,483.2
20,583.15,128,0.001,91,11663,-3.587012341491591,11579,-783.31136045,1.7244407993422077,,
,,,0.001,,15000,-4.426384624004364,13975,,0.8913931155204773,219.0783332009567,817.1
24,625.75,130,,115,15018,,,-610.1989432916668,,,
28,679.2142857142857,137,0.001,138,19018,-7.788463022232055,17975,-496.15728260714286,0.7013377166986465,,
,,,0.001,,20000,-7.841413891792297,18975,,0.6778717507123947,531.9823007430416,917.0
32,719.3125,134,0.001,171,23018,-8.994516355514527,21975,-357.43263012500006,0.5315302225351334,,
,,,0.001,,25000,-10.288818290710449,23975,,0.43270973359048365,675.763486506301,1000.0
36,750.5,131,0.001,206,27018,-11.534709768295288,25975,-239.93217086111113,0.40005541905760766,,
,,,0.001,,30000,-13.518605335235595,28975,,0.3218607966154814,786.872318552807,1000.0
40,775.45,128,0.001,240,31018,-14.298168212890625,29975,-137.87909487500002,0.3063318980038166,,
,,,0.001,,35000,-16.661801734924317,33975,,0.2660892848372459,904.6382493024227,1000.0
44,795.8636363636364,126,,276,35018,,,-47.81406927272728,,,
48,812.875,130,0.001,299,39018,-19.633736576080324,37975,31.70642502083332,0.2445418972671032,,
,,,0.001,,40000,-20.43156428527832,38975,,0.24496073473244906,855.2850390220992,1000.0
52,827.2692307692307,129,0.001,333,43018,-22.722823585510255,41975,97.34223505769229,0.23122840612381695,,
,,,0.001,,45000,-24.137119911193846,43975,,0.21541914687305688,890.0903718352317,1000.0
56,839.6071428571429,127,0.001,367,47018,-25.635091815948485,45975,153.23497578571428,0.2318312316685915,,
,,,0.001,,50000,-27.708997478485106,48975,,0.2217424700409174,879.279736336333,1000.0
60,850.3,126,0.001,402,51018,-28.311143936157226,49975,202.91571544999996,0.22512304124236107,,
,,,0.001,,55000,-30.948170139312744,53975,,0.20630667708814143,915.8178265377879,1000.0
64,859.65625,126,,436,55018,,,248.30310551562502,,,
68,867.9117647058823,128,0.001,459,59018,-33.52865396118164,57975,287.11174944117647,0.21014171827584505,,
,,,0.001,,60000,-34.174080955505374,58975,,0.20958023230731487,952.1750054283068,1000.0
72,875.25,128,0.001,492,63018,-36.00590953063965,61975,322.19671179166664,0.226078969463706,,
,,,0.001,,65000,-37.135182106018064,63975,,0.20586271730810404,945.87399937585,1000.0
76,881.8157894736842,126,0.001,528,67018,-38.384821144104,65975,355.185195631579,0.19036339042335748,,
,,,0.001,,70000,-39.963502960205076,68975,,0.20173629569262266,946.1103389343247,1000.0
80,887.725,125,0.001,563,71018,-40.49131655883789,69975,385.2758475,0.19854189144819975,,
,,,0.001,,75000,-42.382403144836424,73975,,0.20344988851249218,953.5980958022177,1000.0
84,893.0714285714286,125,,598,75018,,,412.7884294999999,,,
88,897.9318181818181,127,0.001,620,79018,-44.112819206237795,77975,437.31498610227277,0.20044663613289596,,
,,,0.001,,80000,-44.50757862854004,78975,,0.2072257941737771,953.9130311265587,1000.0
92,902.3695652173913,127,0.001,650,83018,-45.81763209533691,81975,459.6686655978261,0.20070495535433291,,
,,,0.001,,85000,-46.590899047851565,83975,,0.21006919868290425,946.4924375503324,1000.0
96,906.4375,127,0.001,680,87018,-47.33242290496826,85975,479.5283636458333,0.19939809100329875,,
,,,0.001,,90000,-48.59527639007568,88975,,0.2574134595692158,945.6535715532024,1000.0
100,910.18,127,0.001,712,91018,-49.04426026916504,89975,498.01625370999994,0.27783403193205597,,
,,,0.001,,95000,-50.47891733551025,93975,,0.34658541567623613,933.6488403249532,1000.0
104,919.75,127,,744,95018,,,581.50649577,,,
108,928.95,129,0.001,766,99018,-51.69334234619141,97975,689.7096872999999,0.37351674286276104,,
,,,0.001,,100000,-52.06416193389892,98975,,0.38680146146565675,945.4998967459426,1000.0
112,967.88,128,0.001,799,103018,-52.85468759918213,101975,729.5098722399999,0.41152387714385985,,
,,,0.001,,105000,-53.35841853332519,103975,,0.4608048028051853,953.8233137581498,1000.0
116,977.74,128,0.001,831,107018,-53.84657647705078,105975,797.4689590700001,0.5160460279211402,,
,,,0.001,,110000,-54.643605880737304,108975,,0.6133758021593094,943.0121397850074,1000.0
120,993.55,128,0.001,863,111018,-54.95833138275147,109975,842.88805032,0.6322630270794034,,
,,,0.001,,115000,-56.09149649810791,113975,,0.8681919789612293,864.8023151739501,1000.0
124,1000.0,128,,894,115018,,,868.7307536100001,,,
128,1000.0,129,0.001,917,119018,-57.98256085968018,117975,861.2103779999999,1.7260103048235178,,
,,,0.001,,120000,-58.45302673339844,118975,,1.8987185728251934,-696.159970782217,927.3
132,1000.0,129,0.001,949,123018,-59.44658982086182,121975,849.09279397,2.401370233148336,,
,,,0.001,,125000,-61.12072426932199,124017,,3.8678441530182246,449.6180191996973,631.7
136,986.81,129,0.001,972,125699,-60.83188529968262,125017,842.04169509,3.2237059723734856,,
140,986.81,130,0.001,992,129699,-64.05984677886963,128656,827.2732564300001,4.48306192111969,,
,,,0.001,,130000,-64.0924429321289,129656,,5.167472893059253,-250.63003706280142,713.0
144,986.81,130,0.001,1020,133699,-64.5189302520752,132656,757.15957152,6.961679374188185,,
,,,0.001,,135000,-64.17868658447266,134656,,6.457342724859714,496.82544907345147,788.4
148,986.81,131,0.001,1050,137699,-64.03228834533691,136656,740.5290814200001,6.52186999309063,,
,,,0.001,,140000,-62.645737007141115,139656,,5.041110041379929,-145.42527526842895,933.9
152,986.81,130,0.001,1082,141699,-63.090290382385255,140656,725.6027119900001,5.581123669207096,,
,,,0.001,,145000,-62.15210242462158,144656,,5.094162666022777,401.9322816635482,1000.0
156,986.81,130,,1115,145699,,,705.4727746,,,
160,977.15,130,0.001,1136,148733,-63.159163902282714,148656,644.29896077,5.265859612047672,,
164,949.73,131,0.001,1139,149991,-63.2543569292341,148948,595.7238319300001,4.576493351309149,,
,,,0.001,,150000,-62.77141431427002,149948,,7.0612332891225815,751.4854604722699,1000.0
168,949.73,131,0.001,1171,153991,-61.539506523132324,152948,593.05962286,4.877423196613789,,
,,,0.001,,155000,-61.35807279205322,154948,,4.6807000824213025,806.2776858553989,1000.0
172,949.73,131,0.001,1204,157991,-60.78040357208252,156948,590.23205313,3.9756364917457105,,
,,,0.001,,160000,-59.856114555358886,159948,,2.9836409164071083,812.8134841618128,1000.0
176,949.73,130,0.001,1237,161991,-59.5603441696167,160948,585.0991705,2.784008480459452,,
,,,0.001,,165000,-59.21459474945068,164948,,2.4751209167540074,820.8082118970837,1000.0
180,949.73,130,,1269,165991,,,579.79114428,,,
184,949.73,131,0.001,1291,169991,-58.655381896972656,168948,575.1349054100001,1.9962067448049783,,
,,,0.001,,170000,-58.502409759521484,169948,,1.8397940817922354,845.1381156168878,1000.0
188,949.73,131,0.001,1324,173991,-58.38336116027832,172948,572.4159215399999,1.559080531284213,,
,,,0.001,,175000,-58.5168119430542,174948,,1.405160128928721,893.6350181758404,1000.0
192,949.73,131,0.001,1355,177991,-58.25536813354492,176948,570.4860362299999,1.2957607248276473,,
,,,0.001,,180000,-58.19641635131836,179948,,1.0495435856580735,884.6818349629641,1000.0
196,949.73,131,0.001,1385,181991,-58.2923087387085,180948,567.44483424,1.0346872498989106,,
,,,0.001,,185000,-57.93962166595459,184948,,0.8253243465274572,846.7913525640964,1000.0
200,949.73,131,,1415,185991,,,562.11191631,,,
204,949.73,132,0.001,1436,189991,-57.75637612915039,188948,559.23458252,0.7529212336987257,,
,,,0.001,,190000,-57.80166411590576,189948,,0.752437533646822,842.3228465110063,1000.0
208,949.73,132,0.001,1468,193991,-57.74889410400391,192948,556.74910292,0.6963810805678368,,
,,,0.001,,195000,-57.7337632522583,194948,,0.5916184204593301,877.3071944981814,1000.0
212,949.73,131,0.001,1500,197991,-57.813041061401364,196948,553.65548359,0.5668288940787315,,
,,,0.001,,200000,-57.890105278015135,199948,,0.5575305877923965,908.1711692094802,1000.0
216,949.73,131,0.001,1532,201991,-57.771360977172854,200948,552.1353420500001,0.4853175113350153,,
,,,0.001,,205000,-57.9250001373291,204948,,0.49077192109823226,895.5627162367106,1000.0
220,949.73,131,,1565,205991,,,549.8210212900001,,,
224,949.73,132,0.001,1586,209991,-58.031677131652835,208948,550.1170786,0.43865802985429764,,
,,,0.001,,210000,-58.07043692016602,209948,,0.46532397697120903,879.2918081551791,1000.0
228,949.73,132,0.001,1617,213991,-58.155196800231934,212948,585.74729041,0.41025783083587886,,
,,,0.001,,215000,-58.25081951904297,214948,,0.3813465815261006,913.9794905960559,1000.0
232,949.73,132,0.001,1647,217991,-58.25678446960449,216948,608.90144724,0.3892167843729258,,
,,,0.001,,220000,-58.24439891052246,219948,,0.3832667971104384,921.4763981699944,1000.0
236,962.92,132,0.001,1677,221991,-58.269730758666995,220948,623.20226111,0.3959637154340744,,
,,,0.001,,225000,-58.392935249328616,224948,,0.32383027800917624,907.0961615592241,1000.0
240,962.92,132,,1707,225991,,,642.29455968,,,
244,962.92,133,0.001,1727,229991,-58.45314749908447,228948,715.23630336,0.3377306966409087,,
,,,0.001,,230000,-58.40625293731689,229948,,0.3529806323572993,901.440346133709,1000.0
248,962.92,133,0.001,1758,233991,-58.45097341156006,232948,732.13106199,0.2908159877359867,,
,,,0.001,,235000,-58.41024394989014,234948,,0.2984230479001999,922.876742643118,1000.0
252,962.92,133,0.001,1788,237991,-58.5642896270752,236948,748.9423162200001,0.2984444832503796,,
,,,0.001,,240000,-58.6359507598877,239948,,0.26139379063248636,907.7002670764923,1000.0
256,962.92,133,0.001,1819,241991,-58.61690972137451,240948,770.0375045699999,0.3303746829032898,,
,,,0.001,,245000,-58.70610034942627,244948,,0.23931207452714442,939.8299790859222,1000.0
260,972.58,132,,1851,245991,,,831.25575085,,,
264,1000.0,133,0.001,1873,249991,-58.93171250152588,248948,879.8571525699999,0.23098533599078655,,
,,,0.001,,250000,-58.96845442199707,249948,,0.2561305987536907,932.8642859876156,1000.0
268,1000.0,133,0.001,1903,253991,-59.243892707824706,252948,881.8300889100002,0.20114277719706297,,
,,,0.001,,255000,-59.268820709228514,254948,,0.251429770745337,919.4769317537546,1000.0
272,1000.0,133,0.001,1933,257991,-59.46571235656738,256948,884.9824641399999,0.257593199968338,,
,,,0.001,,260000,-59.71682083892822,259948,,0.22435017141699792,932.9913022100925,1000.0
276,1000.0,133,0.001,1965,261991,-59.71873072814942,260948,888.9928185999999,0.2066925169378519,,
,,,0.001,,265000,-60.04562205505371,264948,,0.24811114425212144,929.4559939324856,1000.0
280,1000.0,133,,1997,265991,,,893.3567151999999,,,
284,1000.0,133,0.001,2018,269991,-60.23797724914551,268948,897.5997126899997,0.19025365925952792,,
,,,0.001,,270000,-60.336216560363766,269948,,0.25417908146977425,955.3169704675674,1000.0
288,1000.0,133,0.001,2049,273991,-60.47937973022461,272948,900.03054649,0.26743458601087333,,
,,,0.001,,275000,-60.654215995788576,274948,,0.19501028794795275,946.8346746087075,1000.0
292,1000.0,133,0.001,2079,277991,-60.786651634216305,276948,901.70946715,0.20406968864053487,,
,,,0.001,,280000,-61.10122389984131,279948,,0.22518673195689917,960.2736932814121,1000.0
296,1000.0,133,0.001,2112,281991,-61.1686629486084,280948,905.11256901,0.22591053584963083,,
,,,0.001,,285000,-61.40897813415528,284948,,0.19143882110714913,953.6715623557568,1000.0
300,1000.0,133,,2144,285991,,,910.2937324600002,,,
304,1000.0,133,0.001,2166,289991,-61.69537925720215,288948,913.6171707600001,0.18714064622670412,,
,,,0.001,,290000,-61.772542037963866,289948,,0.1892202721685171,936.9625145673751,1000.0
308,1000.0,133,0.001,2199,293991,-61.85743916320801,292948,916.3795611700001,0.20664825861901046,,
,,,0.001,,295000,-62.01938417053223,294948,,0.18563291370123625,946.1339006245137,1000.0
312,1000.0,133,0.001,2231,297991,-62.11999852752685,296948,919.7532625400002,0.1997957854270935,,
,,,0.001,,300000,-62.33491143798828,299948,,0.18214050399884582,946.9616826593876,1000.0
316,1000.0,133,0.001,2264,301991,-62.32929779052734,300948,921.7320341100001,0.22297596691921354,,
,,,0.001,,305000,-62.49174248504639,304948,,0.2164198025688529,965.9886521756649,1000.0
320,1000.0,132,,2313,305991,,,923.9164164200001,,,
324,1000.0,131,0.001,2350,309991,-62.521782341003416,308948,925.4795797499999,0.17371655282005669,,
,,,0.001,,310000,-62.57053722381592,309948,,0.2068653340674937,939.7794223308563,1000.0
328,1000.0,130,0.001,2404,313991,-62.6765665435791,312948,927.7229536900002,0.16784512304514645,,
,,,0.001,,315000,-62.65092295074463,314948,,0.17878183442354204,919.1204214274883,1000.0
332,1000.0,85,0.001,3717,317991,-62.712782020568845,316948,929.3567832300001,0.18007411648333072,,
,,,0.001,,320000,-62.739450309753416,319948,,0.19613978791236877,940.8318680822849,1000.0
336,1000.0,85,0.001,3767,321991,-62.760474647521974,320948,931.29511948,0.228561712320894,,
,,,0.001,,325000,-62.81165676879883,324948,,0.20388508995994925,959.3916811406613,1000.0
340,1000.0,85,,3812,325991,,,934.0229321800001,,,
344,1000.0,85,0.001,3842,329991,-62.93083285522461,328948,935.1182254199999,0.18844422256574034,,
,,,0.001,,330000,-62.974471725463864,329948,,0.19275514458864929,924.1710521280766,1000.0
348,1000.0,85,0.001,3886,333991,-63.04981688690186,332948,936.53101859,0.19049283553287386,,
,,,0.001,,335000,-63.110703651428224,334948,,0.2287711123637855,952.0073192119598,1000.0
352,1000.0,86,0.001,3929,337991,-63.13342845916748,336948,936.3102896999999,0.1701783103980124,,
,,,0.001,,340000,-63.21311560821533,339948,,0.1793488339409232,924.7259441733361,1000.0
356,1000.0,45,0.001,7480,341991,-63.1680069732666,340948,936.85716363,0.1661136150471866,,
,,,0.001,,345000,-63.360843658447266,344948,,0.1698920276015997,957.5448969244957,1000.0
360,1000.0,46,,7514,345991,,,937.50506188,,,
364,1000.0,46,0.001,7538,349991,-63.34735305023193,348948,937.4938565800002,0.16883273422718048,,
,,,0.001,,350000,-63.31966423034668,349948,,0.18702564223110676,942.5033522427082,1000.0
368,1000.0,46,0.001,7573,353991,-63.43291049194336,352948,940.34071778,0.1855186992958188,,
,,,0.001,,355000,-63.38908967590332,354948,,0.15047575846686959,974.019488042593,1000.0
372,1000.0,47,0.001,7609,357991,-63.4052696685791,356948,940.83520187,0.2049416968598962,,
,,,0.001,,360000,-63.555381240844724,359948,,0.16756467862054705,960.6847561359406,1000.0
376,1000.0,47,0.001,7646,361991,-63.58301163482666,360948,942.0577181900001,0.1839882637374103,,
,,,0.001,,365000,-63.72183338165283,364948,,0.16269069781154394,961.3037100434303,1000.0
380,1000.0,47,,7682,365991,,,943.29455027,,,
384,1000.0,48,0.001,7706,369991,-63.77599658203125,368948,942.94694404,0.17082845912501216,,
,,,0.001,,370000,-63.90031374359131,369948,,0.15704243624582886,949.6791347622872,1000.0
388,1000.0,48,0.001,7741,373991,-64.015871925354,372948,943.53210978,0.16436099579930305,,
,,,0.001,,375000,-64.0819875869751,374948,,0.18194276235252618,955.1224064528942,1000.0
392,1000.0,48,0.001,7775,377991,-64.1232951965332,376948,944.0522988700001,0.1795441442169249,,
,,,0.001,,380000,-64.1320387878418,379948,,0.14512109868600964,908.1550685852766,1000.0
396,1000.0,48,0.001,7810,381991,-64.1779019241333,380948,944.659089,0.14986148616671563,,
,,,0.001,,385000,-64.1773334350586,384948,,0.14962585296481848,943.9765149891376,1000.0
400,1000.0,49,,7843,385991,,,944.0985806300002,,,
404,1000.0,49,0.001,7868,389991,-64.23149475097657,388948,943.8430111699998,0.15201786440610884,,
,,,0.001,,390000,-64.2541948928833,389948,,0.16479244772717358,948.8665376484394,1000.0
408,1000.0,49,0.001,7904,393991,-64.30628392791748,392948,944.2608163500003,0.16674699193984271,,
,,,0.001,,395000,-64.30355446624756,394948,,0.15422838094085456,934.1431804090738,1000.0
412,1000.0,50,0.001,7938,397991,-64.37723250579835,396948,944.6514920000002,0.14826013175025582,,
,,,0.001,,400000,-64.45987653350831,399948,,0.16547333999350666,968.9993760347367,1000.0
416,1000.0,50,0.001,7974,401991,-64.48082831573487,400948,945.1414830600002,0.1301369084827602,,
,,,0.001,,405000,-64.58125286102295,404948,,0.12156382023543119,962.7776542067528,1000.0
420,1000.0,50,,8009,405991,,,945.6930613800001,,,
424,1000.0,51,0.001,8033,409991,-64.70774542999267,408948,944.8326678700001,0.13919500132650137,,
,,,0.001,,410000,-64.7150506515503,409948,,0.15220953507721424,956.7449398100376,1000.0
428,1000.0,51,0.001,8068,413991,-64.81944007873535,412948,945.5818436399999,0.1444548257626593,,
,,,0.001,,415000,-64.869587890625,414948,,0.13847047818824648,962.5344050765037,1000.0
432,1000.0,51,0.001,8102,417991,-64.92356690979004,416948,947.0109505400001,0.19301247481629252,,
,,,0.001,,420000,-64.93674132537842,419948,,0.15709468323364853,957.0051096498967,1000.0
436,1000.0,51,0.001,8136,421991,-64.91857786560058,420948,948.4483053299998,0.16101703062281011,,
,,,0.001,,425000,-64.84675762176514,424948,,0.1645584463365376,945.5490707337856,1000.0
440,1000.0,52,,8175,425991,,,948.5542801099999,,,
444,1000.0,52,0.001,8200,429991,-64.65071416473388,428948,947.65414326,0.17200544556230307,,
,,,0.001,,430000,-64.6005598602295,429948,,0.1897552856951952,907.0335900664329,1000.0
448,1000.0,52,0.001,8234,433991,-64.31005121612549,432948,946.1140020600001,0.17855405935645102,,
,,,0.001,,435000,-64.08815537261962,434948,,0.2355544031187892,710.5802095635852,1000.0
452,1000.0,52,0.001,8269,437991,-63.8526575088501,436948,940.09576619,0.22389098900556564,,
,,,0.001,,440000,-63.59392247772217,439948,,0.22307963071763515,903.0440313446801,1000.0
456,1000.0,53,0.001,8305,441991,-63.50663370513916,440948,938.86278219,0.22244889441877602,,
,,,0.001,,445000,-63.08349459838867,444948,,0.23660216607153417,886.7794136106968,1000.0
460,1000.0,53,,8340,445991,,,938.3228316600001,,,
464,1000.0,53,0.001,8364,449991,-63.22074810028076,448948,935.8733276100003,0.18735098621994256,,
,,,0.001,,450000,-63.272530624389645,449948,,0.17437915379554034,634.1319816619158,1000.0
468,1000.0,54,0.001,8401,453991,-63.402470809936524,452948,931.1916459400001,0.1915183571204543,,
,,,0.001,,455000,-63.33551092529297,454948,,0.19503988118469714,938.554284441471,1000.0
472,1000.0,54,0.001,8436,457991,-63.297933303833005,456948,929.5726644000001,0.21283205615729092,,
,,,0.001,,460000,-63.04007476043701,459948,,0.2123915334045887,872.0506627738475,1000.0
476,1000.0,54,0.001,8472,461991,-62.964592361450194,460948,927.0204915799998,0.23335730893164874,,
,,,0.001,,465000,-62.64151541137695,464948,,0.19916232597082853,574.604259082675,1000.0
480,1000.0,54,,8513,465991,,,919.05681004,,,
484,1000.0,55,0.001,8537,469991,-62.26507254028321,468948,914.6191222099999,0.25068324885517357,,
,,,0.001,,470000,-61.959008964538576,469948,,0.26122416952252386,902.5322699785232,1000.0
488,1000.0,55,0.001,8575,473991,-61.45961791229248,472948,910.86673612,0.3008135928064585,,
,,,0.001,,475000,-61.507937194824216,474948,,0.3464057396054268,746.6913551921025,1000.0
492,1000.0,55,0.001,8609,477991,-61.64227024078369,476948,903.6702592099999,0.3964458829164505,,
,,,0.001,,480000,-61.77916412353515,479948,,0.2398113136216998,840.6656668365001,1000.0
496,1000.0,55,0.001,8644,481991,-62.09548349761963,480948,899.15695159,0.22025875306129455,,
,,,0.001,,485000,-62.64404047393799,484948,,0.2228573883995414,865.318182861805,1000.0
500,1000.0,55,,8679,485991,,,897.1980518699997,,,
504,1000.0,56,0.001,8702,489991,-62.81905846405029,488948,894.14327523,0.2288245644196868,,
,,,0.001,,490000,-62.83650122833252,489948,,0.2366780503243208,918.5681825935841,1000.0
508,1000.0,56,0.001,8737,493991,-62.95280766296387,492948,893.07588643,0.2337413909211755,,
,,,0.001,,495000,-63.24980718231201,494948,,0.23600446366518735,928.3870523035527,1000.0
512,1000.0,56,0.001,8772,497991,-63.437011917114255,496948,891.65167735,0.25179002434760334,,
,,,0.001,,500000,-63.53451643371582,499948,,0.25170157380402086,896.0327084034682,1000.0
516,1000.0,56,0.001,8807,501991,-63.615032516479495,500948,890.23446308,0.27674980183690784,,
,,,0.001,,505000,-63.67482209014893,504948,,0.3212513412684202,941.3644350767136,1000.0
520,1000.0,57,,8843,505991,,,888.8779702399999,,,
524,1000.0,57,0.001,8870,509991,-63.66886056518555,508948,888.1193255700001,0.319239933386445,,
,,,0.001,,510000,-63.59986036682129,509948,,0.3466853050366044,862.3225417425856,1000.0
528,1000.0,57,0.001,8905,513991,-63.492164306640625,512948,885.69028855,0.37316133752465247,,
,,,0.001,,515000,-63.395602737426756,514948,,0.40700689107179644,880.8321669243276,1000.0
532,1000.0,57,0.001,8941,517991,-63.423847618103025,516948,882.36848845,0.5126597472280264,,
,,,0.001,,520000,-63.0407307510376,519948,,0.6982870427519083,875.3980829566717,1000.0
536,1000.0,58,0.001,8977,521991,-62.93594873046875,520948,874.9857712600001,0.8251248588413,,
,,,0.001,,525000,-62.56781846618652,524948,,1.206237392514944,554.7983983426238,1000.0
540,1000.0,58,,9014,525991,,,851.1840713699997,,,
544,1000.0,58,0.001,9038,529991,-61.65389192962647,528948,838.35511722,1.5442947204709052,,
,,,0.001,,530000,-62.01492736816406,529948,,1.8003293079584837,728.7665279479697,1000.0
548,1000.0,58,0.001,9071,533991,-63.06607263946533,532948,826.90399601,2.9942352733016016,,
,,,0.001,,535000,-64.67191419219971,534948,,3.527215714395046,-353.67273328335506,890.0
552,995.08,59,0.001,9102,537499,-64.08380907440186,536456,785.49468504,3.3638691860437393,,
556,975.91,59,0.001,9114,539582,-63.37491206118935,538539,723.2682528000001,4.9588087644332495,,
,,,0.001,,540000,-62.70033519744873,539539,,5.099556040167808,587.0710545213427,1000.0
560,975.91,59,0.001,9151,543582,-61.852250762939455,542539,690.7087494400001,7.0343454123735425,,
,,,0.001,,545000,-60.57830690765381,544539,,10.152954578995704,-1801.0491329755866,836.2
564,975.91,59,0.001,9184,547582,-62.01539574432373,546539,592.9139183299999,13.881866931676864,,
568,958.43,59,0.001,9203,549834,-58.723810989379885,549778,505.08589399,11.246020257592201,,
,,,0.001,,550000,-58.08508745829264,549791,,7.083839068045983,-985.7676699889707,836.7
572,958.43,59,0.001,9231,553834,-56.87069705963135,552791,438.90860241,9.414238504052163,,
,,,0.001,,555000,-54.93308487701416,554791,,11.759192529678344,97.86797104328434,1000.0
576,958.43,60,0.001,9266,557834,-52.097368606567386,556791,408.49125019999997,13.795154389500619,,
580,931.92,60,0.001,9279,559183,-51.94791803688839,559036,361.93375664,19.820569397567155,,
,,,0.001,,560000,-51.01910481086144,559140,,18.33985580618565,-899.4620471929899,411.7
584,913.29,60,0.001,9297,561320,-49.46306730571546,561217,275.4627134499999,24.865631047781413,,
588,884.22,60,0.001,9299,562413,-50.530463536580406,561370,216.93911655000002,25.531875928243,,
592,845.15,60,0.001,9304,562506,-45.56069594163161,562451,184.05139419000002,24.976685682932537,,
596,825.53,60,0.001,9311,564544,-40.26135787963867,563501,115.02475423000004,12.890662453391336,,
,,,0.001,,565000,-42.31450788879395,564501,,33.51453687286377,-702.6942051377148,328.4
600,806.28,60,0.001,9332,566619,-44.672373489379886,566528,31.344620540000005,33.89461109638214,,
,,,0.001,,570000,-53.593020057678224,569576,,37.96199332427979,-1027.3618635020684,570.7
604,806.28,60,,9356,570619,,,-86.66692526000003,,,
608,789.63,61,0.001,9370,572954,-55.09220723724365,571911,-161.90214649,33.66247676420212,,
,,,0.001,,575000,-57.673104393005374,574121,,30.92958171892166,-620.0923751818948,572.4
612,771.73,61,,9389,575164,,,-224.15216723999998,,,
616,759.93,61,0.001,9405,577984,-53.86259228515625,576941,-268.37169005,23.931257991790773,,
,,,0.001,,580000,-48.6558588180542,579941,,20.55914025044441,422.64371868830784,1000.0
620,759.93,61,0.001,9439,581984,-46.89200329208374,580941,-290.89977307999993,19.11631702709198,,
,,,0.001,,585000,-40.69994345855713,584902,,21.21690653038025,148.8695267403622,913.3
624,759.54,61,,9471,585945,,,-320.14785607,,,
628,759.54,62,0.001,9494,589945,-38.51729761505127,588902,-335.5520853,15.075306537270546,,
,,,0.001,,590000,-38.033954010009765,589902,,16.584315972924234,313.1124107660391,879.2
632,752.91,62,0.001,9524,593282,-37.820453757331485,592239,-407.53600771,17.89020014799667,,
,,,0.001,,595000,-36.59609679031372,594682,,15.655816861510276,582.8347825337463,991.1
636,737.34,62,,9550,595725,,,-438.66387901999997,,,
640,737.34,62,0.001,9574,599725,-33.87392426300049,598682,-442.49597187,11.094548597097397,,
,,,0.001,,600000,-33.1995227355957,599682,,12.512947884202003,123.56097002786264,1000.0
644,737.34,62,0.001,9608,603725,-32.001991748809814,602682,-458.7326093100001,10.651728618979455,,
,,,0.001,,605000,-31.169344917297362,604682,,10.748402750492096,289.54068909526103,981.8
648,733.35,63,0.001,9639,607326,-30.96576898956299,606283,-464.74021839,9.196157720148564,,
,,,0.001,,610000,-31.086424255371092,609283,,7.80561742401123,643.9779172018636,1000.0
652,738.27,63,0.001,9672,611326,-31.23295258331299,610283,-428.89819057,7.002384547233581,,
,,,0.001,,615000,-32.517299716949466,614283,,5.591275343716145,719.8725654630456,1000.0
656,757.44,63,,9706,615326,,,-372.6991768900001,,,
660,757.44,63,0.001,9730,619326,-32.80141739654541,618283,-353.6657387300001,5.240380619764328,,
,,,0.001,,620000,-32.81369359207153,619283,,5.8590109194517135,655.2436932507902,1000.0
664,757.44,63,0.001,9765,623326,-32.913614692687986,622283,-270.14595386,4.722829308271408,,
,,,0.001,,625000,-32.62863388061523,624283,,4.343669699311256,724.8578624706715,1000.0
668,774.92,64,0.001,9799,627326,-32.5885560836792,626283,-186.21816385,3.9584976044893265,,
,,,0.001,,630000,-32.80408882522583,629283,,3.7196650434434413,744.9725399783813,1000.0
672,774.92,64,0.001,9835,631326,-33.09936329650879,630283,-126.43829365999999,2.858337120771408,,
,,,0.001,,635000,-33.40515285110474,634283,,2.720520405203104,840.6258779138327,1000.0
676,774.92,64,,9871,635326,,,-99.27159212000001,,,
680,801.43,64,0.001,9894,639326,-34.48883418655395,638283,-52.55589367,2.5497265141904353,,
,,,0.001,,640000,-34.53607918930054,639283,,2.4480258120298384,749.934909135662,1000.0
684,820.06,64,0.001,9929,643326,-34.28597108078003,642283,30.29196151,2.455755519092083,,
,,,0.001,,645000,-33.32828992843628,644283,,2.3247880036234854,799.9700977832078,1000.0
688,849.13,64,0.001,9964,647326,-32.917047412872314,646283,85.62176405999999,2.1446923106908797,,
,,,0.001,,650000,-32.209435287475586,649283,,2.5776713784337044,556.1958512799931,1000.0
692,888.2,65,0.001,9997,651326,-31.760669040679932,650283,105.32919498999998,2.747846578836441,,
,,,0.001,,655000,-28.611528690338133,654283,,2.660283254623413,478.9838572907094,1000.0
696,907.82,65,,10029,655326,,,158.89377334,,,
700,927.07,65,0.001,10052,659326,-27.310195823669435,658283,238.83705505,2.038630729734898,,
,,,0.001,,660000,-26.974114650726317,659283,,2.1304263909459116,282.64424886293125,995.3
704,927.07,65,0.001,10085,663326,-26.31169515991211,662283,333.50915483999995,1.9589798654913901,,
,,,0.001,,665000,-26.782759925842285,664283,,1.973037929236889,632.0672433868051,1000.0
708,943.72,65,0.001,10118,667326,-27.505756511688233,666283,398.08907966,1.9415430213212967,,
,,,0.001,,670000,-28.905188339233398,669283,,1.6993778302669524,707.7306880101562,1000.0
712,961.62,66,0.001,10151,671326,-29.363517391204834,670283,449.77774883999996,1.569423576772213,,
,,,0.001,,675000,-31.121470485687254,674283,,1.3258606782257556,767.4714970529079,1000.0
716,973.42,66,,10184,675326,,,487.8276218599999,,,
720,973.42,66,0.001,10206,679326,-32.08994155883789,678283,501.80719552999994,1.4008953103423119,,
,,,0.001,,680000,-32.34031233215332,679283,,1.4431399537324905,755.4583571997471,1000.0
724,973.81,66,0.001,10240,683326,-33.33576847076416,682283,524.93596091,1.3437691343426705,,
,,,0.001,,685000,-33.71729134750366,684283,,1.2634802503585816,808.6354185245931,1000.0
728,973.81,66,0.001,10273,687326,-34.005826171875,686283,535.4861509,1.1943986108601092,,
,,,0.001,,690000,-34.483811107635496,689283,,1.283458487302065,803.8840289860964,1000.0
732,980.44,67,0.001,10308,691326,-34.66137384033203,690283,601.64629337,1.2725268094539641,,
,,,0.001,,695000,-35.51004605865479,694283,,1.302029657125473,664.5397817250007,1000.0
736,996.01,67,,10342,695326,,,624.87382855,,,
740,996.01,67,0.001,10365,699326,-35.77431175994873,698283,643.22003879,1.3767848401665688,,
,,,0.001,,700000,-35.993219799041746,699283,,1.32510831412673,269.9055080221384,1000.0
744,996.01,67,0.001,10399,703326,-36.86168413543701,702283,658.7561858400001,1.2959850148558616,,
,,,0.001,,705000,-37.24831299972534,704283,,1.3452340763807298,770.9528382197022,1000.0
748,1000.0,67,0.001,10433,707326,-37.52188759613037,706283,670.3779193499998,1.450642333626747,,
,,,0.001,,710000,-37.458434551239016,709283,,1.6488934175372123,744.9096474170685,1000.0
752,1000.0,67,0.001,10467,711326,-37.50607358932495,710283,671.8676115599999,1.6014225442409515,,
,,,0.001,,715000,-38.117719997406006,714283,,1.5189253484606744,696.4073297084775,1000.0
756,1000.0,68,,10500,715326,,,668.9584955000001,,,
760,1000.0,68,0.001,10523,719326,-39.17573295593262,718283,677.8914128599998,1.3397071794867517,,
,,,0.001,,720000,-39.40821438598633,719283,,1.4074853020906448,766.9126325838267,1000.0
764,1000.0,68,0.001,10557,723326,-40.152880256652836,722283,686.7189742300001,1.5284740707874298,,
,,,0.001,,725000,-40.2999479675293,724283,,1.394231715798378,634.9240367031656,1000.0
768,1000.0,68,0.001,10590,727326,-40.2117569732666,726283,681.58577685,1.378370753288269,,
,,,0.001,,730000,-39.828490665435794,729283,,1.4533780426383018,727.2566754528088,1000.0
772,1000.0,68,0.001,10622,731326,-39.7104069404602,730283,679.3500352,1.454969730734825,,
,,,0.001,,735000,-38.48106665802002,734283,,1.999194349527359,380.07997614700287,1000.0
776,1000.0,68,,10659,735326,,,675.94561262,,,
780,1000.0,63,0.001,11618,739326,-36.9794506187439,738283,670.2163312600001,1.6342017059922218,,
,,,0.001,,740000,-37.00192344284058,739283,,1.6399221046566963,505.37598344626696,1000.0
784,1000.0,63,0.001,11653,743326,-37.444306037902834,742283,665.0811431899998,1.4875666904449463,,
,,,0.001,,745000,-37.22269426345825,744283,,1.4757392988801004,705.6652087588329,1000.0
788,1000.0,63,0.001,11688,747326,-36.70965609359741,746283,662.2929587199999,1.519981977880001,,
,,,0.001,,750000,-36.002050148010255,749283,,1.5861173723340034,533.6663375132135,1000.0
792,1000.0,64,0.001,11725,751326,-36.03642214202881,750283,671.6664020899999,1.5547636283636093,,
,,,0.001,,755000,-36.25836653518677,754283,,1.3919992186427117,177.55621997687268,1000.0
796,1000.0,64,,11764,755326,,,670.43137283,,,
800,1000.0,64,0.001,11830,759326,-37.71896792602539,758283,666.7773110100002,1.16120798099041,,
,,,0.001,,760000,-37.8149613647461,759283,,1.11374193289876,664.6834055371583,1000.0
804,1000.0,64,0.001,11864,763326,-38.42863916015625,762283,680.0495104400001,1.0000007898211478,,
,,,0.001,,765000,-38.5246742477417,764283,,1.0810189063847064,595.4202472802251,1000.0
808,1000.0,64,0.001,11897,767326,-39.01322332000733,766283,678.50836795,0.9754373217225075,,
,,,0.001,,770000,-39.955773544311526,769283,,0.9953515054285527,745.3979807350785,1000.0
812,1000.0,64,0.001,11932,771326,-40.196502029418944,770283,675.8548610100001,0.968832962602377,,
,,,0.001,,775000,-41.473366157531736,774283,,0.9677499424517154,815.4378562033177,1000.0
816,1000.0,64,,11965,775326,,,676.8568497399999,,,
820,1000.0,65,0.001,11989,779326,-42.617082122802735,778283,681.7032484399999,0.957083813726902,,
,,,0.001,,780000,-42.72804957580566,779283,,0.9532409736812115,824.9844400422647,1000.0
824,1000.0,65,0.001,12023,783326,-43.14242855072021,782283,681.4796554199999,0.9968927609324455,,
,,,0.001,,785000,-43.42023497009277,784283,,1.0240173972547055,746.8414070181549,1000.0
828,1000.0,65,0.001,12058,787326,-43.38007556152344,786283,680.07389184,1.1214607745707035,,
,,,0.001,,790000,-44.18097215270996,789283,,1.0136612695753575,856.2393178191036,1000.0
832,1000.0,65,0.001,12091,791326,-44.20642363739014,790283,683.95502979,0.9415048780143261,,
,,,0.001,,795000,-45.31836666107178,794283,,0.9939463321268559,851.8773014135659,1000.0
836,1000.0,65,,12124,795326,,,694.7766763699999,,,
840,1000.0,65,0.001,12147,799326,-46.182479614257815,798283,692.9722790399999,1.0972079234421253,,
,,,0.001,,800000,-46.49583195495605,799283,,1.0561481675505637,817.7993897348642,1000.0
844,1000.0,65,0.001,12181,803326,-47.16354609680176,802283,700.6182801,1.014104305267334,,
,,,0.001,,805000,-47.60994153594971,804283,,0.9844432114958763,842.3235150516033,1000.0
848,1000.0,66,0.001,12215,807326,-48.049258384704586,806283,703.60633351,0.9420715433359146,,
,,,0.001,,810000,-48.694942268371584,809283,,0.8860104337334633,866.4152285307646,1000.0
852,1000.0,66,0.001,12248,811326,-48.675471046447754,810283,710.2280046100002,0.9567381552755833,,
,,,0.001,,815000,-49.40805826568604,814283,,0.8984522979855537,870.0964858591557,1000.0
856,1000.0,66,,12282,815326,,,716.40098176,,,
860,1000.0,66,0.001,12304,819326,-49.9669309463501,818283,715.68505286,0.9674191192984581,,
,,,0.001,,820000,-50.11356029510498,819283,,0.9634133982658386,817.4119279801846,1000.0
864,1000.0,66,0.001,12336,823326,-50.25247779846191,822283,716.3562413,0.9609762273728848,,
,,,0.001,,825000,-50.53814450836182,824283,,1.087575966566801,842.7713231444359,1000.0
868,1000.0,66,0.001,12369,827326,-50.63586639404297,826283,718.9489056400002,1.076381832331419,,
,,,0.001,,830000,-50.63882500457764,829283,,1.5230702293217182,264.43978150361215,1000.0
872,1000.0,67,0.001,12401,831326,-50.78516130828857,830283,694.6371354199999,1.6713795191645622,,
,,,0.001,,835000,-50.09281949615478,834283,,1.513520909667015,-9.190000783005962,1000.0
876,1000.0,67,,12434,835326,,,672.83801647,,,
880,1000.0,67,0.001,12455,839326,-50.36423957824707,838283,676.18721894,1.085112448632717,,
,,,0.001,,840000,-50.40386808013916,839283,,1.1133553229868411,849.5424312933814,1000.0
884,1000.0,67,0.001,12485,843326,-49.878350708007815,842283,682.08077895,1.231231839865446,,
,,,0.001,,845000,-50.00868821716308,844283,,1.0017799153625966,653.3646584539674,1000.0
888,1000.0,67,0.001,12516,847326,-50.304235557556154,846283,677.5465982999999,0.857331203520298,,
,,,0.001,,850000,-51.16819421386719,849283,,0.7687681024372578,833.7971456915141,1000.0
892,1000.0,67,0.001,12551,851326,-51.3766728515625,850283,682.21384652,0.7011921768784523,,
,,,0.001,,855000,-51.879276069641115,854283,,0.7759538561999798,910.5626396000386,1000.0
896,1000.0,67,,12584,855326,,,699.4237957299999,,,
900,1000.0,68,0.001,12607,859326,-52.28349155426025,858283,706.5060316099999,0.6690832885950804,,
,,,0.001,,860000,-52.34129596710205,859283,,0.6400814892053605,852.9038246959448,1000.0
904,1000.0,68,0.001,12640,863326,-52.46975280761719,862283,717.0681328100001,0.6504931931048632,,
,,,0.001,,865000,-52.64527345275879,864283,,0.6509638184905052,862.1295308828354,1000.0
908,1000.0,68,0.001,12671,867326,-52.624548164367674,866283,727.1357470600001,0.6105076746642589,,
,,,0.001,,870000,-52.96251826477051,869283,,0.6047534743994475,897.7377668082714,1000.0
912,1000.0,68,0.001,12703,871326,-52.81946029663086,870283,738.24793259,0.6829920662194491,,
,,,0.001,,875000,-53.36599040222168,874283,,0.6063968362957239,882.3799553751945,1000.0
916,1000.0,68,,12736,875326,,,741.9740919799999,,,
920,1000.0,68,0.001,12759,879326,-53.679958068847654,878283,743.2082948,0.5887226912528276,,
,,,0.001,,880000,-53.84116320037842,879283,,0.6054878118485212,777.0905774414539,1000.0
924,1000.0,69,0.001,12794,883326,-54.06287886810303,882283,746.16118697,0.6326869778484107,,
,,,0.001,,885000,-54.082113136291504,884283,,0.6321715767383576,829.3112973533571,1000.0
928,1000.0,69,0.001,12827,887326,-54.279731185913086,886283,750.0871334700001,0.6610954399555922,,
,,,0.001,,890000,-54.25436775970459,889283,,0.6309181033968926,891.1840390175581,1000.0
932,1000.0,69,0.001,12861,891326,-54.158391136169435,890283,751.5210564600001,0.6330099178701639,,
,,,0.001,,895000,-54.42240731048584,894283,,0.5954716493040323,900.3761025547981,1000.0
936,1000.0,69,,12895,895326,,,753.09660389,,,
940,1000.0,69,0.001,12919,899326,-54.56028954315185,898283,759.5210362900001,0.5716086047291755,,
,,,0.001,,900000,-54.558548461914064,899283,,0.5933022648692131,780.5936590015888,1000.0
944,1000.0,69,0.001,12953,903326,-54.651941917419435,902283,760.7115765400001,0.5834907957464457,,
,,,0.001,,905000,-54.68977384185791,904283,,0.595641937315464,893.857564741373,1000.0
948,1000.0,69,0.001,12988,907326,-54.77802882385254,906283,761.4037835900001,0.6332984515428544,,
,,,0.001,,910000,-54.62028560638428,909283,,0.6272739002257586,893.2267870306969,1000.0
952,1000.0,69,0.001,13022,911326,-54.83031494140625,910283,762.69207707,0.720878255367279,,
,,,0.001,,915000,-54.05914353942871,914283,,1.3570700653791428,629.6265988767148,1000.0
956,1000.0,70,,13056,915326,,,754.8633565299999,,,
960,1000.0,70,0.001,13079,919326,-53.82001942443848,918283,751.79163866,0.7969533435106277,,
,,,0.001,,920000,-53.77446863555908,919283,,0.7877728309482336,802.1435106128454,1000.0
964,1000.0,70,0.001,13112,923326,-53.69343746948242,922283,753.4318522899998,0.6893990674763918,,
,,,0.001,,925000,-53.63431118774414,924283,,0.6304091776460409,881.8335090249777,1000.0
968,1000.0,70,0.001,13147,927326,-53.56731755828857,926283,761.4453024200001,0.6787026236951351,,
,,,0.001,,930000,-53.712527473449704,929283,,0.7100911003053189,888.4941545665264,1000.0
972,1000.0,70,0.001,13181,931326,-53.74134329223633,930283,793.91533308,0.6130288593322039,,
,,,0.001,,935000,-53.88290566253662,934283,,0.6511827371120453,876.7403252243996,1000.0
976,1000.0,70,,13214,935326,,,821.3519718200001,,,
980,1000.0,70,0.001,13235,939326,-53.73191836547851,938283,827.7287694900001,0.8012420353144407,,
,,,0.001,,940000,-53.729320922851564,939283,,0.8305246566534042,883.5591182261705,1000.0
984,1000.0,71,0.001,13267,943326,-53.62702282714844,942283,833.17640035,0.7920132401734591,,
,,,0.001,,945000,-53.23850218963623,944283,,0.8834883889853954,839.963508915063,1000.0
988,1000.0,71,0.001,13302,947326,-53.11571421813965,946283,843.56795799,0.8856601900458336,,
,,,0.001,,950000,-52.969339874267575,949283,,0.8755652205497026,801.1507148712874,1000.0
992,1000.0,71,0.001,13336,951326,-52.94566819763184,950283,844.41592322,0.8864572685956955,,
,,,0.001,,955000,-52.97690836334228,954283,,0.966291687220335,801.9637327989097,1000.0
996,1000.0,71,,13369,955326,,,833.6565800899999,,,
1000,1000.0,71,0.001,13391,959326,-52.73936748504639,958283,828.70383495,1.0649090948998927,,
,,,0.001,,960000,-52.57226815795899,959283,,0.9918335224986077,865.099542964995,1000.0
1004,1000.0,71,0.001,13424,963326,-52.800409721374514,962283,828.0974918899999,0.9635551724135876,,
,,,0.001,,965000,-53.08578358459473,964283,,0.9938388504683972,846.5589090704918,1000.0
1008,1000.0,71,0.001,13456,967326,-53.25615233612061,966283,828.07448256,0.883475594907999,,
,,,0.001,,970000,-53.40279510498047,969283,,0.7858446500748396,691.6018881767989,1000.0
1012,1000.0,72,0.001,13489,971326,-53.71143590545654,970283,822.95696285,0.7309077240228653,,
,,,0.001,,975000,-53.92894285583496,974283,,0.6705984033644199,849.4000290811061,1000.0
1016,1000.0,72,,13523,975326,,,822.26135544,,,
1020,1000.0,72,0.001,13546,979326,-54.20557051849365,978283,822.2396372500001,0.6699430650174618,,
,,,0.001,,980000,-54.20326303863526,979283,,0.6535926978290081,890.849627956748,1000.0
1024,1000.0,72,0.001,13580,983326,-54.54131179046631,982283,824.37869202,0.6337905358821153,,
,,,0.001,,985000,-54.664373115539554,984283,,0.603186033025384,873.4809521764516,1000.0
1028,1000.0,72,0.001,13611,987326,-54.73539581298828,986283,823.99539291,0.6030230163186788,,
,,,0.001,,990000,-54.915511306762696,989283,,0.5814040913283824,864.2596016645432,1000.0
1032,1000.0,72,0.001,13644,991326,-54.85285353851318,990283,823.44275711,0.5775630322545767,,
,,,0.001,,995000,-55.19986952972412,994283,,0.5735549253225326,873.440704190731,1000.0
1036,1000.0,72,,13677,995326,,,821.8065675699999,,,
1040,1000.0,72,0.001,13700,999326,-55.313696769714355,998283,821.6793843700001,0.5807712539881468,,
,,,0.001,,1000000,-55.45557418060303,999283,,0.5399201178401709,922.6108122646808,1000.0
1044,1000.0,73,0.001,13734,1003326,-55.56645686340332,1002283,826.62613869,0.508128665536642,,
,,,0.001,,1005000,-55.79210513305664,1004283,,0.527757598683238,919.50965128541,1000.0
1048,1000.0,73,0.001,13765,1007326,-56.12834424591065,1006283,827.1688393600001,0.5297067774608731,,
,,,0.001,,1010000,-56.451613693237306,1009283,,0.5071492626667022,795.1953465014697,1000.0
1052,1000.0,73,0.001,13798,1011326,-56.71783115386963,1010283,826.28721854,0.43872125110775234,,
,,,0.001,,1015000,-56.87018313598633,1014283,,0.417585351601243,892.277497214079,1000.0
1056,1000.0,73,,13833,1015326,,,836.8203662399999,,,
1060,1000.0,73,0.001,13856,1019326,-57.11181432342529,1018283,844.3823091799999,0.4508554505035281,,
,,,0.001,,1020000,-57.22616795349121,1019283,,0.45586444660276176,855.4649097889662,1000.0
1064,1000.0,73,0.001,13889,1023326,-57.43629703521729,1022283,847.6651563899999,0.39793307372182607,,
,,,0.001,,1025000,-57.36335048675537,1024283,,0.4078073645159602,848.7042104423047,1000.0
1068,1000.0,73,0.001,13922,1027326,-57.61486525726318,1026283,846.4247892499998,0.47496816082298754,,
,,,0.001,,1030000,-57.57541278076172,1029283,,0.46185196155309677,884.9905516266823,1000.0
1072,1000.0,73,0.001,13955,1031326,-57.67853148651123,1030283,845.4571316400001,0.4045130075663328,,
,,,0.001,,1035000,-58.047006607055664,1034283,,0.42284277980029583,888.0589893400669,1000.0
1076,1000.0,74,,13989,1035326,,,846.30873803,,,
1080,1000.0,74,0.001,14011,1039326,-58.33611946868896,1038283,847.7908399,0.43404144237935544,,
,,,0.001,,1040000,-58.57371281433105,1039283,,0.4678960986286402,873.8412900209427,1000.0
1084,1000.0,74,0.001,14043,1043326,-58.70253986358642,1042283,845.89438612,0.49026608309149744,,
,,,0.001,,1045000,-58.741358894348146,1044283,,0.46211265421658754,884.5729323983193,1000.0
1088,1000.0,74,0.001,14076,1047326,-58.67287176513672,1046283,844.6116473700001,0.42381244103610516,,
,,,0.001,,1050000,-58.769978149414065,1049283,,0.4162724941894412,889.7794003367424,1000.0
1092,1000.0,74,0.001,14110,1051326,-58.742394523620604,1050283,845.49931056,0.44501715172827244,,
,,,0.001,,1055000,-58.84429760742187,1054283,,0.4500023388639092,911.0377713441849,1000.0
1096,1000.0,74,,14143,1055326,,,858.7486102500002,,,
1100,1000.0,74,0.001,14166,1059326,-58.83591796112061,1058283,865.2496861400001,0.5089029752910137,,
,,,0.001,,1060000,-58.762733169555666,1059283,,0.49130280466377735,871.543996745348,1000.0
1104,1000.0,74,0.001,14199,1063326,-58.87677617645264,1062283,865.84018973,0.49232944059371947,,
,,,0.001,,1065000,-58.64473793029785,1064283,,0.48711240881681445,909.489724457264,1000.0
1108,1000.0,74,0.001,14231,1067326,-58.44415653991699,1066283,866.91378264,0.4418911678195,,
,,,0.001,,1070000,-58.19551744842529,1069283,,0.48937222568690775,862.8795981526375,1000.0
1112,1000.0,75,0.001,14263,1071326,-58.14696506500244,1070283,873.2354009400001,0.5370046749934554,,
,,,0.001,,1075000,-57.77446041107178,1074283,,0.5239086206257343,874.757773822546,1000.0
1116,1000.0,75,,14295,1075326,,,874.3103341799999,,,
1120,1000.0,75,0.001,14318,1079326,-57.83753165435791,1078283,874.52972283,0.5240546443760395,,
,,,0.001,,1080000,-57.71907897949219,1079283,,0.5489745469242334,853.7215379416942,1000.0
1124,1000.0,75,0.001,14350,1083326,-57.774074317932126,1082283,874.06809041,0.5095918946415186,,
,,,0.001,,1085000,-57.775789207458494,1084283,,0.5557376505285502,751.9441096782684,1000.0
1128,1000.0,75,0.001,14382,1087326,-57.860508079528806,1086283,873.2908474699999,0.4609084329903126,,
,,,0.001,,1090000,-57.813650382995604,1089283,,0.5032780808359385,812.1288718879223,1000.0
1132,1000.0,75,0.001,14415,1091326,-57.873243522644046,1090283,864.8804374299999,0.5047978234738112,,
,,,0.001,,1095000,-57.528968955993655,1094283,,0.5242434139549732,850.0000878021121,1000.0
1136,1000.0,75,,14448,1095326,,,866.10172634,,,
1140,1000.0,75,0.001,14469,1099326,-57.438776176452635,1098283,853.7862184700002,0.503075838342309,,
,,,0.001,,1100000,-57.176115379333496,1099283,,0.4657459605932236,906.2095421522856,1000.0
1144,1000.0,76,0.001,14503,1103326,-57.157608459472655,1102283,851.10680859,0.4894413689225912,,
,,,0.001,,1105000,-57.24301912689209,1104283,,0.49021433924138547,899.4420468986034,1000.0
1148,1000.0,76,0.001,14537,1107326,-57.06583706665039,1106283,851.5383229800001,0.5266260011494159,,
,,,0.001,,1110000,-57.158987869262695,1109283,,0.5175908680260182,836.5201031066478,1000.0
1152,1000.0,76,0.001,14569,1111326,-57.144311126708985,1110283,851.8716381000002,0.5280058032423258,,
,,,0.001,,1115000,-57.08782984161377,1114283,,0.45273253934085367,872.5211118811742,1000.0
1156,1000.0,76,,14601,1115326,,,851.62250424,,,
1160,1000.0,76,0.001,14623,1119326,-56.68940636444092,1118283,851.93265108,0.4330431727021933,,
,,,0.001,,1120000,-56.50189019012451,1119283,,0.44483688807487487,850.4502287905664,1000.0
1164,1000.0,76,0.001,14654,1123326,-56.604067176818845,1122283,853.3875990299999,0.4775459101945162,,
,,,0.001,,1125000,-56.47791492462158,1124283,,0.5092875335216522,860.6900250272826,1000.0
1168,1000.0,76,0.001,14685,1127326,-56.294850624084475,1126283,854.8247075699999,0.48171147277951243,,
,,,0.001,,1130000,-56.17275092315674,1129283,,0.5134620363712311,884.6502035453916,1000.0
1172,1000.0,76,0.001,14719,1131326,-56.16765016937256,1130283,855.43276292,0.551192990258336,,
,,,0.001,,1135000,-55.99282584381103,1134283,,0.48113532984256746,845.80765799582,1000.0
1176,1000.0,76,,14753,1135326,,,855.8293093,,,
1180,1000.0,77,0.001,14777,1139326,-55.284379898071286,1138283,853.91194931,0.45384277872741224,,
,,,0.001,,1140000,-54.68246789550781,1139283,,0.431199678376317,818.7348569478839,1000.0
1184,1000.0,77,0.001,14811,1143326,-53.773635246276854,1142283,852.3244486,0.41456194837391375,,
,,,0.001,,1145000,-53.457855903625486,1144283,,0.4060876843780279,685.6138063241262,972.5
1188,1000.0,77,0.001,14845,1147326,-53.248439262390136,1146283,849.12427528,0.402690430611372,,
,,,0.001,,1150000,-52.98040911102295,1149283,,0.3843427908718586,881.1741746219807,1000.0
1192,1000.0,77,0.001,14879,1151326,-53.0434782333374,1150283,849.2852857199999,0.418712629571557,,
,,,0.001,,1155000,-53.006222984313965,1154283,,0.44913368663191794,823.3435537302867,1000.0
1196,1000.0,77,,14911,1155326,,,846.6852399200001,,,
1200,1000.0,77,0.001,14934,1159326,-52.96253356933594,1158283,844.03170843,0.40173843413591387,,
,,,0.001,,1160000,-52.983557113647464,1159283,,0.3867181892842054,877.8813595324755,1000.0
1204,1000.0,77,0.001,14969,1163326,-52.70848046112061,1162283,842.57682317,0.5287514351904392,,
,,,0.001,,1165000,-52.69524342346192,1164283,,0.6185600870549679,641.6345474690199,1000.0
1208,1000.0,77,0.001,15003,1167326,-52.371437141418454,1166283,832.0829890400001,0.5710388298034668,,
,,,0.001,,1170000,-52.2290050201416,1169283,,0.49778973452746866,643.7939373369329,1000.0
1212,1000.0,77,0.001,15036,1171326,-52.07760236358643,1170283,823.64690559,0.5046686537265778,,
,,,0.001,,1175000,-52.29613926696777,1174283,,0.5303796136677266,785.6622000050265,1000.0
1216,1000.0,77,,15070,1175326,,,817.75039814,,,
1220,1000.0,78,0.001,15092,1179326,-52.33373991394043,1178283,813.65813304,0.5152207906395196,,
,,,0.001,,1180000,-52.55719453430176,1179283,,0.49735810117423535,838.1072315812111,1000.0
1224,1000.0,78,0.001,15126,1183326,-52.740757804870604,1182283,811.7354788299999,0.4783170773088932,,
,,,0.001,,1185000,-52.84147947692871,1184283,,0.4831970239877701,779.9801077410579,1000.0
1228,1000.0,78,0.001,15160,1187326,-52.79535154724121,1186283,810.21873352,0.5616695638597011,,
,,,0.001,,1190000,-53.033428062438965,1189283,,0.5563412231504917,798.7464758127928,1000.0
1232,1000.0,78,0.001,15194,1191326,-53.030909164428714,1190283,816.8270930300001,0.511286702811718,,
,,,0.001,,1195000,-52.89588862609863,1194283,,0.5696903752684593,774.2455340653657,1000.0
1236,1000.0,78,,15228,1195326,,,814.89317822,,,
1240,1000.0,78,0.001,15252,1199326,-52.91980765533447,1198283,824.64478067,0.6559624319076538,,
,,,0.001,,1200000,-52.792269256591794,1199283,,0.598543831795454,801.9260954286904,1000.0
1244,1000.0,78,0.001,15284,1203326,-53.12282877349853,1202283,822.0034774599999,0.5635194147825241,,
,,,0.001,,1205000,-53.13244900512695,1204283,,0.5570965456962585,661.2793633326888,1000.0
1248,1000.0,78,0.001,15317,1207326,-53.28394525146484,1206283,816.7673464699999,0.5574314190894365,,
,,,0.001,,1210000,-53.56089736175537,1209283,,0.49808815103769305,787.9415103733539,1000.0
1252,1000.0,78,0.001,15351,1211326,-53.68036988830566,1210283,813.61789775,0.4894436352699995,,
,,,0.001,,1215000,-53.922731475830076,1214283,,0.46063846622407434,658.6862967252731,1000.0
1256,1000.0,78,,15386,1215326,,,800.06770826,,,
1260,1000.0,79,0.001,15409,1219326,-53.705283294677734,1218283,794.26138215,0.5686525456309318,,
,,,0.001,,1220000,-53.72492303466797,1219283,,0.5733797461539507,761.8945861542131,1000.0
1264,1000.0,79,0.001,15443,1223326,-53.878726943969724,1222283,788.77221451,0.5615427062511444,,
,,,0.001,,1225000,-53.98322046661377,1224283,,0.5609317163825035,868.7242849826813,1000.0
1268,1000.0,79,0.001,15477,1227326,-54.29921537780762,1226283,787.8953567299999,0.49149142076075075,,
,,,0.001,,1230000,-54.68836389923096,1229283,,0.49796691761910916,888.4031611859798,1000.0
1272,1000.0,79,0.001,15509,1231326,-54.8269162979126,1230283,787.6905582200001,0.487604217723012,,
,,,0.001,,1235000,-55.2907924118042,1234283,,0.4491008024513721,871.9014944255352,1000.0
1276,1000.0,79,,15544,1235326,,,786.9160600900001,,,
1280,1000.0,79,0.001,15566,1239326,-55.81213164520263,1238283,787.0192465099999,0.4760962970107794,,
,,,0.001,,1240000,-55.9420796585083,1239283,,0.46430872309207916,872.2361633896828,1000.0
1284,1000.0,79,0.001,15601,1243326,-56.33697703552246,1242283,789.68712521,0.44132497122883796,,
,,,0.001,,1245000,-56.59951609039307,1244283,,0.4631529805213213,889.3614860475063,1000.0
1288,1000.0,79,0.001,15636,1247326,-56.78409978485107,1246283,794.8979648399999,0.470605725646019,,
,,,0.001,,1250000,-57.209184051513674,1249283,,0.4854938740581274,827.2771469295025,1000.0
1292,1000.0,79,0.001,15671,1251326,-57.33354007720947,1250283,796.83365362,0.4769265514314175,,
,,,0.001,,1255000,-57.22953472900391,1254283,,0.641005199611187,876.9744252413511,1000.0
1296,1000.0,79,,15707,1255326,,,797.9988307300002,,,
1300,1000.0,80,0.001,15730,1259326,-57.42020446777344,1258283,797.43693334,0.6454267356097698,,
,,,0.001,,1260000,-57.614808334350585,1259283,,0.6356619991362095,782.1733375400305,1000.0
1304,1000.0,80,0.001,15763,1263326,-57.80119100189209,1262283,794.97113396,0.6936861573755742,,
,,,0.001,,1265000,-57.81731646728515,1264283,,0.7802490733861923,750.264698652178,1000.0
1308,1000.0,80,0.001,15798,1267326,-57.419533561706544,1266283,797.96166646,0.9582012568116188,,
,,,0.001,,1270000,-56.59428769683838,1269283,,1.1271309447884559,758.4364483079873,1000.0
1312,1000.0,80,0.001,15833,1271326,-56.179070739746095,1270283,799.6399722399998,1.1240165358781815,,
,,,0.001,,1275000,-54.46249265289307,1274283,,1.24367641299963,782.795858335495,1000.0
1316,1000.0,80,,15867,1275326,,,798.75603341,,,
1320,1000.0,80,0.001,15890,1279326,-52.456984580993655,1278283,788.7958741399999,1.3048820480704308,,
,,,0.001,,1280000,-52.086633499145506,1279283,,1.301550091922283,391.84911836041135,1000.0
1324,1000.0,80,0.001,15924,1283326,-50.782050979614255,1282283,762.2606483599999,1.3061841515898704,,
,,,0.001,,1285000,-49.91903076934815,1284283,,1.194140569806099,181.63780383999892,958.0
1328,1000.0,80,0.001,15957,1287326,-49.10345971679688,1286283,745.5543654700002,1.0623136467933654,,
,,,0.001,,1290000,-47.796947235107424,1289283,,1.3162025544643403,511.44373115111523,1000.0
1332,1000.0,80,0.001,15990,1291326,-47.81375173950195,1290283,737.4680071600001,1.2561213324069977,,
,,,0.001,,1295000,-47.878709045410154,1294283,,1.1605622049570083,237.56152576348504,1000.0
1336,1000.0,80,,16025,1295326,,,719.61949546,,,
1340,1000.0,80,0.001,16049,1299326,-47.57169538116455,1298283,699.47894124,1.1468675934672357,,
,,,0.001,,1300000,-46.96158647155762,1299283,,1.1493789625167847,47.18561096840627,1000.0
1344,1000.0,81,0.001,16083,1303326,-45.6461365737915,1302283,661.93332978,1.158203673362732,,
,,,0.001,,1305000,-45.83914919281006,1304283,,1.081977630674839,597.6845233976143,1000.0
1348,1000.0,81,0.001,16118,1307326,-46.63578101348877,1306283,661.32673484,1.1072756567597388,,
,,,0.001,,1310000,-48.499379661560056,1309283,,1.145925570487976,631.8092572003603,1000.0
1352,1000.0,81,0.001,16152,1311326,-49.00116844940185,1310283,655.5087644,1.1009602257311344,,
,,,0.001,,1315000,-50.6613069229126,1314283,,0.9224651818871498,200.96870052989237,1000.0
1356,1000.0,81,,16188,1315326,,,650.1422442899999,,,
1360,1000.0,81,0.001,16211,1319326,-50.20187761688232,1318283,628.6654875400001,0.9375986097753048,,
,,,0.001,,1320000,-49.85122226715088,1319283,,0.9249618911147117,496.06935939034446,1000.0
1364,1000.0,81,0.001,16246,1323326,-50.412269676208496,1322283,621.8188110100001,0.7190642857551575,,
,,,0.001,,1325000,-50.68347281646729,1324283,,0.7037737137079239,782.2217427313328,1000.0
1368,1000.0,81,0.001,16281,1327326,-50.84012549591064,1326283,619.7489322,0.6815607780218125,,
,,,0.001,,1330000,-51.448720603942874,1329283,,0.7116561343967914,899.8719431966543,1000.0
1372,1000.0,81,0.001,16316,1331326,-51.79272417449951,1330283,618.6046827499999,0.6677952606379985,,
,,,0.001,,1335000,-52.20127244567871,1334283,,0.722888951510191,845.2545965075493,1000.0
1376,1000.0,81,,16351,1335326,,,619.2003575,,,
1380,1000.0,81,0.001,16375,1339326,-52.287362411499025,1338283,620.5738788399999,0.7907846510410309,,
,,,0.001,,1340000,-52.2164599609375,1339283,,0.8045349325835705,851.257283371687,1000.0
1384,1000.0,81,0.001,16410,1343326,-52.46753890991211,1342283,620.0150463,0.7698606798052787,,
,,,0.001,,1345000,-52.54986918640137,1344283,,0.8133123147487641,867.3018361866474,1000.0
1388,1000.0,81,0.001,16445,1347326,-52.53559174346924,1346283,618.68011709,0.9406073962450028,,
,,,0.001,,1350000,-52.594136543273926,1349283,,0.9810098956525326,581.9564413882792,1000.0
1392,1000.0,81,0.001,16482,1351326,-52.6396183013916,1350283,611.1319660700001,0.8952996659874916,,
,,,0.001,,1355000,-52.97368576812744,1354283,,0.7489599723219872,757.9015748679637,1000.0
1396,1000.0,82,,16516,1355326,,,603.8535631099999,,,
1400,1000.0,82,0.001,16540,1359326,-53.76485082244873,1358283,604.3996193799999,0.7643350952267647,,
,,,0.001,,1360000,-54.05795344543457,1359283,,0.7483580333888531,869.7996874302626,1000.0
1404,1000.0,82,0.001,16577,1363326,-54.49031039428711,1362283,598.33160099,0.9091490598022938,,
,,,0.001,,1365000,-54.452651908874515,1364283,,1.0747388922572136,704.4375766467303,1000.0
1408,1000.0,82,0.001,16612,1367326,-54.368761650085446,1366283,595.04799083,1.0976524946689605,,
,,,0.001,,1370000,-54.30120369720459,1369283,,1.106568957477808,752.2087814226746,1000.0
1412,1000.0,82,0.001,16647,1371326,-54.43315050506592,1370283,595.57158142,1.08299708750844,,
,,,0.001,,1375000,-54.61027296447754,1374283,,1.0400418115258216,783.4045909121633,1000.0
1416,1000.0,82,,16682,1375326,,,594.6058846400001,,,
1420,1000.0,82,0.001,16706,1379326,-54.351370666503904,1378283,602.49630962,1.0101987138688564,,
,,,0.001,,1380000,-54.06957371520996,1379283,,0.9568809257447719,651.6974295071326,1000.0
1424,1000.0,82,0.001,16742,1383326,-53.74054942321777,1382283,619.02734488,0.8420829999446869,,
,,,0.001,,1385000,-53.649270179748534,1384283,,0.8026966886222362,716.9713844763115,1000.0
1428,1000.0,82,0.001,16778,1387326,-53.689587982177734,1386283,633.4590671,0.7817246452569961,,
,,,0.001,,1390000,-53.94199368286133,1389283,,0.6972477701306343,739.1717370254512,1000.0
1432,1000.0,82,0.001,16812,1391326,-53.98687776947021,1390283,638.6865494399999,0.7110018744468689,,
,,,0.001,,1395000,-54.87828485107422,1394283,,0.8084910694658757,797.2141061609611,1000.0
1436,1000.0,82,,16846,1395326,,,654.9063428,,,
1440,1000.0,82,0.001,16870,1399326,-55.33678444671631,1398283,675.9295409599998,0.8817327276170254,,
,,,0.001,,1400000,-55.26943391418457,1399283,,0.8887586786448956,779.3147076249122,1000.0
1444,1000.0,83,0.001,16905,1403326,-55.00700916290283,1402283,711.02958192,0.8240902574062348,,
,,,0.001,,1405000,-55.09945357513428,1404283,,0.8841482084989548,811.9465938568115,1000.0
1448,1000.0,83,0.001,16939,1407326,-55.227475631713865,1406283,712.74478087,0.852110151797533,,
,,,0.001,,1410000,-55.30503417205811,1409283,,0.8453906345963478,721.251621052064,1000.0
1452,1000.0,83,0.001,16974,1411326,-55.25959786224365,1410283,706.27991986,0.8175937424302101,,
,,,0.001,,1415000,-54.19183378601074,1414283,,0.8375041671395301,687.4835451397696,1000.0
1456,1000.0,83,,17009,1415326,,,719.0283152100002,,,
1460,1000.0,83,0.001,17032,1419326,-52.0334881439209,1418283,732.7136982400001,0.9746796614229679,,
,,,0.001,,1420000,-51.40795127105713,1419283,,0.9471609252989293,642.1385633310304,1000.0
1464,1000.0,83,0.001,17067,1423326,-50.32581541442871,1422283,733.9718960700001,0.9055759594738484,,
,,,0.001,,1425000,-49.90857428741455,1424283,,0.9253653952479363,798.4952244192361,1000.0
1468,1000.0,83,0.001,17103,1427326,-49.592915885925294,1426283,732.12226622,1.1139505513012409,,
,,,0.001,,1430000,-49.541473846435544,1429283,,0.9416767467558383,761.1824047923088,1000.0
1472,1000.0,83,0.001,17137,1431326,-49.706846221923826,1430283,728.9512343499998,0.8961139009594917,,
,,,0.001,,1435000,-50.52631183624268,1434283,,0.691141882583499,797.5861314237118,1000.0
1476,1000.0,83,,17173,1435326,,,725.4131111999999,,,
1480,1000.0,83,0.001,17198,1439326,-51.444030296325685,1438283,723.06249201,0.6893526782989502,,
,,,0.001,,1440000,-51.58210195159912,1439283,,0.6851370965391398,784.9220342159272,1000.0
1484,1000.0,83,0.001,17233,1443326,-51.93755941009521,1442283,718.9915602,0.6939720886051655,,
,,,0.001,,1445000,-52.106944877624514,1444283,,0.7846598998904228,786.851920479536,1000.0
1488,1000.0,83,0.001,17269,1447326,-52.5464287033081,1446283,715.14511691,0.6380319407582283,,
,,,0.001,,1450000,-52.84639833068848,1449283,,0.683398117095232,814.4025309205056,1000.0
1492,1000.0,83,0.001,17303,1451326,-52.946596839904785,1450283,718.0896674100001,0.6826231765449047,,
,,,0.001,,1455000,-52.99404231262207,1454283,,0.5965997745394707,804.7853396970779,1000.0
1496,1000.0,83,,17340,1455326,,,722.3812247299998,,,
1500,1000.0,84,0.001,17363,1459326,-53.40178176116943,1458283,721.5366016100002,0.6509480967521667,,
,,,0.001,,1460000,-53.68034292602539,1459283,,0.6046895174682141,847.6642612427473,1000.0
1504,1000.0,84,0.001,17399,1463326,-54.14670146942139,1462283,728.7575543799999,0.5242093715965748,,
,,,0.001,,1465000,-54.573293563842775,1464283,,0.5052371411770582,785.7189379155636,1000.0
1508,1000.0,84,0.001,17433,1467326,-54.801701683044435,1466283,735.9229992899999,0.5059448541551829,,
,,,0.001,,1470000,-55.10243147277832,1469283,,0.5368786746412516,872.2925024956464,1000.0
1512,1000.0,26,0.001,54610,1471326,-55.00077366638184,1470283,741.1452262699999,0.5225605686604977,,
,,,0.001,,1475000,-55.212621353149416,1474283,,0.5028155277520419,841.3887307971715,1000.0
1516,1000.0,26,,54662,1475326,,,747.4466690699999,,,
1520,1000.0,27,0.001,54703,1479326,-55.4721294631958,1478283,754.3558834500001,0.4591340045183897,,
,,,0.001,,1480000,-55.53761610412597,1479283,,0.46735632722079756,863.8128974288702,1000.0
1524,1000.0,27,0.001,54759,1483326,-55.67492742919922,1482283,767.1884797700003,0.5012489484548569,,
,,,0.001,,1485000,-55.70765744781494,1484283,,0.5375698807686567,898.2879258930683,1000.0
1528,1000.0,27,0.001,54816,1487326,-55.74544876098633,1486283,773.63089103,0.5090744605511427,,
,,,0.001,,1490000,-55.70604570007324,1489283,,0.5137844974249601,899.0680645704269,1000.0
1532,1000.0,27,0.001,54884,1491326,-55.79769139099121,1490283,780.2593800999999,0.5097946919947862,,
,,,0.001,,1495000,-55.404294540405274,1494283,,0.5233768753111362,857.6325444579124,1000.0
1536,1000.0,27,,54966,1495326,,,783.7606907700001,,,
1540,1000.0,27,0.001,55018,1499326,-55.484698989868164,1498283,785.89393836,0.4886946458220482,,
,,,0.001,,1500000,-55.475842781066895,1499283,,0.4548849668353796,800.5479195654392,1000.0
1544,1000.0,27,0.001,55090,1503326,-55.81813185882568,1502283,789.91370251,0.4436046670228243,,
,,,0.001,,1505000,-55.92416526031494,1504283,,0.4462941017895937,856.3211666852236,1000.0
1548,1000.0,27,0.001,55161,1507326,-55.98459758758545,1506283,792.1935408000002,0.5052591223418713,,
,,,0.001,,1510000,-55.92894882965088,1509283,,0.5045205593556166,847.3430444419384,1000.0
1552,1000.0,27,0.001,55233,1511326,-56.09737508392334,1510283,807.3972802200001,0.5110569681972266,,
,,,0.001,,1515000,-56.184496223449706,1514283,,0.511492421746254,916.7313802957535,1000.0
1556,1000.0,27,,55303,1515326,,,814.618432,,,
1560,1000.0,27,0.001,55349,1519326,-56.38312004089355,1518283,829.3690997399999,0.5145522305816412,,
,,,0.001,,1520000,-56.40860287475586,1519283,,0.5023838620781899,866.404503493011,1000.0
1564,1000.0,27,0.001,55419,1523326,-56.70281801605225,1522283,838.85043626,0.49821421264112,,
,,,0.001,,1525000,-56.69340924835205,1524283,,0.4824893647879362,900.4699267029762,1000.0
1568,1000.0,27,0.001,55490,1527326,-56.88497222900391,1526283,843.6322502099997,0.48062495832145213,,
,,,0.001,,1530000,-56.8876127166748,1529283,,0.5188312189877033,920.9767931461334,1000.0
1572,1000.0,27,0.001,55563,1531326,-56.79458515930176,1530283,848.5864557999998,0.558082212254405,,
,,,0.001,,1535000,-56.8739871673584,1534283,,0.4980446750819683,734.2291716263396,1000.0
1576,1000.0,27,,55640,1535326,,,849.7734067100001,,,
1580,1000.0,27,0.001,55713,1539326,-57.47582043457031,1538283,850.2148841100002,0.4506138935610652,,
,,,0.001,,1540000,-57.69154404449463,1539283,,0.4039477965533733,867.8087986260653,1000.0
1584,1000.0,27,0.001,55795,1543326,-58.03033819580078,1542283,854.1303348000001,0.3741800428032875,,
,,,0.001,,1545000,-58.301567237854,1544283,,0.3630274063125253,871.2291554629803,1000.0
1588,1000.0,27,0.001,55869,1547326,-58.64273950195312,1546283,858.1380593500002,0.3709303206950426,,
,,,0.001,,1550000,-59.06599142456054,1549283,,0.37206835424155,898.7569064199924,1000.0
1592,1000.0,27,0.001,55937,1551326,-59.37562339782715,1550283,862.90995364,0.35973959682881834,,
,,,0.001,,1555000,-59.630295684814456,1554283,,0.3595345242395997,826.2599596142769,1000.0
1596,1000.0,27,,56008,1555326,,,864.5200619700001,,,
1600,1000.0,27,0.001,56057,1559326,-59.82307797241211,1558283,864.9146027900001,0.34624082982540133,,
,,,0.001,,1560000,-59.83399875640869,1559283,,0.34364744858443735,833.3816261768341,1000.0
1604,1000.0,27,0.001,56508,1563326,-60.191085098266605,1562283,865.4497917700002,0.3492759024053812,,
,,,0.001,,1565000,-60.391261421203616,1564283,,0.3458756850659847,924.2016117870808,1000.0
1608,1000.0,27,0.001,56576,1567326,-60.87101564025879,1566283,869.5273823,0.2939791588410735,,
,,,0.001,,1570000,-61.44588963317871,1569283,,0.29323952432721856,919.9849750459194,1000.0
1612,1000.0,27,0.001,56643,1571326,-61.64870629119873,1570283,871.6152517400001,0.27621419229358435,,
,,,0.001,,1575000,-62.27695844268799,1574283,,0.313594047755003,915.3278957486152,1000.0
1616,1000.0,27,,56714,1575326,,,873.37189979,,,
1620,1000.0,27,0.001,56757,1579326,-62.317330757141114,1578283,874.03099934,0.277580364510417,,
,,,0.001,,1580000,-62.32650276947022,1579283,,0.3017057612463832,919.7402838230133,1000.0
1624,1000.0,27,0.001,56823,1583326,-62.43517148590088,1582283,875.8287418900001,0.28525502932071684,,
,,,0.001,,1585000,-62.47345329284668,1584283,,0.34215310333669186,933.1113754689693,1000.0
1628,1000.0,27,0.001,56910,1587326,-62.4948962020874,1586283,877.6032918899999,0.3773235380202532,,
,,,0.001,,1590000,-62.19718431091309,1589283,,0.4561760336458683,919.1300991296769,1000.0
1632,1000.0,27,0.001,57032,1591326,-62.005579887390134,1590283,878.0785816100002,0.4629082872867584,,
,,,0.001,,1595000,-61.846738494873044,1594283,,0.4727804909050465,867.7402676552534,1000.0
1636,1000.0,27,,57129,1595326,,,878.66028331,,,
1640,1000.0,27,0.001,57194,1599326,-62.112177810668946,1598283,876.3674062400002,0.3593845200687647,,
,,,0.001,,1600000,-62.16195255279541,1599283,,0.36716924203932283,817.6999255090952,1000.0
1644,1000.0,27,0.001,57294,1603326,-62.30884774780274,1602283,875.4756854899999,0.36058740539848805,,
,,,0.001,,1605000,-62.19532286834717,1604283,,0.3391081808656454,850.6045207381248,1000.0
1648,1000.0,28,0.001,57401,1607326,-62.28001279449463,1606283,877.9803899499999,0.29407367700338366,,
,,,0.001,,1610000,-62.46842663574219,1609283,,0.2580211290866137,913.4380383118987,1000.0
1652,1000.0,28,0.001,57498,1611326,-62.62860398101807,1610283,881.1129531999999,0.2529258503988385,,
,,,0.001,,1615000,-63.3110267868042,1614283,,0.21598139805346728,930.3997087061405,1000.0
1656,1000.0,28,,57599,1615326,,,882.2414874499998,,,
1660,1000.0,28,0.001,57650,1619326,-63.97502514648438,1618283,882.9806931499999,0.20623737152665853,,
,,,0.001,,1620000,-64.11888388061523,1619283,,0.19062212178856133,941.6001171410084,1000.0
1664,1000.0,28,0.001,57730,1623326,-64.59943187713623,1622283,885.9777466599999,0.223286453679204,,
,,,0.001,,1625000,-64.89424880218506,1624283,,0.1903454729616642,955.6439334988594,1000.0
1668,1000.0,28,0.001,57798,1627326,-65.12984223175049,1626283,888.4056623000001,0.19534370733797551,,
,,,0.001,,1630000,-65.48247027587891,1629283,,0.20172981000691653,902.8522218585015,1000.0
1672,1000.0,28,0.001,57866,1631326,-65.61616743469239,1630283,891.0880081499998,0.18247067495435476,,
,,,0.001,,1635000,-66.0726150817871,1634283,,0.16483406607806683,941.5546333968639,1000.0
1676,1000.0,28,,57937,1635326,,,895.7287082599998,,,
1680,1000.0,28,0.001,58034,1639326,-66.576935546875,1638283,899.8694436699999,0.1461939496770501,,
,,,0.001,,1640000,-66.70544657897949,1639283,,0.14558556780219079,952.4620091438294,1000.0
1684,1000.0,28,0.001,58182,1643326,-67.0514189453125,1642283,902.5996588899999,0.13488094111904503,,
,,,0.001,,1645000,-67.31639247131348,1644283,,0.1297969387844205,975.8050681531429,1000.0
1688,1000.0,28,0.001,58314,1647326,-67.59436926269531,1646283,906.83673241,0.12554797083511948,,
,,,0.001,,1650000,-67.90365394592285,1649283,,0.12216089948266745,949.487432640791,1000.0
1692,1000.0,28,0.001,58403,1651326,-68.0121833190918,1650283,908.6316628899999,0.13406934697926046,,
,,,0.001,,1655000,-68.45737145996094,1654283,,0.11614632425457239,961.3587519347668,1000.0
1696,1000.0,28,,58488,1655326,,,912.0121743499999,,,
1700,1000.0,28,0.001,58552,1659326,-68.76861639404297,1658283,917.7050014299999,0.11449281526356936,,
,,,0.001,,1660000,-68.87507659912109,1659283,,0.11393767469003796,966.5534790635108,1000.0
1704,1000.0,28,0.001,58629,1663326,-69.0919174194336,1662283,923.4758129400001,0.11219597859308124,,
,,,0.001,,1665000,-69.23149211120605,1664283,,0.10484034591913223,969.3686822861433,1000.0
1708,1000.0,28,0.001,58699,1667326,-69.36351750183105,1666283,925.80735115,0.09661472875252367,,
,,,0.001,,1670000,-69.54540760803222,1669283,,0.09102532318606972,968.4762780249118,1000.0
1712,1000.0,28,0.001,58753,1671326,-69.6045993347168,1670283,927.6311230900001,0.08997863914072514,,
,,,0.001,,1675000,-69.78999961853027,1674283,,0.09977541186288,959.4632667839527,1000.0
1716,1000.0,28,,58805,1675326,,,929.5007526699998,,,
1720,1000.0,28,0.001,58838,1679326,-70.02146257019044,1678283,931.83686037,0.10480685237795115,,
,,,0.001,,1680000,-70.09330751037598,1679283,,0.10565705765411258,955.2363392770291,1000.0
1724,1000.0,28,0.001,58886,1683326,-70.26662715148926,1682283,933.4037157200002,0.11404896787181497,,
,,,0.001,,1685000,-70.45334834289551,1684283,,0.1116298524774611,962.5461726427078,1000.0
1728,1000.0,28,0.001,58926,1687326,-70.54060215759277,1686283,934.7144495700002,0.112993742544204,,
,,,0.001,,1690000,-70.70103814697265,1689283,,0.10908239158987999,957.7500375568867,1000.0
1732,1000.0,28,0.001,58966,1691326,-70.74957556152344,1690283,936.4184550999998,0.10853433753550053,,
,,,0.001,,1695000,-70.93707557678222,1694283,,0.12921902154758572,958.8159986376762,1000.0
1736,1000.0,28,,59017,1695326,,,938.95405661,,,
1740,1000.0,28,0.001,59050,1699326,-71.13957032775879,1698283,945.8618550800003,0.15592101035639644,,
,,,0.001,,1700000,-71.16743530273438,1699283,,0.10938690067082643,968.0463025808334,1000.0
1744,1000.0,28,0.001,59098,1703326,-71.23374101257325,1702283,951.6253661099998,0.1104629589356482,,
,,,0.001,,1705000,-71.30232243347167,1704283,,0.11029345473647117,947.5678338885307,1000.0
1748,1000.0,28,0.001,59143,1707326,-71.39738804626465,1706283,954.14852379,0.1026050080768764,,
,,,0.001,,1710000,-71.48982830810547,1709283,,0.09612990725412965,937.7120807349681,1000.0
1752,1000.0,28,0.001,59192,1711326,-71.54847454833984,1710283,954.2672469600001,0.10974418560415507,,
,,,0.001,,1715000,-71.74731756591797,1714283,,0.10069881889969111,969.1764372348786,1000.0
1756,1000.0,28,,59246,1715326,,,955.2430227999998,,,
1760,1000.0,29,0.001,59283,1719326,-71.95410882568359,1718283,956.0723380200001,0.09622713946551084,,
,,,0.001,,1720000,-71.99308665466309,1719283,,0.09393647275120019,967.2624654769897,1000.0
1764,1000.0,29,0.001,59339,1723326,-72.13119255065918,1722283,956.8179918199999,0.09626318423449993,,
,,,0.001,,1725000,-72.2468215637207,1724283,,0.09114421691372991,946.7087831020356,1000.0
1768,1000.0,29,0.001,59395,1727326,-72.35101391601563,1726283,956.9539129500001,0.0931597911901772,,
,,,0.001,,1730000,-72.52076493835449,1729283,,0.08429411615431309,944.0628873229027,1000.0
1772,1000.0,29,0.001,59449,1731326,-72.59318299865723,1730283,956.3306690599999,0.07562249313108622,,
,,,0.001,,1735000,-72.77324632263183,1734283,,0.07095414242520928,968.8246973037719,1000.0
1776,1000.0,29,,59505,1735326,,,956.8561223599999,,,
1780,1000.0,29,0.001,59541,1739326,-73.01448513793946,1738283,957.7429834299999,0.06594641471467912,,
,,,0.001,,1740000,-73.06936433410644,1739283,,0.0643754902984947,974.6834519147873,1000.0
1784,1000.0,29,0.001,59597,1743326,-73.19789434814453,1742283,959.33668926,0.0630658517088741,,
,,,0.001,,1745000,-73.27324748229981,1744283,,0.06482214035466313,969.4638115882874,1000.0
1788,1000.0,29,0.001,59652,1747326,-73.33726296997071,1746283,959.7718878699998,0.0668647427726537,,
,,,0.001,,1750000,-73.4208013305664,1749283,,0.059541863653808834,969.5618338346482,1000.0
1792,1000.0,29,0.001,59708,1751326,-73.45622261047363,1750283,960.7298307699998,0.06414685331657528,,
,,,0.001,,1755000,-73.5365731048584,1754283,,0.06208065250888467,972.2757549524307,1000.0
1796,1000.0,29,,59765,1755326,,,962.2839952499999,,,
1800,1000.0,29,0.001,59805,1759326,-73.6659175567627,1758283,962.23238318,0.05815667629241943,,
,,,0.001,,1760000,-73.65327540588379,1759283,,0.05615504324994981,970.7083097040653,1000.0
1804,1000.0,29,0.001,59865,1763326,-73.7350987701416,1762283,962.1256144100001,0.05622165569849312,,
,,,0.001,,1765000,-73.75044734191894,1764283,,0.05537769377604127,971.9100259840488,1000.0
1808,1000.0,29,0.001,59924,1767326,-73.79495739746093,1766283,962.08312746,0.057690669175237415,,
,,,0.001,,1770000,-73.90317958068847,1769283,,0.0517710867524147,968.6544573843479,1000.0
1812,1000.0,29,0.001,59981,1771326,-73.91922041320801,1770283,962.2144506899999,0.05201727283000946,,
,,,0.001,,1775000,-74.02115202331542,1774283,,0.05331268144398928,966.8772976815701,1000.0
1816,1000.0,29,,60030,1775326,,,962.5642348399998,,,
1820,1000.0,29,0.001,60073,1779326,-74.1124857635498,1778283,962.7596682399999,0.05577706187218428,,
,,,0.001,,1780000,-74.13690795898438,1779283,,0.05367823968455195,965.2318853259087,1000.0
1824,1000.0,29,0.001,60135,1783326,-74.25078994750976,1782283,962.4246431299999,0.04920341357961297,,
,,,0.001,,1785000,-74.29702891540528,1784283,,0.05431081400997937,957.7121824204921,1000.0
1828,1000.0,29,0.001,60196,1787326,-74.35639735412597,1786283,962.3876395599999,0.05192523975856602,,
,,,0.001,,1790000,-74.44441442871094,1789283,,0.049042023399844765,962.0103045105934,1000.0
1832,1000.0,29,0.001,60247,1791326,-74.48722108459472,1790283,962.8112554099998,0.04750835288129747,,
,,,0.001,,1795000,-74.61615434265137,1794283,,0.054949904380366205,965.7322397351265,1000.0
1836,1000.0,29,,60301,1795326,,,963.08600299,,,
1840,1000.0,29,0.001,60339,1799326,-74.73544398498535,1798283,963.07002177,0.05167212745174766,,
,,,0.001,,1800000,-74.77332681274414,1799283,,0.05437518358044326,973.7965521454811,1000.0
1844,1000.0,29,0.001,60399,1803326,-74.84739157104492,1802283,963.4533942400001,0.0487782260235399,,
,,,0.001,,1805000,-74.92230491638183,1804283,,0.05164084484800696,960.7949648559094,1000.0
1848,1000.0,29,0.001,60460,1807326,-74.96968655395507,1806283,963.7475830700001,0.04853381410986185,,
,,,0.001,,1810000,-75.06508520507812,1809283,,0.05050351812690496,965.2637653708458,1000.0
1852,1000.0,29,0.001,60516,1811326,-75.09132659912109,1810283,965.22020133,0.04795208682306111,,
,,,0.001,,1815000,-75.1689100189209,1814283,,0.04718441405519843,967.0854173123837,1000.0
1856,1000.0,29,,60569,1815326,,,965.4990593400001,,,
1860,1000.0,30,0.001,60604,1819326,-75.24483251953124,1818283,966.0020077500001,0.04359461663663387,,
,,,0.001,,1820000,-75.26330757141113,1819283,,0.04703244208544493,970.640281444788,1000.0
1864,1000.0,30,0.001,60657,1823326,-75.31433015441894,1822283,966.24797661,0.04564376491494477,,
,,,0.001,,1825000,-75.34727172851562,1824283,,0.04731601374037564,968.297854411602,1000.0
1868,1000.0,30,0.001,60710,1827326,-75.37144323730469,1826283,966.8402423999999,0.050724079424515366,,
,,,0.001,,1830000,-75.42798078918457,1829283,,0.04228561774455011,955.4920842349529,1000.0
1872,1000.0,30,0.001,60764,1831326,-75.44536756896973,1830283,967.8257572499999,0.04171065096929669,,
,,,0.001,,1835000,-75.50001327514649,1834283,,0.04128173234313726,966.2182999491691,1000.0
1876,1000.0,30,,60818,1835326,,,968.1575479000002,,,
1880,1000.0,30,0.001,60854,1839326,-75.54774256896972,1838283,968.1064673600001,0.0479955907985568,,
,,,0.001,,1840000,-75.56011799621582,1839283,,0.050890086436644194,970.4387866973877,1000.0
1884,1000.0,30,0.001,60912,1843326,-75.60512278747558,1842283,968.2668864800002,0.04319931401312351,,
,,,0.001,,1845000,-75.62197743225097,1844283,,0.04568404777348042,972.0794028282165,1000.0
1888,1000.0,30,0.001,60971,1847326,-75.64588458251953,1846283,968.3569722200002,0.04414828674122691,,
,,,0.001,,1850000,-75.67193190002442,1849283,,0.05203402915038168,969.8288957655429,1000.0
1892,1000.0,30,0.001,61027,1851326,-75.6716497039795,1850283,968.4527378999999,0.04490663391910493,,
,,,0.001,,1855000,-75.73153541564942,1854283,,0.05115930185467005,972.7091095209122,1000.0
1896,1000.0,30,,61079,1855326,,,968.4845566100001,,,
1900,1000.0,30,0.001,61112,1859326,-75.79471490478515,1858283,968.91066389,0.04395805801264942,,
,,,0.001,,1860000,-75.7967250213623,1859283,,0.05278603811003268,968.9382407128811,1000.0
1904,1000.0,30,0.001,61162,1863326,-75.81755117797852,1862283,968.9431616900001,0.042673317737877366,,
,,,0.001,,1865000,-75.83404513549804,1864283,,0.04802227759733796,978.1060915231704,1000.0
1908,1000.0,30,0.001,61219,1867326,-75.87200982666016,1866283,968.9056825099999,0.040123861145228146,,
,,,0.001,,1870000,-75.88330700683593,1869283,,0.04309975421801209,973.1829528272152,1000.0
1912,1000.0,30,0.001,61276,1871326,-75.90186921691894,1870283,969.01931398,0.044171555619686845,,
,,,0.001,,1875000,-75.91935807800293,1874283,,0.04836000316217542,979.9097569227218,1000.0
1916,1000.0,30,,61330,1875326,,,969.32842173,,,
1920,1000.0,30,0.001,61367,1879326,-75.95126771545411,1878283,969.6716609500003,0.04216960977017879,,
,,,0.001,,1880000,-75.96971026611328,1879283,,0.04538232423365116,957.0962596774101,1000.0
1924,1000.0,30,0.001,61420,1883326,-75.99255653381347,1882283,969.8151741900002,0.038284925619140264,,
,,,0.001,,1885000,-76.00250927734375,1884283,,0.03975540918670595,955.8251852333545,1000.0
1928,1000.0,30,0.001,61470,1887326,-76.01347221374512,1886283,969.9792966199999,0.04202976508438587,,
,,,0.001,,1890000,-76.02901296997071,1889283,,0.041200260665267704,970.5838463187217,1000.0
1932,1000.0,30,0.001,61519,1891326,-76.04895555114746,1890283,969.7947643399999,0.041390417748130855,,
,,,0.001,,1895000,-76.07354954528809,1894283,,0.041401336142793295,972.5380160152912,1000.0
1936,1000.0,30,,61568,1895326,,,970.0301622,,,
1940,1000.0,30,0.001,61601,1899326,-76.08879858398437,1898283,970.1830869199999,0.039807795096188786,,
,,,0.001,,1900000,-76.11681726074218,1899283,,0.04774693247489631,972.2058473050595,1000.0
1944,1000.0,30,0.001,61649,1903326,-76.17136061096191,1902283,970.2686564200001,0.03771258784271777,,
,,,0.001,,1905000,-76.16316571044922,1904283,,0.04129480814933777,967.9417651116848,1000.0
1948,1000.0,30,0.001,61697,1907326,-76.1934659576416,1906283,970.2443558899998,0.0379180080909282,,
,,,0.001,,1910000,-76.21553787231446,1909283,,0.04018864410743117,947.8664532661438,1000.0
1952,1000.0,30,0.001,61746,1911326,-76.18747872924804,1910283,969.4063489900001,0.03966264121793211,,
,,,0.001,,1915000,-76.22931271362305,1914283,,0.03936550283618272,973.5237335324288,1000.0
1956,1000.0,30,,61799,1915326,,,968.9741847,,,
1960,1000.0,31,0.001,61835,1919326,-76.2897864074707,1918283,968.6691240900003,0.040257261348888275,,
,,,0.001,,1920000,-76.30168655395508,1919283,,0.03870648288168013,956.8350855052471,1000.0
1964,1000.0,31,0.001,61890,1923326,-76.30466395568848,1922283,968.27270227,0.041328023320063946,,
,,,0.001,,1925000,-76.32607803344726,1924283,,0.04707883042097092,958.2831578493118,1000.0
1968,1000.0,31,0.001,61945,1927326,-76.33105700683593,1926283,967.7046613599999,0.037179952312260865,,
,,,0.001,,1930000,-76.3671770477295,1929283,,0.0338827910926193,962.7323959648609,1000.0
1972,1000.0,31,0.001,62001,1931326,-76.3474727935791,1930283,967.8841942499998,0.04160144004970789,,
,,,0.001,,1935000,-76.4112515411377,1934283,,0.041361459650099276,965.6656874358654,1000.0
1976,1000.0,31,,62055,1935326,,,967.74723032,,,
1980,1000.0,31,0.001,62090,1939326,-76.47963307189941,1938283,967.4641814899999,0.035248207218945025,,
,,,0.001,,1940000,-76.4769341583252,1939283,,0.03834752376750111,972.5952740788459,1000.0
1984,1000.0,31,0.001,62144,1943326,-76.51304342651368,1942283,967.4484833500002,0.036519478030502796,,
,,,0.001,,1945000,-76.51196012878418,1944283,,0.04451003382727504,967.0566449999809,1000.0
1988,1000.0,31,0.001,62198,1947326,-76.52079162597656,1946283,967.0087604600001,0.044986001240089536,,
,,,0.001,,1950000,-76.56405531311034,1949283,,0.04183665510080755,970.8162062168121,1000.0
1992,1000.0,31,0.001,62253,1951326,-76.58020770263671,1950283,966.7912319400001,0.0474130228869617,,
,,,0.001,,1955000,-76.63746182250976,1954283,,0.03574389096908271,959.7611421406269,1000.0
1996,1000.0,31,,62307,1955326,,,966.3817925100002,,,
2000,1000.0,31,0.001,62345,1959326,-76.6614165802002,1958283,965.9423494399999,0.03961780495010316,,
,,,0.001,,1960000,-76.6508879699707,1959283,,0.041375625850632786,960.8439902424813,1000.0
2004,1000.0,31,0.001,62400,1963326,-76.6828483581543,1962283,965.4792127700001,0.041497463690117004,,
,,,0.001,,1965000,-76.69059365844727,1964283,,0.041905962765216825,962.5734081447124,1000.0
2008,1000.0,31,0.001,62456,1967326,-76.66243281555175,1966283,964.46872406,0.04825674243830144,,
,,,0.001,,1970000,-76.71301373291016,1969283,,0.036774767447263004,961.5699168384075,1000.0
2012,1000.0,31,0.001,62512,1971326,-76.71136238098144,1970283,964.0508972100002,0.03839950289018452,,
,,,0.001,,1975000,-76.79177459716797,1974283,,0.03786589792370796,968.9033877193928,1000.0
2016,1000.0,31,,62567,1975326,,,963.7857931600001,,,
2020,1000.0,31,0.001,62603,1979326,-76.83518534851075,1978283,963.7225913999998,0.039663064166903496,,
,,,0.001,,1980000,-76.82659858703613,1979283,,0.03980858950596303,975.4820874154568,1000.0
2024,1000.0,31,0.001,62657,1983326,-76.8355912475586,1982283,964.0162504200001,0.04251888486929238,,
,,,0.001,,1985000,-76.85089051818848,1984283,,0.036516487959772345,965.8635257780552,1000.0
2028,1000.0,31,0.001,62713,1987326,-76.89160717773437,1986283,964.1815249999999,0.035305348405614494,,
,,,0.001,,1990000,-76.90067320251465,1989283,,0.03723019159957767,968.4024777710438,1000.0
2032,1000.0,31,0.001,62768,1991326,-76.91800186157226,1990283,964.0617378599999,0.0370826219972223,,
,,,0.001,,1995000,-76.9429492340088,1994283,,0.03905183337815106,969.6385820865631,1000.0
2036,1000.0,31,,62825,1995326,,,964.11972217,,,
2040,1000.0,31,0.001,62864,1999326,-76.9458143157959,1998283,964.00578336,0.047425571840256454,,
,,,0.001,,2000000,-76.95873880004883,1999283,,0.037885300965979696,949.371195012331,1000.0
