time/episodes,time/time_elapsed,time/total_timesteps,rollout/ep_len_mean,rollout/ep_rew_mean,time/fps,train/actor_loss,train/learning_rate,train/critic_loss,train/n_updates,eval/mean_ep_length,eval/mean_reward
4,0,22,5.5,39.71696525,3919,,,,,,
8,0,47,5.875,43.21393975,4209,,,,,,
12,0,72,6.0,44.483972249999994,4113,,,,,,
16,0,95,5.9375,43.949394625000004,4186,,,,,,
20,1,114,5.7,41.659328599999995,64,-6.935538053512573,0.001,66.85193538665771,15,,
24,1,129,5.375,38.581909958333334,67,-5.597913503646851,0.001,43.38663991292318,30,,
28,2,144,5.142857142857143,36.38389296428572,70,-7.42569899559021,0.001,16.11870050430298,45,,
32,2,159,4.96875,34.733167625,73,-7.681715726852417,0.001,16.68832778930664,60,,
36,2,172,4.777777777777778,32.97899383333333,76,-7.005091667175293,0.001,14.970491091410318,74,,
40,2,187,4.675,31.998610574999997,79,-7.698824167251587,0.001,13.408052444458008,89,,
44,2,202,4.590909090909091,31.19631729545455,82,-7.561546564102173,0.001,13.091474771499634,103,,
48,2,215,4.479166666666667,30.179109354166666,82,-7.769925594329834,0.001,13.41262690226237,117,,
52,2,228,4.384615384615385,29.31512757692307,77,-8.158461093902588,0.001,13.083805084228516,130,,
56,3,243,4.339285714285714,28.879087160714285,80,-7.089365005493164,0.001,11.616296291351318,145,,
60,3,256,4.266666666666667,28.219652333333332,81,-7.356443405151367,0.001,13.658923784891764,158,,
64,3,268,4.1875,27.5108203125,82,-7.552432060241699,0.001,11.76233164469401,170,,
68,3,282,4.147058823529412,27.133926205882357,84,-8.30699634552002,0.001,12.240281105041504,183,,
72,3,296,4.111111111111111,26.798634902777778,86,-7.2010321617126465,0.001,10.629624366760254,197,,
76,3,309,4.065789473684211,26.388714394736844,78,-7.490460634231567,0.001,11.419602632522583,211,,
80,4,322,4.025,26.0199004125,76,-7.280226230621338,0.001,10.381409645080566,223,,
84,4,335,3.988095238095238,25.684997761904757,76,-7.351110935211182,0.001,9.7925656636556,236,,
88,4,347,3.9431818181818183,25.28449748863636,78,-8.601903915405273,0.001,8.844604333241781,249,,
92,4,360,3.9130434782608696,25.01018394565217,79,-8.196527481079102,0.001,10.925444483757019,262,,
96,4,376,3.9166666666666665,25.018270145833338,81,-8.894689559936523,0.001,11.28437352180481,277,,
100,4,391,3.91,24.942763460000002,83,-7.521708726882935,0.001,9.114275336265564,292,,
104,4,405,3.83,24.19632388,84,-8.459699153900146,0.001,10.447558720906576,306,,
108,4,417,3.7,23.00301713,85,-9.378575325012207,0.001,9.337687174479166,319,,
112,4,431,3.59,21.963086369999996,86,-8.855320453643799,0.001,9.127991318702698,333,,
116,5,445,3.5,21.111602569999995,87,-8.504916667938232,0.001,9.676718711853027,346,,
120,5,461,3.47,20.82222479,88,-8.647595882415771,0.001,9.256892204284668,362,,
124,5,473,3.44,20.571222359999997,89,-8.851995468139648,0.001,9.062386830647787,375,,
128,5,485,3.41,20.320280519999997,90,-9.896642684936523,0.001,8.274881362915039,387,,
132,5,500,3.41,20.31876376,91,-7.386889457702637,0.001,12.127320528030396,402,,
136,5,513,3.41,20.322483069999997,92,-9.519464015960693,0.001,9.10208284854889,415,,
140,6,528,3.41,20.322378,75,-8.80064582824707,0.001,7.510368665059407,429,,
144,7,543,3.41,20.32123215,76,-7.677857160568237,0.001,7.393428444862366,444,,
148,7,559,3.44,20.57153415,77,-8.10274887084961,0.001,8.97994089126587,460,,
152,7,572,3.44,20.571375370000002,78,-9.37761116027832,0.001,8.036322116851807,473,,
156,7,585,3.42,20.403823709999998,79,-8.350756645202637,0.001,8.479053497314453,487,,
160,7,599,3.43,20.48523674,79,-8.400914192199707,0.001,7.139517545700073,500,,
164,7,614,3.46,20.73699126,80,-9.231226921081543,0.001,6.95915949344635,515,,
168,7,627,3.45,20.651815650000003,81,-10.446560859680176,0.001,6.823590596516927,529,,
172,7,639,3.43,20.48267915,82,-7.902190685272217,0.001,7.338712056477864,541,,
176,8,652,3.43,20.481342370000004,80,-9.081270217895508,0.001,7.0205356280008955,554,,
180,8,665,3.43,20.478936919999995,81,-7.845810413360596,0.001,7.59662659962972,567,,
184,8,679,3.44,20.561498540000002,81,-9.02709674835205,0.001,7.238603591918945,581,,
188,8,693,3.46,20.72758165,82,-10.669167518615723,0.001,5.504328489303589,595,,
192,8,708,3.48,20.89579465,82,-9.114588260650635,0.001,6.361691236495972,610,,
196,8,721,3.45,20.647026499999996,80,-10.479984760284424,0.001,6.970337510108948,623,,
200,9,736,3.45,20.64568177,81,-8.821830749511719,0.001,7.204593181610107,637,,
204,9,750,3.45,20.64611663,81,-8.86452865600586,0.001,6.435473442077637,652,,
208,9,765,3.48,20.898510220000002,81,-9.480014324188232,0.001,5.6624560952186584,667,,
212,9,778,3.47,20.814556070000002,81,-8.233388185501099,0.001,6.231615861256917,680,,
216,9,791,3.46,20.73272429,82,-9.523672103881836,0.001,5.757689158121745,693,,
220,9,806,3.45,20.646900369999997,82,-10.264750957489014,0.001,6.2080979347229,707,,
224,11,820,3.47,20.81438917,72,-9.276576519012451,0.001,4.847448984781901,722,,
228,12,835,3.5,21.06449549,69,-9.691649913787842,0.001,5.900508880615234,736,,
232,12,849,3.49,20.979386899999998,69,-9.591473579406738,0.001,7.165236473083496,750,,
236,12,864,3.51,21.143386260000007,70,-10.690969467163086,0.001,6.899671236673991,765,,
240,12,877,3.49,20.97604488,70,-9.441787242889404,0.001,5.566737016042073,778,,
244,12,890,3.47,20.81106506,70,-9.538201332092285,0.001,4.50331723690033,792,,
248,12,905,3.46,20.725114180000002,71,-10.270364761352539,0.001,4.827544808387756,806,,
252,12,919,3.47,20.81077895,71,-10.385871887207031,0.001,3.921635150909424,820,,
256,13,934,3.49,20.975721140000005,67,-9.290048122406006,0.001,4.387559175491333,836,,
260,13,948,3.49,20.97651608,68,-10.315096855163574,0.001,5.606404662132263,849,,
264,13,961,3.47,20.809477030000004,68,-10.305089950561523,0.001,6.01325261592865,863,,
268,14,977,3.5,21.059395950000003,69,-9.407312393188477,0.001,4.52927827835083,878,,
272,14,992,3.53,21.31208411,69,-10.24189043045044,0.001,4.537785887718201,893,,
,,1000,,,,-9.152360439300537,0.001,4.621629238128662,904,3.5,21.106556236743927
276,14,1006,3.54,21.39564004,69,-10.332467079162598,0.001,5.177049398422241,908,,
280,14,1019,3.54,21.395606020000006,70,-10.63942813873291,0.001,4.413833220799764,920,,
284,14,1035,3.56,21.562184260000002,70,-9.185885906219482,0.001,4.836658239364624,936,,
288,14,1048,3.55,21.48159323,71,-9.397446632385254,0.001,5.173748811086019,950,,
292,14,1061,3.53,21.31343732,71,-10.704899787902832,0.001,5.462566534678142,963,,
296,14,1075,3.54,21.39865196,72,-9.739194393157959,0.001,3.468523899714152,976,,
300,14,1094,3.58,21.790730729999996,72,-11.806315422058105,0.001,4.094484269618988,991,,
304,17,1135,3.85,24.31389849,66,-14.827147483825684,0.001,6.655278942801735,1028,,
308,18,1168,4.03,26.014069430000003,64,-15.859438180923462,0.001,6.084873020648956,1067,,
312,18,1199,4.21,27.699512569999996,65,-15.603711128234863,0.001,6.174674851553781,1097,,
316,18,1228,4.37,29.19390468,66,-17.169447898864746,0.001,5.538313090801239,1126,,
320,19,1258,4.52,30.612253600000003,63,-17.489638328552246,0.001,5.147749274969101,1155,,
324,20,1290,4.7,32.3072334,63,-17.775685501098632,0.001,4.8274832301669655,1186,,
328,20,1329,4.94,34.56856478,65,-17.898790041605633,0.001,5.070670048395793,1225,,
332,20,1371,5.22,37.200997290000004,66,-18.24994773864746,0.001,4.801257991790772,1262,,
336,21,1427,5.63,41.05471431,67,-19.103348323277064,0.001,3.792980817648081,1316,,
340,21,1476,5.99,44.43000242,68,-20.10411485036214,0.001,3.7218557397524514,1369,,
344,22,1523,6.33,47.62068038,68,-20.026583194732666,0.001,3.9971812301211886,1417,,
348,22,1563,6.58,49.99542603999999,69,-20.60251585642497,0.001,4.834616639397361,1458,,
352,23,1615,6.96,53.57493456000001,70,-22.279708862304688,0.001,3.511896562576294,1509,,
356,24,1654,7.2,55.849082790000004,68,-21.31288019816081,0.001,4.529898383400657,1550,,
360,24,1701,7.53,58.95668108000001,70,-21.55501937866211,0.001,3.6323607365290322,1591,,
364,25,1745,7.84,61.86629138,67,-23.09698829650879,0.001,6.06025002002716,1639,,
368,27,1802,8.25,65.73950581,66,-23.53500771522522,0.001,4.976518884301186,1685,,
372,31,1849,8.57,68.76005661,58,-25.407248306274415,0.001,5.505721402168274,1743,,
376,32,1895,8.89,71.77095533,58,-26.16940975189209,0.001,3.5317187044355602,1789,,
380,34,1941,9.22,74.86598493000001,56,-27.084428787231445,0.001,6.6719704469045,1833,,
384,36,1995,9.6,78.46206921000001,55,-26.42281945546468,0.001,5.158930659294128,1886,,
,,2000,,,,-27.292979104178293,0.001,6.536245797361646,1900,14.4,123.35022827386857
388,40,2065,10.17,83.77967204999999,50,-27.367957387651717,0.001,5.207360670484346,1949,,
392,42,2138,10.77,89.36920263,49,-28.45933485031128,0.001,4.9081426958243055,2028,,
396,43,2176,11.01,91.61866939999999,50,-29.002945327758788,0.001,8.276649045944215,2072,,
400,44,2252,11.58,96.93235148999999,50,-30.72478463914659,0.001,5.845059885698206,2136,,
404,45,2332,11.97,100.58166102000001,51,-32.36526891920302,0.001,5.534361243247986,2227,,
408,46,2389,12.21,102.80955803000002,51,-32.96186294555664,0.001,8.303289011905068,2280,,
412,49,2435,12.36,104.20759155,48,-33.48087005615234,0.001,10.184406598409018,2330,,
416,50,2496,12.68,107.19649377999998,49,-33.531298828125,0.001,9.505367350578307,2386,,
420,52,2548,12.9,109.2531919,48,-34.1675048828125,0.001,10.495185804367065,2443,,
424,52,2617,13.27,112.71232222,49,-35.801047007242836,0.001,13.872388343016306,2502,,
428,55,2680,13.51,114.96304974000003,48,-36.97475730048286,0.001,9.615018171422621,2570,,
432,58,2752,13.81,117.76525419,47,-37.98045349121094,0.001,6.992750734090805,2642,,
436,60,2810,13.83,117.94677948,46,-39.539494323730466,0.001,7.827047877841526,2704,,
440,60,2869,13.93,118.88173976,47,-39.75491714477539,0.001,7.467579875673566,2762,,
444,61,2926,14.03,119.80459204,47,-38.822058783637154,0.001,7.71105426900527,2816,,
,,3000,,,,-41.478761990865074,0.001,7.285611143112183,2881,16.8,145.74922000169755
448,63,3001,14.38,123.06360594,47,,,,,,
452,65,3060,14.45,123.70573298000001,46,-42.81473859151205,0.001,6.809977352619171,2950,,
456,69,3110,14.56,124.73052261000002,45,-44.78430048624674,0.001,6.309858957926433,3004,,
460,70,3193,14.92,128.09248962,45,-41.63248300552368,0.001,5.986273908615113,3086,,
464,71,3239,14.94,128.27950171,45,-41.25252151489258,0.001,5.6967336601681176,3131,,
468,73,3296,14.94,128.28548876,45,-42.21825637817383,0.001,4.7236834872852675,3179,,
472,74,3353,15.04,129.2209807,44,-45.36138098580496,0.001,4.498671208109174,3238,,
476,77,3410,15.15,130.24515456999998,43,-47.475161743164065,0.001,3.826800084114075,3303,,
480,79,3477,15.36,132.21218539,43,-46.34251064724393,0.001,9.069509241316053,3365,,
484,81,3536,15.41,132.67246025999998,43,-46.15376281738281,0.001,8.608717184800367,3424,,
488,81,3611,15.46,133.16026609000002,44,-48.46119181315104,0.001,4.694499817761508,3490,,
492,82,3698,15.6,134.49338808000002,44,-49.89652760823568,0.001,5.797901448450591,3587,,
496,83,3783,16.07,138.89344743,45,-50.19572536761944,0.001,3.6800677952943026,3657,,
500,85,3849,15.97,137.98794946,45,-48.81062970842634,0.001,3.889012728418623,3734,,
504,86,3951,16.19,140.05754922999998,45,-52.89481634842722,0.001,4.265086035979421,3832,,
,,4000,,,,-53.20249488136985,0.001,5.5427725531838155,3892,22.6,199.77762862443925
508,87,4042,16.53,143.25284709000002,45,-52.22653545032848,0.001,5.780399913373201,3915,,
512,89,4137,17.02,147.8331108,46,-53.35842690101037,0.001,6.133660921683679,4018,,
516,90,4226,17.3,150.45270165,46,-53.28500493367513,0.001,4.7389619533832255,4087,,
520,92,4348,18.0,157.00063114,46,-54.75524302891323,0.001,4.551703367914472,4220,,
524,96,4488,18.71,163.63268393,46,-57.39543128013611,0.001,4.233068734407425,4354,,
528,97,4597,19.17,167.92211045999997,47,-59.55288470875133,0.001,4.80181374874982,4490,,
532,98,4726,19.74,173.2449726,48,-59.687020438058035,0.001,5.583403712227231,4605,,
536,101,4836,20.26,178.10187101000002,47,-60.956944704055786,0.001,5.446775645017624,4717,,
540,102,4953,20.84,183.50163765000002,48,-64.38328326832165,0.001,6.472700889720473,4824,,
,,5000,,,,-64.84836355845134,0.001,7.160733828941981,4882,30.4,272.54606596231463
544,103,5034,21.08,185.72983806,48,-62.985294342041016,0.001,5.440896696514553,4924,,
548,106,5182,21.81,192.53734268000005,48,-64.33765913310803,0.001,6.899816060677553,5043,,
552,107,5294,22.34,197.47753321000005,49,-65.01540946960449,0.001,8.406534337997437,5163,,
556,108,5409,22.99,203.52176038999997,50,-70.11328103807237,0.001,8.161640617582533,5279,,
560,111,5533,23.4,207.32773836,49,-68.81426459864566,0.001,8.529670083844984,5412,,
564,112,5666,24.27,215.41547283,50,-69.78857825784122,0.001,7.9126564950654,5536,,
568,114,5801,25.05,222.67116507000003,50,-71.40124875848943,0.001,7.599542758681557,5677,,
572,115,5900,25.47,226.58453917999998,50,-73.857357872857,0.001,8.417576511700949,5779,,
,,6000,,,,-74.86739756266276,0.001,8.772409566243489,5904,36.4,328.5577396392822
576,117,6034,26.24,233.75298291000001,51,,,,,,
580,118,6160,26.83,239.23288023,51,-75.83052825927734,0.001,8.985631926306363,6015,,
584,122,6283,27.47,245.1991068,51,-76.97031992132014,0.001,11.325096823952414,6155,,
588,123,6403,27.92,249.38203866000003,51,-78.83825603284333,0.001,11.67991035049026,6280,,
592,124,6553,28.55,255.24534324,52,-79.9147467980018,0.001,10.400258266008818,6419,,
596,126,6706,29.23,261.57625471999995,52,-80.65433288574219,0.001,11.277109048804459,6568,,
600,128,6860,30.11,269.77580091999994,53,-82.7560043334961,0.001,13.828893805449864,6734,,
604,132,6985,30.34,271.9098586,52,-83.91373634338379,0.001,12.452639028429985,6863,,
,,7000,,,,-83.43841389247349,0.001,14.479742650632504,6890,38.3,346.2069384694099
608,134,7097,30.55,273.87011658999995,52,-81.57396752493722,0.001,15.746450512497514,6976,,
612,137,7249,31.12,279.19081382,52,-86.43446235656738,0.001,15.026590740680694,7126,,
616,140,7432,32.06,287.97299501000003,53,-88.94604969024658,0.001,16.753872317652547,7294,,
620,141,7541,31.93,286.74311106,53,-85.02974955240886,0.001,18.436508634816047,7416,,
624,143,7723,32.35,290.64968554999996,53,-91.6763313293457,0.001,15.958216153658354,7570,,
628,145,7888,32.91,295.88678279000004,54,-91.04532484574752,0.001,18.653254805670844,7745,,
632,146,7995,32.69,293.82744167,54,-89.91380669088925,0.001,21.389469964163645,7879,,
,,8000,,,,-92.67435385964133,0.001,18.931853430611746,7900,42.6,386.65228308439254
636,149,8205,33.69,303.18075421000003,54,-93.30894088745117,0.001,20.74884557723999,8075,,
640,151,8393,34.4,309.82002008000006,55,-97.10066731770833,0.001,22.632300200285734,8261,,
644,156,8542,35.08,316.18117858,54,-95.97966384887695,0.001,18.000405658375133,8409,,
648,159,8715,35.33,318.51471102,54,-95.26684650621917,0.001,21.64272131417927,8568,,
652,161,8866,35.72,322.15290127000003,54,-96.10512657165528,0.001,24.83261599907508,8736,,
,,9000,,,,-99.18956089019775,0.001,25.514022509257,8899,43.2,392.23654536008837
656,164,9043,36.34,327.97106203999994,54,,,,,,
660,166,9197,36.64,330.78839477,55,-100.5267318089803,0.001,24.528322915236156,9075,,
664,168,9347,36.81,332.40335789999995,55,-101.67150697253999,0.001,27.303380625588552,9216,,
668,171,9498,36.97,333.90986184,55,-104.89740837944879,0.001,24.099809063805473,9364,,
672,174,9681,37.81,341.75873402999997,55,-105.5795215807463,0.001,28.18740643953022,9551,,
676,175,9828,37.94,342.99260884999995,55,-107.4606918334961,0.001,32.4039231300354,9689,,
,,10000,,,,-109.21158482478215,0.001,30.74199322034728,9897,47.2,429.7735461235046
680,181,10025,38.65,349.64413977,55,,,,,,
684,184,10239,39.56,358.15678686,55,-109.90739264855019,0.001,32.626723582927994,10096,,
688,186,10373,39.7,359.47162887999997,55,-109.39925861358643,0.001,31.51603490114212,10253,,
692,190,10569,40.16,363.7902843399999,55,-110.57337364783653,0.001,32.00705404101678,10421,,
696,192,10757,40.51,367.0886182,55,-111.01292514801025,0.001,40.858464539051056,10609,,
700,199,10995,41.35,374.9664592,55,-114.85454338475277,0.001,36.60337121863114,10852,,
,,11000,,,,-114.4558614095052,0.001,33.6734588543574,10900,52.4,478.45060708522794
704,201,11198,42.13,382.27041626999994,55,-117.24503399076916,0.001,40.906409899393715,11055,,
708,205,11421,43.24,392.6551460899999,55,-118.1158438017874,0.001,41.54694430033366,11289,,
712,209,11614,43.65,396.48499883999995,55,-119.27705726623535,0.001,42.5233835359899,11477,,
716,214,11770,43.38,393.9577022999999,54,-122.23148903479942,0.001,43.958110989264725,11655,,
,,12000,,,,-124.6825662092729,0.001,48.50844045118852,11882,52.0,474.59822274446486
720,216,12027,44.86,407.81395150000003,55,,,,,,
724,219,12187,44.64,405.7650434000001,55,-121.59636840820312,0.001,43.023422718048096,12056,,
728,222,12374,44.86,407.80696553999996,55,-123.72985004243397,0.001,53.134255874988646,12233,,
732,224,12508,45.13,410.3273227100001,55,-125.85692051478794,0.001,46.40955550330026,12390,,
736,226,12678,44.73,406.5825655700001,55,-124.71266174316406,0.001,52.36443493284028,12550,,
740,228,12886,44.93,408.46272796000005,56,-126.24826246692288,0.001,48.03307130259852,12732,,
,,13000,,,,-123.94693433321439,0.001,48.43884696212469,12900,47.6,433.31312946081164
744,229,13100,45.58,414.53390911,56,-129.3453359892874,0.001,52.187248692368016,12966,,
748,231,13234,45.19,410.90214153999995,57,-128.3115536233653,0.001,54.700140973354905,13101,,
752,232,13439,45.73,415.95538864,57,-131.64193666898288,0.001,64.78334834025456,13299,,
756,234,13700,46.57,423.80729101000003,58,-128.2242889404297,0.001,56.30059293111165,13499,,
760,239,13905,47.08,428.57473416999994,58,-132.24246406555176,0.001,63.0825706109768,13777,,
,,14000,,,,-133.31757209414528,0.001,60.29970568702335,13898,56.3,514.9251945853233
764,242,14093,47.46,432.12585978000004,58,-133.2811675438514,0.001,72.73816259090717,13950,,
768,245,14315,48.17,438.7679425099999,58,-132.1611671447754,0.001,65.3226500749588,14138,,
772,252,14548,48.67,443.44060406999995,57,-137.39608340793185,0.001,69.25380795090287,14357,,
776,255,14677,48.49,441.75328608,57,-131.46183504377092,0.001,64.75778551454897,14548,,
780,258,14930,49.05,446.99698767,57,-135.38299026489258,0.001,71.73682644328133,14777,,
,,15000,,,,-139.23268337907462,0.001,68.70993739160998,14835,57.1,522.1975027918816
784,264,15389,51.5,469.93023462,58,-137.7883556365967,0.001,72.9408941745758,15132,,
788,274,15616,52.43,478.6237852,56,-140.87372589111328,0.001,83.81382788782534,15469,,
792,279,15850,52.81,482.17670961999994,56,-142.80743680681502,0.001,77.97330844969977,15698,,
,,16000,,,,-145.49705664316812,0.001,85.17246658948002,15887,58.9,539.0163781166077
796,287,16079,53.22,486.00489630000004,55,-144.15712860107422,0.001,87.98693893432618,15937,,
800,290,16378,53.83,491.69491123,56,-146.09097826158677,0.001,92.41234232584635,16197,,
804,298,16666,54.68,499.63902887999996,55,-145.66064235142298,0.001,99.03756119864327,16518,,
,,17000,,,,-149.51674012214906,0.001,113.91076887807539,16844,78.4,721.5458616018295
808,304,17029,56.08,512.73523549,55,,,,,,
812,308,17241,56.27,514.5161965399999,55,-150.21983676486545,0.001,116.4799873480636,17108,,
816,313,17648,58.78,538.00352698,56,-152.22716708713108,0.001,125.95243589613173,17480,,
,,18000,,,,-156.14818878173827,0.001,124.52726344738977,17880,68.6,629.7719623327255
820,321,18077,60.5,554.0925724699999,56,,,,,,
824,330,18380,61.93,567.47296391,55,-156.71048859627015,0.001,115.69680361593923,18237,,
828,333,18694,63.2,579.3641634400001,56,-159.45207443237305,0.001,134.29961071014404,18541,,
,,19000,,,,-161.47770106538812,0.001,155.08033880936472,18849,109.8,1015.6349073290825
832,342,19103,65.95,605.09989025,55,,,,,,
836,346,19476,67.98,624.10633996,56,-166.3441424369812,0.001,153.2961465744745,19264,,
840,351,19724,68.38,627.8364676699999,56,-165.24268798828126,0.001,136.87692963282268,19613,,
844,354,19994,68.94,633.0841800799999,56,-166.48861040387834,0.001,141.9735099098899,19840,,
,,20000,,,,-165.4077737742457,0.001,149.30430370266154,19899,80.9,745.0869456768036
848,358,20392,71.58,657.78300984,56,-168.48838620069552,0.001,119.67866865410862,20221,,
852,361,20798,73.59,676.59436294,57,-172.82727704729353,0.001,139.98979310428396,20523,,
,,21000,,,,-173.48544148036413,0.001,162.51564331054686,20758,1000.0,9357.22821073532
,,22000,,,,-181.782958984375,0.001,172.85987140514231,21866,123.5,1143.800863611698
856,385,22120,84.2,775.9960182799998,57,,,,,,
860,389,22587,86.82,800.515337,57,-185.61812435052335,0.001,158.3905166379867,22368,,
,,23000,,,,-185.53343943003063,0.001,143.70518033798427,22828,104.7,967.7262205600739
864,396,23020,89.27,823.4406570700002,58,,,,,,
868,403,23501,91.86,847.6776791499999,58,-188.62088109576513,0.001,169.83925375366212,23288,,
872,410,23859,93.11,859.3724447799999,58,-193.97325401975397,0.001,157.2252364911531,23700,,
,,24000,,,,-193.68849400111608,0.001,149.3700107252094,23835,1000.0,9353.433261585236
,,25000,,,,-199.4447005004883,0.001,159.55167719459533,24835,110.1,1018.2731245875359
,,26000,,,,-203.29978461014596,0.001,151.0125367683277,24949,1000.0,9356.25375995636
876,434,26044,113.67,1051.95080966,59,,,,,,
880,454,26603,116.73,1080.58610339,58,-205.82175858815512,0.001,179.93236211935678,26340,,
,,27000,,,,-209.13705535162063,0.001,178.32883287611463,26508,1000.0,9356.124772453308
,,28000,,,,-213.1775980834961,0.001,178.03682898139954,27508,1000.0,9358.075692749024
,,29000,,,,-222.78439525257457,0.001,180.72367522499778,28618,1000.0,9343.848570919037
884,495,29713,143.24,1328.8610461500002,59,,,,,,
,,30000,,,,-230.41649563598634,0.001,188.47711222839357,29618,903.4,8445.606834995746
,,31000,,,,-240.72851217651368,0.001,200.56607007217409,30618,1000.0,9356.474554634095
,,32000,,,,-250.70719146728516,0.001,193.78551685333252,31618,1000.0,9352.301392459869
,,33000,,,,-260.2234147949219,0.001,194.77731764793396,32618,1000.0,9359.115871810913
888,568,33713,180.97,1682.28322997,59,,,,,,
,,34000,,,,-270.0376131286621,0.001,229.68094887924195,33618,1000.0,9359.692288303375
,,35000,,,,-279.65342315673826,0.001,256.44883000946044,34618,1000.0,9355.663883686066
,,36000,,,,-288.3531591491699,0.001,282.2773218078613,35618,1000.0,9356.760165214539
,,37000,,,,-297.5453448486328,0.001,277.79690367126466,36618,1000.0,9359.815801620483
892,637,37713,218.63,2035.18167358,59,,,,,,
,,38000,,,,-304.8531947991787,0.001,298.9050921669489,37697,457.3,4270.034220647812
,,39000,,,,-315.2416953125,0.001,328.71006367111204,38697,1000.0,9359.833740901948
,,40000,,,,-322.65574877929686,0.001,352.48968347930906,39697,1000.0,9358.709053707124
896,684,40792,247.13,2302.2363585,59,,,,,,
,,41000,,,,-329.12058276367185,0.001,418.6426944656372,40697,1000.0,9359.820181846619
,,42000,,,,-333.0892767944336,0.001,408.86284533309936,41697,1000.0,9358.453454113007
,,43000,,,,-339.16461975097656,0.001,436.90422383117675,42697,902.0,8440.961988008023
,,44000,,,,-344.09973779296877,0.001,491.129997341156,43697,1000.0,9359.761701774598
900,754,44792,284.14,2649.1127326500005,59,,,,,,
,,45000,,,,-348.0742089233398,0.001,573.4089588928223,44697,1000.0,9359.784669303894
,,46000,,,,-353.89923846435545,0.001,643.0576887588501,45697,1000.0,9359.781678390504
,,47000,,,,-355.6397700805664,0.001,581.9350091552734,46697,1000.0,9352.985266399384
,,48000,,,,-358.0345510253906,0.001,607.2830295181275,47697,1000.0,9333.464301586151
904,822,48792,321.26,2996.70320098,59,,,,,,
,,49000,,,,-360.12724688720704,0.001,714.3129347763062,48697,1000.0,9359.833957481384
,,50000,,,,-361.97408856201173,0.001,694.7883387451172,49697,1000.0,9359.860181999207
,,51000,,,,-365.30525592041016,0.001,641.2214689178467,50697,1000.0,9359.653451251983
,,52000,,,,-367.72151666259765,0.001,707.2897198867798,51697,1000.0,9359.172253513336
908,893,52792,357.63,3337.6028610500002,59,,,,,,
,,53000,,,,-371.5513475341797,0.001,886.3721292648315,52697,1000.0,9357.815904045105
,,54000,,,,-375.09916705322263,0.001,877.0322006530762,53697,1000.0,9356.245938205719
,,55000,,,,-378.4559676513672,0.001,997.4965078582763,54697,180.8,1679.8970405220985
,,56000,,,,-378.67340519997924,0.001,1105.535941772461,54922,1000.0,9359.785463047028
912,944,56017,387.76,3619.91931472,59,,,,,,
,,57000,,,,-379.19199664306643,0.001,993.7072064666748,55922,1000.0,9359.550523471833
,,58000,,,,-381.06103619384766,0.001,855.9328007736206,56922,1000.0,9359.78233385086
916,996,58645,409.97,3827.998720219999,58,-384.34196364141144,0.001,939.5149550616873,58375,,
,,59000,,,,-386.9863676591353,0.001,797.8568015834263,58550,1000.0,9352.642375278472
,,60000,,,,-387.7323814086914,0.001,925.2409543228149,59550,1000.0,9356.3579413414
920,1036,60900,428.23,3998.98549581,58,-386.0297644830519,0.001,944.021912109375,60675,,
,,61000,,,,-390.3259596604567,0.001,936.3413040161133,60805,1000.0,9358.627045440673
,,62000,,,,-389.52523132324217,0.001,883.4094926147461,61805,1000.0,9359.61675157547
,,63000,,,,-390.32876629638673,0.001,776.3494984436035,62805,1000.0,9359.57065038681
,,64000,,,,-394.6838407696418,0.001,685.6883727019688,62911,1000.0,9359.231674480438
924,1090,64006,456.26,4261.686672910001,58,,,,,,
,,65000,,,,-395.0959617919922,0.001,674.454169456482,63911,940.0,8796.61052185297
,,66000,,,,-397.53470751953125,0.001,834.7598357772827,64911,1000.0,9359.595153617858
,,67000,,,,-397.86864520263674,0.001,816.9477220916748,65911,1000.0,9359.64866399765
,,68000,,,,-400.0011623535156,0.001,649.7876718673706,66911,1000.0,9358.201656532288
928,1165,68006,493.12,4607.1541772,58,,,,,,
,,69000,,,,-402.5994233398437,0.001,659.9664978408814,67911,1000.0,9354.708853054046
,,70000,,,,-404.62375817871094,0.001,715.7070374298096,68911,1000.0,9359.697191810608
,,71000,,,,-408.27126013183596,0.001,839.9665500869751,69911,1000.0,9350.984405040741
,,72000,,,,-408.7584459838867,0.001,980.5497580108643,70911,1000.0,9359.51170320511
932,1227,72006,529.03,4943.60511712,58,,,,,,
,,73000,,,,-410.4838854980469,0.001,1062.4063962097168,71911,1000.0,9359.392810916901
,,74000,,,,-413.40220263671876,0.001,862.4275174331665,72911,1000.0,9359.723113059998
,,75000,,,,-415.18253283691405,0.001,670.0993036727905,73911,1000.0,9359.804167938233
,,76000,,,,-417.00090173339845,0.001,707.8729702301025,74911,1000.0,9359.76125240326
936,1295,76006,565.3,5283.553904030001,58,,,,,,
,,77000,,,,-419.0747388305664,0.001,762.0265504074097,75911,1000.0,9359.747561073304
,,78000,,,,-419.7009828491211,0.001,823.0509535751343,76911,1000.0,9359.795646858216
,,79000,,,,-421.0802379760742,0.001,744.3639877243043,77911,1000.0,9359.678295898437
,,80000,,,,-423.36809558105466,0.001,811.5478506927491,78911,1000.0,9359.775093269349
940,1363,80006,602.82,5635.228685370001,58,,,,,,
,,81000,,,,-427.6168714599609,0.001,853.1670611419678,79911,1000.0,9334.819530773162
,,82000,,,,-430.0240380249023,0.001,909.6153165588379,80911,1000.0,9346.753814411164
,,83000,,,,-430.03524829101565,0.001,898.0788241043091,81911,1000.0,9359.568835735321
,,84000,,,,-430.4000698852539,0.001,869.3746106719971,82911,1000.0,9359.804013633728
944,1439,84006,640.12,5984.439191720001,58,,,,,,
,,85000,,,,-430.6772509765625,0.001,830.0444348449707,83911,1000.0,9359.691134643555
,,86000,,,,-429.1785325927734,0.001,928.7441823883057,84911,1000.0,9359.332942581177
,,87000,,,,-432.3402447509766,0.001,1060.7645792236328,85911,1000.0,9359.73894958496
,,88000,,,,-431.71397467041015,0.001,1060.433610031128,86911,1000.0,9349.790639781952
948,1504,88006,676.14,6321.951459679999,58,,,,,,
,,89000,,,,-433.1674254150391,0.001,1041.5865832977295,87911,1000.0,9355.313220405578
,,90000,,,,-431.78023803710937,0.001,1197.6892159729005,88911,1000.0,9359.816999721526
,,91000,,,,-431.4536585693359,0.001,1135.0877099151612,89911,1000.0,9359.679966926575
,,92000,,,,-430.12949499511717,0.001,853.5491203994751,90911,1000.0,9353.144250774383
952,1577,92006,712.08,6658.51431871,58,,,,,,
,,93000,,,,-426.7578455810547,0.001,771.4006170043946,91911,1000.0,9359.761008358002
,,94000,,,,-429.66648162841796,0.001,748.4441747283936,92911,1000.0,9359.608591556549
,,95000,,,,-432.75912255859373,0.001,781.4968591766358,93911,1000.0,9359.723267364501
,,96000,,,,-436.34340869140624,0.001,851.4000118179322,94911,1000.0,9353.756203269959
956,1648,96006,738.86,6909.56414196,58,,,,,,
,,97000,,,,-436.3375475463867,0.001,776.0733081436157,95911,1000.0,9359.65996952057
,,98000,,,,-436.22847772216795,0.001,818.0827800064087,96911,1000.0,9359.637239456177
,,99000,,,,-438.8018544311523,0.001,990.9530638656616,97911,1000.0,9359.583890628815
,,100000,,,,-440.75820306396486,0.001,934.3826672363281,98911,1000.0,9359.57923564911
960,1733,100006,774.19,7240.720049259999,57,,,,,,
,,101000,,,,-441.8742807006836,0.001,876.7378593673706,99911,1000.0,9359.477716445923
,,102000,,,,-443.7844428100586,0.001,858.401078453064,100911,1000.0,9359.586623382569
,,103000,,,,-447.35330853271483,0.001,770.6695242996216,101911,1000.0,9358.584915351868
,,104000,,,,-448.4316630249023,0.001,775.9122522125244,102911,1000.0,9359.00095462799
964,1812,104006,809.86,7575.063825609998,57,,,,,,
,,105000,,,,-449.0116798095703,0.001,698.124669303894,103911,1000.0,9359.294590377807
,,106000,,,,-447.9528482055664,0.001,601.6274258575439,104911,1000.0,9355.697027397156
,,107000,,,,-448.5322678222656,0.001,619.2029570465088,105911,1000.0,9351.537253665923
,,108000,,,,-446.02107861328125,0.001,613.672796798706,106911,1000.0,9359.676207065582
968,1886,108006,845.05,7904.90264844,57,,,,,,
,,109000,,,,-447.70718450927734,0.001,602.1890363044739,107911,1000.0,9359.362944030761
,,110000,,,,-450.74651843261717,0.001,617.2606201591492,108911,1000.0,9359.721090602874
,,111000,,,,-451.07985717773437,0.001,660.0558015594482,109911,1000.0,9359.336111927032
,,112000,,,,-454.0313400878906,0.001,599.8578412780762,110911,1000.0,9359.733028888702
972,1958,112006,881.47,8246.272480360001,57,,,,,,
,,113000,,,,-456.2551731567383,0.001,597.0057876167298,111911,1000.0,9349.940485477448
,,114000,,,,-460.03478387451173,0.001,698.1613699645997,112911,1000.0,9357.275332355499
,,115000,,,,-458.588651550293,0.001,611.9872735900879,113911,1000.0,9359.783503723145
,,116000,,,,-461.9928317260742,0.001,581.1675948181153,114911,1000.0,9359.275490951539
976,2030,116006,899.62,8416.3631786,57,,,,,,
,,117000,,,,-462.144278503418,0.001,676.283435333252,115911,1000.0,9359.314223575591
,,118000,,,,-461.56628521728516,0.001,739.8714584503174,116911,1000.0,9359.691273498534
,,119000,,,,-464.12756005859376,0.001,823.0656589202881,117911,1000.0,9348.502264499664
,,120000,,,,-465.81449249267575,0.001,779.7104054336548,118911,1000.0,9359.738361072541
980,2105,120006,934.03,8738.797812840001,56,,,,,,
,,121000,,,,-465.7393059082031,0.001,819.3894191360473,119911,1000.0,9359.709603500367
,,122000,,,,-466.61918951416015,0.001,939.0555139007569,120911,1000.0,9359.593034744263
,,123000,,,,-469.2080923461914,0.001,688.0794901123047,121911,1000.0,9358.52946767807
,,124000,,,,-468.5623975219727,0.001,784.9046946258545,122911,1000.0,9352.177941036225
984,2181,124006,942.93,8822.328172939999,56,,,,,,
,,125000,,,,-469.2803442993164,0.001,701.6095218696594,123911,1000.0,9359.837243747712
,,126000,,,,-469.42952697753907,0.001,842.9295856170654,124911,1000.0,9355.968162822723
,,127000,,,,-472.44034741210936,0.001,775.2861742401124,125911,1000.0,9359.502643871307
,,128000,,,,-474.0795505981445,0.001,842.1611483917236,126911,1000.0,9359.589062595367
988,2267,128006,942.93,8822.494837290002,56,,,,,,
,,129000,,,,-474.95975610351564,0.001,1009.9489361038208,127911,1000.0,9358.717864990234
,,130000,,,,-480.1246676635742,0.001,913.7459917297364,128911,1000.0,9342.383326435089
,,131000,,,,-482.3640223388672,0.001,691.0272706985473,129911,1000.0,9359.686371135711
,,132000,,,,-483.95113134765626,0.001,743.2579838027954,130911,1000.0,9359.784347820281
992,2337,132006,942.93,8822.3828113,56,,,,,,
,,133000,,,,-483.0637990722656,0.001,835.5732982711792,131911,1000.0,9359.690897369384
,,134000,,,,-482.6817349243164,0.001,777.0324594955445,132911,1000.0,9359.069254875183
,,135000,,,,-480.81008575439455,0.001,944.7665927429199,133911,1000.0,9359.716520690918
,,136000,,,,-480.51609631347657,0.001,853.4115275497436,134911,1000.0,9359.638774585725
996,2404,136006,952.14,8908.76537552,56,,,,,,
,,137000,,,,-483.1563894042969,0.001,849.8280483093262,135911,1000.0,9359.614717292785
,,138000,,,,-484.0090963745117,0.001,944.200498222351,136911,1000.0,9359.379464244843
,,139000,,,,-485.2300128173828,0.001,921.4233910675049,137911,1000.0,9357.33817358017
,,140000,,,,-485.88078131103515,0.001,1057.581952003479,138911,1000.0,9339.473629951477
1000,2480,140006,952.14,8908.568496120002,56,,,,,,
,,141000,,,,-485.7016423950195,0.001,1101.7384625320435,139911,1000.0,9346.675071811676
,,142000,,,,-484.3155767211914,0.001,1328.2813188934326,140911,1000.0,9333.422302246094
,,143000,,,,-482.5921484375,0.001,1132.5812115783692,141911,1000.0,9352.415388011932
,,144000,,,,-481.4195022583008,0.001,1289.1792099838258,142911,1000.0,9348.101730155944
1004,2557,144006,952.14,8907.72536148,56,,,,,,
,,145000,,,,-480.9525520019531,0.001,1496.7091279754638,143911,1000.0,9327.581253528595
,,146000,,,,-478.9709157714844,0.001,1492.5213532562257,144911,1000.0,9337.539163970947
,,147000,,,,-476.3625586547852,0.001,1731.714953125,145911,1000.0,9359.490202522278
,,148000,,,,-473.28018560791014,0.001,2558.2055821533204,146911,1000.0,9359.469985103608
1008,2638,148006,952.14,8907.17979692,56,,,,,,
,,149000,,,,-469.86070642089845,0.001,2540.696573059082,147911,1000.0,9359.415653038024
,,150000,,,,-467.00485144042966,0.001,1864.2492088928223,148911,1000.0,9359.693796730042
,,151000,,,,-460.6517893676758,0.001,1879.0973549804687,149911,1000.0,9353.806007766723
,,152000,,,,-454.94296099853517,0.001,2110.167648376465,150911,1000.0,9355.236364459992
1012,2731,152006,959.89,8979.77214039,55,,,,,,
,,153000,,,,-457.01627563476563,0.001,1163.8363589324952,151911,1000.0,9346.742639827728
,,154000,,,,-459.0667442626953,0.001,652.5940119323731,152911,1000.0,9359.172336006164
,,155000,,,,-460.69495989990236,0.001,606.7746845321656,153911,1000.0,9359.726131343841
,,156000,,,,-461.2232396850586,0.001,886.1098672943115,154911,1000.0,9355.988618278503
1016,2811,156006,973.61,9108.314569310001,55,,,,,,
,,157000,,,,-461.93000579833983,0.001,962.8520819931031,155911,1000.0,9354.881321525574
,,158000,,,,-463.61995648193357,0.001,848.2817725067139,156911,1000.0,9359.288197517395
,,159000,,,,-465.0572497558594,0.001,961.0992595062256,157911,1000.0,9350.9335272789
,,160000,,,,-467.87581604003907,0.001,808.715590385437,158911,1000.0,9359.710656547546
1020,2882,160006,991.06,9271.88248886,55,,,,,,
,,161000,,,,-472.0719050292969,0.001,543.3003229026795,159911,1000.0,9359.741658592224
,,162000,,,,-475.6045435791016,0.001,578.7337465744018,160911,1000.0,9336.085113716126
,,163000,,,,-478.9707196655273,0.001,750.8060687637329,161911,1000.0,9359.67075138092
,,164000,,,,-481.86848486328125,0.001,897.9782942199707,162911,1000.0,9359.75780096054
1024,2946,164006,1000.0,9355.687353230001,55,,,,,,
,,165000,,,,-484.3542010498047,0.001,775.0657734451294,163911,1000.0,9359.780434322358
,,166000,,,,-486.23585821533203,0.001,806.4438237838746,164911,1000.0,9359.74998960495
,,167000,,,,-491.1438938598633,0.001,521.6422070388794,165911,1000.0,9359.761137866974
,,168000,,,,-494.62353021240233,0.001,513.9972373046875,166911,1000.0,9359.66801290512
1028,3028,168006,1000.0,9355.70121021,55,,,,,,
,,169000,,,,-496.35019110107424,0.001,430.783095413208,167911,1000.0,9357.02473335266
,,170000,,,,-499.9418664550781,0.001,394.4392243537903,168911,1000.0,9359.710734462738
,,171000,,,,-500.98304748535156,0.001,423.7056162567139,169911,1000.0,9359.732951831818
,,172000,,,,-504.79534887695314,0.001,435.43535652923583,170911,1000.0,9359.777680683135
1032,3116,172006,1000.0,9355.83800186,55,,,,,,
,,173000,,,,-509.0098142089844,0.001,478.9568176193237,171911,1000.0,9359.72282590866
,,174000,,,,-512.5746891479492,0.001,471.3898969993591,172911,1000.0,9359.698596858978
,,175000,,,,-515.2955037231445,0.001,556.2470892372131,173911,1000.0,9359.732319545747
,,176000,,,,-518.3155652465821,0.001,464.53265591812135,174911,1000.0,9359.763643169403
1036,3183,176006,1000.0,9355.840468839999,55,,,,,,
,,177000,,,,-521.0221060791016,0.001,469.4457966804504,175911,1000.0,9359.11573266983
,,178000,,,,-523.7462197875976,0.001,529.1957730102539,176911,1000.0,9358.018390464782
,,179000,,,,-525.4944025878906,0.001,574.4482075958252,177911,1000.0,9323.68079214096
,,180000,,,,-530.7244725952148,0.001,628.9970565414428,178911,1000.0,9359.409609985352
1040,3251,180006,1000.0,9355.448033710001,55,,,,,,
,,181000,,,,-532.6228428955078,0.001,770.8186420669556,179911,1000.0,9325.940419578552
,,182000,,,,-534.080319946289,0.001,830.1978222885132,180911,1000.0,9324.450920772553
,,183000,,,,-535.7480116577149,0.001,946.6157480163574,181911,1000.0,9329.188367271423
,,184000,,,,-540.4760760498046,0.001,772.8014268035888,182911,1000.0,9323.736225891113
1044,3326,184006,1000.0,9354.487854240002,55,,,,,,
,,185000,,,,-541.0892951049805,0.001,833.5950662307739,183911,1000.0,9323.810031032563
,,186000,,,,-545.4326685180664,0.001,927.369408164978,184911,1000.0,9327.033382892609
,,187000,,,,-547.8409786376953,0.001,1684.0772015304565,185911,1000.0,9325.031073093414
,,188000,,,,-548.7007232666016,0.001,4405.647470825195,186911,916.4,8544.58029780388
1048,3421,188006,1000.0,9353.20855679,54,,,,,,
1052,3444,188444,964.38,9019.53573259,54,-521.8348255646534,0.001,8096.683249449118,188298,,
,,189000,,,,-523.6372845967611,0.001,7533.996256510417,188546,818.3,7627.5792345404625
,,190000,,,,-522.3827756925393,0.001,6067.104491141183,189071,1000.0,9325.016144180297
1056,3463,190166,941.6,8805.426249830001,54,,,,,,
,,191000,,,,-521.0387686157227,0.001,4506.790829772949,190071,1000.0,9345.568589973449
,,192000,,,,-508.02495684814454,0.001,2938.840613739014,191071,1000.0,9331.832270050048
,,193000,,,,-486.05569104003905,0.001,5293.668526062012,192071,1000.0,9323.177950096131
,,194000,,,,-474.0017838745117,0.001,5981.205096557617,193071,1000.0,9321.079611682891
1060,3539,194166,941.6,8804.25160083,54,,,,,,
,,195000,,,,-469.0302596435547,0.001,4340.295578735351,194071,1000.0,9322.339406585694
,,196000,,,,-463.1959532470703,0.001,5090.813693359375,195071,1000.0,9323.908708190918
,,197000,,,,-458.71535986328126,0.001,6444.96567956543,196071,1000.0,9320.205615329742
,,198000,,,,-455.904029296875,0.001,7359.952262207031,197071,1000.0,9331.902386760712
1064,3595,198166,941.6,8802.864147089998,55,,,,,,
,,199000,,,,-454.78199700927735,0.001,7131.011549194336,198071,148.0,1372.0066320061683
,,200000,,,,-462.9797414550781,0.001,3786.414745178223,199071,912.2,8517.41528185606
,,201000,,,,-468.4642846069336,0.001,1558.1259261627197,200071,1000.0,9334.751640319824
,,202000,,,,-463.0752991333008,0.001,1840.6780567932128,201071,1000.0,9329.954673957825
1068,3668,202166,941.6,8802.00073916,55,,,,,,
,,203000,,,,-454.8404574584961,0.001,2649.3055583496093,202071,1000.0,9325.588242244721
,,204000,,,,-453.74183349609376,0.001,3020.975523071289,203071,904.8,8434.735121417045
,,205000,,,,-457.1628240966797,0.001,2062.2682272338866,204071,318.6,2962.053298676014
,,206000,,,,-457.89309130859374,0.001,1382.0536696166992,205071,1000.0,9327.374897289275
1072,3745,206166,941.6,8800.62917162,55,,,,,,
,,207000,,,,-458.82506170654295,0.001,1041.9481369018554,206071,297.8,2766.822268915176
1076,3783,207587,915.81,8558.523633929999,54,-463.93990619365985,0.001,641.3680825863245,207443,,
1080,3785,207688,876.82,8193.22493281,54,-468.34910888671874,0.001,453.8813229515439,207547,,
1084,3787,207863,838.57,7834.779522959999,54,-465.75298583984375,0.001,518.0069210815429,207728,,
,,208000,,,,-466.2539525915075,0.001,454.2202033303001,207823,107.0,984.7872236013412
,,209000,,,,-465.89474858079,0.001,424.65168022495243,208250,804.5,7499.1049841880795
,,210000,,,,-467.08280487060546,0.001,667.1026988601684,209250,1000.0,9326.019927310943
1088,3818,210345,823.39,7691.62872207,55,,,,,,
,,211000,,,,-468.3235686645508,0.001,1656.2876110076904,210250,1000.0,9326.157191181182
,,212000,,,,-466.6624051513672,0.001,4734.431543212891,211250,1000.0,9327.042937660217
,,213000,,,,-463.8848832397461,0.001,6402.388225830078,212250,1000.0,9322.895334911347
,,214000,,,,-448.3504539794922,0.001,5695.954519897461,213250,1000.0,9331.489856243134
1092,3892,214345,823.39,7690.50557916,55,,,,,,
,,215000,,,,-440.83530725097654,0.001,5007.625235839843,214250,1000.0,9336.924325847625
,,216000,,,,-437.9653549194336,0.001,4663.169687072754,215250,1000.0,9331.322008037567
,,217000,,,,-440.18412536621094,0.001,4685.393306640625,216250,1000.0,9346.293249988556
,,218000,,,,-442.8761210327148,0.001,4232.516880920411,217250,1000.0,9327.160737133026
1096,3970,218345,823.39,7689.53360312,54,,,,,,
,,219000,,,,-450.26474658203125,0.001,2923.862129272461,218250,1000.0,9334.76404981613
,,220000,,,,-453.26651275634765,0.001,1957.874369857788,219250,1000.0,9334.549260330201
,,221000,,,,-452.00439959716795,0.001,1815.316296722412,220250,1000.0,9323.575298881531
,,222000,,,,-450.56275189208986,0.001,1742.3446637115478,221250,1000.0,9325.161148071289
1100,4051,222345,823.39,7688.53022404,54,,,,,,
,,223000,,,,-445.7660614624023,0.001,1574.871615447998,222250,1000.0,9343.089861488343
,,224000,,,,-445.8261987915039,0.001,1285.2688481750488,223250,1000.0,9350.463218307495
,,225000,,,,-444.2447061767578,0.001,1271.5067370605468,224250,1000.0,9351.009606742859
,,226000,,,,-444.8075076904297,0.001,1095.64396685791,225250,1000.0,9349.575336837768
1104,4129,226345,823.39,7688.606517430001,54,,,,,,
,,227000,,,,-443.49558575439454,0.001,798.097172050476,226250,1000.0,9349.023699760437
,,228000,,,,-445.03152575683595,0.001,616.786605293274,227250,1000.0,9356.236954689026
,,229000,,,,-448.317388671875,0.001,513.1600097351075,228250,1000.0,9359.41341753006
,,230000,,,,-451.37864208984377,0.001,541.1866240692138,229250,1000.0,9359.429646778106
1108,4188,230345,823.39,7688.864457970002,55,,,,,,
,,231000,,,,-456.95711749267576,0.001,625.2545626144409,230250,1000.0,9359.42972984314
,,232000,,,,-459.2424970703125,0.001,1701.4611375274658,231250,1000.0,9359.16869726181
,,233000,,,,-458.4733667602539,0.001,2832.7333751831056,232250,1000.0,9340.345298480988
,,234000,,,,-464.1958796386719,0.001,2483.984327194214,233250,1000.0,9358.883635425567
1112,4261,234345,823.39,7688.785667660001,54,,,,,,
,,235000,,,,-467.75295965576174,0.001,2555.8789718933103,234250,1000.0,9359.116688251495
,,236000,,,,-471.8810629272461,0.001,2490.623625671387,235250,1000.0,9358.341706371308
,,237000,,,,-474.6084673461914,0.001,3164.0839513244628,236250,1000.0,9358.632175731658
,,238000,,,,-477.3136284790039,0.001,3941.589171081543,237250,1000.0,9351.420351791381
1116,4345,238345,823.39,7688.840863350001,54,,,,,,
,,239000,,,,-482.6305930786133,0.001,3601.4617116088866,238250,1000.0,9357.864232063293
,,240000,,,,-485.01521734619143,0.001,3721.490052246094,239250,1000.0,9357.405025577546
,,241000,,,,-485.38616259765627,0.001,4253.942705932617,240250,1000.0,9357.703323459626
,,242000,,,,-484.9155147705078,0.001,4229.624098388672,241250,1000.0,9357.805123710632
1120,4441,242345,823.39,7688.936681829999,54,,,,,,
,,243000,,,,-486.33494329833985,0.001,4286.766907470703,242250,1000.0,9357.029197025298
,,244000,,,,-486.16935760498046,0.001,4141.418111877441,243250,1000.0,9357.409349060059
,,245000,,,,-487.85452734375,0.001,4002.545178894043,244250,1000.0,9357.23574590683
,,246000,,,,-487.9249893798828,0.001,3638.861581970215,245250,1000.0,9356.43166770935
1124,4518,246345,823.39,7688.82824236,54,,,,,,
,,247000,,,,-488.147384765625,0.001,3759.8286020507812,246250,1000.0,9356.963733863831
,,248000,,,,-487.61988787841796,0.001,3441.960368347168,247250,1000.0,9357.290673732758
,,249000,,,,-489.21650506591794,0.001,3498.0875058288575,248250,1000.0,9356.91668729782
,,250000,,,,-484.2229552612305,0.001,3992.1835932006834,249250,1000.0,9350.605986976623
1128,4593,250345,823.39,7688.655001929999,54,,,,,,
,,251000,,,,-484.46083404541014,0.001,3638.1340978393555,250250,1000.0,9348.523297595977
,,252000,,,,-482.63734552001955,0.001,3646.1192720947265,251250,1000.0,9352.475609493256
,,253000,,,,-478.76648822021485,0.001,4227.701791931152,252250,1000.0,9354.34688167572
,,254000,,,,-476.5750087890625,0.001,5425.459256225586,253250,1000.0,9355.465527820586
1132,4677,254345,823.39,7688.377152419998,54,,,,,,
,,255000,,,,-471.40013049316406,0.001,5731.619193969726,254250,1000.0,9352.304028320312
,,256000,,,,-465.957123046875,0.001,4589.798166687012,255250,1000.0,9355.116893482209
,,257000,,,,-459.55683422851564,0.001,4098.052578125,256250,1000.0,9352.944341945647
,,258000,,,,-454.50694360351565,0.001,3731.805126220703,257250,1000.0,9355.75486907959
1136,4749,258345,823.39,7688.146519949998,54,,,,,,
,,259000,,,,-452.0294035644531,0.001,2490.244654724121,258250,1000.0,9328.976604652406
,,260000,,,,-453.43072131347657,0.001,1936.754698059082,259250,1000.0,9325.459020233155
,,261000,,,,-454.3498067626953,0.001,1654.4414019622802,260250,1000.0,9346.380288505554
,,262000,,,,-457.7400447998047,0.001,1116.965335128784,261250,1000.0,9345.933530426026
1140,4831,262345,823.39,7687.8132128199995,54,,,,,,
,,263000,,,,-458.9367680053711,0.001,1170.5337614440919,262250,1000.0,9344.626093864441
,,264000,,,,-457.5394227294922,0.001,1260.585300994873,263250,1000.0,9337.442432022095
,,265000,,,,-456.18395123291015,0.001,1587.2207391357422,264250,1000.0,9334.529329299927
,,266000,,,,-454.3587062988281,0.001,1758.3628592681885,265250,1000.0,9336.17815847397
1144,4915,266345,823.39,7688.30728741,54,,,,,,
,,267000,,,,-457.8000885620117,0.001,2113.8558489990232,266250,1000.0,9338.597866916656
,,268000,,,,-461.00992987060545,0.001,2758.236535522461,267250,1000.0,9324.069832992554
,,269000,,,,-463.76865533447267,0.001,3090.774726104736,268250,1000.0,9333.282993125915
,,270000,,,,-465.8490810546875,0.001,3525.6249948425293,269250,1000.0,9328.747807502747
1148,5002,270345,823.39,7688.56630983,54,,,,,,
,,271000,,,,-463.80206927490235,0.001,4790.109326416015,270250,1000.0,9325.558455848693
,,272000,,,,-470.5291173095703,0.001,3888.027705078125,271250,1000.0,9330.142543506623
,,273000,,,,-471.9243903808594,0.001,2402.800462738037,272250,1000.0,9328.86322555542
,,274000,,,,-469.7708641967773,0.001,3107.1791599731446,273250,1000.0,9331.19524049759
1152,5083,274345,859.01,8021.322508159999,53,,,,,,
,,275000,,,,-458.49498126220703,0.001,4809.9161301879885,274250,1000.0,9326.430441188812
,,276000,,,,-454.3233110351562,0.001,4528.24045489502,275250,1000.0,9328.92082901001
,,277000,,,,-448.14566564941407,0.001,4417.572416015625,276250,1000.0,9328.367770576477
,,278000,,,,-441.69031268310545,0.001,4690.665309387207,277250,1000.0,9331.706442070008
1156,5164,278345,881.79,8234.20442852,53,,,,,,
,,279000,,,,-434.8631491088867,0.001,5197.52498071289,278250,1000.0,9333.71135673523
,,280000,,,,-428.41879864501954,0.001,5818.970821533203,279250,1000.0,9330.386055469513
,,281000,,,,-416.4124194946289,0.001,5705.441625488281,280250,902.7,8425.221828138829
,,282000,,,,-411.99619067382815,0.001,4697.4944072265625,281250,1000.0,9342.86279115677
1160,5259,282345,881.79,8234.379571559999,53,,,,,,
,,283000,,,,-402.41133880615234,0.001,4614.396621948242,282250,1000.0,9337.357170963287
,,284000,,,,-395.0575551147461,0.001,5179.667608398438,283250,1000.0,9342.65080575943
,,285000,,,,-390.15935229492186,0.001,5407.226344482422,284250,1000.0,9339.15083179474
,,286000,,,,-381.2793822631836,0.001,5265.500860778809,285250,1000.0,9331.155299758911
1164,5336,286345,881.79,8234.89082669,53,,,,,,
,,287000,,,,-382.4298598022461,0.001,5382.561860839844,286250,1000.0,9334.672639751434
,,288000,,,,-385.47331640625,0.001,5042.68008013916,287250,1000.0,9335.86409740448
,,289000,,,,-383.0672964477539,0.001,5102.95229675293,288250,1000.0,9330.460665130615
,,290000,,,,-382.0014332885742,0.001,4515.158443237305,289250,1000.0,9335.989566993714
1168,5417,290345,881.79,8234.761890149999,53,,,,,,
,,291000,,,,-381.6622585449219,0.001,4359.137649658203,290250,1000.0,9344.769246959686
,,292000,,,,-381.695069519043,0.001,4071.792433959961,291250,1000.0,9337.682402706147
,,293000,,,,-384.91331451416016,0.001,3354.4222259521484,292250,1000.0,9341.984882831573
,,294000,,,,-381.5238935546875,0.001,3506.2703394165037,293250,1000.0,9337.096968078613
1172,5497,294345,881.79,8235.34939683,53,,,,,,
,,295000,,,,-379.8651569213867,0.001,4353.368270874023,294250,1000.0,9340.376779937744
,,296000,,,,-383.1420286865234,0.001,4159.363092956543,295250,1000.0,9334.270254421233
,,297000,,,,-382.72810119628906,0.001,3998.2553478393556,296250,1000.0,9328.98888092041
,,298000,,,,-393.80073040771487,0.001,3197.800631591797,297250,1000.0,9335.626128387452
1176,5582,298345,907.58,8476.596499320001,53,,,,,,
,,299000,,,,-401.92695697021486,0.001,2020.2258387451172,298250,1000.0,9329.254408740997
,,300000,,,,-406.22599420166017,0.001,2001.4653170013428,299250,1000.0,9328.48741722107
,,301000,,,,-408.2301130371094,0.001,2260.134459259033,300250,1000.0,9331.67681760788
,,302000,,,,-407.2041212158203,0.001,2470.6721013793945,301250,1000.0,9323.805314350127
1180,5668,302345,946.57,8840.763932779999,53,,,,,,
,,303000,,,,-407.23316442871095,0.001,1738.063829574585,302250,1000.0,9325.517631435394
,,304000,,,,-406.0842645263672,0.001,1362.5005948791504,303250,1000.0,9327.168220043182
,,305000,,,,-405.6619153442383,0.001,965.484142578125,304250,1000.0,9327.761292552948
,,306000,,,,-404.0580104370117,0.001,1315.0291896820067,305250,1000.0,9324.253423118591
1184,5752,306345,984.82,9197.95673158,53,,,,,,
,,307000,,,,-393.78203021240233,0.001,2737.1945680541994,306250,1000.0,9323.943677902222
,,308000,,,,-385.74362890625,0.001,2975.722544128418,307250,1000.0,9322.734886932372
,,309000,,,,-379.5278378295898,0.001,3522.2217950439453,308250,1000.0,9323.053703498841
,,310000,,,,-371.8576934814453,0.001,4644.103370117187,309250,1000.0,9322.65321187973
1188,5831,310345,1000.0,9339.681944310001,53,,,,,,
,,311000,,,,-372.6374338989258,0.001,4925.705213012695,310250,1000.0,9336.961766529083
,,312000,,,,-364.22018627929685,0.001,5211.054523925781,311250,1000.0,9344.644614315033
,,313000,,,,-351.4107096557617,0.001,5897.429314208985,312250,1000.0,9340.10865135193
,,314000,,,,-347.87564825439455,0.001,4783.274541748046,313250,903.1,8425.070787405968
1192,5917,314345,1000.0,9340.121524810002,53,,,,,,
,,315000,,,,-356.2512046508789,0.001,3131.5524418334962,314250,1000.0,9319.138289642335
,,316000,,,,-351.7667663574219,0.001,3290.8233462524413,315250,1000.0,9318.291167163849
,,317000,,,,-344.9032741699219,0.001,3457.8063939208982,316250,1000.0,9324.626601409913
1196,5989,317379,990.34,9249.36802107,52,-349.10550604248044,0.001,2647.7134813537596,317250,,
,,318000,,,,-359.00240241156683,0.001,1796.7200020455025,317321,1000.0,9321.237958526612
,,319000,,,,-361.7987744750977,0.001,1007.9621552124023,318321,1000.0,9322.156085681916
,,320000,,,,-367.70819622802736,0.001,665.1388953857422,319321,1000.0,9320.29534626007
1200,6036,320416,980.71,9159.15897817,53,,,,,,
,,321000,,,,-376.38080511474607,0.001,1659.0736854248046,320321,1000.0,9321.718686199189
,,322000,,,,-378.7298023681641,0.001,3274.9634740905763,321321,1000.0,9322.506587219239
,,323000,,,,-370.6379025878906,0.001,6153.130052124024,322321,1000.0,9322.452336883545
,,324000,,,,-353.90423419189455,0.001,6760.297324707031,323321,1000.0,9322.769849586486
1204,6117,324416,980.71,9158.766158049999,53,,,,,,
,,325000,,,,-361.7746510009766,0.001,6043.255697631836,324321,1000.0,9326.142227458953
,,326000,,,,-368.87858013916014,0.001,5315.30444946289,325321,860.1,8015.126947903633
,,327000,,,,-373.6455666503906,0.001,5646.070583496094,326321,1000.0,9319.70075559616
,,328000,,,,-369.56308435058594,0.001,5448.973313354492,327321,1000.0,9318.880368804932
1208,6206,328416,980.71,9157.523492909999,52,,,,,,
,,329000,,,,-364.0295095214844,0.001,5083.228928222657,328321,1000.0,9321.47169971466
,,330000,,,,-367.2796929931641,0.001,5538.718853759766,329321,1000.0,9322.216556835174
,,331000,,,,-363.5825874633789,0.001,5822.637924194336,330321,1000.0,9318.84914970398
,,332000,,,,-359.8610131225586,0.001,5455.101913574219,331321,1000.0,9321.421407413483
1212,6292,332416,980.71,9156.17993699,52,,,,,,
,,333000,,,,-361.22165270996095,0.001,4228.046303588867,332321,1000.0,9318.790752220153
,,334000,,,,-361.362301940918,0.001,3606.181528198242,333321,1000.0,9318.928814792633
,,335000,,,,-360.8669020996094,0.001,3489.0031807250975,334321,1000.0,9319.134534740448
,,336000,,,,-363.8641044311523,0.001,2370.0633456115725,335321,1000.0,9316.951280879974
1216,6370,336416,980.71,9154.63834526,52,,,,,,
,,337000,,,,-367.2090960083008,0.001,2564.835031616211,336321,1000.0,9317.796319293975
,,338000,,,,-370.292198059082,0.001,2997.7180220336913,337321,1000.0,9317.187894535065
,,339000,,,,-383.2787382337782,0.001,3953.772510104709,338393,1000.0,9317.30191707611
1220,6425,339488,971.43,9066.440886859998,52,,,,,,
,,340000,,,,-378.5107883911133,0.001,4467.871146972656,339393,1000.0,9319.092302131652
,,341000,,,,-373.7884475097656,0.001,4994.276179809571,340393,1000.0,9320.47793893814
,,342000,,,,-380.2160454711914,0.001,4871.517044433594,341393,1000.0,9318.105682468415
,,343000,,,,-393.13544396972657,0.001,4868.861953491211,342393,1000.0,9319.73203754425
1224,6501,343488,971.43,9064.95046886,52,,,,,,
,,344000,,,,-389.9410983276367,0.001,5583.596000732422,343393,1000.0,9318.06144695282
,,345000,,,,-383.40250915527344,0.001,5407.373732788086,344393,1000.0,9317.233137321473
,,346000,,,,-384.1777185058594,0.001,6035.306738769531,345393,1000.0,9317.373472499847
1228,6571,346538,961.93,8974.81136158,52,-384.0867592163086,0.001,5988.219678466797,346393,,
1232,6574,346714,923.69,8616.64724619,52,-393.7694716680618,0.001,5835.595345430596,346575,,
,,347000,,,,-396.9338708496094,0.001,5779.413599131059,346668,809.8,7541.8422170519825
,,348000,,,,-393.3590949707031,0.001,5892.213849365235,347668,810.9,7552.541988039016
,,349000,,,,-393.9379450683594,0.001,7062.142122558594,348668,145.3,1343.6492064595222
1236,6624,349763,914.18,8526.441995729998,52,,,,,,
,,350000,,,,-396.48508422851563,0.001,7024.315046875,349668,1000.0,9326.880512619018
,,351000,,,,-394.7585168457031,0.001,5432.377231445313,350718,1000.0,9315.889149093628
,,352000,,,,-389.1756928100586,0.001,5825.189889160156,351718,1000.0,9322.550331783295
1240,6678,352813,904.68,8436.96715948,52,,,,,,
,,353000,,,,-394.1056641845703,0.001,6966.315585693359,352718,905.3,8439.3987729311
,,354000,,,,-396.7857565307617,0.001,6621.296878295899,353718,904.8,8431.205467152595
,,355000,,,,-402.8757764892578,0.001,6535.484661254883,354718,904.3,8421.817049825191
1244,6752,355872,895.27,8348.4107697,52,-401.6768126220703,0.001,8091.251126708984,355718,,
,,356000,,,,-399.20096697126115,0.001,7999.967786516462,355833,1000.0,9314.630272483826
,,357000,,,,-395.79851323908025,0.001,7447.011052911932,356877,529.5,4925.503195238113
1248,6777,357972,876.27,8170.53969638,52,,,,,,
,,358000,,,,-402.33812561035154,0.001,5667.686498535156,357877,138.5,1279.418127632141
,,359000,,,,-406.473669052124,0.001,4445.440313339233,357941,810.9,7550.883254563809
1252,6811,359338,849.93,7924.3109334,52,-399.9516059875488,0.001,4295.734262084961,359021,,
1256,6816,359836,814.91,7597.109915769999,52,-398.1261280795984,0.001,3575.4362717349973,359474,,
,,360000,,,,-398.4314559133429,0.001,3323.2778036853347,359741,1000.0,9315.33160381317
1260,6841,360991,786.46,7331.004433439999,52,-400.8609539529552,0.001,4101.693219124003,360845,,
,,361000,,,,-398.02017564039966,0.001,3743.413292978324,360896,1000.0,9316.245211696625
,,362000,,,,-398.2168059082031,0.001,3525.0768228759766,361896,1000.0,9315.094836807251
,,363000,,,,-399.48550457763673,0.001,3000.107381439209,362896,1000.0,9315.261652565003
,,364000,,,,-396.38133282470704,0.001,2995.670464630127,363896,94.8,872.9906767845154
1264,6905,364078,777.33,7244.977435450002,52,,,,,,
,,365000,,,,-396.42982305482377,0.001,1871.8599709697153,363983,926.1,8626.327734732628
1268,6929,365309,749.64,6985.967139360001,52,-402.0329223632813,0.001,635.112626139323,365145,,
1272,6933,365591,712.46,6638.223589820001,52,-403.18665592844894,0.001,413.25374621879763,365437,,
1276,6936,365899,675.54,6293.109208409999,52,-404.22307955834174,0.001,378.9855792137884,365721,,
,,366000,,,,-405.15050034295945,0.001,302.2116986010448,365804,246.0,2282.500704884529
1280,6947,366226,638.81,5950.01466625,52,-405.7599822013609,0.001,303.60210642738946,366075,,
1284,6950,366470,601.25,5599.30764468,52,-406.5693187713623,0.001,319.3940767728365,366311,,
1288,6952,366711,563.66,5248.427420260001,52,-407.05479104178295,0.001,340.12547221936677,366547,,
,,367000,,,,-406.5345230102539,0.001,375.39628659018985,366838,105.2,970.4924939393998
1292,6956,367121,527.76,4912.72332293,52,,,,,,
,,368000,,,,-409.5182620777803,0.001,543.676087248559,367128,444.8,4142.749289536476
1296,6976,368368,509.89,4745.93707118,52,-411.93021796731387,0.001,881.5598831176758,368187,,
,,369000,,,,-412.6741575043777,0.001,1203.8229039079051,368843,1000.0,9315.716838359833
1300,6992,369938,495.22,4608.93634827,52,,,,,,
,,370000,,,,-414.56519268798826,0.001,1135.1786437835694,369843,1000.0,9316.41497154236
,,371000,,,,-417.0962254638672,0.001,584.9303145523071,370843,1000.0,9323.68831729889
,,372000,,,,-421.22957867431643,0.001,299.53504880523684,371843,1000.0,9320.708165073394
,,373000,,,,-425.7881819458008,0.001,274.80594631195066,372843,90.4,831.766267645359
1304,7060,373018,486.02,4523.00461396,52,,,,,,
1308,7063,373504,450.88,4195.019274570001,52,-430.0918572467306,0.001,463.92168596516484,373241,,
,,374000,,,,-429.540526617141,0.001,654.3118275102363,373492,1000.0,9352.300720119476
,,375000,,,,-432.9852056884766,0.001,1018.7979675140381,374492,1000.0,9352.961012840271
,,376000,,,,-433.15654699707034,0.001,2079.490012329102,375492,1000.0,9340.23313217163
1312,7105,376587,441.71,4110.2805259199995,53,,,,,,
,,377000,,,,-428.8663157348633,0.001,2587.0117152709963,376492,1000.0,9345.791649913788
,,378000,,,,-424.54328393554687,0.001,2936.037249755859,377492,1000.0,9346.386699390412
,,379000,,,,-417.34307904052736,0.001,3388.822714538574,378492,1000.0,9350.018275928498
,,380000,,,,-406.82627282714844,0.001,3484.7302282104492,379492,1000.0,9353.960246276856
1316,7181,380587,441.71,4111.43336805,52,,,,,,
,,381000,,,,-397.79455645751955,0.001,3557.564177612305,380492,1000.0,9321.120621109008
,,382000,,,,-392.0234255981445,0.001,3336.3892367553713,381492,1000.0,9331.471494293213
,,383000,,,,-387.64216326904295,0.001,3113.348854980469,382492,1000.0,9347.785258674621
,,384000,,,,-379.39433178710937,0.001,3021.5540236816405,383492,1000.0,9333.208544063567
1320,7256,384587,450.99,4198.65253347,52,,,,,,
,,385000,,,,-375.1271491088867,0.001,2840.657541809082,384492,1000.0,9330.085052299499
,,386000,,,,-369.81838214111326,0.001,3115.7107634277345,385492,1000.0,9335.1462059021
,,387000,,,,-368.9745780639648,0.001,2734.816002746582,386492,1000.0,9322.273735046387
,,388000,,,,-368.58581243896487,0.001,2146.9902849121095,387492,1000.0,9336.790386486053
1324,7327,388587,450.99,4199.11749533,53,,,,,,
,,389000,,,,-366.98923901367186,0.001,1902.9969731445312,388492,1000.0,9337.894024562836
,,390000,,,,-368.54294342041015,0.001,1976.974537536621,389492,1000.0,9329.034838485717
,,391000,,,,-368.6407781982422,0.001,1751.7019824829101,390492,1000.0,9340.339964485169
,,392000,,,,-367.780520324707,0.001,1331.9465411376952,391492,1000.0,9347.018373394012
1328,7408,392587,460.49,4288.621032979999,52,,,,,,
,,393000,,,,-367.3826311645508,0.001,1324.0169574279785,392492,1000.0,9336.699458122253
,,394000,,,,-366.61810498046873,0.001,1179.0765780944823,393492,1000.0,9333.843226718902
,,395000,,,,-366.7713256225586,0.001,1080.2922018737793,394492,1000.0,9338.98787202835
,,396000,,,,-366.1132116699219,0.001,1224.2849627075195,395492,1000.0,9330.275887680054
1332,7490,396587,498.73,4646.10232466,52,,,,,,
,,397000,,,,-363.4798757324219,0.001,1304.5903230438232,396492,1000.0,9328.904839420318
,,398000,,,,-363.3517802734375,0.001,1195.2819102020264,397492,1000.0,9334.250742626191
,,399000,,,,-368.9322948608398,0.001,863.4902405548096,398492,1000.0,9336.174032878876
,,400000,,,,-376.1866903076172,0.001,611.2261215209961,399492,1000.0,9343.497679710388
1336,7567,400587,508.24,4735.57246494,52,,,,,,
