time/fps,train/critic_loss,time/time_elapsed,train/n_updates,time/episodes,train/actor_loss,time/total_timesteps,rollout/ep_rew_mean,train/learning_rate,rollout/ep_len_mean,eval/mean_reward,eval/mean_ep_length
293,0.025855363650713115,10,2012,4,-5.699909112751484,3012,-1168.498833,0.001,753.0,,
,0.05867743807658553,,4012,,2.6955045990943907,5000,,0.001,,-2651.374830365181,1000.0
169,0.037761552875395864,35,6012,8,3.1193163676261904,6033,-1572.6286343749998,0.001,754.125,,
198,0.11466591859795153,41,7268,12,3.739690291881561,8268,-1556.6009510000001,0.001,689.0,,
,0.22533290833234787,,9388,,4.214367844841697,10000,,0.001,,140.03686664681882,322.2
191,,54,,16,,10388,-1324.6969533125,,649.25,,
198,0.22816705031692983,72,13388,20,1.4585143035033252,14388,-935.6071957499998,0.001,719.4,,
,0.24136589758098126,,14388,,0.2826548093110323,15000,,0.001,,545.9617585311178,1000.0
185,0.28997605641186236,99,17388,24,-2.4392197182178497,18388,-691.1772175416668,0.001,766.1666666666666,,
,0.29291046588122843,,19388,,-3.79889803647995,20000,,0.001,,336.6469401096227,1000.0
178,0.3187292289733887,125,21388,28,-5.135299718856811,22388,-501.6790295000001,0.001,799.5714285714286,,
,0.2942059235870838,,24388,,-7.340121094703674,25000,,0.001,,669.0736731844023,1000.0
173,0.29875127446651456,152,25388,32,-8.148995248794556,26388,-368.67015028125,0.001,824.625,,
,0.32798449078202246,,29388,,-11.26884059906006,30000,,0.001,,707.5591736837989,915.7
169,,179,,36,,30388,-263.2067685555555,,844.1111111111111,,
173,0.2983071064800024,197,33388,40,-14.662395866394043,34388,-174.30646622500004,0.001,859.7,,
,0.29124609561264514,,34388,,-15.306393501281738,35000,,0.001,,874.4056314716581,1000.0
171,0.24786471882462502,224,37388,44,-17.618071578979492,38388,-81.21609847727278,0.001,872.4545454545455,,
,0.2501232482716441,,39388,,-19.175010635375976,40000,,0.001,,866.4751747226343,1000.0
168,0.28237302611768245,251,41388,48,-21.061908588409423,42388,-5.4599018541666835,0.001,883.0833333333334,,
,0.34082720750570294,,44388,,-23.38302922821045,45000,,0.001,,828.1784717701375,1000.0
166,0.3497787158489227,278,45388,52,-24.069910846710204,46388,60.81206928846153,0.001,892.0769230769231,,
,0.4017243344783783,,49388,,-27.28940800857544,50000,,0.001,,866.0530998930335,1000.0
164,,305,,56,,50388,105.89521655357142,,899.7857142857143,,
167,0.48004466819763186,323,53388,60,-30.454873462677003,54388,149.17885084999998,0.001,906.4666666666667,,
,0.49906801779568194,,54388,,-31.093038208007812,55000,,0.001,,753.7653550092597,1000.0
166,0.6592697822898627,350,57388,64,-32.47807492828369,58388,186.43074404687496,0.001,912.3125,,
,0.6915522165894509,,59388,,-33.337488193511966,60000,,0.001,,612.0973045435734,1000.0
165,0.754937838435173,376,61388,68,-34.43887461090088,62388,216.58795729411764,0.001,917.4705882352941,,
,1.1164474851191044,,64388,,-35.94097459411621,65000,,0.001,,-19.41336719696701,901.2
163,1.2078392438292502,400,65388,72,-36.08004541778565,65406,188.50996179166668,0.001,908.4166666666666,,
166,1.2046242662370206,415,68406,76,-36.114791458129886,69406,168.2569559473684,0.001,913.2368421052631,,
,1.1625477130115032,,69406,,-35.63805087280274,70000,,0.001,,714.118725816533,1000.0
165,0.7953694388270378,437,71418,80,-35.837823232014976,72418,188.32845325,0.001,905.225,,
,0.8934803512692452,,74418,,-35.96447661590576,75000,,0.001,,470.2638629026711,1000.0
165,0.8458430593013764,462,75418,84,-35.86193916320801,76418,215.42106301190475,0.001,909.7380952380952,,
,0.7506138081252575,,79418,,-36.03747186279297,80000,,0.001,,697.937010442745,1000.0
164,,488,,88,,80418,230.89837069318176,,913.8409090909091,,
166,0.6247188932895661,506,83418,92,-36.081887939453125,84418,249.11798011956517,0.001,917.5869565217391,,
,0.5858623326569795,,84418,,-36.242605682373046,85000,,0.001,,914.2728593148291,1000.0
165,0.5314384839534759,532,87418,96,-37.1655260925293,88418,276.7681837916666,0.001,921.0208333333334,,
,0.5465723124742508,,89418,,-37.5025774307251,90000,,0.001,,857.2622765420004,1000.0
164,0.5179274571239948,560,91418,100,-37.9842176361084,92418,297.65971189999993,0.001,924.18,,
,0.48763109487295153,,94418,,-38.287423324584964,95000,,0.001,,798.0683462317568,1000.0
164,0.5025613512396813,586,95418,104,-38.5056201171875,96418,376.33842709,0.001,934.06,,
,0.3971027891486883,,99418,,-39.42139734649658,100000,,0.001,,910.290410783887,1000.0
163,,613,,108,,100418,490.47437187,,943.85,,
165,0.3833618701994419,631,103418,112,-40.720274284362795,104418,588.14843028,0.001,961.5,,
,0.3865141762942076,,104418,,-40.910065994262695,105000,,0.001,,894.8592470079427,1000.0
164,0.36524198443442585,657,107418,116,-41.67528086090088,108418,650.06495047,0.001,980.3,,
,0.33160038067400455,,109418,,-42.24984739685058,110000,,0.001,,848.170432471484,1000.0
164,0.3499359180778265,684,111418,120,-42.85912652587891,112418,659.7664002399999,0.001,980.3,,
,0.33404965262115,,114418,,-43.37846883392334,115000,,0.001,,871.6695897556841,1000.0
163,0.3313227170333266,710,115418,124,-43.583006301879884,116418,666.9099010199998,0.001,980.3,,
,0.32682339757680895,,119418,,-44.43644017791748,120000,,0.001,,914.8842664264142,1000.0
163,,736,,128,,120418,677.5254543,,980.3,,
164,0.317200769610703,755,123418,132,-45.45188658905029,124418,688.05903453,0.001,980.3,,
,0.31629542434960606,,124418,,-45.618679222106934,125000,,0.001,,897.2100639575161,1000.0
164,0.30940388976037503,781,127418,136,-46.35803691864014,128418,701.8394656099999,0.001,980.3,,
,0.3130692830234766,,129418,,-46.80788543701172,130000,,0.001,,893.2216974085197,1000.0
163,0.2923614006862044,807,131418,140,-47.158992851257324,132418,713.43848817,0.001,980.3,,
,0.29486993184685706,,134418,,-47.6292174987793,135000,,0.001,,894.3904521927237,1000.0
163,0.31620539462566377,834,135418,144,-47.81291070556641,136418,716.4025561999999,0.001,980.3,,
,0.31051315762847664,,139418,,-48.39278914642334,140000,,0.001,,925.3883300028741,1000.0
163,,860,,148,,140418,717.85780889,,980.3,,
164,0.31268457501381636,879,143418,152,-49.07181623840332,144418,720.0807244800001,0.001,980.3,,
,0.32128060410916803,,144418,,-49.16920597076416,145000,,0.001,,913.8021193158347,1000.0
163,0.3132826388031244,906,147418,156,-49.631591796875,148418,730.35629206,0.001,980.3,,
,0.2881120917350054,,149418,,-49.99371552276612,150000,,0.001,,943.0575088804587,1000.0
163,0.2856851690858603,932,151418,160,-50.21184298706055,152418,737.0323066899999,0.001,980.3,,
,0.2814580964744091,,154418,,-50.60089946746826,155000,,0.001,,922.3229674771428,1000.0
162,0.3000584946796298,959,155418,164,-50.741576606750485,156418,742.3259751800001,0.001,980.3,,
,0.2610416371524334,,159418,,-51.20537979888916,160000,,0.001,,901.5671085994691,1000.0
162,,985,,168,,160418,750.78368187,,980.3,,
163,0.258591073602438,1003,163418,172,-51.38707740783691,164418,799.19709203,0.001,990.12,,
,0.28324943072348835,,164418,,-51.401163688659665,165000,,0.001,,915.195545848459,1000.0
163,0.25069247710704806,1029,167418,176,-51.483613372802736,168418,843.7432916000001,0.001,990.12,,
,0.2601118675470352,,169418,,-51.60794870758057,170000,,0.001,,701.438263314031,1000.0
163,0.24642291036248207,1055,171418,180,-51.63745857238769,172418,858.0457579099998,0.001,1000.0,,
,0.24358650217950345,,174418,,-51.874885345458985,175000,,0.001,,726.6710601001978,1000.0
163,0.22497682370990515,1082,175418,184,-51.97711753082275,176418,861.0405837700001,0.001,1000.0,,
,0.23154555353522302,,179418,,-52.195949211120606,180000,,0.001,,875.9652721390128,1000.0
162,,1108,,188,,180418,874.7846170700002,,1000.0,,
163,0.24052874647825956,1126,183418,192,-52.453663482666016,184418,885.75703146,0.001,1000.0,,
,0.24182384569197893,,184418,,-52.54305658721924,185000,,0.001,,888.8589193362743,1000.0
163,0.20871315912157298,1153,187418,196,-52.743721435546874,188418,884.91657583,0.001,1000.0,,
,0.22977679025381803,,189418,,-52.923579986572264,190000,,0.001,,878.554038476944,1000.0
163,0.23848255384713413,1179,191418,200,-53.02912291717529,192418,888.98074719,0.001,1000.0,,
,0.230295267932117,,194418,,-53.3242590637207,195000,,0.001,,912.7174969360233,1000.0
162,0.23625657922029494,1205,195418,204,-53.44677252960205,196418,894.06985291,0.001,1000.0,,
,0.2571175131574273,,199418,,-53.65229685974121,200000,,0.001,,900.5372411187273,1000.0
162,,1231,,208,,200418,894.72874629,,1000.0,,
163,0.3093452600836754,1250,203418,212,-53.21927291870117,204418,894.96800425,0.001,1000.0,,
,0.32448988837003706,,204418,,-53.0563925704956,205000,,0.001,,870.4620428487658,1000.0
163,0.3510064920336008,1276,207418,216,-52.37318213653565,208418,892.59720743,0.001,1000.0,,
,0.33551491326093674,,209418,,-52.19348282623291,210000,,0.001,,801.2549609026406,1000.0
163,0.34815658458322285,1303,211418,220,-52.1898500289917,212418,887.96878914,0.001,1000.0,,
,0.318446146145463,,214418,,-52.00614984130859,215000,,0.001,,752.5127856224775,1000.0
162,0.30148539228737353,1329,215418,224,-52.023213119506835,216418,893.3560596000002,0.001,1000.0,,
,0.3578697879612446,,219418,,-51.753683227539064,220000,,0.001,,652.873860475421,1000.0
162,,1355,,228,,220418,855.3915627900001,,1000.0,,
163,0.4889996757954359,1373,223418,232,-51.37626956176758,224418,854.5419676899999,0.001,1000.0,,
,0.5064493924677372,,224418,,-50.96428768157959,225000,,0.001,,792.2941772181075,1000.0
163,0.5132083098590374,1399,227418,236,-49.95434736633301,228418,848.88574987,0.001,1000.0,,
,0.48442498533427714,,229418,,-49.53861860656738,230000,,0.001,,622.9330236114562,1000.0
162,0.4603812855482101,1426,231418,240,-49.66143682861328,232418,841.1575797400001,0.001,1000.0,,
,0.4171798843443394,,234418,,-50.16825023651123,235000,,0.001,,816.0881925731898,1000.0
162,0.4264280436486006,1452,235418,244,-50.49659820556641,236418,836.9686258500001,0.001,1000.0,,
,0.4411009857058525,,239418,,-50.7885142288208,240000,,0.001,,719.1139124535024,801.6
162,,1476,,248,,240418,833.0167760800001,,1000.0,,
163,0.3463096234947443,1495,243418,252,-51.6330100479126,244418,830.4193573600002,0.001,1000.0,,
,0.3633376762419939,,244418,,-51.9081997680664,245000,,0.001,,766.0038162142039,1000.0
163,0.35486852926760915,1521,247418,256,-52.30522158813476,248418,828.20367283,0.001,1000.0,,
,0.3836942705065012,,249418,,-52.78959250640869,250000,,0.001,,851.6751606252044,1000.0
162,0.39452912847697735,1549,251418,260,-53.00785511016846,252418,824.6475452100001,0.001,1000.0,,
,0.4682216902524233,,254418,,-52.6227749710083,255000,,0.001,,619.1105583487079,1000.0
162,0.4617998858690262,1575,255418,264,-52.386737449646,256418,807.1328866000002,0.001,1000.0,,
,0.48184439472854135,,259418,,-52.77150075531006,260000,,0.001,,890.8381578363478,1000.0
162,,1602,,268,,260418,805.79274123,,1000.0,,
163,0.42461672791838645,1620,263418,272,-51.95437952423096,264418,798.5715247399999,0.001,1000.0,,
,0.4415794380605221,,264418,,-51.860241432189945,265000,,0.001,,873.8476984895766,1000.0
163,0.5372232864201069,1646,267418,276,-50.78294396209717,268418,795.8682356800001,0.001,1000.0,,
,0.5015845207870007,,269418,,-50.260196319580075,270000,,0.001,,774.4840015664697,1000.0
162,0.5148800604939461,1672,271418,280,-49.909809448242186,272418,791.6564529700001,0.001,1000.0,,
,0.499598840624094,,274418,,-49.933875282287595,275000,,0.001,,747.0697845259681,1000.0
162,0.53818192756176,1699,275418,284,-49.8610873413086,276418,789.5248338,0.001,1000.0,,
,0.5466598301678895,,279418,,-49.318558334350584,280000,,0.001,,663.5897976472974,916.0
162,,1725,,288,,280418,784.2803482199998,,1000.0,,
163,0.5096829899549484,1744,283418,292,-49.03752345275879,284418,783.88111591,0.001,1000.0,,
,0.5108936658650637,,284418,,-48.97015919494629,285000,,0.001,,763.5775411717593,1000.0
162,0.5194397564232349,1770,287418,296,-48.9109437866211,288418,784.2292267999999,0.001,1000.0,,
,0.5194929521828889,,289418,,-48.61716287231445,290000,,0.001,,875.9808718657121,1000.0
162,0.5575929068773985,1796,291418,300,-48.50085089874268,292418,782.0507534699999,0.001,1000.0,,
,0.5632840394228696,,294418,,-48.15805192565918,295000,,0.001,,268.3856509998386,1000.0
162,0.583684946000576,1823,295418,304,-47.830053985595704,296418,766.6575793499999,0.001,1000.0,,
,0.4583084701150656,,299418,,-47.990382087707516,300000,,0.001,,884.5042605929077,1000.0
162,,1848,,308,,300418,749.62320504,,1000.0,,
163,0.4285814539045095,1867,303418,312,-48.466603843688965,304418,748.66046872,0.001,1000.0,,
,0.43610249732434747,,304418,,-48.508363861083986,305000,,0.001,,840.0868274650536,1000.0
162,0.46881379893422126,1893,307418,316,-48.46078584289551,308418,746.5590356,0.001,1000.0,,
,0.5439104231595993,,309418,,-48.09801188659668,310000,,0.001,,863.7957800598815,1000.0
162,0.5812585227787495,1919,311418,320,-48.110557571411135,312418,748.67385859,0.001,1000.0,,
,0.5059636332839728,,314418,,-48.21029684448242,315000,,0.001,,836.7309170007705,1000.0
162,0.5218246845752,1946,315418,324,-48.47344844818115,316418,745.20934025,0.001,1000.0,,
,0.6347646545469761,,319418,,-48.471243156433104,320000,,0.001,,809.8224380478263,1000.0
162,,1972,,328,,320418,776.47427508,,1000.0,,
162,0.6009603992700577,1991,323418,332,-47.71602117156982,324418,775.2285521900001,0.001,1000.0,,
,0.60911284288764,,324418,,-47.29540719604492,325000,,0.001,,852.0336248851847,1000.0
162,0.6107245816886425,2018,327418,336,-47.26275341796875,328418,755.8189077499998,0.001,1000.0,,
,0.5622427381575108,,329418,,-47.48069947814941,330000,,0.001,,668.7888595998287,1000.0
162,0.5394194879084826,2043,331418,340,-47.352376106262206,332418,748.2900667,0.001,1000.0,,
,0.6547834575176239,,334418,,-47.24806228637695,335000,,0.001,,712.4821867269696,1000.0
162,0.721846726924181,2070,335418,344,-46.981622688293456,336418,729.4657704,0.001,1000.0,,
162,0.9284322526156902,2085,338773,348,-43.99440956115723,339773,692.64389236,0.001,993.55,,
,0.9059234077036381,,339773,,-43.23604621124267,340000,,0.001,,-457.0938438131913,1000.0
162,0.859920713275671,2112,342773,352,-42.834494659423825,343773,690.3525299600001,0.001,993.55,,
,0.7721459487974643,,344773,,-42.71776382446289,345000,,0.001,,799.4350442111493,1000.0
162,0.7199999524652958,2137,346773,356,-42.6653677520752,347773,689.2863514699999,0.001,993.55,,
,0.7841688819527626,,349773,,-42.765680450439454,350000,,0.001,,771.2870113029145,1000.0
162,0.7158645465970039,2163,350773,360,-42.62488132476807,351773,679.27071088,0.001,993.55,,
,0.5563576138615608,,354773,,-42.21310187530518,355000,,0.001,,754.8071769937873,1000.0
162,,2189,,364,,355773,673.9158551599999,,993.55,,
162,0.5402624169588089,2208,358773,368,-42.42363932037353,359773,672.8640020500002,0.001,993.55,,
,0.514382566049695,,359773,,-42.66674117279053,360000,,0.001,,709.1099893149919,1000.0
162,0.5533292117267847,2234,362773,372,-43.2921597366333,363773,673.1734381500002,0.001,993.55,,
,0.5667808600366115,,364773,,-43.05276142883301,365000,,0.001,,750.4579628296196,1000.0
162,0.5765075563639402,2261,366773,376,-43.74581655883789,367773,671.72137242,0.001,993.55,,
,0.550331506639719,,369773,,-44.244959991455076,370000,,0.001,,891.1211348578333,1000.0
162,0.5242711705714465,2287,370773,380,-44.10633470153809,371773,673.0277945599998,0.001,993.55,,
,0.5329696657955647,,374773,,-44.29080007171631,375000,,0.001,,877.7241970032453,1000.0
162,,2313,,384,,375773,677.80462327,,993.55,,
162,0.5400253678113223,2332,378773,388,-44.67702663421631,379773,682.3078737200001,0.001,993.55,,
,0.5586370646357536,,379773,,-44.677892456054686,380000,,0.001,,907.9105022516102,1000.0
162,0.6273758570253849,2358,382773,392,-44.488999755859375,383773,681.1449339400002,0.001,993.55,,
,0.6406541252732277,,384773,,-44.54023585510254,385000,,0.001,,837.4405817404389,1000.0
162,0.6112063562422991,2385,386773,396,-44.92719446563721,387773,672.26428348,0.001,993.55,,
,0.619125685453415,,389773,,-45.41042960357666,390000,,0.001,,566.9051680208416,1000.0
162,0.6399508848488331,2411,390773,400,-45.158875526428226,391773,664.47567482,0.001,993.55,,
,0.5357592529505492,,394773,,-45.77587078857422,395000,,0.001,,877.1084268253296,1000.0
162,,2437,,404,,395773,676.8150570900002,,993.55,,
162,0.47237722554802897,2456,398773,408,-46.76538110351562,399773,674.4774579300001,0.001,993.55,,
,0.4655895764529705,,399773,,-46.7346911239624,400000,,0.001,,903.3439914944581,1000.0
162,0.4928959558457136,2483,402773,412,-47.08282890319824,403773,674.2398602000001,0.001,993.55,,
,0.5074157339036465,,404773,,-47.08172368621826,405000,,0.001,,718.0983453277498,1000.0
162,0.5975217727124691,2510,406773,416,-46.681113861083986,407773,667.3413904199999,0.001,993.55,,
,0.49551097564399244,,409773,,-46.607999366760254,410000,,0.001,,724.9208946506493,1000.0
162,0.4473527502417564,2536,410773,420,-46.57330556488037,411773,660.93809327,0.001,993.55,,
,0.4449444792121649,,414773,,-47.014005966186524,415000,,0.001,,876.450734791439,1000.0
162,,2563,,424,,415773,665.75096792,,993.55,,
162,0.5015248253643513,2581,418773,428,-47.07304215240479,419773,670.2921026399999,0.001,993.55,,
,0.5259892719537019,,419773,,-47.058806510925294,420000,,0.001,,801.5017253205181,1000.0
162,0.6350223189592361,2607,422773,432,-47.22905281066895,423773,669.0786678299999,0.001,993.55,,
,0.5542609330415725,,424773,,-47.275872215270994,425000,,0.001,,256.4602371768764,1000.0
162,0.4959453528225422,2634,426773,436,-47.41059972381592,427773,689.20221458,0.001,993.55,,
,0.3828781497627497,,429773,,-47.68779096221924,430000,,0.001,,735.9055587969721,1000.0
162,0.35577193668484686,2659,430773,440,-47.75747428894043,431773,700.59129091,0.001,993.55,,
,0.31121443229168655,,434773,,-48.5924974899292,435000,,0.001,,848.8913259967696,1000.0
162,,2685,,444,,435773,719.64879332,,993.55,,
162,0.32524665911495687,2704,438773,448,-49.45424436187744,439773,760.6973752699997,0.001,1000.0,,
,0.3439048656821251,,439773,,-49.639539909362796,440000,,0.001,,923.9638187170028,1000.0
162,0.35288448064029215,2730,442773,452,-50.07934619140625,443773,765.04609914,0.001,1000.0,,
,0.3341174061149359,,444773,,-50.30182929229736,445000,,0.001,,918.6525885380804,1000.0
162,0.33205159070342777,2756,446773,456,-50.582821098327635,447773,766.46698426,0.001,1000.0,,
,0.31281716164946555,,449773,,-51.053109214782715,450000,,0.001,,872.1991230836138,1000.0
162,0.2990448121279478,2782,450773,460,-51.282394577026366,451773,777.9432021,0.001,1000.0,,
,0.35802564658224584,,454773,,-52.363485244750976,455000,,0.001,,860.7896970175673,1000.0
162,,2809,,464,,455773,801.8677302499999,,1000.0,,
162,0.407895568087697,2827,458773,468,-53.04374883270264,459773,804.9994642800001,0.001,1000.0,,
,0.41271949826180937,,459773,,-53.17731916809082,460000,,0.001,,939.3470603428781,1000.0
162,0.389316954895854,2853,462773,472,-53.56440494537353,463773,811.7984788300001,0.001,1000.0,,
,0.3843031574189663,,464773,,-53.72537399291992,465000,,0.001,,894.6775409057736,1000.0
162,0.3933012121021748,2879,466773,476,-53.8949659576416,467773,814.7740273000003,0.001,1000.0,,
,0.44255125863850114,,469773,,-53.92869735717773,470000,,0.001,,868.4611562058329,1000.0
162,0.43669500650465487,2905,470773,480,-53.95764655303955,471773,813.8761103999999,0.001,1000.0,,
,0.4511079806685448,,474773,,-53.5515320892334,475000,,0.001,,867.7046772997826,1000.0
162,,2931,,484,,475773,812.3098352900001,,1000.0,,
162,0.49577398535609246,2949,478773,488,-52.89512689971924,479773,813.7116981799998,0.001,1000.0,,
,0.48045870004594327,,479773,,-52.76442428588867,480000,,0.001,,869.2501593198627,1000.0
162,0.4844882343411446,2975,482773,492,-52.29350656890869,483773,814.51566003,0.001,1000.0,,
,0.4584761589616537,,484773,,-52.18825720977783,485000,,0.001,,606.0265373641275,1000.0
162,0.44558565467596056,3002,486773,496,-51.88340090179443,487773,818.93856654,0.001,1000.0,,
,0.4762441540658474,,489773,,-51.371165161132815,490000,,0.001,,776.4460120506585,1000.0
162,0.45558605809509756,3028,490773,500,-51.23088592529297,491773,820.8647262199999,0.001,1000.0,,
,0.41840528225898743,,494773,,-51.00125524139404,495000,,0.001,,724.0787912081927,1000.0
162,,3054,,504,,495773,816.3511663699996,,1000.0,,
162,0.4143638407289982,3072,498773,508,-50.85907294464111,499773,836.4690369000001,0.001,1000.0,,
,0.4532662447988987,,499773,,-50.88057582092285,500000,,0.001,,830.3067753011361,1000.0
162,0.44916040733456614,3099,502773,512,-51.08204973602295,503773,835.3110128099999,0.001,1000.0,,
,0.48990542571246626,,504773,,-51.017547973632816,505000,,0.001,,833.5959938496351,1000.0
162,0.48312994800508025,3126,506773,516,-50.85263655090332,507773,843.7330035899998,0.001,1000.0,,
,0.5083881474882365,,509773,,-51.0263152923584,510000,,0.001,,802.4739850880578,1000.0
162,0.47840712033212185,3153,510773,520,-51.16454109954834,511773,851.5269088,0.001,1000.0,,
,0.6265616627335548,,514773,,-50.775337127685546,515000,,0.001,,838.1947225622832,1000.0
162,,3179,,524,,515773,850.9269128899999,,1000.0,,
162,0.916688603490591,3197,518773,528,-48.52567015075684,519773,823.8997556300002,0.001,1000.0,,
,0.8969308170676231,,519773,,-47.929755416870115,520000,,0.001,,738.3091205976904,1000.0
162,0.7598662014007569,3223,522773,532,-46.38204418182373,523773,824.0215127600001,0.001,1000.0,,
,0.7647256888747215,,524773,,-45.27004066467285,525000,,0.001,,447.17381991449804,1000.0
162,0.9003530120551586,3249,526773,536,-44.30191788482666,527773,818.6381577199999,0.001,1000.0,,
,0.9034859279692173,,529773,,-42.75810726165771,530000,,0.001,,552.7912219628691,1000.0
162,0.9340042159557342,3275,530773,540,-42.301217582702634,531773,800.5784357900001,0.001,1000.0,,
,1.0944366690516472,,534773,,-40.993940658569336,535000,,0.001,,768.2420208048076,1000.0
162,,3301,,544,,535773,784.4487721200001,,1000.0,,
162,1.1683048477768898,3319,538773,548,-41.537179985046386,539773,780.0491062599999,0.001,1000.0,,
,1.2111229021549226,,539773,,-41.44986246490478,540000,,0.001,,706.7859116308391,1000.0
162,1.0882131027281283,3345,542773,552,-40.81010900878906,543773,776.7835672300002,0.001,1000.0,,
,0.9884978658258915,,544773,,-41.12379183959961,545000,,0.001,,757.8951006742078,1000.0
162,0.9942475644648076,3371,546773,556,-41.59867037963867,547773,757.7725084400001,0.001,1000.0,,
,0.8630923380553722,,549773,,-41.82153592681885,550000,,0.001,,749.7550418369908,1000.0
162,0.8401784461438656,3398,550773,560,-41.5857596282959,551773,751.93296385,0.001,1000.0,,
162,0.821744321167469,3415,554773,564,-40.77939357757568,554815,729.7888944499999,0.001,990.42,,
,0.7242708887372699,,554850,,-40.85396639506022,555000,,0.001,,548.0177507174492,907.9
162,0.850783544331789,3432,556850,568,-40.51477601623535,557850,699.3057861099999,0.001,980.77,,
,1.2690375264286995,,559850,,-40.696731910705566,560000,,0.001,,633.820562439796,1000.0
162,1.8448058280944823,3459,560850,572,-41.073920616149906,561850,686.9299084300001,0.001,980.77,,
,1.655669626891613,,564850,,-41.902531372070314,565000,,0.001,,727.4774182656344,1000.0
162,,3485,,576,,565850,663.71134439,,980.77,,
162,1.773213328242302,3503,568850,580,-41.12535163116455,569850,635.0516285900001,0.001,980.77,,
,1.6901122156381607,,569850,,-40.441423049926755,570000,,0.001,,196.9374913866981,1000.0
162,1.5255124428868294,3529,572850,584,-39.495507949829104,573850,626.69291865,0.001,980.77,,
,1.6091468824744224,,574850,,-38.682913711547855,575000,,0.001,,603.4572723209858,1000.0
162,2.041754399418831,3555,576850,588,-37.111384460449216,577850,613.88906504,0.001,980.77,,
,2.7421322581768037,,579850,,-34.487592224121094,580000,,0.001,,85.97616577125154,1000.0
162,2.8819320183992385,3581,580850,592,-33.746400970458986,581850,564.10419124,0.001,980.77,,
,1.984887848317623,,584850,,-31.3970129737854,585000,,0.001,,609.154887691536,1000.0
162,,3607,,596,,585850,554.6105929500001,,980.77,,
162,1.809867012500763,3621,587965,600,-29.77036596599378,588965,533.76797477,0.001,971.92,,
,1.8352315883040429,,589965,,-29.753631969451906,590000,,0.001,,210.97798537618945,1000.0
162,1.7468344864845275,3647,591965,604,-30.032144050598145,592965,525.61075914,0.001,971.92,,
,1.8971036293506622,,594965,,-30.770337127685547,595000,,0.001,,469.01656010269653,1000.0
162,1.927325036585331,3673,595965,608,-31.093676891326904,596965,495.1076914899999,0.001,971.92,,
,1.6447481381893159,,599113,,-31.502256618499757,600000,,0.001,,-815.5448055556378,1000.0
162,,3695,,612,,600113,452.97307657,,963.4,,
162,1.5501076284646989,3713,603113,616,-31.724104888916017,604113,410.74192130000006,0.001,963.4,,
,1.4862690612077714,,604113,,-31.83016464614868,605000,,0.001,,-486.0624182904004,1000.0
162,1.7336763355731963,3740,607113,620,-31.571937393188477,608113,353.38253240000006,0.001,963.4,,
,1.8932081729769707,,609113,,-30.878385040283202,610000,,0.001,,299.2204939760268,1000.0
162,1.844202321767807,3766,611113,624,-30.958838806152343,612113,324.61767040000007,0.001,963.4,,
,1.824812154352665,,614113,,-32.11456074142456,615000,,0.001,,45.28704350310436,921.2
162,1.7016074702739716,3793,615113,628,-32.46212553024292,616113,322.00377647,0.001,963.4,,
162,1.7991428686976432,3808,618550,632,-33.80109103012085,619550,314.07186803,0.001,957.77,,
,1.810913911819458,,619550,,-33.872331787109374,620000,,0.001,,384.494313780962,1000.0
162,2.11847922539711,3834,622550,636,-33.85814535522461,623550,318.15359176999993,0.001,957.77,,
,2.0832308639883994,,624550,,-34.19926828384399,625000,,0.001,,753.2781411026372,1000.0
162,1.9500592898130418,3860,626550,640,-34.26013134384155,627550,330.59027602000003,0.001,957.77,,
,1.9514561235904693,,629550,,-33.70065022277832,630000,,0.001,,-118.51999140933621,904.5
162,1.951109954714775,3885,630550,644,-33.19836988830566,631550,326.64662535,0.001,957.77,,
162,1.9388784545232944,3895,633018,648,-31.986621821148795,633148,289.4270887,0.001,933.75,,
,1.9096019551157952,,634148,,-31.67709310531616,635000,,0.001,,80.52813012420665,810.8
162,1.924513622522354,3916,636148,652,-31.167744789123535,637148,239.62651904999998,0.001,933.75,,
,1.8524192752242088,,639148,,-30.657476585388185,640000,,0.001,,293.4115971618565,1000.0
162,1.8599793878793716,3943,640148,656,-30.298529220581056,641148,240.81360937000002,0.001,933.75,,
,1.759089227795601,,644148,,-29.246601238250733,645000,,0.001,,605.321095937863,1000.0
162,,3969,,660,,645148,230.03811312,,933.75,,
162,1.6260669724941255,3987,648148,664,-30.582996604919433,649148,244.06761668000001,0.001,943.33,,
,1.7126114382743836,,649148,,-30.28738827896118,650000,,0.001,,371.14861721312917,1000.0
162,2.2679622249007223,4013,652148,668,-29.312602645874023,653148,243.71827291999998,0.001,952.98,,
,2.0047275348901747,,654148,,-28.36711279678345,655000,,0.001,,-71.07499078282271,1000.0
162,2.066290824353695,4039,656148,672,-27.738991104125976,657148,228.20256715999997,0.001,952.98,,
,1.893822709798813,,659148,,-27.232175926208495,660000,,0.001,,78.97536520662979,1000.0
162,1.9605315924286841,4066,660148,676,-26.480205711364746,661148,223.87799852,0.001,952.98,,
,2.2492677941322325,,664148,,-24.984259494781494,665000,,0.001,,512.9566014114068,1000.0
162,,4092,,680,,665148,226.13288655,,952.98,,
162,2.407777708053589,4110,668148,684,-24.09251836013794,669148,216.08748288000007,0.001,952.98,,
,2.4402977912425996,,669148,,-23.986166954040527,670000,,0.001,,353.2819172406569,1000.0
162,2.3554014620184898,4136,672148,688,-24.318984027862548,673148,198.83339243000006,0.001,952.98,,
,1.9556379728913307,,674148,,-24.433529209136964,675000,,0.001,,431.5305638938444,1000.0
162,1.9451909312605857,4162,676148,692,-24.45360517501831,677148,225.45275854999997,0.001,952.98,,
,1.888163289129734,,679148,,-23.58468254470825,680000,,0.001,,176.1155903741892,1000.0
162,1.8636572515368461,4188,680148,696,-23.65346564102173,681148,210.09276526000005,0.001,952.98,,
,1.7524655633568764,,684148,,-23.805430946350096,685000,,0.001,,594.8606269854587,1000.0
162,,4214,,700,,685148,224.31600659999995,,961.83,,
162,1.8170977324843407,4232,688148,704,-23.518873161315916,689148,222.02169083999996,0.001,961.83,,
,1.8454407795667649,,689148,,-23.203839420318605,690000,,0.001,,293.1010632248188,1000.0
162,1.8059195584654808,4258,692148,708,-22.801811378479005,693148,224.18700336000006,0.001,961.83,,
,1.9082736028432845,,694148,,-22.5820256690979,695000,,0.001,,375.9849059216678,1000.0
162,1.938981708943844,4284,696148,712,-22.615425735473632,697148,246.76462045,0.001,970.35,,
,2.0629192336797715,,699148,,-22.07833885192871,700000,,0.001,,688.965486072097,1000.0
162,1.9055117765069007,4311,700148,716,-22.13901529312134,701148,279.16137934999995,0.001,970.35,,
,1.8059971447587013,,704148,,-22.618932357788086,705000,,0.001,,655.4922047693283,1000.0
162,,4336,,720,,705148,332.49801685,,970.35,,
162,2.105227261185646,4354,708148,724,-21.238440200805663,708156,336.71861924999996,0.001,960.43,,
,1.9504875167012214,,709156,,-21.585027313232423,710000,,0.001,,556.7333068405744,1000.0
162,1.6971240980625153,4376,711156,728,-21.468429279327392,712156,357.94702817999996,0.001,960.43,,
,1.7827433723807335,,714156,,-21.90204816055298,715000,,0.001,,204.82142298055115,1000.0
162,1.712967580795288,4403,715156,732,-21.80063123321533,716156,319.19437988,0.001,966.06,,
,1.5725394484996795,,719156,,-21.88771714782715,720000,,0.001,,737.2100037702592,1000.0
162,,4429,,736,,720156,300.01431427000006,,966.06,,
162,1.755475970864296,4447,723156,740,-21.4574243850708,724156,288.93515406,0.001,966.06,,
,1.7816440449357034,,724156,,-21.220154792785646,725000,,0.001,,1.0674830965639557,1000.0
162,1.7271296016573905,4474,727156,744,-20.973713325500487,728156,285.29545074999993,0.001,966.06,,
,1.5041010033488273,,729156,,-21.15943271636963,730000,,0.001,,588.2538773592562,1000.0
162,1.4059870764613152,4500,731156,748,-21.600228492736818,732156,314.30217195999995,0.001,990.08,,
,1.2613115011453628,,734156,,-21.344293342590333,735000,,0.001,,363.0118556338828,1000.0
162,1.237811754822731,4526,735156,752,-21.511702739715577,736156,343.54195027000003,0.001,990.08,,
,1.1945025415420532,,739156,,-21.951765144348144,740000,,0.001,,344.0405451124214,1000.0
162,,4552,,756,,740156,332.39485841999993,,990.08,,
162,1.128090747833252,4566,742175,760,-22.857310096740722,743175,321.52422653,0.001,980.27,,
,1.1319030736982822,,744175,,-23.381826721191405,745000,,0.001,,133.5028071336357,1000.0
162,1.2113589051365852,4591,746175,764,-23.496908252716064,747175,306.7406454,0.001,980.27,,
,1.1206714391112327,,749175,,-23.277815216064454,750000,,0.001,,605.9974893222679,1000.0
162,1.0185572114288808,4619,750175,768,-23.83375456237793,751175,324.22764606,0.001,980.27,,
,1.016361302524805,,754175,,-25.00152944946289,755000,,0.001,,603.8607299287803,1000.0
162,,4645,,772,,755175,340.21274861,,980.27,,
162,1.0357643454670906,4663,758175,776,-25.8940895652771,759175,365.48465663,0.001,980.27,,
,0.9782772687375545,,759175,,-25.807788963317872,760000,,0.001,,846.6635125903413,1000.0
162,1.0909342869520187,4689,762175,780,-25.92531364440918,763175,389.18193909,0.001,980.27,,
,1.2150480235219001,,764175,,-26.21775382232666,765000,,0.001,,675.3755611968227,1000.0
162,1.3959065653681755,4715,766175,784,-25.461928806304932,767175,391.51235613000006,0.001,980.27,,
,1.5013250300288201,,769175,,-24.59672083282471,770000,,0.001,,369.250373889858,1000.0
162,1.5574114791750908,4741,770175,788,-24.276914543151854,771175,398.25855044000014,0.001,980.27,,
,1.6722561941742897,,774175,,-21.931328914642332,775000,,0.001,,523.6854180957656,1000.0
162,,4767,,792,,775175,405.2600475000001,,980.27,,
162,1.685445530474186,4786,778175,796,-20.9805665473938,779175,413.33125056000006,0.001,980.27,,
,1.655687186717987,,779175,,-20.906580286026,780000,,0.001,,391.1512600491289,1000.0
162,1.8225951934456825,4813,782175,800,-20.629177700042725,783175,394.7054653,0.001,980.27,,
,1.9925089771747588,,784175,,-19.689547855377196,785000,,0.001,,-6.793320708849933,1000.0
162,2.1745881048440934,4839,786175,804,-18.82920343017578,787175,398.40157976,0.001,980.27,,
,2.5063921900987625,,789175,,-18.109523290634154,790000,,0.001,,548.1018355177715,1000.0
162,2.5037381414175033,4865,790175,808,-18.38050330734253,791175,405.65159366000006,0.001,980.27,,
,2.1868231388926507,,794175,,-19.575531433105468,795000,,0.001,,188.57945085372776,1000.0
162,,4891,,812,,795175,419.38334075,,980.27,,
162,2.1117956647872926,4909,798175,816,-19.929389295578,799175,419.71289833000003,0.001,980.27,,
,2.393151277899742,,799175,,-19.86399342918396,800000,,0.001,,23.575025601591914,1000.0
162,2.4472082673311233,4936,802175,820,-19.283816608428957,803175,417.92894426,0.001,980.27,,
,2.5139994728565216,,804175,,-18.71902557182312,805000,,0.001,,692.2378765720874,1000.0
162,2.5487940130233766,4962,806175,824,-18.146608394622803,807175,435.9018763099999,0.001,990.19,,
,2.7865397285223006,,809175,,-16.737726346969605,810000,,0.001,,535.0773147958564,1000.0
162,2.8163140786886216,4989,810175,828,-17.041811513900758,811175,430.3712460100001,0.001,990.19,,
,2.59961493062973,,814175,,-17.26307249069214,815000,,0.001,,559.602010871796,1000.0
162,,5015,,832,,815175,435.68015721999996,,990.19,,
162,2.7844334198236464,5034,818175,836,-16.518623989105226,819175,426.13207987000004,0.001,990.19,,
,2.8831953880786894,,819175,,-16.43511227798462,820000,,0.001,,356.36667722524146,1000.0
162,3.3808412228822706,5060,822175,840,-16.130485260009767,823175,420.46089077000005,0.001,990.19,,
,3.323287007212639,,824175,,-15.507102876663208,825000,,0.001,,-255.47574332650112,1000.0
162,3.4977919267416,5086,826175,844,-14.95962579536438,827175,416.40752530000003,0.001,990.19,,
,4.314996065378189,,829175,,-13.958361572265625,830000,,0.001,,-207.92368234758032,936.2
162,4.747362740516663,5111,830175,848,-13.7354974193573,831175,407.62485434,0.001,990.19,,
,5.178204146623611,,834175,,-14.528480333328247,835000,,0.001,,294.30888434577355,1000.0
162,,5137,,852,,835175,390.3892612199999,,990.19,,
162,5.637367577314377,5155,838175,856,-12.598597403526306,839175,361.20456996999997,0.001,990.19,,
,5.706066114902496,,839175,,-11.294747495651245,840000,,0.001,,-165.92217099299887,1000.0
162,5.99146920132637,5181,842175,860,-9.663544797420501,842182,347.8608179799999,0.001,990.07,,
,6.6987609350681305,,844182,,-11.124632467269898,845000,,0.001,,49.23278500360884,907.8
162,7.360630717992783,5203,845182,864,-11.971842817306518,846182,338.24653480999996,0.001,990.07,,
162,11.232189380168915,5217,848236,868,-13.61077857685089,849236,312.32697752999997,0.001,980.61,,
,11.249699382781982,,849236,,-12.603030354499817,850000,,0.001,,-477.4699338710867,903.2
162,10.648618514060974,5242,852236,872,-9.783798156738282,853236,258.31703054999997,0.001,980.61,,
,10.344775644302368,,854236,,-7.531402066469193,855000,,0.001,,-32.5010704165903,1000.0
162,9.066733422756196,5269,856236,876,-7.29117483393196,857236,245.56524918999995,0.001,980.61,,
,9.51258282160759,,859236,,-7.869972215294838,860000,,0.001,,-264.8990736871936,1000.0
162,9.846596905231475,5296,860236,880,-7.7299914308786395,861236,218.56771802999995,0.001,980.61,,
162,8.912985256740026,5309,863264,884,-5.582939973899296,864264,208.7738124,0.001,970.89,,
,9.964775809288025,,864264,,-5.195416221857071,865000,,0.001,,-441.9249719367828,907.0
162,11.992383736610412,5334,867264,888,-3.3243918507136403,868264,101.94909291,0.001,970.89,,
,12.484517331123351,,869264,,-2.5000742086283863,870000,,0.001,,-590.6850906128996,1000.0
162,12.064264441490174,5360,871264,892,-1.9431025020838715,872264,53.81338714,0.001,970.89,,
,14.40367260980606,,874264,,-1.5341037419829517,875000,,0.001,,-180.7511931270943,1000.0
162,14.456674171447753,5386,875264,896,-0.8192755127190612,876264,20.907059230000012,0.001,970.89,,
,11.71689382839203,,879264,,-1.9910392615362071,880000,,0.001,,-214.5004716544412,1000.0
162,,5411,,900,,880264,-1.0322090699999995,,970.89,,
162,10.008870718479157,5430,883264,904,-1.5517451593485312,884264,-23.612851960000004,0.001,970.89,,
,9.835707765579224,,884264,,-0.5633454871587456,885000,,0.001,,-374.20077989083364,1000.0
162,9.205475665330887,5456,887264,908,3.3682128976780223,888264,-66.34575278999999,0.001,970.89,,
,8.922212794423103,,889355,,7.379039764404297,890000,,0.001,,-1345.6153643145924,1000.0
162,,5474,,912,,890355,-110.04611891,,951.8,,
162,7.802642607212067,5493,893355,916,8.019775732994079,894355,-170.26531255,0.001,951.8,,
,7.64194201874733,,894355,,7.445945280194283,895000,,0.001,,-1523.926667017479,931.0
162,8.654632084608078,5519,897355,920,8.333413191020488,898355,-229.9723977,0.001,951.8,,
,9.479012886285782,,899355,,9.16860271525383,900000,,0.001,,-719.526305828868,1000.0
162,9.21691450715065,5545,901355,924,11.100043339729309,902355,-271.03303297,0.001,951.8,,
,10.342992520332336,,904375,,14.494141864776612,905000,,0.001,,-470.9733240550966,1000.0
162,,5566,,928,,905375,-290.1352664,,942.0,,
162,8.830909979581833,5584,908375,932,15.84490629196167,909375,-300.55130613,0.001,942.0,,
,8.715625775575639,,909375,,16.63045616912842,910000,,0.001,,-40.970954920287475,812.3
162,8.821131154234186,5607,911781,936,18.020992246167413,912781,-298.13843900000006,0.001,936.06,,
,11.084084176540374,,914781,,17.57476650619507,915000,,0.001,,-404.96762554615816,639.0
162,11.416613567352295,5630,915781,940,18.750945486068726,916781,-317.16065310000005,0.001,936.06,,
,11.97687372303009,,919781,,23.388448589324952,920000,,0.001,,-674.583700587615,729.5
162,,5654,,944,,920781,-364.57507530999993,,936.06,,
162,14.051513177871705,5672,923781,948,24.631372234344482,923823,-384.80970297,0.001,926.48,,
,12.482154278278351,,924823,,27.73895372772217,925000,,0.001,,-99.87546726861038,906.0
162,8.900573808908463,5694,926823,952,29.28519658279419,927823,-416.38517807000005,0.001,926.48,,
,7.24778462433815,,929823,,31.646519474029542,930000,,0.001,,-607.2203579135064,670.3
162,6.3865722961862375,5716,930522,956,31.270031465802873,931522,-411.14343474000003,0.001,923.47,,
,5.296940309166908,,934522,,23.838780570983886,935000,,0.001,,-80.26539538532742,1000.0
162,,5742,,960,,935522,-407.2118989,,933.4,,
163,4.369275429844857,5761,938522,964,19.88121105957031,939522,-396.20041593999997,0.001,933.4,,
,4.269017914652824,,939522,,19.448348041534423,940000,,0.001,,252.46684729328118,1000.0
163,3.928928979277611,5787,942522,968,17.928353775024416,943522,-386.8333618,0.001,942.86,,
,3.74802070581913,,944522,,16.764842559814454,945000,,0.001,,458.29723406850826,1000.0
162,3.4053840032815934,5814,946522,972,15.792533443450928,947522,-351.19093638999993,0.001,942.86,,
,3.332524362683296,,949522,,16.11275506591797,950000,,0.001,,691.4129768586135,1000.0
162,3.535097988843918,5841,950522,976,16.583105028152467,951522,-349.13986305,0.001,942.86,,
,3.57502980697155,,954522,,17.977916912078857,955000,,0.001,,71.85296319204208,1000.0
162,,5867,,980,,955522,-351.19746053999995,,942.86,,
163,2.907324093341827,5886,958522,984,14.312456159591674,959522,-347.73020138999993,0.001,952.58,,
,2.8112857557535174,,959522,,13.500063180923462,960000,,0.001,,299.34668871143816,1000.0
162,2.835622992157936,5912,962522,988,10.815183497428894,963522,-241.10421628,0.001,952.58,,
,2.9837454813718796,,964522,,9.511457244873046,965000,,0.001,,292.0266188766691,1000.0
162,2.938149174809456,5938,966522,992,8.613816521644592,967522,-201.69813931000002,0.001,952.58,,
,3.191508590221405,,969522,,7.356044658660888,970000,,0.001,,95.05016046222882,1000.0
162,3.034616141974926,5964,970522,996,6.901620619297027,971522,-171.12740307999997,0.001,952.58,,
,2.9853226578235628,,974522,,4.779210340976715,975000,,0.001,,448.9993231910281,1000.0
162,,5990,,1000,,975522,-136.34684131000003,,952.58,,
162,2.9381229388713836,6004,977617,1004,3.609771312743425,978617,-138.15023454,0.001,943.53,,
,3.2966228183507917,,979617,,2.388364683544263,980000,,0.001,,584.9998294367236,1000.0
162,3.2800537635087967,6031,981617,1008,1.4669105689777062,982617,-83.19010370999996,0.001,943.53,,
,3.342774188876152,,984617,,-0.4703276398475282,985000,,0.001,,636.0894172657281,906.2
162,3.199646960258484,6056,985617,1012,-0.7232849442465231,986617,-35.10420155999997,0.001,962.62,,
,3.847799305200577,,989617,,-1.5157726837955414,990000,,0.001,,628.0712448505219,1000.0
162,,6082,,1016,,990617,25.896523220000002,,962.62,,
163,3.889335356473923,6101,993617,1020,-0.564231405666098,994617,72.62560193000002,0.001,962.62,,
,3.832458839893341,,994617,,0.4531589917440433,995000,,0.001,,393.76646542292144,1000.0
162,3.6772465782165527,6127,997617,1024,2.455046917948872,998617,97.51105762000002,0.001,962.62,,
,3.5114835143089294,,999617,,3.004898780774325,1000000,,0.001,,-851.4806805413682,1000.0
162,3.4796767169237137,6153,1001617,1028,3.0520576265137644,1002617,81.53286462000001,0.001,972.42,,
,3.521913106441498,,1004617,,4.113886829689145,1005000,,0.001,,169.56444075675682,905.7
162,3.7029278454780576,6178,1005617,1032,4.744468889981508,1006617,77.42109677,0.001,972.42,,
,3.9169745495319366,,1009617,,6.811790255069733,1010000,,0.001,,-364.3986011048779,1000.0
162,,6204,,1036,,1010617,55.3307208,,978.36,,
163,3.4822916641235353,6222,1013617,1040,7.561100139141082,1014617,63.03313828,0.001,978.36,,
,3.6026133254766464,,1014617,,7.923243146419525,1015000,,0.001,,316.4062473587692,1000.0
163,3.286462684035301,6248,1017617,1044,7.350179016590118,1018617,115.02637147,0.001,978.36,,
,2.945706087946892,,1019617,,6.508031461000442,1020000,,0.001,,164.09979358463897,1000.0
162,2.4898000621795653,6274,1021617,1048,5.987136652231216,1022617,130.74108003,0.001,987.94,,
,2.5057926408052444,,1024617,,4.770535269260407,1025000,,0.001,,581.87663827762,1000.0
162,2.5233432619571685,6300,1025617,1052,4.2535914894938465,1026617,189.41837967000004,0.001,987.94,,
,2.421703595519066,,1029617,,1.6165386287457078,1030000,,0.001,,477.23872809308523,1000.0
162,,6325,,1056,,1030617,223.30733650999994,,990.95,,
163,1.9986252324581146,6343,1033617,1060,-2.058177436914295,1034617,250.28233675000004,0.001,990.95,,
,1.850190102338791,,1034617,,-2.8855961157600394,1035000,,0.001,,429.3648242666386,1000.0
163,1.6043584405779838,6369,1037617,1064,-5.651192747086286,1038617,245.83749168999998,0.001,990.95,,
,1.5219296433329583,,1039617,,-7.2404568927288055,1040000,,0.001,,636.5523713257164,1000.0
163,1.4459880418777467,6396,1041617,1068,-8.64256051158905,1042617,261.61013515,0.001,990.95,,
,1.3703772072196008,,1044617,,-10.445345317125321,1045000,,0.001,,773.2257165026851,1000.0
162,1.4973860398232937,6422,1045617,1072,-10.989646094560623,1046617,287.91955353000003,0.001,990.95,,
,1.416415145277977,,1049617,,-13.80452068042755,1050000,,0.001,,905.6296059628017,1000.0
162,,6448,,1076,,1050617,295.27485318,,990.95,,
163,1.367601175814867,6466,1053617,1080,-15.89853685951233,1054617,329.12006587999997,0.001,990.95,,
,1.3016875742971896,,1054617,,-16.295635818481447,1055000,,0.001,,801.2316946005449,1000.0
163,1.4395107556283473,6488,1056747,1084,-16.92591991043091,1057747,341.58437553,0.001,982.25,,
,1.4393105419278145,,1059747,,-17.783862451553343,1060000,,0.001,,806.5958404866047,1000.0
162,1.4912989186048509,6514,1060747,1088,-18.071803476333617,1061747,361.5815875,0.001,982.25,,
,1.6745765566825868,,1064747,,-18.141477643966674,1065000,,0.001,,697.7507567277644,905.9
162,,6539,,1092,,1065747,382.98366583,,982.25,,
163,1.8016892983913422,6558,1068747,1096,-17.50610737991333,1069747,406.04150543,0.001,982.25,,
,1.7645498767495156,,1069747,,-17.529493549346924,1070000,,0.001,,655.6608709640335,1000.0
163,1.7880479484796523,6584,1072747,1100,-17.181009531021118,1073747,418.62187048,0.001,982.25,,
,1.803518019258976,,1074747,,-16.790240701675415,1075000,,0.001,,580.0609240660735,1000.0
163,1.8823823506236077,6610,1076747,1104,-16.116749908447265,1077747,441.21269791,0.001,991.3,,
,1.7288802084326744,,1079747,,-15.679028108596802,1080000,,0.001,,434.44790529487653,1000.0
162,1.6291092619895935,6636,1080747,1108,-15.557352912902832,1081747,443.31834056,0.001,991.3,,
,1.4987854881286622,,1084747,,-16.13264620399475,1085000,,0.001,,646.8172312996351,1000.0
162,,6662,,1112,,1085747,435.07440834,,991.3,,
163,1.4581568987369538,6680,1088747,1116,-17.34286135864258,1089747,436.3628641199999,0.001,991.3,,
,1.5068515722751616,,1089747,,-17.643222455978393,1090000,,0.001,,752.534018928092,1000.0
163,1.5372732699513436,6707,1092747,1120,-18.27577374649048,1093747,442.36315162000005,0.001,991.3,,
,1.4868860858678818,,1094747,,-19.37485460472107,1095000,,0.001,,764.4061007441953,1000.0
163,1.298398335069418,6732,1096747,1124,-20.41818694114685,1097747,455.22902217999996,0.001,991.3,,
,1.4370001723766328,,1099747,,-21.898300441741945,1100000,,0.001,,492.8498717540642,1000.0
163,1.425880849212408,6759,1100747,1128,-22.154979724884033,1101747,493.40462120000007,0.001,991.3,,
,1.6521967667341233,,1104747,,-22.796005260467528,1105000,,0.001,,725.9770859930198,1000.0
162,,6784,,1132,,1105747,544.5782100299999,,991.3,,
163,1.6776924582123756,6802,1108747,1136,-23.63138558959961,1109747,591.6644876400001,0.001,991.3,,
,1.5879003403782845,,1109747,,-23.780272914886474,1110000,,0.001,,753.898746073246,1000.0
163,1.6963690680861474,6829,1112747,1140,-24.065668853759767,1113747,626.9331124099999,0.001,991.3,,
,1.8622770538926126,,1114747,,-24.082677780151368,1115000,,0.001,,815.3950559542515,1000.0
163,2.015692678511143,6855,1116747,1144,-24.352036716461182,1117747,653.85004493,0.001,991.3,,
,2.017089732050896,,1119747,,-24.598670330047607,1120000,,0.001,,833.71571688056,1000.0
163,2.0441484658122064,6880,1120747,1148,-24.817589611053467,1121747,681.46401808,0.001,991.3,,
,2.299424672484398,,1124747,,-25.054450859069824,1125000,,0.001,,857.397297314182,1000.0
162,,6907,,1152,,1125747,690.85818085,,991.3,,
163,2.094601591706276,6925,1128747,1156,-25.513860439300537,1129747,709.80708541,0.001,991.3,,
,2.138383141696453,,1129747,,-25.542873195648195,1130000,,0.001,,948.9583234868944,1000.0
163,1.8064470207691192,6951,1132747,1160,-25.997503383636474,1133747,722.92393673,0.001,991.3,,
,1.7509902671575546,,1134747,,-26.53180251312256,1135000,,0.001,,954.5402553536929,1000.0
163,1.7744395238757134,6976,1136747,1164,-26.59796780014038,1137747,749.77097231,0.001,991.3,,
,1.8893495666980744,,1139747,,-27.23714228439331,1140000,,0.001,,777.8368538826704,1000.0
163,1.9329419161081314,7003,1140747,1168,-27.49863288116455,1141747,758.98772224,0.001,991.3,,
,2.223138288915157,,1144747,,-27.508341758728026,1145000,,0.001,,792.6247246084735,1000.0
163,,7028,,1172,,1145747,756.2662321399999,,991.3,,
163,2.1274981454610824,7046,1148747,1176,-27.92274907684326,1149747,754.7235843899999,0.001,991.3,,
,2.1897703432440756,,1149747,,-27.764066848754883,1150000,,0.001,,729.9700925640761,1000.0
163,2.3337415146231653,7072,1152747,1180,-27.60612437057495,1153747,750.87488761,0.001,991.3,,
,2.1310284559726713,,1154747,,-27.284722175598144,1155000,,0.001,,538.8089129420463,1000.0
163,2.065765727341175,7098,1156747,1184,-26.04110417556763,1157747,734.4977404399999,0.001,1000.0,,
,2.0866826934814453,,1159747,,-24.87065092086792,1160000,,0.001,,855.8406529469415,1000.0
163,2.0503557152152063,7124,1160747,1188,-25.13166172027588,1161747,728.8104015600001,0.001,1000.0,,
,2.0183186615109445,,1164747,,-25.305175170898437,1165000,,0.001,,680.1477837949991,1000.0
163,,7151,,1192,,1165747,727.7214563599998,,1000.0,,
163,1.9505793567895888,7169,1168747,1196,-25.836047927856445,1169747,719.19856266,0.001,1000.0,,
,2.024505656659603,,1169747,,-25.959628105163574,1170000,,0.001,,811.0501721536741,1000.0
163,2.058698231637478,7195,1172747,1200,-26.134518520355225,1173747,723.6882831599999,0.001,1000.0,,
,2.1638057377934454,,1174747,,-26.479007522583007,1175000,,0.001,,679.14127227813,1000.0
163,2.1566713566184044,7221,1176747,1204,-26.468155956268312,1177747,731.2376250299998,0.001,1000.0,,
,2.6446829804182053,,1179747,,-25.54122480392456,1180000,,0.001,,562.5660677909851,1000.0
163,2.7020656661987306,7247,1180747,1208,-24.721122035980226,1181747,719.5443002,0.001,1000.0,,
,3.788625368833542,,1184747,,-22.41062260246277,1185000,,0.001,,327.516534241708,903.4
163,,7272,,1212,,1185747,706.1809879699999,,1000.0,,
163,3.0982578278779984,7290,1188747,1216,-19.46353754043579,1189747,697.3212017100002,0.001,1000.0,,
,2.9473861294984816,,1189747,,-18.977012660980225,1190000,,0.001,,587.0511763687246,1000.0
163,2.9477222744226457,7316,1192747,1220,-17.938579959869386,1192827,690.0704890399998,0.001,990.8,,
,2.969773176729679,,1194827,,-17.280296213150024,1195000,,0.001,,269.5506739315577,1000.0
163,2.8875126801729203,7339,1195827,1224,-17.00929411315918,1196827,685.79054325,0.001,990.8,,
,3.0373524421453477,,1199827,,-16.09227396392822,1200000,,0.001,,217.1499474396929,1000.0
163,,7364,,1228,,1200827,667.0580945300001,,990.8,,
163,3.787168258070946,7383,1203827,1232,-12.72449707221985,1204827,655.7694508600001,0.001,990.8,,
,3.866712725877762,,1204827,,-12.356640915870667,1205000,,0.001,,32.591868102597076,1000.0
163,3.9736447653770446,7409,1207827,1236,-11.738461812019349,1208827,629.0306174900002,0.001,990.8,,
,4.0394950015544895,,1209827,,-10.843539449214935,1210000,,0.001,,416.078738501668,1000.0
163,3.786978557944298,7435,1211827,1240,-11.022669904708863,1212827,587.0025194499999,0.001,990.8,,
,3.6357048642635346,,1214827,,-9.76401433479786,1215000,,0.001,,711.9958837845886,1000.0
163,3.6713024859428405,7462,1215827,1244,-8.898219578742982,1216827,583.14994149,0.001,990.8,,
,3.798536847114563,,1219827,,-6.4893386320210995,1220000,,0.001,,684.6181320694566,1000.0
163,,7487,,1248,,1220827,559.60520664,,990.8,,
163,3.772311205983162,7506,1223827,1252,-5.2466228742003445,1224827,553.2995736899999,0.001,990.8,,
,3.9404576588869094,,1224827,,-4.215089192636311,1225000,,0.001,,285.87468948012685,1000.0
163,5.002338122844696,7533,1227827,1256,-0.9047872418123297,1228827,517.90274314,0.001,990.8,,
,5.681052898883819,,1229827,,1.7336142152687535,1230000,,0.001,,-142.33960431235937,1000.0
163,8.738482471942902,7560,1231827,1260,4.1693811147883535,1232827,470.93048908,0.001,990.8,,
,12.469072175502777,,1234827,,4.681974780347198,1235000,,0.001,,-1390.383586214669,1000.0
163,13.105121066570282,7586,1235827,1264,7.587644669294357,1236827,381.6135849499999,0.001,990.8,,
,13.37696187543869,,1239827,,14.008389378547669,1240000,,0.001,,-1143.2572674691678,812.8
163,,7611,,1268,,1240827,286.6432014899999,,990.8,,
163,19.523856872167343,7625,1242866,1272,2.709521292289719,1243866,222.47994698,0.001,981.19,,
,20.37698558425903,,1244866,,-6.8360586736314,1245000,,0.001,,-1430.642490273714,1000.0
163,23.451085886001586,7653,1246866,1276,-26.027935018539427,1247866,138.54414416999998,0.001,981.19,,
,25.593489713668824,,1249866,,-39.7243126411438,1250000,,0.001,,-1208.4595996648072,1000.0
163,24.544147227287294,7678,1250866,1280,-42.12973246383667,1251866,66.34890456,0.001,981.19,,
,17.12325175666809,,1254866,,-51.036578910827636,1255000,,0.001,,-1476.308035516739,1000.0
162,,7705,,1284,,1255866,1.2344111600000065,,981.19,,
163,12.134782260894776,7724,1258866,1288,-45.2962278213501,1259866,-80.34558601,0.001,981.19,,
,10.584339937210084,,1259866,,-42.71067548370361,1260000,,0.001,,-1472.8776313850656,915.4
163,10.345001882076263,7750,1262866,1292,-33.33140464019775,1263866,-158.20466726000004,0.001,981.19,,
,10.016113065719605,,1264866,,-28.639204193115233,1265000,,0.001,,-930.9223899811274,1000.0
163,9.708068526983261,7776,1266866,1296,-27.132808071136473,1267866,-220.89090723000004,0.001,981.19,,
,12.278691993236542,,1269866,,-23.967869220733643,1270000,,0.001,,-81.33920556097947,1000.0
162,11.99693393278122,7803,1270866,1300,-21.84447291946411,1271866,-262.65461373,0.001,981.19,,
,11.003325691699981,,1274866,,-16.244604756355287,1275000,,0.001,,-633.4445090668305,1000.0
162,,7828,,1304,,1275866,-299.60967146999997,,981.19,,
163,15.629842736721038,7846,1278866,1308,-13.39969409096241,1279866,-355.46760668,0.001,981.19,,
,17.31924710512161,,1279866,,-13.390819513440132,1280000,,0.001,,-638.1546412576383,1000.0
163,18.6834233751297,7872,1282866,1312,-8.460118816673756,1283866,-401.6978058899999,0.001,981.19,,
,26.093521901130675,,1284866,,-4.112150989286602,1285000,,0.001,,-1559.9100989045576,1000.0
163,27.552195337295533,7898,1286866,1316,-5.254587536394596,1287866,-460.99735311999996,0.001,981.19,,
,18.436448904037476,,1289866,,-24.89554433441162,1290000,,0.001,,-2026.5001432180404,1000.0
163,13.354395229816436,7924,1290866,1320,-28.241675903320314,1291866,-543.46030189,0.001,990.39,,
,10.880066858768464,,1294866,,-35.0987666053772,1295000,,0.001,,-455.01122425198554,1000.0
163,,7950,,1324,,1295866,-611.81240969,,990.39,,
163,8.19746168422699,7967,1298866,1328,-37.950514240264894,1299866,-612.18161494,0.001,990.39,,
,8.266118130922317,,1299866,,-38.20545532608032,1300000,,0.001,,420.4972282105591,1000.0
163,7.60857814526558,7994,1302866,1332,-41.280388809204105,1303866,-604.13409112,0.001,990.39,,
,8.100948219776154,,1304866,,-43.054838729858396,1305000,,0.001,,305.74031078203114,1000.0
163,8.5076482847929,8020,1306866,1336,-44.660718250274655,1307866,-594.20199149,0.001,990.39,,
,7.61565220952034,,1309866,,-45.90295844268799,1310000,,0.001,,476.56280641737396,1000.0
163,8.078515006303787,8045,1310866,1340,-45.575516460418704,1311866,-565.69766109,0.001,990.39,,
,7.7941311225891114,,1314866,,-43.47852962112427,1315000,,0.001,,583.2011609726585,922.6
163,,8071,,1344,,1315866,-572.7070285,,990.39,,
163,7.602676716804504,8089,1318866,1348,-41.85355357742309,1319866,-561.14512769,0.001,990.39,,
,7.1944995000362395,,1319866,,-42.01709902191162,1320000,,0.001,,564.227591736478,1000.0
163,7.041330861568451,8114,1322866,1352,-41.19372961425781,1323866,-562.97800667,0.001,990.39,,
,6.3900666834115984,,1324866,,-40.440526092529296,1325000,,0.001,,599.158109964407,1000.0
163,6.234955473780632,8140,1326866,1356,-39.052663722991944,1327866,-543.39378484,0.001,990.39,,
,5.877057377338409,,1329866,,-35.750576335906985,1330000,,0.001,,428.70215493516224,1000.0
163,6.092186746716499,8166,1330866,1360,-34.59854035949707,1331866,-511.24640386,0.001,990.39,,
,6.38204185628891,,1334866,,-30.373600551605225,1335000,,0.001,,225.17852580883772,1000.0
163,,8192,,1364,,1335866,-449.36503543,,990.39,,
163,5.737798744559288,8210,1338866,1368,-28.010800779342652,1339866,-371.1878305899999,0.001,990.39,,
,5.7244821248054505,,1339866,,-27.956364082336425,1340000,,0.001,,-1006.0910063730087,1000.0
163,5.272034792900086,8236,1342866,1372,-27.025516258239747,1343866,-383.90153862000005,0.001,1000.0,,
,4.4658477662801745,,1344866,,-26.914946182250976,1345000,,0.001,,-598.7855159649043,1000.0
163,4.184886753201485,8262,1346866,1376,-27.06830738067627,1347866,-325.94117328000004,0.001,1000.0,,
,3.908238717317581,,1349866,,-26.512411727905274,1350000,,0.001,,241.42822282594025,1000.0
163,3.6965676013231277,8288,1350866,1380,-26.443005292892455,1351866,-273.76228083999996,0.001,1000.0,,
,2.8214475478529932,,1354866,,-26.287699510574342,1355000,,0.001,,684.3094292974099,1000.0
163,,8314,,1384,,1355866,-195.20421929999998,,1000.0,,
163,2.6302533703446387,8332,1358866,1388,-26.350074253082276,1359866,-118.96412588,0.001,1000.0,,
,2.4833753324747088,,1359866,,-26.41530862045288,1360000,,0.001,,438.41694548105954,1000.0
163,2.8748391774892808,8358,1362866,1392,-26.289829601287842,1363866,-46.29460843999999,0.001,1000.0,,
,3.0637201055288314,,1364866,,-26.400091049194337,1365000,,0.001,,336.0829312700313,1000.0
163,3.450108943104744,8385,1366866,1396,-25.841998870849608,1367866,-6.938752639999991,0.001,1000.0,,
,3.80280523622036,,1369866,,-22.101118560791015,1370000,,0.001,,282.3959823430981,1000.0
163,3.648206568479538,8411,1370866,1400,-20.759891794204712,1371866,-30.9742609,0.001,1000.0,,
,3.2100616147518157,,1374866,,-15.482987382888794,1375000,,0.001,,-396.51682010366346,901.7
163,,8436,,1404,,1375866,-43.17520329,,1000.0,,
163,2.7473730330467223,8455,1378866,1408,-10.143790321826934,1379866,10.419204830000002,0.001,1000.0,,
,2.772222128033638,,1379866,,-9.198456387758254,1380000,,0.001,,64.47645784827765,1000.0
163,2.6373155566453934,8482,1382866,1412,-6.739858230471611,1383866,41.743907289999996,0.001,1000.0,,
,2.4215722056627276,,1384866,,-5.94545093806088,1385000,,0.001,,600.9226785391569,1000.0
163,2.202324833750725,8508,1386866,1416,-6.53242282924056,1387866,108.73466148000001,0.001,1000.0,,
,2.2466268724799154,,1389866,,-7.666432785034179,1390000,,0.001,,715.7528637750598,1000.0
163,2.1049483035802843,8534,1390866,1420,-7.789279787540436,1391866,201.80975954,0.001,1000.0,,
,1.8719378826022148,,1394866,,-9.0165473613739,1395000,,0.001,,788.0364373137709,1000.0
163,,8559,,1424,,1395866,280.60328675,,1000.0,,
163,1.9156653425097465,8577,1398866,1428,-10.362897995948792,1399866,298.23740298,0.001,1000.0,,
,1.76696307298749,,1399952,,-10.37472892362018,1400000,,0.001,,559.2708239972592,1000.0
163,1.8273638117909432,8598,1401952,1432,-11.495537786960602,1402952,298.66463888,0.001,990.86,,
,1.801420189023018,,1404952,,-12.040455122947693,1405000,,0.001,,310.45914315772245,1000.0
163,1.8207170248627662,8624,1405952,1436,-12.29616968536377,1406952,314.30691958999995,0.001,990.86,,
,1.5965302356481552,,1409952,,-13.545238823890687,1410000,,0.001,,508.8632090789644,1000.0
163,,8651,,1440,,1410952,318.11920957999996,,990.86,,
163,1.5946141240596772,8669,1413952,1444,-13.946135087966919,1414952,312.89059151000004,0.001,990.86,,
,1.5464597154259683,,1414952,,-13.74127908039093,1415000,,0.001,,638.8724965311587,1000.0
163,1.449060126066208,8694,1417952,1448,-13.44588900756836,1418952,303.13929795,0.001,990.86,,
,1.4455466956794263,,1419952,,-12.555302711486817,1420000,,0.001,,663.6592789033427,1000.0
163,1.3285227304697036,8721,1421952,1452,-11.547942608833313,1422952,298.61689958999995,0.001,990.86,,
,1.3478618496656418,,1424952,,-9.64172688293457,1425000,,0.001,,689.7711089450866,1000.0
163,1.4223142559826374,8748,1425952,1456,-9.203336722373962,1426952,302.46856450999996,0.001,990.86,,
,1.5810050776600837,,1429952,,-7.183667754530907,1430000,,0.001,,394.18179894361384,1000.0
163,,8773,,1460,,1430952,287.09380762,,990.86,,
163,1.684853088080883,8791,1433952,1464,-6.388002843976021,1434952,293.88282792999996,0.001,990.86,,
,2.023494655072689,,1434952,,-6.605660560369492,1435000,,0.001,,256.0790101032529,1000.0
163,1.8939648176431656,8817,1437952,1468,-7.120025987148285,1437996,287.25809195,0.001,981.3,,
,2.197022867321968,,1439996,,-7.182915879011154,1440000,,0.001,,-19.39374498644611,1000.0
163,2.324381590247154,8839,1440996,1472,-7.221141139507294,1441034,345.02850581999996,0.001,971.68,,
,2.3037945774197577,,1444034,,-8.43753581404686,1445000,,0.001,,-245.46503266876098,1000.0
163,,8862,,1476,,1445034,350.6761309700001,,971.68,,
163,2.076486618578434,8881,1448034,1480,-9.479114017009735,1449034,358.27755034,0.001,971.68,,
,2.0181758152842524,,1449034,,-9.91627315235138,1450000,,0.001,,515.5933668837067,1000.0
163,1.850155555188656,8908,1452034,1484,-9.03107538509369,1453034,335.9938935299999,0.001,971.68,,
,1.7902864946126937,,1454034,,-8.446817908287048,1455000,,0.001,,-154.33990420621703,1000.0
163,1.837633654654026,8935,1456034,1488,-8.0399925699234,1457034,317.22752265,0.001,971.68,,
,2.1174022033810616,,1459034,,-8.364451305389405,1460000,,0.001,,252.22482896045548,1000.0
163,2.213521277010441,8962,1460034,1492,-8.338407833099366,1461034,297.0201835,0.001,971.68,,
,2.485609206199646,,1464034,,-8.786526617050171,1465000,,0.001,,110.72878160255496,1000.0
162,,8988,,1496,,1465034,294.17181796,,971.68,,
163,2.6212428920269013,9006,1468034,1500,-9.197203294277191,1469034,344.55063565999995,0.001,971.68,,
,2.662039335846901,,1469034,,-9.396172704696655,1470000,,0.001,,354.12967665207105,1000.0
163,2.7137523632049563,9032,1472034,1504,-8.847048361301422,1473034,378.08322241999997,0.001,971.68,,
,2.522244621634483,,1474034,,-8.990191177368164,1475000,,0.001,,581.8017970120534,1000.0
163,2.3548920224905014,9057,1476034,1508,-9.526661484241485,1477034,381.07193502000007,0.001,971.68,,
,2.0528439202904702,,1479034,,-10.723807559013366,1480000,,0.001,,493.77743318947034,901.3
163,2.0888514244556426,9083,1480034,1512,-11.135528476715088,1481034,395.9734015,0.001,971.68,,
,1.8492205642461776,,1484034,,-12.992770740509034,1485000,,0.001,,638.0719587556086,1000.0
163,,9109,,1516,,1485034,392.41206293999994,,971.68,,
163,1.5756024341583252,9127,1488034,1520,-15.328726658821106,1489034,395.24872732000006,0.001,971.68,,
,1.6548534123897551,,1489034,,-16.15782745552063,1490000,,0.001,,693.775143621862,1000.0
163,1.752446515083313,9153,1492034,1524,-17.45476319694519,1493034,387.3764836000001,0.001,971.68,,
,1.7314993960857392,,1494034,,-17.928282432556152,1495000,,0.001,,668.4848303554579,901.3
163,1.7585651772618294,9179,1496034,1528,-18.096984533309936,1497034,393.76092018,0.001,971.68,,
,1.7902172077298164,,1499034,,-17.667076541900634,1500000,,0.001,,575.70849206727,1000.0
163,1.8995248398184776,9204,1500034,1532,-17.28011561012268,1501034,390.36145928999997,0.001,980.82,,
,1.8465745562314988,,1504034,,-15.278499128341675,1505000,,0.001,,349.25027173247656,1000.0
163,,9230,,1536,,1505034,373.3707421,,980.82,,
163,1.8955623891949653,9249,1508034,1540,-13.641670725822449,1509034,368.97050355,0.001,980.82,,
,1.8360116107463837,,1509034,,-13.405427940368652,1510000,,0.001,,498.54604641274926,1000.0
163,1.703326575934887,9276,1512034,1544,-14.219380497932434,1513034,372.28342088,0.001,980.82,,
,1.6659494666457175,,1514034,,-14.9393108959198,1515000,,0.001,,493.5354120222386,1000.0
163,1.6915441836714744,9302,1516034,1548,-15.635236207962036,1517034,385.36522862,0.001,980.82,,
,1.7329062009453773,,1519034,,-16.779345870971678,1520000,,0.001,,453.55864077596925,1000.0
163,1.6971239559054374,9329,1520034,1552,-17.3530846157074,1521034,392.26628229,0.001,980.82,,
,1.6142429441809654,,1524034,,-18.253620946884155,1525000,,0.001,,584.5434002588038,1000.0
163,,9354,,1556,,1525034,386.54584804999996,,980.82,,
163,1.7101988580822944,9373,1528034,1560,-18.31865836906433,1529034,397.50528775,0.001,980.82,,
,1.8670839214920998,,1529034,,-17.85567655944824,1530000,,0.001,,218.55618123350433,1000.0
163,1.9929177001714706,9400,1532034,1564,-17.933072486877442,1533034,404.4191058999999,0.001,980.82,,
,2.046734538733959,,1534034,,-17.396645643234255,1535000,,0.001,,381.9410157057224,1000.0
163,2.221133777201176,9426,1536034,1568,-16.3339388256073,1537034,403.65818419999994,0.001,990.38,,
,2.232122366130352,,1539034,,-13.988928527832032,1540000,,0.001,,654.5952776972205,1000.0
163,2.307951726973057,9452,1540034,1572,-13.569789659500122,1541034,418.08965040000004,0.001,1000.0,,
,2.5497950364351274,,1544034,,-10.587017901420593,1545000,,0.001,,632.7616131563205,1000.0
163,,9478,,1576,,1545034,435.15107404,,1000.0,,
163,2.6742222660183907,9496,1548034,1580,-9.369284049987794,1549034,443.6992384400001,0.001,1000.0,,
,2.4793372437357903,,1549034,,-9.35340085220337,1550000,,0.001,,456.70388287495587,1000.0
163,2.2361359313726425,9522,1552034,1584,-9.096683006286622,1553034,470.98461433000006,0.001,1000.0,,
,2.339625536441803,,1554034,,-9.091829187631607,1555000,,0.001,,619.7895948234479,1000.0
163,2.1966431381106375,9547,1556034,1588,-9.522338476657868,1557034,499.10594261,0.001,1000.0,,
,2.076653528392315,,1559034,,-9.761820107460021,1560000,,0.001,,436.91256437345874,1000.0
163,1.978335539996624,9573,1560034,1592,-9.91207836675644,1561034,509.66477628000007,0.001,1000.0,,
,1.8924737623333932,,1564034,,-10.247835940361023,1565000,,0.001,,629.4488800010179,1000.0
163,,9600,,1596,,1565034,531.22157613,,1000.0,,
163,1.60163810557127,9618,1568034,1600,-11.032735836982727,1569034,543.4232801600001,0.001,1000.0,,
,1.606515254199505,,1569034,,-11.362197611808776,1570000,,0.001,,680.1794391170145,1000.0
163,1.4072259206473827,9644,1572034,1604,-12.140862573623657,1573034,556.4028111800001,0.001,1000.0,,
,1.3176805658936501,,1574034,,-12.575474320411683,1575000,,0.001,,765.0658129356801,1000.0
163,1.276384674668312,9670,1576034,1608,-12.935425972938537,1577034,571.6038159199999,0.001,1000.0,,
,1.3114809039831161,,1579034,,-13.2822609167099,1580000,,0.001,,843.7801930945367,1000.0
163,1.3533427945375442,9696,1580034,1612,-13.634407234191894,1581034,589.57692983,0.001,1000.0,,
,1.3962101923525334,,1584034,,-14.645309581756592,1585000,,0.001,,740.2142599880696,1000.0
163,,9721,,1616,,1585034,598.54981243,,1000.0,,
163,1.4120889161527157,9739,1588034,1620,-14.838593490600585,1589034,597.41813079,0.001,1000.0,,
,1.4901551756262779,,1589034,,-14.86376354408264,1590000,,0.001,,749.7461747784167,1000.0
163,1.3987235561013223,9765,1592034,1624,-14.59696636581421,1593034,605.3425055,0.001,1000.0,,
,1.4826193761527537,,1594034,,-14.738753744125367,1595000,,0.001,,726.5519646925852,1000.0
163,1.4895094991326332,9790,1596034,1628,-15.212878778457641,1597034,595.51050527,0.001,1000.0,,
,1.6216366001963616,,1599034,,-14.758988117218017,1600000,,0.001,,532.3332262554206,1000.0
163,1.7149741007685662,9816,1600034,1632,-14.687325950622558,1601034,596.73118197,0.001,1000.0,,
,1.9146931071281432,,1604034,,-13.57386770439148,1605000,,0.001,,444.89302270327755,1000.0
163,,9842,,1636,,1605034,612.4082772799999,,1000.0,,
163,2.052523206591606,9860,1608034,1640,-12.450609539985656,1609034,619.0783581200001,0.001,1000.0,,
,2.055784955441952,,1609034,,-12.287933955192566,1610000,,0.001,,654.167879338935,1000.0
163,2.0399112100601196,9886,1612034,1644,-12.113671372413636,1613034,624.4379275,0.001,1000.0,,
,2.0588009757995605,,1614034,,-12.067198840141296,1615000,,0.001,,567.61295430311,1000.0
163,1.9662671937346459,9912,1616034,1648,-11.85121192741394,1617034,621.2081551499999,0.001,1000.0,,
,2.119673672556877,,1619034,,-11.130620776176453,1620000,,0.001,,673.0950360534713,1000.0
163,2.024314383924007,9937,1620034,1652,-10.835016242027283,1621034,619.2021591199999,0.001,1000.0,,
,2.4055558568239213,,1624034,,-9.623455148220062,1625000,,0.001,,635.3492184273898,1000.0
163,,9963,,1656,,1625034,624.38723035,,1000.0,,
163,2.5674791897535325,9982,1628034,1660,-9.180595218658448,1629034,629.79689076,0.001,1000.0,,
,2.568506710231304,,1629034,,-9.133346391677856,1630000,,0.001,,421.06062322274084,1000.0
163,2.672081052303314,10008,1632034,1664,-8.846812217235565,1633034,625.15229492,0.001,1000.0,,
,2.6013559489250184,,1634034,,-8.408405126094818,1635000,,0.001,,433.58268047990276,1000.0
163,2.614600067615509,10034,1636034,1668,-8.439229621887208,1637034,616.3312459,0.001,1000.0,,
,2.8814645562171934,,1639034,,-7.257019751310349,1640000,,0.001,,449.5397632936947,1000.0
163,3.178254564642906,10060,1640034,1672,-6.417112379550934,1641034,606.62972831,0.001,1000.0,,
,3.1244035470485687,,1644034,,-3.825445318803191,1645000,,0.001,,406.6370963688125,1000.0
163,,10086,,1676,,1645034,603.63616662,,1000.0,,
163,3.1755657855272292,10104,1648034,1680,-2.643048312216997,1649034,600.5710501599999,0.001,1000.0,,
,3.2141275621652605,,1649034,,-2.4066362539976835,1650000,,0.001,,281.16432035400646,1000.0
163,3.4369274142980575,10130,1652034,1684,-1.5900649013072252,1653034,587.2866674,0.001,1000.0,,
,4.105732647299766,,1654034,,-0.25835770038980993,1655000,,0.001,,246.49739171902183,1000.0
163,4.383346660971641,10156,1656034,1688,1.130045229628682,1657034,546.3229219100001,0.001,1000.0,,
,4.449622403621674,,1659645,,2.02752158555598,1660000,,0.001,,314.71985446917245,1000.0
163,,10179,,1692,,1660645,547.34690441,,996.11,,
163,5.115677253246307,10194,1662854,1696,5.9184935092926025,1663854,529.1208966199999,0.001,988.2,,
,5.439373542308807,,1664854,,7.108470778942108,1665000,,0.001,,412.64532239226975,1000.0
163,4.567534849882126,10219,1666854,1700,4.885197506844998,1667854,513.35346556,0.001,988.2,,
,5.44298877286911,,1669854,,3.0597565787276255,1670000,,0.001,,-1315.710247303266,908.2
163,6.071791975975037,10244,1670854,1704,2.6662859977260234,1671854,449.29961504,0.001,988.2,,
,9.686427090883255,,1674854,,8.567862968444825,1675000,,0.001,,-1613.7228752411902,904.9
163,,10269,,1708,,1675854,372.21942414999995,,988.2,,
163,7.074593747854233,10288,1678854,1712,17.529902097702028,1679854,296.09138033,0.001,988.2,,
,6.702603385448456,,1679854,,18.63996453666687,1680000,,0.001,,-779.6836441086605,1000.0
163,6.034604973077774,10314,1682854,1716,23.076508266448975,1683854,250.32007803999997,0.001,988.2,,
,5.692590224742889,,1684854,,26.586347564697267,1685000,,0.001,,-826.3154190861212,1000.0
163,5.252183688640595,10340,1686854,1720,28.317266513824464,1687854,219.43361887,0.001,988.2,,
,4.804385610342026,,1689854,,27.440874027252196,1690000,,0.001,,519.5803302531073,1000.0
163,4.6027371633052825,10366,1690854,1724,26.11166473388672,1691854,212.03117509,0.001,988.2,,
,3.179585006713867,,1694854,,19.88354378890991,1695000,,0.001,,767.5697244072333,1000.0
163,,10392,,1728,,1695854,221.26629282,,988.2,,
163,2.2861556508541105,10410,1698854,1732,15.538628618240356,1699854,227.45705104999996,0.001,988.2,,
,2.2127315860390664,,1699854,,14.13508703994751,1700000,,0.001,,444.7686494606081,1000.0
163,2.0636440818309785,10435,1702854,1736,10.87128097820282,1703854,218.99074788,0.001,988.2,,
,2.0031410408616064,,1704854,,8.80316850757599,1705000,,0.001,,574.0409337532241,1000.0
163,2.03558575963974,10462,1706854,1740,6.779679255962372,1707854,215.80395341999997,0.001,988.2,,
,2.1519154428243636,,1709854,,4.70581915640831,1710000,,0.001,,616.3473706941353,1000.0
163,2.2741209124326707,10487,1710854,1744,4.344865626692772,1711854,211.60387027000002,0.001,988.2,,
,2.353871390938759,,1714854,,4.283558777809143,1715000,,0.001,,701.7063387173228,1000.0
163,,10513,,1748,,1715854,217.14977469999997,,988.2,,
163,2.664799547076225,10531,1718854,1752,3.661523826420307,1719854,219.15170478,0.001,988.2,,
,2.6310360443592073,,1719854,,3.6739830434024334,1720000,,0.001,,387.5976594681386,1000.0
163,2.9254358677864074,10557,1722854,1756,4.199879323244095,1723854,204.85949049999996,0.001,988.2,,
,2.857856860160828,,1724854,,4.611508636832237,1725000,,0.001,,99.10476983711123,1000.0
163,3.0713540191650393,10584,1726854,1760,4.708758154034615,1727854,180.44722025000007,0.001,988.2,,
,3.04071482026577,,1729854,,5.1422346261143685,1730000,,0.001,,536.4582412732998,917.0
163,2.900425045847893,10609,1730854,1764,5.240430007219315,1731854,183.95481228,0.001,988.2,,
,3.2293737499713897,,1734854,,4.781386145323515,1735000,,0.001,,-23.39815963664296,913.9
163,,10634,,1768,,1735854,200.99355072999998,,988.2,,
163,3.127887801885605,10652,1738854,1772,4.751389011144638,1739854,168.51202541000004,0.001,988.2,,
,2.9963169597387314,,1739854,,5.088345454454422,1740000,,0.001,,-308.47699879201826,906.1
163,3.1624633380174636,10674,1742139,1776,6.965548681735992,1743139,139.93759790000001,0.001,981.05,,
,3.0130161851644517,,1744179,,7.607083344459534,1745000,,0.001,,-1097.7714015466802,915.2
163,3.2235460758209227,10695,1745179,1780,8.072514473915101,1746179,71.59642966000001,0.001,971.45,,
,2.6822237318754194,,1749179,,8.141577053070069,1750000,,0.001,,18.98032234404236,1000.0
163,,10720,,1784,,1750179,24.419852879999993,,971.45,,
163,2.462466597378254,10738,1753179,1788,8.256939435958863,1754179,51.00805792999999,0.001,971.45,,
,2.57777402228117,,1754179,,8.570412796020507,1755000,,0.001,,605.0127010252327,1000.0
163,2.4846275049448012,10764,1757179,1792,8.726002973556518,1758179,52.20479001999999,0.001,975.34,,
,2.2867671002149583,,1759179,,8.779397333145141,1760000,,0.001,,700.0570578202605,1000.0
163,2.2992810031175615,10789,1761179,1796,8.444554779052734,1762179,75.01495294999998,0.001,983.25,,
,1.8555588238835334,,1764179,,7.91572038269043,1765000,,0.001,,592.0208212126047,1000.0
163,1.9114412163496017,10815,1765179,1800,7.5737968330383305,1766179,87.94679753999999,0.001,983.25,,
,1.7831369748711585,,1769179,,4.6388832368850705,1770000,,0.001,,515.8432111365721,1000.0
163,,10842,,1804,,1770179,153.49347398,,983.25,,
163,1.7692875795960425,10860,1773179,1808,2.7606961921975017,1774179,223.98409995999998,0.001,983.25,,
,1.6690677559375764,,1774179,,2.2650144341199194,1775000,,0.001,,777.4442305456381,1000.0
163,1.5740118989944458,10886,1777179,1812,1.0332237494681031,1778179,300.67677769,0.001,983.25,,
,1.7454078468084335,,1779179,,0.3954005885636434,1780000,,0.001,,578.7420179974288,1000.0
163,1.7725849538445473,10911,1781179,1816,-0.2967704317420721,1782179,336.15338058000003,0.001,983.25,,
,1.7827147438526154,,1784179,,-1.2249519745884463,1785000,,0.001,,569.0223304324784,1000.0
163,1.7030768553614617,10938,1785179,1820,-1.4030698797479273,1786179,363.35821482999995,0.001,983.25,,
,1.660164422094822,,1789179,,-2.531848637646064,1790000,,0.001,,589.6910763944965,1000.0
163,,10963,,1824,,1790179,361.04064376,,983.25,,
163,1.9273277638554573,10982,1793179,1828,-2.614392601649277,1794179,356.07115848,0.001,983.25,,
,1.8439338325858117,,1794179,,-2.798367331854999,1795000,,0.001,,580.158658593148,1000.0
163,2.0136952883601187,11007,1797179,1832,-2.4608189925411716,1798179,356.85026591,0.001,983.25,,
,2.046337696790695,,1799179,,-2.2893073337581007,1800000,,0.001,,864.8608377277967,1000.0
163,1.9391597347855567,11033,1801179,1836,-1.8150010841256008,1802179,368.73694656,0.001,983.25,,
,1.87978842908144,,1804179,,-1.8343775253985077,1805000,,0.001,,518.1638480348396,1000.0
163,1.792988372027874,11059,1805179,1840,-1.8503370248377322,1806179,371.52843794000006,0.001,983.25,,
,2.1561607224941253,,1809179,,-2.258810690412298,1810000,,0.001,,636.3906478218735,1000.0
163,,11085,,1844,,1810179,372.0983659,,983.25,,
163,2.2339489532709123,11103,1813179,1848,-2.3768462317306547,1814179,363.11650513,0.001,983.25,,
,2.0725483321547506,,1814179,,-2.497169329965487,1815000,,0.001,,705.8878142906585,1000.0
163,2.70812804800272,11129,1817179,1852,-3.601531716234982,1818179,362.73271941999997,0.001,983.25,,
,4.237058578491211,,1819179,,-5.653775064378977,1820000,,0.001,,398.11604689058584,1000.0
163,4.4827387410402295,11155,1821179,1856,-0.8316130026253522,1822179,334.5618673200001,0.001,983.25,,
,6.953100805282593,,1824179,,-1.3519732153899968,1825000,,0.001,,-2479.628845754266,1000.0
163,7.035816145658493,11181,1825179,1860,-2.648844284856692,1826179,231.9439727,0.001,983.25,,
,4.311146845459938,,1829179,,1.985508716496639,1830000,,0.001,,-894.5599670984317,1000.0
163,,11208,,1864,,1830179,189.52253553000003,,983.25,,
163,4.798280422329903,11226,1833179,1868,5.684098615586757,1834179,174.90692393999998,0.001,983.25,,
,4.9028456883430485,,1834179,,5.202722829818725,1835000,,0.001,,-72.24053570024698,1000.0
163,4.4771019097566604,11252,1837179,1872,4.732669281542301,1838179,196.89969523,0.001,983.25,,
,4.302359097719193,,1839179,,5.112063272617758,1840000,,0.001,,195.28732712343336,1000.0
163,3.9000737235546112,11278,1841179,1876,4.23214622920379,1842179,211.62211351999997,0.001,990.4,,
,4.363038327336311,,1844179,,6.904647017896175,1845000,,0.001,,-610.721152024623,1000.0
163,4.659591635227203,11303,1845179,1880,8.242564375638961,1846179,256.71458111,0.001,1000.0,,
,4.698205852389336,,1849179,,12.85547260093689,1850000,,0.001,,3.3906060385983436,1000.0
163,,11329,,1884,,1850179,294.93235858,,1000.0,,
163,4.4714658019542695,11347,1853179,1888,13.36403905773163,1854179,289.91482454000004,0.001,1000.0,,
,4.387793619513512,,1854179,,13.086562055587768,1855000,,0.001,,304.06584564140064,1000.0
163,4.595928357601165,11373,1857179,1892,11.77974813079834,1858179,291.9705536900001,0.001,1000.0,,
,5.018606590270996,,1859179,,11.589280877113342,1860000,,0.001,,374.46047135675326,1000.0
163,5.969496295213699,11399,1861179,1896,12.336924968719483,1862179,277.04408755000003,0.001,1000.0,,
,9.20159157371521,,1864179,,8.736392927885056,1865000,,0.001,,-183.1988249919042,1000.0
163,10.017175159454347,11425,1865179,1900,7.751222487807274,1866179,254.24303164,0.001,1000.0,,
163,13.763786674022674,11439,1868197,1904,16.072232374191284,1868716,186.60696856,0.001,985.37,,
,17.382729363023188,,1869773,,13.572604077202934,1870000,,0.001,,-685.9416459182278,342.7
163,19.68126745223999,11454,1870773,1908,13.091012672424316,1871773,95.07961958,0.001,975.94,,
,33.94757919311523,,1874773,,-0.28770689786598086,1875000,,0.001,,-1690.4152610063552,906.9
163,,11479,,1912,,1875773,-15.456197109999994,,975.94,,
163,24.409042561307867,11493,1877820,1916,-17.189331491788227,1877858,-74.61761525000001,0.001,956.79,,
163,18.661711326122283,11502,1879871,1920,-14.678353416323661,1879902,-150.46285341000004,0.001,937.23,,
,18.127339886080833,,1879902,,-12.81051841378212,1880000,,0.001,,-1764.524294501543,908.1
163,13.376064992904663,11523,1882902,1924,-8.774856138579548,1882921,-226.35240254,0.001,927.42,,
163,10.488517730132394,11528,1883980,1928,-6.198193705600241,1884980,-277.61766141,0.001,908.01,,
,9.759971709251404,,1884980,,-4.981939896845026,1885000,,0.001,,-1678.545501959324,842.5
163,7.770379995044909,11548,1886999,1932,-4.316600549138254,1887999,-365.60271152000007,0.001,898.2,,
,6.3588369233267645,,1889020,,-1.4410266280174255,1890000,,0.001,,-1070.6722584009171,811.6
163,7.173912088871003,11567,1890020,1936,-0.9598316038575722,1890056,-449.35657738000003,0.001,878.77,,
163,6.764327892065048,11577,1892154,1940,3.974505217695143,1893154,-514.6716045400001,0.001,869.75,,
,6.430788805961609,,1894154,,6.621988896131516,1895000,,0.001,,-241.56629876619553,914.8
163,6.349013868331909,11603,1896154,1944,7.165620354413986,1897154,-535.94670284,0.001,869.75,,
,6.121130149126053,,1899154,,8.61762213230133,1900000,,0.001,,-634.2978952683509,1000.0
163,5.993414221048355,11628,1900154,1948,9.146323976039886,1901154,-586.87439507,0.001,869.75,,
,5.495448393583298,,1904154,,8.746804824829102,1905000,,0.001,,-680.703483889252,1000.0
163,,11655,,1952,,1905154,-641.3205239700001,,869.75,,
163,5.969962343454361,11673,1908154,1956,6.278708089828491,1909154,-614.63347854,0.001,869.75,,
,6.102576748609543,,1909154,,5.051946053385735,1910000,,0.001,,169.23166430098937,1000.0
163,4.8059924355259644,11694,1911181,1960,3.9395324908770046,1912181,-514.7337810500001,0.001,860.02,,
,3.4717262552976607,,1914181,,2.012965659916401,1915000,,0.001,,-114.86935822302476,1000.0
163,2.976461323261261,11720,1915181,1964,2.4217299420423806,1916181,-494.6009149100001,0.001,860.02,,
,2.3618615186810494,,1919181,,4.783015779256821,1920000,,0.001,,-5.822721561789512,1000.0
163,,11746,,1968,,1920181,-522.6288921400001,,860.02,,
163,1.8699252222180367,11764,1923181,1972,2.960171943336725,1924181,-510.1589754,0.001,860.02,,
,1.7805036920309067,,1924181,,2.3193246623094894,1925000,,0.001,,490.05599551654376,1000.0
163,1.626392468035221,11790,1927181,1976,0.832925474995689,1928181,-492.3600907700001,0.001,860.02,,
,1.553504567861557,,1929181,,0.3629398206109181,1930000,,0.001,,520.0732303979341,1000.0
163,1.5505137491822243,11816,1931181,1980,-0.29125777818029747,1932181,-468.89720943,0.001,860.02,,
,1.537341725051403,,1934181,,-0.7378327897021081,1935000,,0.001,,568.692768009007,1000.0
163,1.581551216363907,11842,1935181,1984,-0.8531747852675616,1936181,-449.19278342999996,0.001,860.02,,
,1.5985507053732873,,1939181,,-2.20809505180642,1940000,,0.001,,536.1376862513367,1000.0
163,,11867,,1988,,1940181,-434.73208687000005,,860.02,,
163,1.6668696237802505,11885,1943181,1992,-3.5185468605197965,1944181,-428.66688701000004,0.001,860.02,,
,1.557231064260006,,1944181,,-3.921074709996581,1945000,,0.001,,644.0108305891074,1000.0
163,1.4995751416683196,11911,1947181,1996,-5.008955139636994,1948181,-413.1440313,0.001,860.02,,
,1.479137457370758,,1949181,,-5.472955294236541,1950000,,0.001,,697.38256268166,1000.0
163,1.6167201860547065,11937,1951181,2000,-5.779670736789703,1952181,-388.6939959400001,0.001,860.02,,
,1.7678582934737206,,1954181,,-6.051167859196663,1955000,,0.001,,631.4960554011166,1000.0
163,1.7916202333569526,11963,1955181,2004,-5.717455947637558,1956181,-321.74566881000004,0.001,874.65,,
,2.23404660397768,,1959181,,-5.255665832221508,1960000,,0.001,,577.847280561924,1000.0
163,,11989,,2008,,1960181,-234.60018953000002,,884.08,,
163,2.173016824543476,12007,1963181,2012,-5.527728433847427,1964181,-133.78801346000003,0.001,884.08,,
,2.0739612003564836,,1964181,,-5.723156476020813,1965000,,0.001,,597.7318645954132,1000.0
163,1.6861723025441169,12033,1967181,2016,-6.595219675302506,1968181,-67.39100743,0.001,903.23,,
,1.4911304177045823,,1969181,,-7.4566634073257445,1970000,,0.001,,671.8656579721719,1000.0
163,1.5347277400493622,12060,1971181,2020,-8.207469065189361,1972181,11.753518800000005,0.001,922.79,,
,1.628869579911232,,1974181,,-8.565213895320893,1975000,,0.001,,520.0999986726325,1000.0
163,1.6068219707012177,12086,1975181,2024,-8.748550141334533,1976181,93.5500638,0.001,932.6,,
,1.6883918429017066,,1979181,,-8.976797066688537,1980000,,0.001,,645.1988997550682,1000.0
163,,12112,,2028,,1980181,147.18668984000004,,952.01,,
163,1.5196172115206719,12131,1983181,2032,-10.28171532344818,1984181,235.51075439000005,0.001,961.82,,
,1.4825258973240851,,1984181,,-10.621113580703735,1985000,,0.001,,458.436101054959,1000.0
163,1.4604744884967804,12157,1987181,2036,-11.583815927505492,1988181,302.21776219,0.001,981.25,,
,1.5231092294454576,,1989181,,-11.88180665588379,1990000,,0.001,,415.8711178726051,1000.0
163,1.6749643457531929,12184,1991181,2040,-11.560292193412781,1992181,327.83144726,0.001,990.27,,
,1.776258092701435,,1994181,,-10.657096755981446,1995000,,0.001,,397.4833886192646,1000.0
163,1.8834280660152436,12210,1995181,2044,-10.448334641456604,1996181,343.73352844,0.001,990.27,,
,2.0976289677023887,,1999181,,-8.815201440162957,2000000,,0.001,,143.66564797864413,1000.0
163,,12237,,2048,,2000181,392.85096680999993,,990.27,,
