time/total_timesteps,time/episodes,train/critic_loss,train/n_updates,train/learning_rate,time/fps,time/time_elapsed,rollout/ep_rew_mean,train/actor_loss,rollout/ep_len_mean,eval/mean_reward,eval/mean_ep_length
3397,4,0.04914796739071608,2397,0.001,194,17,-1518.6142245,2.2267626719474793,849.25,,
5000,,0.10745481575280427,4397,0.001,,,,4.933509427070618,,-1245.1261090742423,1000.0
6462,8,0.23787142130044792,5462,0.001,131,49,-1314.322990375,8.153774752761379,807.75,,
10000,,0.3798306200057268,9462,0.001,,,,12.59778925704956,,340.00262571956847,1000.0
10462,12,,,,114,91,-1184.4989225,,871.8333333333334,,
14462,16,0.29221064992249013,13462,0.001,121,118,-987.2212289375001,18.018967239379883,903.875,,
15000,,0.2811945366114378,14462,0.001,,,,18.62462999343872,,692.5327685544034,1000.0
18462,20,0.2251848826482892,17462,0.001,115,160,-833.9282867500002,20.94591749572754,923.1,,
20000,,0.18517420966923237,19462,0.001,,,,22.048561988830567,,866.471780577302,1000.0
22462,24,0.16208032016456128,21462,0.001,111,201,-723.3704731666667,22.844199661254883,935.9166666666666,,
25000,,0.16003234814852477,24462,0.001,,,,23.67550761795044,,895.4142853409052,1000.0
26462,28,0.14366250470280648,25462,0.001,110,240,-635.4360239642857,23.826291194915772,945.0714285714286,,
30000,,0.12685522903501986,29462,0.001,,,,24.442597068786622,,923.5889708042145,1000.0
30462,32,,,,109,277,-565.1841095625,,951.9375,,
34462,36,0.11442906665056944,33462,0.001,114,300,-510.6177606944445,24.629483139038086,957.2777777777778,,
35000,,0.1180353535413742,34462,0.001,,,,24.676285167694093,,910.6934640824795,1000.0
38462,40,0.10319305855035782,37462,0.001,113,338,-467.40932374999994,24.853750160217285,961.55,,
40000,,0.09250215470418334,39462,0.001,,,,24.863258544921877,,938.1666861027479,1000.0
42462,44,0.10017125344276429,41462,0.001,112,377,-431.20363154545447,24.94945446395874,965.0454545454545,,
45000,,0.10673497715219855,44462,0.001,,,,24.9860581741333,,879.7940592601896,1000.0
46462,48,0.09516193952411413,45462,0.001,111,416,-401.9431141041666,25.01830951690674,967.9583333333334,,
50000,,0.09116077705472708,49462,0.001,,,,25.035995223999024,,939.6267395496368,1000.0
50462,52,,,,110,455,-374.8544607884615,,970.4230769230769,,
54462,56,0.07830539153516293,53462,0.001,113,481,-350.9640853035714,24.92578915786743,972.5357142857143,,
55000,,0.08382299887388944,54462,0.001,,,,24.876048889160156,,965.8209566533566,1000.0
58462,60,0.07663528417795896,57462,0.001,111,525,-329.8830343166667,24.76317939376831,974.3666666666667,,
60000,,0.07089186481013894,59462,0.001,,,,24.658040798187255,,954.2494963347912,1000.0
62462,64,0.0724051070008427,61462,0.001,110,567,-311.77879334375,24.540830066680908,975.96875,,
65000,,0.07384324147552251,64462,0.001,,,,24.37396678543091,,942.0616827875376,1000.0
66462,68,0.07295136573910713,65462,0.001,108,611,-295.78049672058825,24.30461833190918,977.3823529411765,,
70000,,0.06510299579426647,69462,0.001,,,,24.09243147277832,,969.1980988442898,1000.0
70462,72,,,,107,654,-280.9875524722222,,978.6388888888889,,
74462,76,0.0633844244107604,73462,0.001,109,680,-267.93409460526317,23.85852618408203,979.7631578947369,,
75000,,0.05673511232621968,74462,0.001,,,,23.79407646560669,,958.1700158894062,1000.0
78462,80,0.07150759550370275,77462,0.001,108,722,-256.0188797375,23.60857244873047,980.775,,
80000,,0.052190107049420474,79462,0.001,,,,23.47974095916748,,957.664220404625,1000.0
82462,84,0.05190370422974229,81462,0.001,108,763,-245.48609682142856,23.336258674621583,981.6904761904761,,
85000,,0.04948059200309217,84462,0.001,,,,23.16364448928833,,961.5128546655178,1000.0
86462,88,0.05721804178319871,85462,0.001,107,802,-235.8540515227273,23.113581325531005,982.5227272727273,,
90000,,0.0509949298184365,89462,0.001,,,,22.888409385681154,,972.8381814420223,1000.0
90462,92,,,,107,841,-226.7255471304348,,983.2826086956521,,
94462,96,0.04785211433842778,93462,0.001,108,868,-218.73359653125,22.665502056121827,983.9791666666666,,
95000,,0.04884653912112117,94462,0.001,,,,22.62988739013672,,974.6859001755714,1000.0
98462,100,0.06476648447290063,97462,0.001,109,902,-210.98130400000002,22.50620435333252,984.62,,
100000,,0.04857286961376667,99462,0.001,,,,22.395401988983153,,960.295324832201,1000.0
102462,104,0.04568080387450755,101462,0.001,109,935,-151.61414877,22.301112590789796,990.65,,
105000,,0.04708219653554261,104462,0.001,,,,22.16780318069458,,967.5077827930451,1000.0
106462,108,0.04428949425928295,105462,0.001,109,973,-108.32793495999998,22.13262166595459,1000.0,,
110000,,0.04273677659034729,109462,0.001,,,,21.980489433288575,,979.9812177240849,1000.0
110462,112,,,,108,1014,-72.35825055,,1000.0,,
114462,116,0.04678496400639415,113462,0.001,109,1043,-57.50333103999999,21.8621279258728,1000.0,,
115000,,0.046767908358946446,114462,0.001,,,,21.83371640396118,,973.0933576285839,1000.0
118462,120,0.04085804879665375,117462,0.001,109,1085,-50.044054890000005,21.73511172103882,1000.0,,
120000,,0.046656898889690636,119462,0.001,,,,21.682499824523926,,972.8987940192222,1000.0
122462,124,0.03940670954436064,121462,0.001,108,1128,-44.39769098000001,21.647216178894045,1000.0,,
125000,,0.052567601893097164,124462,0.001,,,,21.591393642425537,,979.4289428591728,1000.0
126462,128,0.04876804257184267,125462,0.001,107,1171,-40.95283228,21.567711742401123,1000.0,,
130000,,0.04109229082241654,129462,0.001,,,,21.49196820831299,,915.5288651704789,1000.0
130462,132,,,,107,1209,-39.732265819999995,,1000.0,,
134462,136,0.04313540514372289,133462,0.001,108,1238,-37.67677013,21.403067039489745,1000.0,,
135000,,0.03866909112595022,134462,0.001,,,,21.40219250869751,,985.9979204177856,1000.0
138462,140,0.038985113963484766,137462,0.001,108,1280,-35.23838773,21.367613304138185,1000.0,,
140000,,0.03807754610665143,139462,0.001,,,,21.348646652221678,,982.5094896614552,1000.0
142462,144,0.03733808028325439,141462,0.001,108,1317,-33.2095338,21.31190029144287,1000.0,,
145000,,0.03584856036677957,144462,0.001,,,,21.270921566009523,,973.5780468523502,1000.0
146462,148,0.03958781613409519,145462,0.001,108,1356,-31.02360523,21.2559400138855,1000.0,,
150000,,0.038601229708641764,149462,0.001,,,,21.19641313934326,,974.3485957801342,1000.0
150462,152,,,,107,1398,-29.952208419999998,,1000.0,,
154462,156,0.03559953254275024,153462,0.001,108,1424,-29.31742065,21.120047946929933,1000.0,,
155000,,0.035593438214622436,154462,0.001,,,,21.115310691833496,,971.2549311339856,1000.0
158462,160,0.03793750832416117,157462,0.001,108,1466,-29.1123387,21.110797626495362,1000.0,,
160000,,0.03701322712935507,159462,0.001,,,,21.09411806488037,,974.7750215828419,1000.0
162462,164,0.03539889630675316,161462,0.001,107,1508,-28.54371982,21.0911325340271,1000.0,,
165000,,0.0365823534950614,164462,0.001,,,,21.05683090209961,,969.9754184603692,1000.0
166462,168,0.033213712738826874,165462,0.001,107,1551,-28.110660709999998,21.022987487792967,1000.0,,
170000,,0.03387609503790736,169462,0.001,,,,20.96029895401001,,977.8130700945854,1000.0
170462,172,,,,106,1594,-27.824870099999995,,1000.0,,
174462,176,0.03677289790660143,173462,0.001,107,1622,-27.579263669999996,20.935974308013915,1000.0,,
175000,,0.0384091963917017,174462,0.001,,,,20.92858597946167,,970.8837735235691,1000.0
178462,180,0.041156074989587066,177462,0.001,107,1664,-27.35652122,20.947059509277345,1000.0,,
180000,,0.040569462809711694,179462,0.001,,,,20.959250343322754,,958.3388447284699,1000.0
182462,184,0.04309071460925042,181462,0.001,106,1705,-27.235275949999995,20.975563526153564,1000.0,,
185000,,0.04543648803047836,184462,0.001,,,,20.988177223205568,,964.0983190238476,1000.0
186462,188,0.038652595087885856,185462,0.001,106,1744,-27.226337429999997,20.988018661499023,1000.0,,
190000,,0.038745614267885684,189462,0.001,,,,20.99212593460083,,973.7044154524804,1000.0
190462,192,,,,107,1776,-27.209401099999994,,1000.0,,
194462,196,0.044835245609283446,193462,0.001,108,1798,-27.49734865,21.02907553100586,1000.0,,
195000,,0.04403209986910224,194462,0.001,,,,21.019823608398436,,952.718561643362,1000.0
198462,200,0.045386669868603347,197462,0.001,108,1831,-28.701972800000004,21.03383548736572,1000.0,,
200000,,0.04272065439261496,199462,0.001,,,,21.043578495025635,,971.3586219191551,1000.0
202462,204,0.042338630286976695,201462,0.001,108,1864,-28.840202710000003,21.05957974624634,1000.0,,
205000,,0.04323376527428627,204462,0.001,,,,21.099983547210694,,967.6814001977443,1000.0
206462,208,0.0430034473631531,205462,0.001,108,1897,-28.99671276,21.12719330596924,1000.0,,
210000,,0.04136069850064814,209462,0.001,,,,21.24469902038574,,970.1591873347759,1000.0
210462,212,,,,109,1929,-29.358868210000004,,1000.0,,
214462,216,0.042396508565172554,213462,0.001,109,1951,-30.16653508,21.321542194366454,1000.0,,
215000,,0.039519346088171,214462,0.001,,,,21.31713705444336,,979.1199591338634,1000.0
218462,220,0.03884414193965495,217462,0.001,110,1984,-29.885114959999996,21.318741554260253,1000.0,,
220000,,0.037373890625312926,219462,0.001,,,,21.293094558715822,,972.1854617774486,1000.0
222462,224,0.03820052425842732,221462,0.001,110,2017,-29.63281668,21.277328521728517,1000.0,,
225000,,0.038768543304875495,224462,0.001,,,,21.21940051651001,,967.8419061183929,1000.0
226462,228,0.038509143952280285,225462,0.001,110,2050,-29.847782749999997,21.20107890319824,1000.0,,
230000,,0.040554422425106165,229462,0.001,,,,21.120579452514647,,964.9531877279281,1000.0
230462,232,,,,110,2083,-30.20635811,,1000.0,,
234462,236,0.049309526598080994,233462,0.001,111,2105,-31.153519430000006,21.063272331237794,1000.0,,
235000,,0.042526987651363014,234462,0.001,,,,21.039795989990235,,910.1135947823525,1000.0
238462,240,0.04625206530466676,237462,0.001,111,2137,-32.36141311,20.974462387084962,1000.0,,
240000,,0.03976238881610334,239462,0.001,,,,20.951227222442625,,965.929297965765,1000.0
242462,244,0.038889600938186046,241462,0.001,111,2170,-32.775721739999994,20.914783115386964,1000.0,,
245000,,0.03686616720817983,244462,0.001,,,,20.86131595611572,,970.647128367424,1000.0
246462,248,0.03494747160747647,245462,0.001,111,2202,-32.806322429999994,20.85251682281494,1000.0,,
250000,,0.032726611889898775,249462,0.001,,,,20.817238403320314,,977.250024598837,1000.0
250462,252,,,,112,2235,-32.70195846,,1000.0,,
254462,256,0.03424522570706904,253462,0.001,112,2258,-32.565551649999996,20.790709701538084,1000.0,,
255000,,0.03107265930995345,254462,0.001,,,,20.774490417480468,,979.6430564463138,1000.0
258462,260,0.032953243367373944,257462,0.001,112,2290,-32.19342737,20.746920455932617,1000.0,,
260000,,0.03356831704080105,259462,0.001,,,,20.754717807769776,,983.5925182521344,1000.0
262462,264,0.03481715207733214,261462,0.001,112,2323,-32.42117581999999,20.75866695022583,1000.0,,
265000,,0.03700525133684278,264462,0.001,,,,20.734736225128174,,982.3724204719067,1000.0
266462,268,0.032656692206859586,265462,0.001,113,2357,-31.992974869999998,20.703554359436033,1000.0,,
270000,,0.03461290281638503,269462,0.001,,,,20.648723373413088,,974.8406320989131,1000.0
270462,272,,,,113,2389,-32.15464943,,1000.0,,
274462,276,0.055755570134148,273462,0.001,113,2411,-31.936138930000002,20.674562088012696,1000.0,,
275000,,0.059731136202812195,274462,0.001,,,,20.691687103271484,,973.1196483075619,1000.0
278462,280,0.05928787373192608,277462,0.001,113,2444,-32.888821820000004,20.75459691619873,1000.0,,
280000,,0.057610559785738584,279462,0.001,,,,20.81939532470703,,950.6991830825806,1000.0
282462,284,0.05718935973383486,281462,0.001,114,2477,-32.87039561,20.90338217163086,1000.0,,
285000,,0.053101030064746736,284462,0.001,,,,20.949170043945312,,973.9585950732231,1000.0
286462,288,0.05590909444540739,285462,0.001,114,2510,-33.995318669999996,20.946934280395507,1000.0,,
290000,,0.050570820579305294,289462,0.001,,,,20.950628955841065,,951.8033734977246,1000.0
290462,292,,,,114,2543,-34.73430155,,1000.0,,
294462,296,0.05298444616049528,293462,0.001,114,2565,-35.96817881,20.93007230758667,1000.0,,
295000,,0.0750106571149081,294462,0.001,,,,20.9478014793396,,916.9660865366459,1000.0
298462,300,0.1074667785782367,297462,0.001,114,2597,-37.86365766,21.110792167663575,1000.0,,
300000,,0.07503694729879498,299462,0.001,,,,21.096133750915527,,954.5140431523323,1000.0
302462,304,0.05621063627488911,301462,0.001,114,2630,-41.17304858000001,21.020670700073243,1000.0,,
305000,,0.05492124118283391,304462,0.001,,,,20.960360584259032,,973.5502564251423,1000.0
306462,308,0.05659608916938305,305462,0.001,115,2663,-41.27118876,20.962398914337157,1000.0,,
310000,,0.10048508336395025,309462,0.001,,,,21.26414203643799,,931.4327163159847,1000.0
310462,312,,,,115,2696,-42.2334381,,1000.0,,
314462,316,0.1547185037136078,313462,0.001,115,2718,-43.70852931000001,21.939490970611573,1000.0,,
315000,,0.13714669154584408,314462,0.001,,,,22.032596942901613,,896.2947350025177,1000.0
318462,320,0.1646191614717245,317462,0.001,115,2751,-48.01013443,22.72692053604126,1000.0,,
320000,,0.19128418772667646,319462,0.001,,,,23.46423927307129,,873.5057034432888,1000.0
322462,324,0.22777364238351583,321462,0.001,115,2784,-52.1800949,24.435404815673827,1000.0,,
325000,,0.2404148072451353,324462,0.001,,,,25.471415115356447,,780.0568528786301,946.4
326462,328,0.21198837365955114,325462,0.001,115,2816,-57.42925429999998,25.64564305114746,1000.0,,
330000,,0.15461880662292243,329462,0.001,,,,25.888561798095704,,873.1483563146554,1000.0
330462,332,,,,116,2848,-60.86028817999999,,1000.0,,
334462,336,0.13628477232158184,333462,0.001,116,2870,-64.12348183,26.037809688568114,1000.0,,
335000,,0.13961305581778288,334462,0.001,,,,26.075687133789064,,900.3472334599355,1000.0
338462,340,0.18584202649444342,337462,0.001,116,2903,-69.33265268000001,26.530819889068603,1000.0,,
340000,,0.1730053857192397,339462,0.001,,,,26.804848762512208,,910.8894040267915,1000.0
342462,344,0.1417521314099431,341462,0.001,116,2935,-73.91127818000001,26.83038595581055,1000.0,,
345000,,0.1598927629031241,344462,0.001,,,,26.684512340545655,,883.5931400805712,1000.0
346462,348,0.134710101865232,345462,0.001,116,2968,-78.53876453999999,26.601397563934327,1000.0,,
350000,,0.0850604644306004,349462,0.001,,,,26.39852527999878,,901.6901202321053,1000.0
350462,352,,,,116,3000,-83.34974711,,1000.0,,
354462,356,0.05967663157358766,353462,0.001,117,3022,-102.63094494000002,26.07131454849243,1000.0,,
355000,,0.05717196780256927,354462,0.001,,,,25.995555721282958,,956.9316377222538,1000.0
358462,360,0.04744353425316512,357462,0.001,117,3054,-104.15617456999999,25.65366075897217,1000.0,,
360000,,0.04916293169558048,359462,0.001,,,,25.470500164031982,,945.835106921196,1000.0
362462,364,0.04595516546443105,361462,0.001,117,3086,-104.80761717000001,25.28815048980713,1000.0,,
365000,,0.04302291172556579,364462,0.001,,,,25.02649235153198,,962.7192291915417,1000.0
366462,368,0.045067247645929454,365462,0.001,117,3119,-106.01601581999999,24.936341274261476,1000.0,,
370000,,0.05069017172791064,369462,0.001,,,,24.65933111190796,,960.9556796848774,1000.0
370462,372,,,,117,3151,-106.56688778000002,,1000.0,,
374462,376,0.0703263385295868,373462,0.001,117,3173,-107.95222341,24.672399238586426,1000.0,,
375000,,0.07627370259910822,374462,0.001,,,,24.656252613067625,,951.3912431120873,1000.0
378462,380,0.06860290591418743,377462,0.001,118,3205,-108.84795904999999,24.696279792785646,1000.0,,
380000,,0.06258457776904106,379462,0.001,,,,24.680750652313233,,929.9261609315872,1000.0
382462,384,0.05998447356931865,381462,0.001,118,3238,-110.51287981999998,24.61124831008911,1000.0,,
385000,,0.0660804249048233,384462,0.001,,,,24.61329976272583,,882.1578532397747,1000.0
386462,388,0.06162613381445408,385462,0.001,118,3271,-110.53461140000002,24.575072189331056,1000.0,,
390000,,0.0633782128766179,389462,0.001,,,,24.433136886596678,,935.2667329132557,1000.0
390462,392,,,,118,3303,-111.67162368999999,,1000.0,,
394462,396,0.0728355531655252,393462,0.001,118,3325,-111.98655504,24.405722206115723,1000.0,,
395000,,0.08552898005396127,394462,0.001,,,,24.47105966949463,,946.5108772158623,1000.0
398462,400,0.11747265999019146,397462,0.001,118,3358,-111.42565019999998,24.858491287231445,1000.0,,
400000,,0.08657742284610867,399462,0.001,,,,24.98977079772949,,950.7405699670314,1000.0
402462,404,0.08252569473534822,401462,0.001,118,3391,-108.91072069999998,24.88191447067261,1000.0,,
405000,,0.07161767012625933,404462,0.001,,,,24.82342024230957,,953.5440225481987,1000.0
406462,408,0.07114128494635225,405462,0.001,118,3424,-109.48163793000002,24.81255535507202,1000.0,,
410000,,0.07846616395562887,409462,0.001,,,,24.730206302642824,,934.0451678797602,1000.0
410462,412,,,,118,3456,-109.6331212,,1000.0,,
414462,416,0.09354184504598378,413462,0.001,119,3479,-112.25282849999999,24.925833095550537,1000.0,,
415000,,0.08690595572069287,414462,0.001,,,,25.011616077423096,,831.930698248744,1000.0
418462,420,0.08872498770430684,417462,0.001,119,3512,-112.44598653000001,25.15519955444336,1000.0,,
420000,,0.09081456739455461,419462,0.001,,,,25.319591339111327,,737.2044496566057,1000.0
422462,424,0.09298447905108333,421462,0.001,119,3544,-112.59455757000002,25.483101196289063,1000.0,,
425000,,0.10720585742220283,424462,0.001,,,,25.67261950302124,,719.6231202930212,1000.0
426462,428,0.09778488915413618,425462,0.001,119,3577,-112.58137125000002,25.65315075302124,1000.0,,
430000,,0.135504626840353,429462,0.001,,,,25.655477119445802,,928.0333774626255,1000.0
430462,432,,,,119,3609,-109.83794484,,1000.0,,
434462,436,0.22984166191518307,433462,0.001,119,3631,-110.38649325,25.982798316955567,1000.0,,
435000,,0.24693995021283627,434462,0.001,,,,26.10279267501831,,930.3059841826558,1000.0
438462,440,0.12342377629876136,437462,0.001,119,3664,-110.17381512999998,26.22317561721802,1000.0,,
440000,,0.10252937317639589,439462,0.001,,,,26.081061954498292,,888.4013608135283,1000.0
442462,444,0.09536899156868457,441462,0.001,119,3697,-111.36125667000002,26.00659336090088,1000.0,,
445000,,0.11623170040920376,444462,0.001,,,,26.06166273880005,,927.1269910603762,1000.0
446462,448,0.13074244445189834,445462,0.001,119,3729,-109.39357677999999,26.113154891967774,1000.0,,
450000,,0.13144222103059292,449462,0.001,,,,26.481592765808106,,821.5151283830928,1000.0
450462,452,,,,119,3762,-109.01074936,,1000.0,,
454462,456,0.13885046939551832,453462,0.001,120,3785,-95.04028324000001,27.035248073577883,1000.0,,
455000,,0.13760359643399717,454462,0.001,,,,27.19356367111206,,-96.86610616196704,1000.0
458462,460,0.12436893089860677,457462,0.001,119,3821,-95.91365222,27.38597848892212,1000.0,,
460000,,0.14368767070770264,459462,0.001,,,,27.635695556640623,,920.5301394969225,1000.0
462462,464,0.1608855616003275,461462,0.001,119,3858,-97.46885147,27.84650164413452,1000.0,,
465000,,0.15499953162670135,464462,0.001,,,,28.068285861968995,,783.9740822076798,1000.0
466462,468,0.1562814019843936,465462,0.001,119,3892,-100.59172338,28.039251525878907,1000.0,,
470000,,0.1354425262734294,469462,0.001,,,,27.86938864135742,,962.287615352869,1000.0
470462,472,,,,119,3929,-101.80069734,,1000.0,,
474462,476,0.09200869895145297,473462,0.001,119,3955,-101.34132102999997,27.604276882171632,1000.0,,
475000,,0.08941369187831878,474462,0.001,,,,27.50874506378174,,949.9335488319397,1000.0
478462,480,0.10382879081740976,477462,0.001,119,3998,-101.56259436999999,27.255198574066164,1000.0,,
480000,,0.11602787700295449,479462,0.001,,,,27.135959415435792,,906.7370397508145,1000.0
482462,484,0.10070716949552297,481462,0.001,119,4035,-103.22919189999999,27.027985961914062,1000.0,,
485000,,0.10568761811032891,484462,0.001,,,,26.89115254974365,,936.9345039904117,1000.0
486462,488,0.10728722509741784,485462,0.001,119,4080,-103.15076462,26.86900646209717,1000.0,,
490000,,0.11821402123570442,489462,0.001,,,,26.856205165863038,,956.9821129560471,1000.0
490462,492,,,,119,4116,-105.88979646999998,,1000.0,,
494462,496,0.15230955109000205,493462,0.001,119,4143,-107.09942420999998,27.119489555358886,1000.0,,
495000,,0.13339245188981294,494462,0.001,,,,27.099501773834227,,949.4347434401512,1000.0
498462,500,0.11079368561506271,497462,0.001,119,4183,-105.39271579,26.99774913406372,1000.0,,
500000,,0.10768010782077908,499462,0.001,,,,26.856310306549073,,942.8138239860534,1000.0
502462,504,0.09569295168668032,501462,0.001,119,4222,-105.84002711,26.682826217651368,1000.0,,
505000,,0.12365813998132943,504462,0.001,,,,26.56717171859741,,903.0308813869954,1000.0
506462,508,0.1668907360881567,505462,0.001,118,4262,-106.22195600999997,26.620916458129884,1000.0,,
510000,,0.13533528712391854,509462,0.001,,,,26.734195053100585,,876.3021354358643,1000.0
510462,512,,,,118,4302,-107.45606085000001,,1000.0,,
514462,516,0.07677100593969226,513462,0.001,118,4328,-106.07336143999999,26.14879834365845,1000.0,,
515000,,0.06580084635689855,514462,0.001,,,,25.97239601135254,,932.3692492306233,1000.0
518462,520,0.0570499516390264,517462,0.001,118,4367,-102.93459323999997,25.511383556365967,1000.0,,
520000,,0.06524954549223184,519462,0.001,,,,25.426870700836183,,912.0498174160718,1000.0
522462,524,0.06931253426149488,521462,0.001,118,4406,-101.04998079,25.385592388153075,1000.0,,
525000,,0.08484241189435124,524462,0.001,,,,25.37250730895996,,936.8080338448286,1000.0
526462,528,0.07922126406058669,525462,0.001,118,4444,-98.22948559000002,25.43078356552124,1000.0,,
530000,,0.07753380856662989,529462,0.001,,,,25.46599660873413,,925.2624725222588,1000.0
530462,532,,,,118,4487,-98.48359385999997,,1000.0,,
534462,536,0.07641846894845367,533462,0.001,118,4514,-94.97348226,25.322397819519043,1000.0,,
535000,,0.06507325717434287,534462,0.001,,,,25.26012589263916,,956.8295008540154,1000.0
538462,540,0.0638417310230434,537462,0.001,118,4556,-89.95079148,25.13741080856323,1000.0,,
540000,,0.05900436022132635,539462,0.001,,,,25.074257316589357,,954.3439454555512,1000.0
542462,544,0.06902465181052685,541462,0.001,118,4596,-84.84972841999999,24.989710048675537,1000.0,,
545000,,0.06467978907376527,544462,0.001,,,,24.904987148284913,,966.5864877521992,1000.0
546462,548,0.06936521180346608,545462,0.001,117,4636,-82.68468307999997,24.8900389213562,1000.0,,
550000,,0.06592698596790433,549462,0.001,,,,24.79878235626221,,913.3687740325928,1000.0
550462,552,,,,117,4677,-79.7942324,,1000.0,,
554462,556,0.07130228270217777,553462,0.001,117,4704,-75.39310442,24.72566823196411,1000.0,,
555000,,0.07493578332290053,554462,0.001,,,,24.68771360015869,,967.3738436043262,1000.0
558462,560,0.0739299471154809,557462,0.001,117,4745,-74.25294231000001,24.528186737060548,1000.0,,
560000,,0.08147025118768216,559462,0.001,,,,24.456072402954103,,957.7205392003059,1000.0
562462,564,0.08577570811659098,561462,0.001,117,4787,-73.08630572000001,24.401382946014404,1000.0,,
565000,,0.09637940661236644,564462,0.001,,,,24.414046897888184,,950.8419169604779,1000.0
566462,568,0.07747793024778366,565462,0.001,117,4828,-70.93120089,24.39456848144531,1000.0,,
570000,,0.059653784412890674,569462,0.001,,,,24.22898236846924,,957.8867872476578,1000.0
570462,572,,,,117,4873,-69.85226845,,1000.0,,
574462,576,0.05106593020260334,573462,0.001,117,4899,-69.55092003,24.048714012145997,1000.0,,
575000,,0.05202892933599651,574462,0.001,,,,23.999761096954344,,921.8909482359886,1000.0
578462,580,0.049336490036919714,577462,0.001,117,4935,-68.75607561000001,23.862602096557616,1000.0,,
580000,,0.050893443170934916,579462,0.001,,,,23.734815631866454,,975.5343981623649,1000.0
582462,584,0.055813290616497396,581462,0.001,117,4973,-65.70338629000001,23.587592639923095,1000.0,,
585000,,0.04538284299895167,584462,0.001,,,,23.352832347869874,,970.2460574150085,1000.0
586462,588,0.045369246643036605,585462,0.001,117,5012,-64.39071515000002,23.299609748840332,1000.0,,
590000,,0.05574966035783291,589462,0.001,,,,23.073269634246827,,962.1062468886375,1000.0
590462,592,,,,116,5052,-60.087083699999994,,1000.0,,
594462,596,0.04066307671368122,593462,0.001,117,5079,-56.58055718000001,22.8599591217041,1000.0,,
595000,,0.03769132123701274,594462,0.001,,,,22.796570667266845,,977.5491420567035,1000.0
598462,600,0.03757613563723862,597462,0.001,116,5119,-55.810147390000004,22.610391231536866,1000.0,,
600000,,0.04354747483693063,599462,0.001,,,,22.5016814994812,,954.7163442015648,1000.0
602462,604,0.03945927815139293,601462,0.001,116,5160,-54.13245662,22.398477855682373,1000.0,,
605000,,0.04867162604816258,604462,0.001,,,,22.332666561126707,,972.7636078834533,1000.0
606462,608,0.05085787191428244,605462,0.001,116,5200,-52.73740894,22.329929573059083,1000.0,,
610000,,0.05500214010849595,609462,0.001,,,,22.331717239379884,,911.6903796494007,1000.0
610462,612,,,,116,5239,-50.79508137,,1000.0,,
614462,616,0.05415141339600086,613462,0.001,116,5266,-47.79899791,22.34730605697632,1000.0,,
615000,,0.06148958989977837,614462,0.001,,,,22.36618809890747,,964.1054901123047,1000.0
618462,620,0.05552166367322207,617462,0.001,116,5307,-46.66691911,22.335958976745605,1000.0,,
620000,,0.05586925404146314,619462,0.001,,,,22.307303859710693,,982.1630169391632,1000.0
622462,624,0.054666486324742435,621462,0.001,116,5347,-44.07570488,22.292890369415282,1000.0,,
625000,,0.06034466672874987,624462,0.001,,,,22.29488206100464,,977.6004295647144,1000.0
626462,628,0.06589720724336803,625462,0.001,116,5386,-41.804725270000006,22.296359245300295,1000.0,,
630000,,0.08880787210538983,629462,0.001,,,,22.4431155128479,,958.6797351837158,1000.0
630462,632,,,,116,5432,-40.344424700000005,,1000.0,,
634462,636,0.10544204052910208,633462,0.001,116,5460,-40.57252655,22.715610023498535,1000.0,,
635000,,0.1232175420448184,634462,0.001,,,,22.76342098236084,,946.1499128639698,1000.0
638462,640,0.22264490685611962,637462,0.001,116,5498,-41.193779209999995,22.87697694015503,1000.0,,
640000,,0.2211605498716235,639462,0.001,,,,23.009289852142334,,909.4571081757546,1000.0
642462,644,0.22459600230678917,641462,0.001,116,5536,-42.456692479999994,23.128712730407713,1000.0,,
645000,,0.25619630970060825,644462,0.001,,,,23.486965896606446,,917.5562886208296,1000.0
646462,648,0.2620090567544103,645462,0.001,115,5577,-43.713287949999994,23.64116011047363,1000.0,,
650000,,0.34405303305387497,649462,0.001,,,,24.85206226348877,,598.330715219304,1000.0
650462,652,,,,115,5620,-47.65089687,,1000.0,,
654462,656,0.5633021648228168,653462,0.001,115,5647,-86.41608252,28.966923503875734,1000.0,,
655000,,0.633334196716547,654462,0.001,,,,29.67000217437744,,233.49941010077563,1000.0
658462,660,0.43915467950701714,657462,0.001,115,5689,-101.34999453,28.876800762176515,1000.0,,
660000,,0.4411421435922384,659462,0.001,,,,28.918272029876707,,857.0811193555594,1000.0
662462,664,0.6182313208729029,661462,0.001,115,5726,-103.92103903000002,28.89097480392456,1000.0,,
665000,,0.34499275071173907,664462,0.001,,,,28.649710887908935,,621.8142118338262,1000.0
666462,668,0.33656781624257565,665462,0.001,115,5761,-107.27992714,28.496392097473144,1000.0,,
670000,,0.26520666356384753,669462,0.001,,,,28.07569150161743,,828.2806133389473,1000.0
670462,672,,,,115,5798,-114.42134297999999,,1000.0,,
674462,676,0.2070743188560009,673462,0.001,115,5825,-117.60055430999999,28.048418270111085,1000.0,,
675000,,0.1844735718369484,674462,0.001,,,,28.052744705200194,,780.870827549696,1000.0
678462,680,0.17440443320572377,677462,0.001,115,5865,-122.10569713000001,28.117770000457764,1000.0,,
680000,,0.16308575529605152,679462,0.001,,,,28.263425342559813,,852.7896632194519,1000.0
682462,684,0.1481179310530424,681462,0.001,115,5905,-128.00236887,28.172094089508057,1000.0,,
685000,,0.16742373123764992,684462,0.001,,,,28.1881689453125,,940.2064176499844,1000.0
686462,688,0.1770475144535303,685462,0.001,115,5946,-131.11755666000002,28.378284870147706,1000.0,,
690000,,0.21533612272888422,689462,0.001,,,,29.356166496276856,,821.6037184938789,1000.0
690462,692,,,,115,5986,-134.01715791000004,,1000.0,,
694462,696,0.22363654038310052,693462,0.001,115,6013,-140.34656481000002,29.866647785186768,1000.0,,
695000,,0.2349492072314024,694462,0.001,,,,30.08749752807617,,803.5727587968111,1000.0
698462,700,0.24503261533379556,697462,0.001,115,6054,-144.69537424,30.66583823776245,1000.0,,
700000,,0.2641495981514454,699462,0.001,,,,30.475462673187256,,540.0574529454112,1000.0
702462,704,0.2695439578592777,701462,0.001,115,6095,-155.70878137000003,30.162466972351073,1000.0,,
705000,,0.20634439496695994,704462,0.001,,,,30.263414764404295,,919.0663717925548,1000.0
706462,708,0.19084857403486968,705462,0.001,115,6134,-160.75600748,30.192860343933106,1000.0,,
710000,,0.17058336649090053,709462,0.001,,,,29.679906856536864,,894.1757181316614,1000.0
710462,712,,,,115,6166,-169.42731286999998,,1000.0,,
714462,716,0.15454585159569978,713462,0.001,115,6189,-171.34716570999998,29.130698123931886,1000.0,,
715000,,0.14322723972797394,714462,0.001,,,,28.944920234680175,,957.7765256106853,1000.0
718462,720,0.14121902715414764,717462,0.001,115,6228,-172.05120887000004,28.690482940673828,1000.0,,
720000,,0.15036629615724087,719462,0.001,,,,28.52239879989624,,887.3682439267635,1000.0
722462,724,0.15709948928654194,721462,0.001,115,6269,-175.59495089000004,28.464770160675048,1000.0,,
725000,,0.176949180778116,724462,0.001,,,,28.177675941467285,,889.2468346953392,1000.0
726462,728,0.17778302416950464,725462,0.001,115,6305,-177.71930708,27.996292289733887,1000.0,,
730000,,0.13167354828864336,729462,0.001,,,,27.56991735458374,,935.5617526650428,1000.0
730462,732,,,,115,6345,-179.16918926999998,,1000.0,,
734462,736,0.12219983524084091,733462,0.001,115,6372,-179.61681789999994,27.077559345245362,1000.0,,
735000,,0.11550304010137916,734462,0.001,,,,27.01827010345459,,889.4028757095336,1000.0
738462,740,0.1281295407935977,737462,0.001,115,6410,-181.4148303,26.932214862823486,1000.0,,
740000,,0.12615221855044365,739462,0.001,,,,26.90720854949951,,937.8849721670151,1000.0
742462,744,0.13757377787679434,741462,0.001,115,6447,-182.08031846000003,26.966783847808838,1000.0,,
745000,,0.13313210659474134,744462,0.001,,,,27.07978869628906,,923.4631740331649,1000.0
746462,748,0.1368879129514098,745462,0.001,115,6487,-181.8961478,27.11889041519165,1000.0,,
750000,,0.1397099049165845,749462,0.001,,,,27.417340812683104,,892.5038279891014,1000.0
750462,752,,,,114,6527,-179.10976564999999,,1000.0,,
754462,756,0.12881252836436033,753462,0.001,115,6555,-142.49278400999995,27.50025842666626,1000.0,,
755000,,0.12298796547949314,754462,0.001,,,,27.51496570587158,,943.2114428281784,1000.0
758462,760,0.13131381487846375,757462,0.001,115,6595,-128.41532694,27.563435733795167,1000.0,,
760000,,0.12606640927493573,759462,0.001,,,,27.625791076660157,,895.1533433377742,1000.0
762462,764,0.12059245163947344,761462,0.001,114,6633,-127.62476664999998,27.672936405181886,1000.0,,
765000,,0.10957754875347019,764462,0.001,,,,27.526833114624022,,915.0068531394005,1000.0
766462,768,0.10290431251749396,765462,0.001,114,6673,-125.08274282999999,27.44535245513916,1000.0,,
770000,,0.08449341245368124,769462,0.001,,,,26.887982837677,,939.4086424678565,1000.0
770462,772,,,,114,6712,-118.89104171999998,,1000.0,,
774462,776,0.07995151852443814,773462,0.001,114,6738,-115.60928940999999,26.390837413787843,1000.0,,
775000,,0.0763491693995893,774462,0.001,,,,26.257470653533936,,970.074237704277,1000.0
778462,780,0.07912101197987795,777462,0.001,114,6775,-110.51571737,25.871056831359862,1000.0,,
780000,,0.09009923396632075,779462,0.001,,,,25.61897979736328,,951.9312431037426,1000.0
782462,784,0.08947985231503844,781462,0.001,114,6812,-105.1935278,25.397654750823975,1000.0,,
785000,,0.07555118187889456,784462,0.001,,,,25.095839763641358,,973.6738532900811,1000.0
786462,788,0.07844977560266853,785462,0.001,114,6853,-102.49355683,24.97479178237915,1000.0,,
790000,,0.09794636539369822,789462,0.001,,,,24.797276832580568,,942.8865033209324,1000.0
790462,792,,,,114,6896,-100.28851321000002,,1000.0,,
794462,796,0.10706275318935514,793462,0.001,114,6924,-96.67438182999999,24.68323713684082,1000.0,,
795000,,0.11495155166089535,794462,0.001,,,,24.60412483215332,,963.867477440834,1000.0
798462,800,0.10446344292536378,797462,0.001,114,6962,-93.29227459000002,24.47123681640625,1000.0,,
800000,,0.09134568623080849,799462,0.001,,,,24.40993465423584,,961.00078125,1000.0
802462,804,0.09140019221231341,801462,0.001,114,7001,-82.95147911,24.3650080909729,1000.0,,
805000,,0.09269958014786243,804462,0.001,,,,24.339624130249025,,943.2664710938931,1000.0
806462,808,0.08699318071827293,805462,0.001,114,7040,-79.29951475000001,24.278100074768066,1000.0,,
810000,,0.1289826540350914,809462,0.001,,,,24.256624977111816,,904.4092247962951,1000.0
810462,812,,,,114,7079,-71.58107988,,1000.0,,
814462,816,0.18618167351186277,813462,0.001,114,7104,-69.95437725000001,24.327630840301513,1000.0,,
815000,,0.23314556138962508,814462,0.001,,,,24.38503619003296,,948.289024078846,1000.0
818462,820,0.35679518985748293,817462,0.001,114,7139,-71.28367538,25.245093967437743,1000.0,,
820000,,0.3289212663471699,819462,0.001,,,,26.023375553131103,,873.7260787427425,1000.0
822462,824,0.19270091484487056,821462,0.001,114,7180,-72.39968009,25.748807579040527,1000.0,,
825000,,0.0847387055195868,824462,0.001,,,,24.39198742675781,,892.5599091947079,1000.0
826462,828,0.07685993434861302,825462,0.001,114,7220,-74.11052990999998,24.171912925720214,1000.0,,
830000,,0.07168301663920283,829462,0.001,,,,23.63346949005127,,975.3859356641769,1000.0
830462,832,,,,114,7261,-72.37023645000001,,1000.0,,
834462,836,0.05875942284613848,833462,0.001,114,7289,-71.28366842999999,23.335326824188233,1000.0,,
835000,,0.060899187536910176,834462,0.001,,,,23.254112426757814,,961.8061424672603,1000.0
838462,840,0.051153912149369714,837462,0.001,114,7328,-68.73899737,23.037072120666505,1000.0,,
840000,,0.0467604454997927,839462,0.001,,,,22.8591356010437,,950.6584836184978,1000.0
842462,844,0.048729891987517475,841462,0.001,114,7370,-66.59000935,22.67645085144043,1000.0,,
845000,,0.055114470640197394,844462,0.001,,,,22.47097525024414,,973.5456692576408,1000.0
846462,848,0.05097920036315918,845462,0.001,114,7409,-64.83596918,22.432132644653322,1000.0,,
850000,,0.0559502617418766,849462,0.001,,,,22.2996173248291,,979.0774454355239,1000.0
850462,852,,,,114,7448,-62.06382684000001,,1000.0,,
854462,856,0.05973299137316644,853462,0.001,114,7472,-59.12318851,22.15382945251465,1000.0,,
855000,,0.05073889731615782,854462,0.001,,,,22.132582290649413,,981.8712547957897,1000.0
858462,860,0.04800661374256015,857462,0.001,114,7506,-56.95817785,22.006798389434813,1000.0,,
860000,,0.049761195017024876,859462,0.001,,,,21.92904679107666,,980.112127572298,1000.0
862462,864,0.04554443871043622,861462,0.001,114,7541,-53.650723019999994,21.87533861541748,1000.0,,
865000,,0.04690655434690416,864462,0.001,,,,21.821309856414796,,974.8862948596477,1000.0
866462,868,0.04727171614952386,865462,0.001,114,7573,-50.681076589999996,21.803541912078856,1000.0,,
870000,,0.04769554652832449,869462,0.001,,,,21.745667022705078,,977.2776591598988,1000.0
870462,872,,,,114,7607,-48.84488211,,1000.0,,
874462,876,0.04880921632423997,873462,0.001,114,7630,-48.177231009999986,21.718999324798585,1000.0,,
875000,,0.05116136137209833,874462,0.001,,,,21.717054077148436,,981.2285854279995,1000.0
878462,880,0.050398890487849714,877462,0.001,114,7665,-47.43017371999999,21.737153861999513,1000.0,,
880000,,0.053939111039042476,879462,0.001,,,,21.729975414276122,,972.2818517744541,1000.0
882462,884,0.05115858577378094,881462,0.001,114,7697,-46.68590908,21.739573291778566,1000.0,,
885000,,0.06360519321076571,884462,0.001,,,,21.73783059692383,,931.7724357485771,1000.0
886462,888,0.057454677391797306,885462,0.001,114,7738,-47.67895482999998,21.758543334960937,1000.0,,
890000,,0.05245971570163965,889462,0.001,,,,21.774224018096923,,974.85666949749,1000.0
890462,892,,,,114,7777,-47.83487673999999,,1000.0,,
894462,896,0.05233800045773387,893462,0.001,114,7800,-45.37380604,21.793963760375977,1000.0,,
895000,,0.05360564326308668,894462,0.001,,,,21.79501669692993,,951.0274788439274,1000.0
898462,900,0.050484751360490916,897462,0.001,114,7834,-45.53908055,21.78774251174927,1000.0,,
900000,,0.05657798495143652,899462,0.001,,,,21.754090187072755,,952.4388885974884,1000.0
902462,904,0.04859265458770096,901462,0.001,114,7875,-45.27829944999999,21.73263348388672,1000.0,,
905000,,0.052271493643522265,904462,0.001,,,,21.680602737426756,,968.6995693385601,1000.0
906462,908,0.056820175996050236,905462,0.001,114,7909,-44.20548575,21.699403549194336,1000.0,,
910000,,0.09061913238838315,909462,0.001,,,,21.870229236602782,,918.0812779664993,1000.0
910462,912,,,,114,7945,-43.28278063,,1000.0,,
914462,916,0.09530190551280976,913462,0.001,114,7971,-44.0144801,22.153831672668456,1000.0,,
915000,,0.10416514651477336,914462,0.001,,,,22.154762134552,,956.0557358384133,1000.0
918462,920,0.09082108957320452,917462,0.001,114,8013,-42.01753145000001,22.151486728668214,1000.0,,
920000,,0.09126714758947492,919462,0.001,,,,22.210325592041016,,959.9818717777729,1000.0
922462,924,0.09296928432583809,921462,0.001,114,8051,-38.6156206,22.290627281188964,1000.0,,
925000,,0.07544652961939573,924462,0.001,,,,22.131077030181885,,929.0507959067821,1000.0
926462,928,0.07286301420629024,925462,0.001,114,8092,-35.61284172,22.05988489151001,1000.0,,
930000,,0.07133513775095343,929462,0.001,,,,21.907290756225585,,971.0064207732678,1000.0
930462,932,,,,114,8130,-35.73676125,,1000.0,,
934462,936,0.0772101256288588,933462,0.001,114,8158,-36.69099206,21.960800930023193,1000.0,,
935000,,0.07919883048534393,934462,0.001,,,,21.981700248718262,,917.1119228959084,1000.0
938462,940,0.09306122757121921,937462,0.001,114,8201,-37.63316653,22.100946197509767,1000.0,,
940000,,0.07775248037278652,939462,0.001,,,,22.139439472198486,,913.904155087471,1000.0
942462,944,0.06039769865199923,941462,0.001,114,8241,-38.168818159999994,22.119330909729005,1000.0,,
945000,,0.06119126340374351,944462,0.001,,,,22.035581748962404,,965.5591710031033,1000.0
946462,948,0.05925020700320602,945462,0.001,114,8281,-38.78905003,22.01915086746216,1000.0,,
950000,,0.06897735406458377,949462,0.001,,,,22.000754627227785,,965.9538767099381,1000.0
950462,952,,,,114,8321,-39.666335030000006,,1000.0,,
954462,956,0.074218625433743,953462,0.001,114,8349,-39.756141510000006,22.008340728759766,1000.0,,
955000,,0.07747750703245401,954462,0.001,,,,22.00869347000122,,974.2868481576443,1000.0
958462,960,0.08447222112119197,957462,0.001,114,8391,-40.04273190000001,22.14387833404541,1000.0,,
960000,,0.09677948608249426,959462,0.001,,,,22.268157863616942,,963.943200558424,1000.0
962462,964,0.10715800417587161,961462,0.001,114,8432,-40.73240056,22.459388492584228,1000.0,,
965000,,0.12876276031136513,964462,0.001,,,,22.77449881744385,,928.1966111063957,1000.0
966462,968,0.12853352968394757,965462,0.001,114,8474,-41.81810007000001,22.888020168304443,1000.0,,
970000,,0.1322783698067069,969462,0.001,,,,23.11647802734375,,914.6189784094692,1000.0
970462,972,,,,113,8514,-44.04074460000001,,1000.0,,
974462,976,0.1163972260542214,973462,0.001,114,8539,-48.29915132,23.117238960266114,1000.0,,
975000,,0.11690708985552192,974462,0.001,,,,23.144996742248534,,819.9708446419797,1000.0
978462,980,0.10694205726310611,977462,0.001,114,8578,-51.88165482,23.116308502197267,1000.0,,
980000,,0.10802731499448419,979462,0.001,,,,23.18737678527832,,867.6745947033166,1000.0
982462,984,0.11188377141207456,981462,0.001,114,8616,-55.03646162999999,23.341105506896973,1000.0,,
985000,,0.12111496505886317,984462,0.001,,,,23.380736034393312,,918.2791223168373,1000.0
986462,988,0.12813020183891058,985462,0.001,113,8656,-55.719248459999996,23.348186435699464,1000.0,,
990000,,0.12635448150336742,989462,0.001,,,,23.17571430969238,,907.1177388489247,1000.0
990462,992,,,,113,8696,-57.16107343999999,,1000.0,,
994462,996,0.16514205760508777,993462,0.001,114,8722,-58.17523397,23.056858150482178,1000.0,,
995000,,0.16689178469032048,994462,0.001,,,,23.047772972106934,,923.5538358688354,1000.0
998462,1000,0.130947905279696,997462,0.001,113,8762,-60.29737035,22.96292527770996,1000.0,,
1000000,,0.11235647633671761,999462,0.001,,,,22.954915706634523,,961.8938655793667,1000.0
1002462,1004,0.09592790922895074,1001462,0.001,113,8803,-60.74601321,22.98908530807495,1000.0,,
1005000,,0.10182275100424885,1004462,0.001,,,,23.01874820327759,,961.4004271328449,1000.0
1006462,1008,0.11139223209768534,1005462,0.001,113,8844,-60.87118862000001,23.01729891204834,1000.0,,
1010000,,0.11899222256988287,1009462,0.001,,,,22.867860237121583,,974.3536267220974,1000.0
1010462,1012,,,,113,8885,-60.16919884,,1000.0,,
1014462,1016,0.09854834735020995,1013462,0.001,113,8913,-59.265992129999994,22.50575201034546,1000.0,,
1015000,,0.09292542292922736,1014462,0.001,,,,22.4053553314209,,951.065371966362,1000.0
1018462,1020,0.08676142489165067,1017462,0.001,113,8952,-59.637475219999985,22.203123233795164,1000.0,,
1020000,,0.08123880580067634,1019462,0.001,,,,22.018160011291503,,963.7051226854325,1000.0
1022462,1024,0.08128074193745852,1021462,0.001,113,8992,-59.14223486000001,21.785565551757813,1000.0,,
1025000,,0.06809361988678575,1024462,0.001,,,,21.440744247436523,,905.618899333477,1000.0
1026462,1028,0.0661261956114322,1025462,0.001,113,9035,-60.54422343000001,21.32490126800537,1000.0,,
1030000,,0.06181584014184773,1029462,0.001,,,,21.01062462234497,,931.180018132925,1000.0
1030462,1032,,,,113,9084,-61.86246266999999,,1000.0,,
1034462,1036,0.07433990202471615,1033462,0.001,113,9112,-60.50951903,20.931665031433106,1000.0,,
1035000,,0.06570370934531093,1034462,0.001,,,,20.873892894744873,,976.4835225582123,1000.0
1038462,1040,0.06307175178825855,1037462,0.001,113,9152,-59.08776637,20.771924701690672,1000.0,,
1040000,,0.058409745613113045,1039462,0.001,,,,20.74553606033325,,960.2426203131675,1000.0
1042462,1044,0.06306328645721078,1041462,0.001,113,9192,-58.401090530000005,20.75267841720581,1000.0,,
1045000,,0.05903055825456977,1044462,0.001,,,,20.853641040802003,,967.8019529104233,1000.0
1046462,1048,0.055100116230547426,1045462,0.001,113,9231,-58.321429150000014,20.84604296875,1000.0,,
1050000,,0.04261781424470246,1049462,0.001,,,,20.674610282897948,,956.9551699697971,1000.0
1050462,1052,,,,113,9268,-58.2493105,,1000.0,,
1054462,1056,0.0398577018622309,1053462,0.001,113,9296,-58.215940730000014,20.476188129425047,1000.0,,
1055000,,0.03923632238246501,1054462,0.001,,,,20.4527636756897,,980.6600619733333,1000.0
1058462,1060,0.033837688587605955,1057462,0.001,113,9337,-57.93107534999999,20.382672485351563,1000.0,,
1060000,,0.03380035925284028,1059462,0.001,,,,20.306087799072266,,968.4418506979943,1000.0
1062462,1064,0.03482875706627965,1061462,0.001,113,9376,-57.339431290000014,20.230206802368166,1000.0,,
1065000,,0.04987866514362395,1064462,0.001,,,,20.158340824127198,,969.4554575800896,1000.0
1066462,1068,0.0547979404553771,1065462,0.001,113,9416,-56.7128955,20.15184701156616,1000.0,,
1070000,,0.07614524502307177,1069462,0.001,,,,20.489920017242433,,918.2296037077904,1000.0
1070462,1072,,,,112,9486,-56.217591330000005,,1000.0,,
1074462,1076,0.07862051233649253,1073462,0.001,112,9522,-54.19796945,21.036121318817138,1000.0,,
1075000,,0.07087610265240073,1074462,0.001,,,,21.130350635528565,,897.6819702744484,1000.0
1078462,1080,0.06947582171857357,1077462,0.001,112,9559,-54.486830929999996,21.278548454284667,1000.0,,
1080000,,0.07391602973639964,1079462,0.001,,,,21.445708751678467,,950.3785906016826,1000.0
1082462,1084,0.07653626021370291,1081462,0.001,112,9596,-53.06906705,21.590638301849364,1000.0,,
1085000,,0.09739325571060181,1084462,0.001,,,,21.764174156188965,,915.4730717122554,1000.0
1086462,1088,0.12628409653902053,1085462,0.001,112,9681,-54.39050029999999,21.87787697982788,1000.0,,
1090000,,0.11626012361049652,1089462,0.001,,,,22.238923847198485,,918.9605597257614,1000.0
1090462,1092,,,,111,9757,-57.822557110000005,,1000.0,,
1094462,1096,0.05275922129116952,1093462,0.001,111,9815,-58.74840161000001,22.120840312957764,1000.0,,
1095000,,0.04765966185182333,1094462,0.001,,,,22.02880522918701,,935.8897764027118,1000.0
1098462,1100,0.04585440457984805,1097462,0.001,111,9886,-55.83809805999999,21.837208297729493,1000.0,,
1100000,,0.04445161746069789,1099462,0.001,,,,21.766096622467042,,974.2944974303246,1000.0
1102462,1104,0.04393656379915774,1101462,0.001,110,9970,-55.20732941,21.664086364746094,1000.0,,
1105000,,0.04393373931758106,1104462,0.001,,,,21.62871845626831,,962.4175653576851,1000.0
1106462,1108,0.04436511314101517,1105462,0.001,110,10037,-55.680670479999996,21.602343837738037,1000.0,,
1110000,,0.04251508624665439,1109462,0.001,,,,21.567673439025878,,976.5505369246006,1000.0
1110462,1112,,,,109,10116,-55.83490066,,1000.0,,
1114462,1116,0.04463070665858686,1113462,0.001,109,10167,-55.23617143000001,21.53720873641968,1000.0,,
1115000,,0.04696906370297074,1114462,0.001,,,,21.535204902648925,,970.2819356203079,1000.0
1118462,1120,0.048958733236417175,1117462,0.001,109,10251,-54.74517650000001,21.477372959136964,1000.0,,
1120000,,0.047807340703904626,1119462,0.001,,,,21.389402778625488,,949.2121031880379,1000.0
1122462,1124,0.04493534018285573,1121462,0.001,108,10315,-54.900431319999996,21.318594593048097,1000.0,,
1125000,,0.0430903105083853,1124462,0.001,,,,21.264480297088625,,968.5877796292305,1000.0
1126462,1128,0.04490579636394978,1125462,0.001,108,10386,-52.57953541,21.251739318847655,1000.0,,
1130000,,0.04511910968273878,1129462,0.001,,,,21.173159240722658,,972.5138515174389,1000.0
1130462,1132,,,,108,10462,-50.92503545,,1000.0,,
1134462,1136,0.04572678679227829,1133462,0.001,107,10507,-50.645839079999995,21.108398429870604,1000.0,,
1135000,,0.044200823118910194,1134462,0.001,,,,21.089889247894288,,981.046627151966,1000.0
1138462,1140,0.038496839981526136,1137462,0.001,107,10568,-50.37516879999999,20.955163249969484,1000.0,,
1140000,,0.034769951766356826,1139462,0.001,,,,20.820308670043946,,963.811780166626,1000.0
1142462,1144,0.027444884279742836,1141462,0.001,107,10636,-50.36723612,20.656265811920164,1000.0,,
1145000,,0.023872052052989604,1144462,0.001,,,,20.414335712432862,,957.4305079102517,1000.0
1146462,1148,0.02425259552616626,1145462,0.001,107,10698,-50.411429449999986,20.349714694976807,1000.0,,
1150000,,0.025744160887785257,1149462,0.001,,,,20.17125904464722,,980.1293581068516,1000.0
1150462,1152,,,,107,10750,-49.60936666,,1000.0,,
1154462,1156,0.029104801964014767,1153462,0.001,107,10773,-49.49841803,20.0862746963501,1000.0,,
1155000,,0.031100514801219104,1154462,0.001,,,,20.09444593048096,,973.5333013176918,1000.0
1158462,1160,0.03264695637486875,1157462,0.001,107,10818,-49.79592488,20.14803630065918,1000.0,,
1160000,,0.03474808268994093,1159462,0.001,,,,20.200981544494628,,973.6331904828548,1000.0
1162462,1164,0.03537468287907541,1161462,0.001,106,10865,-50.054655069999995,20.25419925689697,1000.0,,
1165000,,0.03245235718972981,1164462,0.001,,,,20.319748558044434,,967.3581882864237,1000.0
1166462,1168,0.032354755651205776,1165462,0.001,106,10924,-50.27966949,20.310267402648925,1000.0,,
1170000,,0.029104006417095662,1169462,0.001,,,,20.26802366256714,,956.2157313585282,1000.0
1170462,1172,,,,106,10968,-49.12289383,,1000.0,,
1174462,1176,0.025836290627717973,1173462,0.001,106,10999,-47.43965622000002,20.163577854156493,1000.0,,
1175000,,0.025143923130817713,1174462,0.001,,,,20.130248622894285,,980.5001657307148,1000.0
1178462,1180,0.02327850804105401,1177462,0.001,106,11029,-43.55871168000001,20.025611114501952,1000.0,,
1180000,,0.021178731425665318,1179462,0.001,,,,19.91682791519165,,975.7363533496857,1000.0
1182462,1184,0.01999930633790791,1181462,0.001,106,11057,-41.50373799,19.812454837799073,1000.0,,
1185000,,0.01962509862240404,1184462,0.001,,,,19.676503044128417,,982.4767367124557,1000.0
1186462,1188,0.01921118479128927,1185462,0.001,107,11087,-37.609725319999995,19.62987313461304,1000.0,,
1190000,,0.018041439968161287,1189462,0.001,,,,19.459576473236083,,986.1969862699509,1000.0
1190462,1192,,,,107,11117,-31.073415979999996,,1000.0,,
1194462,1196,0.017384929148480298,1193462,0.001,107,11140,-28.35752855,19.306166728973388,1000.0,,
1195000,,0.017028463397175075,1194462,0.001,,,,19.263739471435546,,988.5774600505829,1000.0
1198462,1200,0.01650935198739171,1197462,0.001,107,11177,-27.493954339999995,19.149295886993407,1000.0,,
1200000,,0.016717870560474694,1199462,0.001,,,,19.075434978485106,,986.0647322535515,1000.0
1202462,1204,0.016113240194506943,1201462,0.001,107,11216,-26.75794351,19.008313594818116,1000.0,,
1205000,,0.01625841786339879,1204462,0.001,,,,18.915269622802736,,982.897975575924,1000.0
1206462,1208,0.01628065509814769,1205462,0.001,107,11253,-25.508109899999994,18.886660453796388,1000.0,,
1210000,,0.01599580820929259,1209462,0.001,,,,18.773109241485596,,984.5329417467117,1000.0
1210462,1212,,,,107,11290,-24.81443766,,1000.0,,
1214462,1216,0.016059185517951845,1213462,0.001,107,11315,-24.30516538,18.691792739868163,1000.0,,
1215000,,0.01629496022965759,1214462,0.001,,,,18.66839501953125,,986.2466674923896,1000.0
1218462,1220,0.016009453727863728,1217462,0.001,107,11355,-23.621024959999996,18.6137926902771,1000.0,,
1220000,,0.015853536350652574,1219462,0.001,,,,18.576464477539062,,987.2590828716754,1000.0
1222462,1224,0.01583614923991263,1221462,0.001,107,11397,-22.362771910000003,18.527384887695312,1000.0,,
1225000,,0.01595231106225401,1224462,0.001,,,,18.469224319458007,,985.9714573264122,1000.0
1226462,1228,0.01647225966025144,1225462,0.001,107,11441,-21.65718793,18.452991596221924,1000.0,,
1230000,,0.017413410332985223,1229462,0.001,,,,18.415442405700684,,984.7299695014954,1000.0
1230462,1232,,,,107,11485,-21.171853679999998,,1000.0,,
1234462,1236,0.017747827008366586,1233462,0.001,107,11516,-20.693641470000003,18.389371658325196,1000.0,,
1235000,,0.01750711103528738,1234462,0.001,,,,18.37684154891968,,983.7764576852321,1000.0
1238462,1240,0.01827669294923544,1237462,0.001,107,11557,-20.370349940000004,18.355665828704833,1000.0,,
1240000,,0.0175577958393842,1239462,0.001,,,,18.344400913238527,,989.959371072054,1000.0
1242462,1244,0.017545073012821377,1241462,0.001,107,11593,-19.380602940000003,18.326308876037597,1000.0,,
1245000,,0.017187097234651446,1244462,0.001,,,,18.317177154541017,,988.7540483474731,1000.0
1246462,1248,0.017510817175731063,1245462,0.001,107,11628,-18.534351920000002,18.31364122390747,1000.0,,
1250000,,0.017537276808172464,1249462,0.001,,,,18.288616439819336,,988.5752809882164,1000.0
1250462,1252,,,,107,11672,-18.2618343,,1000.0,,
1254462,1256,0.017079494493082166,1253462,0.001,107,11699,-18.00983599,18.275339611053468,1000.0,,
1255000,,0.016914621319621802,1254462,0.001,,,,18.265153911590577,,980.9910987734795,1000.0
1258462,1260,0.01755256245844066,1257462,0.001,107,11738,-17.51793246,18.264539363861083,1000.0,,
1260000,,0.01689361530728638,1259462,0.001,,,,18.256065784454346,,978.8908607244491,1000.0
1262462,1264,0.0176302474308759,1261462,0.001,107,11779,-17.118727919999998,18.255439308166505,1000.0,,
1265000,,0.018242402413859965,1264462,0.001,,,,18.257972785949708,,986.6985065281391,1000.0
1266462,1268,0.018060172511264683,1265462,0.001,107,11818,-16.24868108,18.262845626831055,1000.0,,
1270000,,0.018614811416715383,1269462,0.001,,,,18.27723593902588,,988.5210319936275,1000.0
1270462,1272,,,,107,11861,-15.227339070000001,,1000.0,,
1274462,1276,0.019546610289253294,1273462,0.001,107,11893,-14.555550549999998,18.30427950668335,1000.0,,
1275000,,0.01936245002411306,1274462,0.001,,,,18.32092671966553,,986.0783888220788,1000.0
1278462,1280,0.019398750855587423,1277462,0.001,107,11935,-14.207246159999997,18.34290510177612,1000.0,,
1280000,,0.019045467090792953,1279462,0.001,,,,18.355552642822264,,988.2149439096451,1000.0
1282462,1284,0.018426056272350253,1281462,0.001,107,11978,-13.600945079999999,18.37357012939453,1000.0,,
1285000,,0.01767383063212037,1284462,0.001,,,,18.371129005432127,,991.7277566730976,1000.0
1286462,1288,0.01721793966088444,1285462,0.001,107,12021,-13.45748219,18.37024995422363,1000.0,,
1290000,,0.017836294990964233,1289462,0.001,,,,18.367173740386963,,987.7404627978801,1000.0
1290462,1292,,,,106,12064,-13.349435520000002,,1000.0,,
1294462,1296,0.01841652025654912,1293462,0.001,107,12093,-13.458090359999998,18.38690577697754,1000.0,,
1295000,,0.018450713918544352,1294462,0.001,,,,18.39471717453003,,986.6161332547665,1000.0
1298462,1300,0.01721648531127721,1297462,0.001,107,12134,-13.340500409999999,18.373870483398438,1000.0,,
1300000,,0.01768031168729067,1299462,0.001,,,,18.36255094909668,,988.1557059645653,1000.0
1302462,1304,0.017564063403755426,1301462,0.001,106,12177,-13.16182696,18.360705295562745,1000.0,,
1305000,,0.016569745883345605,1304462,0.001,,,,18.33705434036255,,990.5989359736443,1000.0
1306462,1308,0.016865725465118886,1305462,0.001,106,12220,-12.909546400000002,18.330452339172364,1000.0,,
1310000,,0.016559754493646325,1309462,0.001,,,,18.31809397506714,,989.8366115272045,1000.0
1310462,1312,,,,106,12263,-12.698591889999998,,1000.0,,
1314462,1316,0.016727248980663717,1313462,0.001,106,12288,-12.54857446,18.310016384124754,1000.0,,
1315000,,0.017209393846802413,1314462,0.001,,,,18.314406269073487,,989.9726994514465,1000.0
1318462,1320,0.01682816867902875,1317462,0.001,107,12320,-12.399858980000001,18.30856265640259,1000.0,,
1320000,,0.017016731549054386,1319462,0.001,,,,18.302666229248047,,989.4631233751774,1000.0
1322462,1324,0.016534443359822036,1321462,0.001,107,12354,-12.36832563,18.29320137786865,1000.0,,
1325000,,0.01621660450845957,1324462,0.001,,,,18.280778385162353,,990.513499480486,1000.0
1326462,1328,0.016967346569523215,1325462,0.001,106,12397,-12.347221419999999,18.281215641021728,1000.0,,
1330000,,0.01644058864470571,1329462,0.001,,,,18.275178302764893,,991.0448494374752,1000.0
1330462,1332,,,,106,12442,-12.145446239999998,,1000.0,,
1334462,1336,0.01597899889666587,1333462,0.001,107,12471,-11.906922380000001,18.27221155166626,1000.0,,
1335000,,0.01652641256991774,1334462,0.001,,,,18.269963497161864,,991.479356431961,1000.0
1338462,1340,0.017053987300023436,1337462,0.001,106,12516,-11.560312680000004,18.27082915878296,1000.0,,
1340000,,0.016470743617974223,1339462,0.001,,,,18.262600925445557,,990.4597338259221,1000.0
1342462,1344,0.016401073007844387,1341462,0.001,106,12562,-11.470777980000001,18.24860187149048,1000.0,,
1345000,,0.01651963092572987,1344462,0.001,,,,18.229610610961913,,991.8420208573341,1000.0
1346462,1348,0.016109832827001812,1345462,0.001,106,12605,-11.23907904,18.22665000152588,1000.0,,
1350000,,0.015425166230648756,1349462,0.001,,,,18.173089126586913,,989.6068347215653,1000.0
1350462,1352,,,,106,12650,-11.22635278,,1000.0,,
1354462,1356,0.014994884930551053,1353462,0.001,106,12677,-10.96157197,18.122170722961425,1000.0,,
1355000,,0.014759832142852246,1354462,0.001,,,,18.101776779174806,,990.9368073344231,1000.0
1358462,1360,0.015289216176606715,1357462,0.001,106,12719,-10.81967117,18.062101417541506,1000.0,,
1360000,,0.0157334338510409,1359462,0.001,,,,18.04673804855347,,990.0342393398284,1000.0
1362462,1364,0.015406955025158823,1361462,0.001,106,12762,-10.454337270000003,18.029770305633544,1000.0,,
1365000,,0.016100889607332646,1364462,0.001,,,,18.009988597869874,,990.0335545837879,1000.0
1366462,1368,0.01592196334619075,1365462,0.001,106,12804,-10.30307427,18.00572067260742,1000.0,,
1370000,,0.015548078548163176,1369462,0.001,,,,17.974087162017824,,990.4091282308102,1000.0
1370462,1372,,,,106,12848,-10.281530290000001,,1000.0,,
1374462,1376,0.015587192226201295,1373462,0.001,106,12877,-10.13075062,17.950667366027833,1000.0,,
1375000,,0.015475251013413072,1374462,0.001,,,,17.945817867279054,,989.9478459179402,1000.0
1378462,1380,0.01600350963883102,1377462,0.001,106,12920,-9.98321328,17.93653895187378,1000.0,,
1380000,,0.016445793733000754,1379462,0.001,,,,17.93201118850708,,989.7626822471618,1000.0
1382462,1384,0.016531216019764542,1381462,0.001,106,12958,-9.943046550000002,17.933725692749025,1000.0,,
1385000,,0.016524632068350913,1384462,0.001,,,,17.920345821380614,,989.0199288189411,1000.0
1386462,1388,0.016739219004288316,1385462,0.001,106,13000,-9.89657892,17.918716758728028,1000.0,,
1390000,,0.016166313628666103,1389462,0.001,,,,17.89458052444458,,986.8611751079559,1000.0
1390462,1392,,,,106,13039,-10.00909672,,1000.0,,
1394462,1396,0.015623825289309026,1393462,0.001,106,13063,-10.02406913,17.842661308288573,1000.0,,
1395000,,0.015657225164584815,1394462,0.001,,,,17.83270670700073,,985.5932292580604,1000.0
1398462,1400,0.015786986229009925,1397462,0.001,106,13104,-10.168155400000002,17.797577659606933,1000.0,,
1400000,,0.015890544041059912,1399462,0.001,,,,17.776085872650146,,978.3781689941883,1000.0
1402462,1404,0.015350851012393833,1401462,0.001,106,13146,-10.34906614,17.75315366744995,1000.0,,
1405000,,0.014733828717842698,1404462,0.001,,,,17.715009704589843,,987.6544633865357,1000.0
1406462,1408,0.014334590836428105,1405462,0.001,106,13183,-10.518488539999998,17.700661918640137,1000.0,,
1410000,,0.014126998425461352,1409462,0.001,,,,17.65428741455078,,985.541037851572,1000.0
1410462,1412,,,,106,13218,-10.642917570000002,,1000.0,,
1414462,1416,0.013853369236923754,1413462,0.001,106,13241,-10.894778330000003,17.626907428741454,1000.0,,
1415000,,0.013669239609502256,1414462,0.001,,,,17.61764778518677,,988.2232367694378,1000.0
1418462,1420,0.013725981813855469,1417462,0.001,106,13278,-11.027976330000001,17.594459972381593,1000.0,,
1420000,,0.013335710482671856,1419462,0.001,,,,17.57875998687744,,987.7878306269646,1000.0
1422462,1424,0.013201519720256329,1421462,0.001,106,13317,-11.21202984,17.562835216522217,1000.0,,
1425000,,0.013198369689285755,1424462,0.001,,,,17.53585194015503,,989.14179225564,1000.0
1426462,1428,0.013153408146463335,1425462,0.001,106,13364,-11.269389160000001,17.53155881881714,1000.0,,
1430000,,0.013436603050678968,1429462,0.001,,,,17.515017719268798,,988.1696566343307,1000.0
1430462,1432,,,,106,13405,-11.364389450000003,,1000.0,,
1434462,1436,0.012814263170585037,1433462,0.001,106,13434,-11.47594492,17.481674320220947,1000.0,,
1435000,,0.013386352809146046,1434462,0.001,,,,17.475710891723633,,991.2918503284454,1000.0
1438462,1440,0.013393551969900728,1437462,0.001,106,13477,-11.565824799999998,17.456744537353515,1000.0,,
1440000,,0.013647614611312748,1439462,0.001,,,,17.45290027999878,,988.7427904844284,1000.0
1442462,1444,0.013469567785970867,1441462,0.001,106,13520,-11.649447790000002,17.449699043273927,1000.0,,
1445000,,0.013569104463793337,1444462,0.001,,,,17.44119292831421,,988.9430237948894,1000.0
1446462,1448,0.013703445864841342,1445462,0.001,106,13562,-11.72156314,17.44101457977295,1000.0,,
1450000,,0.013896926768124103,1449462,0.001,,,,17.438820724487304,,985.5525671422481,1000.0
1450462,1452,,,,106,13605,-11.70482512,,1000.0,,
1454462,1456,0.013536218674853445,1453462,0.001,106,13632,-11.851262429999998,17.443143913269044,1000.0,,
1455000,,0.01380035059945658,1454462,0.001,,,,17.442193931579588,,986.3206967115402,1000.0
1458462,1460,0.013408686590380966,1457462,0.001,106,13671,-11.921455059999998,17.453934215545654,1000.0,,
1460000,,0.013858976602554321,1459462,0.001,,,,17.452389667510985,,988.4635515451431,1000.0
1462462,1464,0.013181923835538328,1461462,0.001,106,13711,-12.10463199,17.44542443084717,1000.0,,
1465000,,0.01377994571812451,1464462,0.001,,,,17.453184104919433,,987.7170822322369,1000.0
1466462,1468,0.013885787642560899,1465462,0.001,106,13749,-12.118889020000001,17.45692778778076,1000.0,,
1470000,,0.013965095732361078,1469462,0.001,,,,17.458580547332765,,988.2718917310237,1000.0
1470462,1472,,,,106,13789,-12.170562089999999,,1000.0,,
1474462,1476,0.01359425166528672,1473462,0.001,106,13815,-12.160176589999999,17.46376703262329,1000.0,,
1475000,,0.013261605971492826,1474462,0.001,,,,17.463138412475587,,989.0554799079895,1000.0
1478462,1480,0.01317437862418592,1477462,0.001,106,13852,-12.201376669999997,17.4675708694458,1000.0,,
1480000,,0.013091692419257015,1479462,0.001,,,,17.464241062164305,,988.4985660016537,1000.0
1482462,1484,0.013304972195066512,1481462,0.001,106,13887,-12.274181300000002,17.46438471221924,1000.0,,
1485000,,0.0128868727250956,1484462,0.001,,,,17.456538749694825,,988.3455858528614,1000.0
1486462,1488,0.01332585290633142,1485462,0.001,106,13923,-12.331241559999999,17.45459442901611,1000.0,,
1490000,,0.013426715426146985,1489462,0.001,,,,17.46294551849365,,988.3857120811939,1000.0
1490462,1492,,,,106,13961,-12.29984952,,1000.0,,
1494462,1496,0.013400153712369502,1493462,0.001,106,13988,-12.162954970000001,17.44811463546753,1000.0,,
1495000,,0.013314027665182948,1494462,0.001,,,,17.443789165496828,,987.5651571869851,1000.0
1498462,1500,0.013247230566106737,1497462,0.001,106,14027,-12.174581319999998,17.445479026794434,1000.0,,
1500000,,0.013214004994370043,1499462,0.001,,,,17.440067481994628,,990.7753757119178,1000.0
1502462,1504,0.013507644760422408,1501462,0.001,106,14067,-12.046019929999998,17.440519283294677,1000.0,,
1505000,,0.013358032722957432,1504462,0.001,,,,17.437596961975096,,987.4973781228066,1000.0
1506462,1508,0.013260876888409257,1505462,0.001,106,14107,-11.96102565,17.436256492614746,1000.0,,
1510000,,0.013559042200446129,1509462,0.001,,,,17.421207023620607,,983.6681011080742,1000.0
1510462,1512,,,,106,14147,-11.91027421,,1000.0,,
1514462,1516,0.013259079963434488,1513462,0.001,106,14174,-11.83109078,17.410421173095703,1000.0,,
1515000,,0.013482618209905923,1514462,0.001,,,,17.409789890289307,,990.4574728250503,1000.0
1518462,1520,0.014076549407094716,1517462,0.001,106,14213,-11.747623210000002,17.400039558410644,1000.0,,
1520000,,0.013611232240684331,1519462,0.001,,,,17.393733322143554,,987.7977414309978,1000.0
1522462,1524,0.013577487546019257,1521462,0.001,106,14248,-11.675116860000001,17.398985893249513,1000.0,,
1525000,,0.014323042766191065,1524462,0.001,,,,17.396997303009034,,984.5125182807445,1000.0
1526462,1528,0.014263861902058125,1525462,0.001,106,14282,-11.77985837,17.40072938156128,1000.0,,
1530000,,0.014248842950910329,1529462,0.001,,,,17.42439806365967,,989.4861228585244,1000.0
1530462,1532,,,,106,14318,-11.84895266,,1000.0,,
1534462,1536,0.013716569139622152,1533462,0.001,106,14342,-11.768621039999998,17.4419358253479,1000.0,,
1535000,,0.014117007021792234,1534462,0.001,,,,17.449797492980956,,988.8834672868252,1000.0
1538462,1540,0.014635133113712073,1537462,0.001,106,14378,-11.888667169999998,17.471491401672363,1000.0,,
1540000,,0.015135467460379004,1539462,0.001,,,,17.495023345947267,,982.6796079158783,1000.0
1542462,1544,0.015373731577768921,1541462,0.001,107,14412,-12.081456440000002,17.515766540527345,1000.0,,
1545000,,0.0172132136458531,1544462,0.001,,,,17.575988903045655,,970.8947024345398,1000.0
1546462,1548,0.018897076689638196,1545462,0.001,107,14446,-12.577856719999998,17.60777275466919,1000.0,,
1550000,,0.01769891392532736,1549462,0.001,,,,17.718642791748046,,987.603276515007,1000.0
1550462,1552,,,,107,14480,-12.72115767,,1000.0,,
1554462,1556,0.017036531794816255,1553462,0.001,107,14503,-12.68031836,17.777215042114257,1000.0,,
1555000,,0.016371862249448896,1554462,0.001,,,,17.792383323669434,,988.1818579494953,1000.0
1558462,1560,0.01606236492097378,1557462,0.001,107,14537,-12.9090484,17.8190022277832,1000.0,,
1560000,,0.015428366700187325,1559462,0.001,,,,17.846925231933593,,990.0046673834324,1000.0
1562462,1564,0.015946041390299797,1561462,0.001,107,14571,-12.777695330000002,17.872143962860108,1000.0,,
1565000,,0.016259063590317965,1564462,0.001,,,,17.918401874542237,,987.6644621491432,1000.0
1566462,1568,0.016241894547827544,1565462,0.001,107,14604,-12.87923216,17.928738521575927,1000.0,,
1570000,,0.016818821647204458,1569462,0.001,,,,17.985589672088622,,985.5466828823089,1000.0
1570462,1572,,,,107,14639,-12.985996820000002,,1000.0,,
1574462,1576,0.017545852218754588,1573462,0.001,107,14665,-13.183723950000001,18.052813953399657,1000.0,,
1575000,,0.01770929277781397,1574462,0.001,,,,18.061298191070556,,986.1873008131981,1000.0
1578462,1580,0.019501671202480794,1577462,0.001,107,14702,-13.42721994,18.12739129638672,1000.0,,
1580000,,0.01909761071484536,1579462,0.001,,,,18.160412357330323,,979.668778371811,1000.0
1582462,1584,0.01965350817423314,1581462,0.001,107,14734,-13.581397539999998,18.16557975769043,1000.0,,
1585000,,0.01834372854605317,1584462,0.001,,,,18.16506909561157,,978.8955510377884,1000.0
1586462,1588,0.018796642573550345,1585462,0.001,107,14768,-13.804918919999999,18.166846698760985,1000.0,,
1590000,,0.019043885679915547,1589462,0.001,,,,18.200851028442383,,974.1705284833909,1000.0
1590462,1592,,,,107,14805,-14.152105759999998,,1000.0,,
1594462,1596,0.019928228869102897,1593462,0.001,107,14832,-14.762068409999998,18.22651231765747,1000.0,,
1595000,,0.020809095471166075,1594462,0.001,,,,18.249920642852782,,976.8406011939048,1000.0
1598462,1600,0.02131490289233625,1597462,0.001,107,14870,-14.971048289999999,18.311675689697264,1000.0,,
1600000,,0.02182258592452854,1599462,0.001,,,,18.34639757537842,,966.4887721836567,1000.0
1602462,1604,0.02200390492286533,1601462,0.001,107,14903,-15.408277009999999,18.39884468460083,1000.0,,
1605000,,0.01843387904111296,1604462,0.001,,,,18.436307392120362,,987.8172073066235,1000.0
1606462,1608,0.017234396083280444,1605462,0.001,107,14938,-15.555222529999998,18.42233709335327,1000.0,,
1610000,,0.016295520800165834,1609462,0.001,,,,18.39497302246094,,986.2800356328487,1000.0
1610462,1612,,,,107,14978,-15.650163900000003,,1000.0,,
1614462,1616,0.016619734552688895,1613462,0.001,107,15006,-15.64818956,18.39433804321289,1000.0,,
1615000,,0.017172143902629614,1614462,0.001,,,,18.3981873626709,,987.5147298276424,1000.0
1618462,1620,0.0163899266468361,1617462,0.001,107,15047,-15.717318689999999,18.390466495513916,1000.0,,
1620000,,0.016410739675164224,1619462,0.001,,,,18.361619617462157,,981.8814140319824,1000.0
1622462,1624,0.016257591842673717,1621462,0.001,107,15090,-15.992986559999997,18.33918223953247,1000.0,,
1625000,,0.016621539659798144,1624462,0.001,,,,18.328419094085692,,980.4204048991203,1000.0
1626462,1628,0.015806533525697886,1625462,0.001,107,15131,-16.34335933,18.31794316482544,1000.0,,
1630000,,0.015093502848409115,1629462,0.001,,,,18.27974517440796,,975.1605573236942,1000.0
1630462,1632,,,,107,15171,-16.737031849999997,,1000.0,,
1634462,1636,0.016986100836656987,1633462,0.001,107,15196,-16.963537170000002,18.243568199157714,1000.0,,
1635000,,0.01626240463834256,1634462,0.001,,,,18.23106470489502,,987.5942230343819,1000.0
1638462,1640,0.015473074865527452,1637462,0.001,107,15235,-17.058040549999998,18.197721870422363,1000.0,,
1640000,,0.015148025295697153,1639462,0.001,,,,18.170500316619872,,988.3032040178775,1000.0
1642462,1644,0.015683152455836534,1641462,0.001,107,15277,-17.05432893,18.14968873977661,1000.0,,
1645000,,0.015172980972565711,1644462,0.001,,,,18.097998683929443,,982.7167134523391,1000.0
1646462,1648,0.015693620881065726,1645462,0.001,107,15319,-17.03879935,18.07525372314453,1000.0,,
1650000,,0.015893097756430507,1649462,0.001,,,,18.023453956604005,,985.9833138048649,1000.0
1650462,1652,,,,107,15358,-17.21587461,,1000.0,,
1654462,1656,0.015396652948111296,1653462,0.001,107,15385,-17.432233769999996,17.960731533050538,1000.0,,
1655000,,0.015567529401741921,1654462,0.001,,,,17.940241703033447,,977.7954295933247,1000.0
1658462,1660,0.014890512212179602,1657462,0.001,107,15428,-17.32326024,17.882388217926025,1000.0,,
1660000,,0.015485868506133557,1659462,0.001,,,,17.855793952941895,,983.4944634854794,1000.0
1662462,1664,0.01458875333983451,1661462,0.001,107,15469,-17.60049712,17.820941970825196,1000.0,,
1665000,,0.014535123708657921,1664462,0.001,,,,17.772983032226563,,987.1556278705597,1000.0
1666462,1668,0.01427266995050013,1665462,0.001,107,15509,-17.681169379999996,17.758328750610353,1000.0,,
1670000,,0.014176901475526393,1669462,0.001,,,,17.702493865966797,,979.0795050621033,1000.0
1670462,1672,,,,107,15546,-17.825456329999998,,1000.0,,
1674462,1676,0.013443617814220488,1673462,0.001,107,15568,-17.931003939999997,17.64762008666992,1000.0,,
1675000,,0.01360828710719943,1674462,0.001,,,,17.62949083328247,,979.6183574736118,1000.0
1678462,1680,0.012820166956633329,1677462,0.001,107,15597,-17.837511309999996,17.582496730804444,1000.0,,
1680000,,0.013530304631683976,1679462,0.001,,,,17.55982274246216,,988.7507436871529,1000.0
1682462,1684,0.013453808902762831,1681462,0.001,107,15626,-17.61716307,17.533698513031005,1000.0,,
1685000,,0.012902511278633028,1684462,0.001,,,,17.505864212036133,,988.704263049364,1000.0
1686462,1688,0.012743259157519787,1685462,0.001,107,15655,-17.31419987,17.492466663360595,1000.0,,
1690000,,0.012918237965553999,1689462,0.001,,,,17.451541187286377,,987.3745793640613,1000.0
1690462,1692,,,,107,15685,-16.90877653,,1000.0,,
1694462,1696,0.012684170861262828,1693462,0.001,107,15706,-16.29761775,17.408896911621095,1000.0,,
1695000,,0.011936384244821966,1694462,0.001,,,,17.394419094085695,,983.7728066563607,1000.0
1698462,1700,0.012494617295451461,1697462,0.001,107,15734,-15.977184379999999,17.353392120361327,1000.0,,
1700000,,0.012768104898743332,1699462,0.001,,,,17.32356029510498,,985.1201383531094,1000.0
1702462,1704,0.012443612969014793,1701462,0.001,108,15763,-15.641362199999998,17.306478286743165,1000.0,,
1705000,,0.01302661425434053,1704462,0.001,,,,17.2796318359375,,990.7123371779919,1000.0
1706462,1708,0.012359524933155626,1705462,0.001,108,15792,-15.55706097,17.264053764343263,1000.0,,
1710000,,0.011707308131735771,1709462,0.001,,,,17.211147396087647,,990.5164579629898,1000.0
1710462,1712,,,,108,15821,-15.359325019999998,,1000.0,,
1714462,1716,0.012317281611729413,1713462,0.001,108,15841,-15.198376689999996,17.158237770080568,1000.0,,
1715000,,0.012701088167726993,1714462,0.001,,,,17.151637855529785,,988.993907558918,1000.0
1718462,1720,0.015025163872167468,1717462,0.001,108,15870,-15.10770547,17.146709815979005,1000.0,,
1720000,,0.01740436938405037,1719462,0.001,,,,17.15392486190796,,984.8334841489792,1000.0
1722462,1724,0.020381809000857173,1721462,0.001,108,15900,-14.89291399,17.19475433731079,1000.0,,
1725000,,0.025741756977513432,1724462,0.001,,,,17.29563961791992,,984.9282134652137,1000.0
1726462,1728,0.030244501650333405,1725462,0.001,108,15929,-14.725116640000001,17.34759775543213,1000.0,,
1730000,,0.08287699816375971,1729462,0.001,,,,17.921497184753417,,961.432317751646,1000.0
1730462,1732,,,,108,15958,-15.01286286,,1000.0,,
1734462,1736,0.08720228515192867,1733462,0.001,108,15980,-20.04981103,18.77890758895874,1000.0,,
1735000,,0.07439668752253055,1734462,0.001,,,,18.9154079246521,,861.3573709081305,1000.0
1738462,1740,0.05293167325295508,1737462,0.001,108,16011,-21.281599330000002,19.171591018676757,1000.0,,
1740000,,0.08237819737568498,1739462,0.001,,,,19.544525150299073,,412.73400006257,1000.0
1742462,1744,0.05789292978122831,1741462,0.001,108,16040,-25.175147840000005,19.838597183227538,1000.0,,
1745000,,0.04312276657857001,1744462,0.001,,,,19.89646517944336,,892.6287502348423,1000.0
1746462,1748,0.04181710092164576,1745462,0.001,108,16073,-29.658440359999997,19.87575220108032,1000.0,,
1750000,,0.046115559605881574,1749462,0.001,,,,19.950795024871827,,949.3307772755622,1000.0
1750462,1752,,,,108,16105,-31.298977720000003,,1000.0,,
1754462,1756,0.0507510592918843,1753462,0.001,108,16127,-32.95528752,20.05891159439087,1000.0,,
1755000,,0.051153035040944816,1754462,0.001,,,,20.074666839599608,,962.1487957417964,1000.0
1758462,1760,0.037399631073698404,1757462,0.001,108,16157,-33.66444576,20.042711849212647,1000.0,,
1760000,,0.03201581520214677,1759462,0.001,,,,19.927826831817626,,938.0749332794454,1000.0
1762462,1764,0.027319617468863727,1761462,0.001,108,16190,-34.854341670000004,19.783182487487792,1000.0,,
1765000,,0.021867369521409274,1764462,0.001,,,,19.53278503036499,,978.8989102482795,1000.0
1766462,1768,0.02347048418596387,1765462,0.001,108,16221,-35.38850853,19.46406540298462,1000.0,,
1770000,,0.029549297347664833,1769462,0.001,,,,19.37973596572876,,967.0668268799782,1000.0
1770462,1772,,,,108,16252,-35.97659829,,1000.0,,
1774462,1776,0.028844985384494065,1773462,0.001,109,16274,-36.14291505999999,19.392605140686037,1000.0,,
1775000,,0.02753015278186649,1774462,0.001,,,,19.382411075592042,,978.0504588723182,1000.0
1778462,1780,0.02031670972239226,1777462,0.001,109,16306,-36.46012823,19.27202781677246,1000.0,,
1780000,,0.0208869024887681,1779462,0.001,,,,19.17936001586914,,954.8403293073177,1000.0
1782462,1784,0.021526862566359342,1781462,0.001,109,16336,-37.58517594,19.094882068634032,1000.0,,
1785000,,0.022590837942436336,1784462,0.001,,,,19.00002921295166,,965.063454246521,1000.0
1786462,1788,0.02131738799717277,1785462,0.001,109,16367,-38.34319876,18.960046592712402,1000.0,,
1790000,,0.018227437709458172,1789462,0.001,,,,18.785005779266356,,983.2475065112114,1000.0
1790462,1792,,,,109,16398,-38.867796410000004,,1000.0,,
1794462,1796,0.015038324951194226,1793462,0.001,109,16419,-39.12746467,18.566407230377198,1000.0,,
1795000,,0.01563824297953397,1794462,0.001,,,,18.509166511535646,,985.8977946162224,1000.0
1798462,1800,0.015757831322029233,1797462,0.001,109,16449,-39.30194652,18.347520454406737,1000.0,,
1800000,,0.011772966487333178,1799462,0.001,,,,18.22069204711914,,983.362174075842,1000.0
1802462,1804,0.010946511615999042,1801462,0.001,109,16480,-39.668189569999996,18.066198669433593,1000.0,,
1805000,,0.010267657114192844,1804462,0.001,,,,17.84033065032959,,982.926001739502,1000.0
1806462,1808,0.01033849322423339,1805462,0.001,109,16511,-40.08485901,17.76816373825073,1000.0,,
1810000,,0.010157199021428823,1809462,0.001,,,,17.517765705108644,,985.4572657883167,1000.0
1810462,1812,,,,109,16542,-40.32255043000001,,1000.0,,
1814462,1816,0.010302377782296389,1813462,0.001,109,16563,-40.49370491,17.314676525115967,1000.0,,
1815000,,0.010731578874401747,1814462,0.001,,,,17.264627159118653,,988.3872194647789,1000.0
1818462,1820,0.010490368066821248,1817462,0.001,109,16594,-40.59333209,17.139354816436768,1000.0,,
1820000,,0.010238373879808933,1819462,0.001,,,,17.05122944641113,,988.2041987776756,1000.0
1822462,1824,0.010507607008796185,1821462,0.001,109,16624,-40.542900010000004,16.982316619873046,1000.0,,
1825000,,0.010984042212367057,1824462,0.001,,,,16.88817031478882,,989.2730752110481,1000.0
1826462,1828,0.01067098491685465,1825462,0.001,109,16655,-40.25857901,16.85555344390869,1000.0,,
1830000,,0.010875330412760377,1829462,0.001,,,,16.720162391662598,,984.8439190685749,1000.0
1830462,1832,,,,109,16686,-39.71227079,,1000.0,,
1834462,1836,0.010741724833846092,1833462,0.001,109,16707,-34.6940396,16.61699691772461,1000.0,,
1835000,,0.010727304320782423,1834462,0.001,,,,16.592969188690187,,982.6344739437103,1000.0
1838462,1840,0.010109949306119234,1837462,0.001,109,16737,-33.40149282,16.507022151947023,1000.0,,
1840000,,0.010972321473062038,1839462,0.001,,,,16.46015393447876,,985.3282856285572,1000.0
1842462,1844,0.01084192021517083,1841462,0.001,109,16768,-29.478357919999997,16.427349964141847,1000.0,,
1845000,,0.010664302615914494,1844462,0.001,,,,16.394547981262207,,986.8360650777817,1000.0
1846462,1848,0.01011039250018075,1845462,0.001,109,16800,-24.567108280000003,16.374328708648683,1000.0,,
1850000,,0.010757729039527476,1849462,0.001,,,,16.307915828704832,,972.650956016779,1000.0
1850462,1852,,,,109,16829,-23.01730696,,1000.0,,
1854462,1856,0.011035793680697679,1853462,0.001,110,16851,-21.31848173,16.262986499786376,1000.0,,
1855000,,0.010945478852372617,1854462,0.001,,,,16.257537662506103,,984.4664586007596,1000.0
1858462,1860,0.01154915972519666,1857462,0.001,110,16882,-20.549332299999996,16.255840854644774,1000.0,,
1860000,,0.011923729156609624,1859462,0.001,,,,16.257030632019042,,983.6360112190247,1000.0
1862462,1864,0.010647281801328063,1861462,0.001,110,16913,-19.44799259,16.250936855316162,1000.0,,
1865000,,0.010774638128932566,1864462,0.001,,,,16.250417545318605,,982.776671230793,1000.0
1866462,1868,0.010678737137001008,1865462,0.001,110,16944,-18.918051520000002,16.246330242156983,1000.0,,
1870000,,0.010936068516690284,1869462,0.001,,,,16.209445949554443,,971.6313624203206,1000.0
1870462,1872,,,,110,16975,-18.49881726,,1000.0,,
1874462,1876,0.010927863321267068,1873462,0.001,110,16996,-18.38826963,16.166735691070556,1000.0,,
1875000,,0.01134667203668505,1874462,0.001,,,,16.158831912994383,,986.0610460042953,1000.0
1878462,1880,0.01025182968750596,1877462,0.001,110,17027,-18.06243734,16.138837768554687,1000.0,,
1880000,,0.010352495090104639,1879462,0.001,,,,16.122977073669432,,989.8071094810963,1000.0
1882462,1884,0.010374191902577877,1881462,0.001,110,17058,-16.956164819999998,16.109055686950683,1000.0,,
1885000,,0.010365426209289581,1884462,0.001,,,,16.077927703857423,,985.8941755115986,1000.0
1886462,1888,0.01104020086210221,1885462,0.001,110,17091,-16.32614271,16.074654502868654,1000.0,,
1890000,,0.012767425959464163,1889462,0.001,,,,16.098427223205565,,981.3058171689511,1000.0
1890462,1892,,,,110,17122,-15.94300777,,1000.0,,
1894462,1896,0.022344052004627885,1893462,0.001,110,17144,-16.099420719999998,16.200197067260742,1000.0,,
1895000,,0.025055091791786253,1894462,0.001,,,,16.24947676086426,,984.677125491947,1000.0
1898462,1900,0.025265380382537842,1897462,0.001,110,17175,-16.235774130000003,16.413446422576904,1000.0,,
1900000,,0.02850706985592842,1899462,0.001,,,,16.55691784286499,,961.6951533555984,1000.0
1902462,1904,0.04903828872181475,1901462,0.001,110,17205,-17.222070029999994,16.815792304992677,1000.0,,
1905000,,0.31421852246671916,1904462,0.001,,,,18.297886497497558,,-260.70157961901276,1000.0
1906462,1908,0.15671882271766663,1905462,0.001,110,17237,-61.63057477999999,18.50857024383545,1000.0,,
1910000,,0.11333593926206231,1909462,0.001,,,,19.516002975463866,,918.5394226789474,1000.0
1910462,1912,,,,110,17268,-67.59800868,,1000.0,,
1914462,1916,0.07806823541596532,1913462,0.001,110,17289,-69.47240246,19.94448853302002,1000.0,,
1915000,,0.06870826437696814,1914462,0.001,,,,19.991996814727784,,876.2572182655334,1000.0
1918462,1920,0.05625789267383516,1917462,0.001,110,17321,-72.17211123,19.9841270942688,1000.0,,
1920000,,0.052006055738776924,1919462,0.001,,,,20.02539958190918,,852.4468535482883,1000.0
1922462,1924,0.05106696440652013,1921462,0.001,110,17354,-74.05195218,20.05962770462036,1000.0,,
1925000,,0.0426154642701149,1924462,0.001,,,,20.157300731658935,,922.2830068230629,1000.0
1926462,1928,0.04102989480830729,1925462,0.001,110,17388,-76.69567323,20.173857891082765,1000.0,,
1930000,,0.05832071314379573,1929462,0.001,,,,20.403553844451903,,944.593746817112,1000.0
1930462,1932,,,,110,17421,-78.27532248,,1000.0,,
1934462,1936,0.20144651295989752,1933462,0.001,110,17443,-87.54514886999999,21.73566668319702,1000.0,,
1935000,,0.1977363518550992,1934462,0.001,,,,22.15608575439453,,829.7925918817521,1000.0
1938462,1940,0.12982099989056586,1937462,0.001,110,17476,-99.52187495999999,22.846004261016844,1000.0,,
1940000,,0.07041803705319762,1939462,0.001,,,,23.228058013916016,,906.5403300315141,1000.0
1942462,1944,0.06686366241797805,1941462,0.001,110,17508,-102.96363336,23.44525045776367,1000.0,,
1945000,,0.04987928742542863,1944462,0.001,,,,23.953503913879395,,950.0774512439966,1000.0
1946462,1948,0.048999946450814603,1945462,0.001,110,17539,-115.84330634,23.929984901428224,1000.0,,
1950000,,0.04309179448708892,1949462,0.001,,,,23.700901874542236,,943.5393081963063,1000.0
1950462,1952,,,,111,17571,-127.21326273999999,,1000.0,,
1954462,1956,0.034315136471763256,1953462,0.001,111,17592,-130.01382650000002,23.3352427444458,1000.0,,
1955000,,0.034651230528950694,1954462,0.001,,,,23.260117347717284,,930.2879271149635,1000.0
1958462,1960,0.04477986096404493,1957462,0.001,111,17622,-132.61340552,23.100769062042236,1000.0,,
1960000,,0.038383887263014914,1959462,0.001,,,,23.008366355895998,,928.2391339480877,1000.0
1962462,1964,0.03530843776464462,1961462,0.001,111,17652,-134.47736490999998,22.860356494903563,1000.0,,
1965000,,0.03191810595430434,1964462,0.001,,,,22.711217121124267,,959.8032374024391,1000.0
1966462,1968,0.03208612103015184,1965462,0.001,111,17683,-135.20759905000003,22.66716983795166,1000.0,,
1970000,,0.03048834882490337,1969462,0.001,,,,22.44219696044922,,976.5238052546978,1000.0
1970462,1972,,,,111,17711,-135.32318961000001,,1000.0,,
1974462,1976,0.05111256650462746,1973462,0.001,111,17732,-135.76849359,22.263421977996828,1000.0,,
1975000,,0.06972452777065337,1974462,0.001,,,,22.28142363357544,,974.8170488417148,1000.0
1978462,1980,0.17006758923083543,1977462,0.001,111,17760,-136.88842579,22.54878462600708,1000.0,,
1980000,,0.6918896468430757,1979462,0.001,,,,23.476010662078856,,-225.00955430828998,1000.0
1982462,1984,0.8345703301131725,1981462,0.001,111,17790,-164.09171904000002,24.89674907684326,1000.0,,
1985000,,0.457234723508358,1984462,0.001,,,,27.476502323150633,,-98.60850474787586,1000.0
1986462,1988,0.6176467371433974,1985462,0.001,111,17818,-182.57966989999997,29.43602575683594,1000.0,,
1990000,,0.6681555980145931,1989462,0.001,,,,33.3298066482544,,878.0276977926493,1000.0
1990462,1992,,,,111,17846,-194.02015422000005,,1000.0,,
1994462,1996,0.6554055125713348,1993462,0.001,111,17867,-201.88884638,34.02615970611572,1000.0,,
1995000,,0.8775692850351333,1994462,0.001,,,,34.17073970794678,,-1425.9731074035167,1000.0
1998462,2000,0.3471530511826277,1997462,0.001,111,17898,-233.7570098,38.46096398162842,1000.0,,
2000000,,0.28357505936175587,1999462,0.001,,,,38.527322921752926,,327.1510127938542,1000.0
