eval/mean_ep_length,time/total_timesteps,eval/mean_reward,time/iterations,time/fps,time/time_elapsed,rollout/ep_len_mean,rollout/ep_rew_mean,train/policy_gradient_loss,train/explained_variance,train/clip_fraction,train/entropy_loss,train/std,train/n_updates,train/loss,train/clip_range,train/learning_rate,train/approx_kl,train/value_loss
50.0,1000,-12.780341445654631,,,,,,,,,,,,,,,,
50.0,2000,-12.780341445654631,,,,,,,,,,,,,,,,
,2048,,1,403,5,50.0,-62.63721335,,,,,,,,,,,
50.0,3000,-13.222384326159954,,,,,,-0.008376385431620292,0.0034809112548828125,0.0482421875,-2.7972477197647097,0.9666618704795837,10,67.51419830322266,0.2,0.0003,0.0068181986,202.88819098472595
50.0,4000,-13.222384326159954,,,,,,,,,,,,,,,,
,4096,,2,341,11,50.0,-61.05503855555555,,,,,,,,,,,
50.0,5000,-13.192119815945626,,,,,,-0.004738261934835464,0.3056827783584595,0.021484375,-2.7498945109546185,0.9470041990280151,20,24.773157119750977,0.2,0.0003,0.004533951,103.72478104829788
50.0,6000,-13.192119815945626,,,,,,,,,,,,,,,,
,6144,,3,326,18,50.0,-59.88739041000001,,,,,,,,,,,
50.0,7000,-11.117242071405053,,,,,,-0.007160239122458734,0.3016597628593445,0.046044921875,-2.7109263256192206,0.9277565479278564,30,12.546195983886719,0.2,0.0003,0.0066361534,65.51133095026016
50.0,8000,-11.117242071405053,,,,,,,,,,,,,,,,
,8192,,4,317,25,50.0,-58.83528858,,,,,,,,,,,
50.0,9000,-13.23480480723083,,,,,,-0.009688321439898572,0.3617907166481018,0.057470703125,-2.661139339208603,0.902334988117218,40,13.494492530822754,0.2,0.0003,0.0068772263,59.934725761413574
50.0,10000,-13.23480480723083,,,,,,,,,,,,,,,,
,10240,,5,309,33,50.0,-57.22344682999999,,,,,,,,,,,
50.0,11000,-16.24719519019127,,,,,,-0.007566402739030309,0.3914138674736023,0.0404296875,-2.587544472515583,0.8639649748802185,50,10.51750373840332,0.2,0.0003,0.00876999,41.88811253607273
50.0,12000,-16.24719519019127,,,,,,,,,,,,,,,,
,12288,,6,305,40,50.0,-56.324823049999985,,,,,,,,,,,
50.0,13000,-15.99314738214016,,,,,,-0.014224435968208127,0.6238939464092255,0.089111328125,-2.5204138003289698,0.8437772989273071,60,13.988372802734375,0.2,0.0003,0.008821288,46.49264959096909
50.0,14000,-15.99314738214016,,,,,,,,,,,,,,,,
,14336,,7,301,47,50.0,-55.76508389000001,,,,,,,,,,,
50.0,15000,-27.894579984247684,,,,,,-0.013252252913662232,0.5969255268573761,0.076025390625,-2.4737001225352286,0.8238626718521118,70,10.347960472106934,0.2,0.0003,0.008672832,41.21105816960335
50.0,16000,-27.894579984247684,,,,,,,,,,,,,,,,
,16384,,8,297,55,50.0,-55.74051315,,,,,,,,,,,
50.0,17000,-35.70319816172123,,,,,,-0.012909478531219066,0.8235007673501968,0.072314453125,-2.4286308996379375,0.8084292411804199,80,15.616655349731445,0.2,0.0003,0.007188974,32.13565118908882
50.0,18000,-35.70319816172123,,,,,,,,,,,,,,,,
,18432,,9,295,62,50.0,-56.765148980000006,,,,,,,,,,,
50.0,19000,-45.40289784520864,,,,,,-0.012208970659412444,0.8709181547164917,0.08447265625,-2.397969049215317,0.7958759069442749,90,16.190258026123047,0.2,0.0003,0.0059229364,26.888505470752715
50.0,20000,-45.40289784520864,,,,,,,,,,,,,,,,
,20480,,10,294,69,50.0,-58.166645280000004,,,,,,,,,,,
50.0,21000,-52.46317021101713,,,,,,-0.019905579212354495,0.9032305255532265,0.111669921875,-2.3584108211100103,0.7800803184509277,100,10.796110153198242,0.2,0.0003,0.0084098615,21.13450694680214
50.0,22000,-52.46317021101713,,,,,,,,,,,,,,,,
,22528,,11,293,76,50.0,-59.84066519,,,,,,,,,,,
50.0,23000,-55.51401346027851,,,,,,-0.016045523749198765,0.9240543767809868,0.103173828125,-2.31474918872118,0.7608099579811096,110,7.172740936279297,0.2,0.0003,0.0076105185,14.798582327365875
50.0,24000,-55.51401346027851,,,,,,,,,,,,,,,,
,24576,,12,292,83,50.0,-61.2314656,,,,,,,,,,,
50.0,25000,-55.972415417432785,,,,,,-0.011302662783418783,0.9621374197304249,0.0978515625,-2.2677366390824316,0.742828905582428,120,4.5661940574646,0.2,0.0003,0.0072352616,8.095121225714683
50.0,26000,-55.972415417432785,,,,,,,,,,,,,,,,
,26624,,13,292,91,50.0,-62.22900253999999,,,,,,,,,,,
50.0,27000,-56.91553089320659,,,,,,-0.014709747637971305,0.9670240990817547,0.121923828125,-2.2157124489545823,0.7226991653442383,130,3.107196092605591,0.2,0.0003,0.010879589,7.713790789991617
50.0,28000,-56.91553089320659,,,,,,,,,,,,,,,,
,28672,,14,291,98,50.0,-63.07935504000001,,,,,,,,,,,
50.0,29000,-57.58082731366157,,,,,,-0.009483514059684239,0.9756083190441132,0.078515625,-2.1624049723148344,0.7045505046844482,140,3.1120071411132812,0.2,0.0003,0.009462168,4.758382952213287
50.0,30000,-57.58082731366157,,,,,,,,,,,,,,,,
,30720,,15,291,105,50.0,-63.83991014,,,,,,,,,,,
50.0,31000,-57.98644068241119,,,,,,-0.005571953888284043,0.9801506735384464,0.058203125,-2.11100814640522,0.6840564012527466,150,1.811530590057373,0.2,0.0003,0.0060668536,3.3747734401375054
50.0,32000,-57.98644068241119,,,,,,,,,,,,,,,,
,32768,,16,291,112,50.0,-64.18679597,,,,,,,,,,,
50.0,33000,-57.68329159021378,,,,,,-0.012998883321415633,0.9837308134883642,0.0978515625,-2.043299428373575,0.6625888347625732,160,1.4285684823989868,0.2,0.0003,0.010989567,3.203669757023454
50.0,34000,-57.68329159021378,,,,,,,,,,,,,,,,
,34816,,17,291,119,50.0,-63.95394818,,,,,,,,,,,
50.0,35000,-57.413834255933764,,,,,,-0.011630794405937195,0.9856085265055299,0.08115234375,-1.9616976276040077,0.6371975541114807,170,1.0936366319656372,0.2,0.0003,0.00602612,2.705680125206709
50.0,36000,-57.413834255933764,,,,,,,,,,,,,,,,
,36864,,18,290,126,50.0,-63.92341531,,,,,,,,,,,
50.0,37000,-57.22555659413338,,,,,,-0.010926293546799571,0.9864796185865998,0.0927734375,-1.8972940262407065,0.6161030530929565,180,0.740044355392456,0.2,0.0003,0.010124279,2.460895637050271
50.0,38000,-57.22555659413338,,,,,,,,,,,,,,,,
,38912,,19,290,133,50.0,-62.83795539,,,,,,,,,,,
50.0,39000,-56.80686827301979,,,,,,-0.011399937653914094,0.9875210467725992,0.1375,-1.8217528231441975,0.5939897298812866,190,0.9151067733764648,0.2,0.0003,0.014031779,2.3903580140322447
50.0,40000,-56.80686827301979,,,,,,,,,,,,,,,,
,40960,,20,291,140,50.0,-62.05526182000001,,,,,,,,,,,
50.0,41000,-56.924883651733396,,,,,,-0.010745644933194853,0.9887817548587918,0.064990234375,-1.7430508032441139,0.5721791982650757,200,1.1319063901901245,0.2,0.0003,0.0058046426,2.2957072991877796
50.0,42000,-56.924883651733396,,,,,,,,,,,,,,,,
50.0,43000,-56.924883651733396,,,,,,,,,,,,,,,,
,43008,,21,289,148,50.0,-61.94481111,,,,,,,,,,,
50.0,44000,-57.226815176010135,,,,,,-0.011104431767307688,0.9907245887443423,0.093994140625,-1.6608445078134537,0.5485702753067017,210,0.941342294216156,0.2,0.0003,0.014118063,1.7593971064314247
50.0,45000,-57.226815176010135,,,,,,,,,,,,,,,,
,45056,,22,289,155,50.0,-62.14314047,,,,,,,,,,,
50.0,46000,-57.33527238965034,,,,,,-0.0019249176315497608,0.9918086901307106,0.16611328125,-1.586054353788495,0.5297526121139526,220,0.5881218910217285,0.2,0.0003,0.020044021,1.3626292804256082
50.0,47000,-57.33527238965034,,,,,,,,,,,,,,,,
,47104,,23,289,162,50.0,-61.8400802,,,,,,,,,,,
50.0,48000,-55.9924791008234,,,,,,-0.008006182790268213,0.9920083396136761,0.10703125,-1.4994284376502036,0.5052469968795776,230,0.560390293598175,0.2,0.0003,0.007896474,1.3823720473796128
50.0,49000,-55.9924791008234,,,,,,,,,,,,,,,,
,49152,,24,288,170,50.0,-61.60316303,,,,,,,,,,,
50.0,50000,-54.296464937925336,,,,,,-0.0069392277742736045,0.9923804332502186,0.141357421875,-1.4101652659475803,0.48754817247390747,240,0.8332381248474121,0.2,0.0003,0.010442841,1.3373820850625635
50.0,51000,-54.296464937925336,,,,,,,,,,,,,,,,
,51200,,25,289,177,50.0,-59.853018799999994,,,,,,,,,,,
50.0,52000,-54.164061546325684,,,,,,-0.010086358374974225,0.9924099021591246,0.117529296875,-1.332479767128825,0.47176527976989746,250,0.4783961772918701,0.2,0.0003,0.005979669,1.081351025402546
50.0,53000,-54.164061546325684,,,,,,,,,,,,,,,,
,53248,,26,289,184,50.0,-58.385213,,,,,,,,,,,
50.0,54000,-55.78815238475799,,,,,,-0.010987780307186768,0.9924905393272638,0.0876953125,-1.2672693148255347,0.45787855982780457,260,0.5469164252281189,0.2,0.0003,0.011438755,1.1249035097658635
50.0,55000,-55.78815238475799,,,,,,,,,,,,,,,,
,55296,,27,289,191,50.0,-57.64890096000001,,,,,,,,,,,
50.0,56000,-53.60658792555332,,,,,,-0.008958504206384532,0.9926325031556189,0.07080078125,-1.2042573627084494,0.44567644596099854,270,0.5420091152191162,0.2,0.0003,0.008724204,1.1964289681054652
50.0,57000,-53.60658792555332,,,,,,,,,,,,,,,,
,57344,,28,289,198,50.0,-57.856753469999994,,,,,,,,,,,
50.0,58000,-54.2636410176754,,,,,,-0.004620316388900392,0.9947152505628765,0.176904296875,-1.1347263976931572,0.4284910261631012,280,0.35450831055641174,0.2,0.0003,0.0165528,0.7627612072974443
50.0,59000,-54.2636410176754,,,,,,,,,,,,,,,,
,59392,,29,289,205,50.0,-57.164136230000004,,,,,,,,,,,
50.0,60000,-54.965293964743616,,,,,,-0.007317709046765231,0.9939270648173988,0.167626953125,-1.0564980655908585,0.4149493873119354,290,0.5315278768539429,0.2,0.0003,0.011529259,0.8193851748481393
50.0,61000,-54.965293964743616,,,,,,,,,,,,,,,,
,61440,,30,289,212,50.0,-56.99798372000002,,,,,,,,,,,
50.0,62000,-53.6588017642498,,,,,,-0.003779850705177523,0.9952969262376428,0.135791015625,-0.9917958991602063,0.40688443183898926,300,0.43734678626060486,0.2,0.0003,0.009359148,0.7161841819994151
50.0,63000,-53.6588017642498,,,,,,,,,,,,,,,,
,63488,,31,288,219,50.0,-56.614180020000006,,,,,,,,,,,
50.0,64000,-52.01023458242416,,,,,,-0.007440744413179346,0.9946729075163603,0.10166015625,-0.9424241378903389,0.39680224657058716,310,0.42909619212150574,0.2,0.0003,0.009132886,0.7308709203265608
50.0,65000,-52.01023458242416,,,,,,,,,,,,,,,,
,65536,,32,288,227,50.0,-55.83674679,,,,,,,,,,,
50.0,66000,-50.868587139248845,,,,,,-0.007565139784128405,0.9953814032487571,0.112939453125,-0.8851361660286784,0.3851167559623718,320,0.3077789843082428,0.2,0.0003,0.0107938945,0.5572667425498367
50.0,67000,-50.868587139248845,,,,,,,,,,,,,,,,
,67584,,33,288,234,50.0,-54.479083929999994,,,,,,,,,,,
50.0,68000,-50.283642226457594,,,,,,-0.007668792645563372,0.9960394408553839,0.209619140625,-0.8268735233694315,0.37680432200431824,330,0.18921788036823273,0.2,0.0003,0.017789599,0.47836260953918097
50.0,69000,-50.283642226457594,,,,,,,,,,,,,,,,
,69632,,34,288,241,50.0,-53.79654054,,,,,,,,,,,
50.0,70000,-49.333616849780086,,,,,,-0.001115170554840006,0.9948185356333852,0.1896484375,-0.7792037770152092,0.37146255373954773,340,0.2899024784564972,0.2,0.0003,0.009843639,0.6346194281242787
50.0,71000,-49.333616849780086,,,,,,,,,,,,,,,,
,71680,,35,288,248,50.0,-52.991385439999995,,,,,,,,,,,
50.0,72000,-47.27251615673303,,,,,,-0.004803202042239718,0.9955237251706421,0.13330078125,-0.7315702939406037,0.3603694438934326,350,0.16786636412143707,0.2,0.0003,0.0062922332,0.5091875245794654
50.0,73000,-47.27251615673303,,,,,,,,,,,,,,,,
,73728,,36,287,256,50.0,-51.62772976,,,,,,,,,,,
50.0,74000,-44.31086544692516,,,,,,-0.005317939131055027,0.9714868385344744,0.13505859375,-0.677348167821765,0.3529359698295593,360,0.3655014634132385,0.2,0.0003,0.009856576,0.8451608431525528
50.0,75000,-44.31086544692516,,,,,,,,,,,,,,,,
,75776,,37,287,263,50.0,-49.87800247000001,,,,,,,,,,,
50.0,76000,-42.24997700899839,,,,,,-0.004845401327474974,0.985687586478889,0.16630859375,-0.6387092024087906,0.3468185067176819,370,0.2360721379518509,0.2,0.0003,0.014179413,0.6674994173459708
50.0,77000,-42.24997700899839,,,,,,,,,,,,,,,,
,77824,,38,287,270,50.0,-48.49895636999999,,,,,,,,,,,
50.0,78000,-42.00919379889965,,,,,,0.0013675650785444303,0.9715061727911234,0.173095703125,-0.5972690537571907,0.3391561508178711,380,0.16429248452186584,0.2,0.0003,0.018210504,0.7012172956950963
50.0,79000,-42.00919379889965,,,,,,,,,,,,,,,,
,79872,,39,287,277,50.0,-47.469693480000004,,,,,,,,,,,
50.0,80000,-39.583989433944225,,,,,,-0.011202082234376576,0.9828314762562513,0.149853515625,-0.545520338602364,0.3317626118659973,390,0.3552471995353699,0.2,0.0003,0.012576757,1.0781627832911909
50.0,81000,-39.583989433944225,,,,,,,,,,,,,,,,
,81920,,40,286,285,50.0,-45.543354099999995,,,,,,,,,,,
50.0,82000,-39.23846066892147,,,,,,-0.004108036035904661,0.9864878682419658,0.1275390625,-0.4936901515349746,0.32272303104400635,400,0.2420562505722046,0.2,0.0003,0.010138249,0.8058293460402638
50.0,83000,-39.23846066892147,,,,,,,,,,,,,,,,
,83968,,41,286,292,50.0,-44.560864589999994,,,,,,,,,,,
50.0,84000,-36.9530649676919,,,,,,-0.0008467672800179571,0.9804144240915775,0.137451171875,-0.43495974242687224,0.312417209148407,410,0.6184104084968567,0.2,0.0003,0.008765173,1.330447139777243
50.0,85000,-36.9530649676919,,,,,,,,,,,,,,,,
50.0,86000,-36.9530649676919,,,,,,,,,,,,,,,,
,86016,,42,285,300,50.0,-43.6453832,,,,,,,,,,,
50.0,87000,-35.904589945077895,,,,,,-0.005851914999948349,0.9901735251769423,0.137548828125,-0.38462212271988394,0.3056678771972656,420,0.24160072207450867,0.2,0.0003,0.015440266,0.5848636548034847
50.0,88000,-35.904589945077895,,,,,,,,,,,,,,,,
,88064,,43,285,308,50.0,-42.657721810000005,,,,,,,,,,,
50.0,89000,-35.66475362330675,,,,,,-0.0018000403040787205,0.9884667806327343,0.21142578125,-0.3281986774876714,0.29564231634140015,430,0.20415467023849487,0.2,0.0003,0.0099206455,0.512010320276022
50.0,90000,-35.66475362330675,,,,,,,,,,,,,,,,
,90112,,44,285,315,50.0,-41.83553374,,,,,,,,,,,
50.0,91000,-38.212459748983385,,,,,,-0.004087068093940616,0.987678961828351,0.182275390625,-0.2570528153330088,0.28392648696899414,440,0.1743222326040268,0.2,0.0003,0.016153987,0.422669461928308
50.0,92000,-38.212459748983385,,,,,,,,,,,,,,,,
,92160,,45,285,323,50.0,-42.21888286,,,,,,,,,,,
50.0,93000,-35.41115578263998,,,,,,-0.013017133210087194,0.992870316375047,0.18125,-0.19794988371431826,0.2784115672111511,450,0.17963315546512604,0.2,0.0003,0.0128361825,0.40677499105222525
50.0,94000,-35.41115578263998,,,,,,,,,,,,,,,,
,94208,,46,285,330,50.0,-42.20057842999999,,,,,,,,,,,
50.0,95000,-36.52073582708836,,,,,,-0.004074363422114402,0.9895792379975319,0.158251953125,-0.13581755422055722,0.2678743600845337,460,0.22693634033203125,0.2,0.0003,0.020741113,0.43470099102705717
50.0,96000,-36.52073582708836,,,,,,,,,,,,,,,,
,96256,,47,285,337,50.0,-41.287786880000006,,,,,,,,,,,
50.0,97000,-35.27811010628939,,,,,,-0.008324301708489657,0.9919739374890924,0.152734375,-0.05016798749566078,0.2552558183670044,470,0.17529267072677612,0.2,0.0003,0.012203346,0.33708621831610797
50.0,98000,-35.27811010628939,,,,,,,,,,,,,,,,
,98304,,48,285,344,50.0,-40.33762612,,,,,,,,,,,
50.0,99000,-32.251525436341765,,,,,,-0.007445687043946237,0.9866739101707935,0.163427734375,0.017292911559343337,0.24917910993099213,480,0.24449512362480164,0.2,0.0003,0.0133714,0.48414638652466235
50.0,100000,-32.251525436341765,,,,,,,,,,,,,,,,
,100352,,49,284,352,50.0,-38.04432602,,,,,,,,,,,
50.0,101000,-30.40203663110733,,,,,,-0.0026057078299345448,0.980888219550252,0.206787109375,0.06770065501332283,0.2412157654762268,490,0.16976730525493622,0.2,0.0003,0.013104958,0.4129589213058352
50.0,102000,-30.40203663110733,,,,,,,,,,,,,,,,
,102400,,50,284,359,50.0,-36.194816769999996,,,,,,,,,,,
50.0,103000,-28.052632568031548,,,,,,-0.012392157431168015,0.9805005583912134,0.195556640625,0.14087055623531342,0.23158439993858337,500,0.19213762879371643,0.2,0.0003,0.017501121,0.42410947908647356
50.0,104000,-28.052632568031548,,,,,,,,,,,,,,,,
,104448,,51,284,366,50.0,-34.162349410000004,,,,,,,,,,,
50.0,105000,-25.68258316963911,,,,,,-0.006438736652489752,0.9679079614579678,0.197607421875,0.19927368611097335,0.2258477658033371,510,0.10101395100355148,0.2,0.0003,0.013218893,0.3733339496422559
50.0,106000,-25.68258316963911,,,,,,,,,,,,,,,,
,106496,,52,284,374,50.0,-31.29290177,,,,,,,,,,,
50.0,107000,-23.010519433021546,,,,,,-0.01378773015749175,0.9636493362486362,0.225244140625,0.2800197213888168,0.21449658274650574,520,0.10581877827644348,0.2,0.0003,0.030084904,0.36708872141316534
50.0,108000,-23.010519433021546,,,,,,,,,,,,,,,,
,108544,,53,284,381,50.0,-28.183088190000003,,,,,,,,,,,
50.0,109000,-17.712635441496968,,,,,,-0.017730585900426376,0.9448212347924709,0.23818359375,0.3587420877069235,0.20645104348659515,530,0.26341861486434937,0.2,0.0003,0.019993901,0.5111409204080701
50.0,110000,-17.712635441496968,,,,,,,,,,,,,,,,
,110592,,54,284,388,50.0,-25.663054649999996,,,,,,,,,,,
50.0,111000,-11.86752085890621,,,,,,-0.01758168664528057,0.9052624851465225,0.275830078125,0.42439624927937986,0.199726864695549,540,0.2578865885734558,0.2,0.0003,0.023379289,0.7523297739215196
50.0,112000,-11.86752085890621,,,,,,,,,,,,,,,,
,112640,,55,284,395,50.0,-22.01380238,,,,,,,,,,,
50.0,113000,-12.10346753820777,,,,,,-0.01832334419741528,0.933708518743515,0.25595703125,0.5019641507416963,0.19140833616256714,550,0.19229468703269958,0.2,0.0003,0.027041622,0.4712740588467568
50.0,114000,-12.10346753820777,,,,,,,,,,,,,,,,
,114688,,56,284,403,50.0,-17.75455813,,,,,,,,,,,
50.0,115000,-11.163077977206559,,,,,,-0.0107679591543274,0.8626216053962708,0.219482421875,0.581243797019124,0.18215547502040863,560,0.11276698112487793,0.2,0.0003,0.019949542,0.5387873833067716
50.0,116000,-11.163077977206559,,,,,,,,,,,,,,,,
,116736,,57,284,410,50.0,-15.60116886,,,,,,,,,,,
50.0,117000,-10.84416690710932,,,,,,-0.012101798845105805,0.9298276752233505,0.1732421875,0.6444567523896694,0.17793187499046326,570,0.33398696780204773,0.2,0.0003,0.018143607,0.8515136091038584
50.0,118000,-10.84416690710932,,,,,,,,,,,,,,,,
,118784,,58,284,417,50.0,-14.96881762,,,,,,,,,,,
50.0,119000,-11.319393053278327,,,,,,-0.006649502171785571,0.913481816649437,0.171533203125,0.6716778092086315,0.176946222782135,580,0.3375835418701172,0.2,0.0003,0.018945105,1.304935898259282
50.0,120000,-11.319393053278327,,,,,,,,,,,,,,,,
,120832,,59,284,424,50.0,-14.773216739999995,,,,,,,,,,,
50.0,121000,-11.370355968922377,,,,,,-0.009721721323148812,0.9059660881757736,0.152734375,0.6798065654933453,0.17599701881408691,590,0.7504261136054993,0.2,0.0003,0.014340915,1.8548676684498786
50.0,122000,-11.370355968922377,,,,,,,,,,,,,,,,
,122880,,60,284,432,50.0,-14.981239340000002,,,,,,,,,,,
50.0,123000,-12.153195799794048,,,,,,-0.008240891620516777,0.9172760099172592,0.151806640625,0.7119399476796389,0.1713515818119049,600,0.44323834776878357,0.2,0.0003,0.017365683,1.151096705161035
50.0,124000,-12.153195799794048,,,,,,,,,,,,,,,,
,124928,,61,284,439,50.0,-14.93935299,,,,,,,,,,,
50.0,125000,-11.943263201601804,,,,,,-0.002115366095677018,0.885644368827343,0.14345703125,0.7516760103404522,0.16898274421691895,610,0.5303468704223633,0.2,0.0003,0.012774572,1.2568116690963507
50.0,126000,-11.943263201601804,,,,,,,,,,,,,,,,
,126976,,62,284,446,50.0,-14.99609958,,,,,,,,,,,
50.0,127000,-12.692848982289433,,,,,,-0.007165064563741908,0.7681069821119308,0.163623046875,0.779652226343751,0.16619399189949036,620,1.1286319494247437,0.2,0.0003,0.01502501,1.7347847033292054
50.0,128000,-12.692848982289433,,,,,,,,,,,,,,,,
50.0,129000,-12.692848982289433,,,,,,,,,,,,,,,,
,129024,,63,283,454,50.0,-15.29981249,,,,,,,,,,,
50.0,130000,-13.221998612210154,,,,,,-0.01033567798731383,0.7051310837268829,0.1529296875,0.8062287714332342,0.1647047996520996,630,0.6460053324699402,0.2,0.0003,0.011739129,1.602279343083501
50.0,131000,-13.221998612210154,,,,,,,,,,,,,,,,
,131072,,64,283,462,50.0,-14.781526719999999,,,,,,,,,,,
50.0,132000,-13.486903120949865,,,,,,-0.008384972091880627,0.7423945367336273,0.1630859375,0.8337164655327797,0.1619872897863388,640,0.48290273547172546,0.2,0.0003,0.02104256,0.8867820272222161
50.0,133000,-13.486903120949865,,,,,,,,,,,,,,,,
,133120,,65,283,468,50.0,-14.681348479999999,,,,,,,,,,,
50.0,134000,-11.26194021543488,,,,,,-0.006071059318492189,0.7072010040283203,0.171533203125,0.865872946754098,0.15991994738578796,650,0.39625048637390137,0.2,0.0003,0.0218206,1.051752425171435
50.0,135000,-11.26194021543488,,,,,,,,,,,,,,,,
,135168,,66,283,476,50.0,-14.556708110000002,,,,,,,,,,,
50.0,136000,-11.181958124414086,,,,,,-0.00517047980974894,0.7262353003025055,0.143408203125,0.9014943290501833,0.15701785683631897,660,0.28342267870903015,0.2,0.0003,0.013036956,1.2981699220836163
50.0,137000,-11.181958124414086,,,,,,,,,,,,,,,,
,137216,,67,283,483,50.0,-13.58650622,,,,,,,,,,,
50.0,138000,-10.683296286873519,,,,,,-0.010999043021001853,0.7963816225528717,0.163916015625,0.9207438562065363,0.15653425455093384,670,0.5206811428070068,0.2,0.0003,0.015116892,1.0800462758168579
50.0,139000,-10.683296286873519,,,,,,,,,,,,,,,,
,139264,,68,283,490,50.0,-13.295373240000002,,,,,,,,,,,
50.0,140000,-10.576269412133843,,,,,,-0.011452169364201837,0.8884351849555969,0.18837890625,0.9508175883442164,0.15260909497737885,680,0.39107149839401245,0.2,0.0003,0.015301419,0.866272266022861
50.0,141000,-10.576269412133843,,,,,,,,,,,,,,,,
,141312,,69,283,498,50.0,-12.6223689,,,,,,,,,,,
50.0,142000,-10.733414969220757,,,,,,-0.006031447948771529,0.9273365810513496,0.161572265625,1.0017844974994659,0.14853042364120483,690,0.23638364672660828,0.2,0.0003,0.016819488,0.5988715561106801
50.0,143000,-10.733414969220757,,,,,,,,,,,,,,,,
,143360,,70,283,505,50.0,-12.108326619999998,,,,,,,,,,,
50.0,144000,-10.340314330905676,,,,,,-0.006711948709562421,0.9434033557772636,0.15205078125,1.0504276420921088,0.1445743292570114,700,0.2438279390335083,0.2,0.0003,0.012234059,0.5277127714361995
50.0,145000,-10.340314330905676,,,,,,,,,,,,,,,,
,145408,,71,283,513,50.0,-12.00216588,,,,,,,,,,,
50.0,146000,-10.31599314287305,,,,,,-0.005653666408034041,0.9489519186317921,0.161328125,1.099163430184126,0.1408974975347519,710,0.14822496473789215,0.2,0.0003,0.016031748,0.46162113971076907
50.0,147000,-10.31599314287305,,,,,,,,,,,,,,,,
,147456,,72,282,521,50.0,-11.79075194,,,,,,,,,,,
50.0,148000,-10.044962934125214,,,,,,-0.00608605943270959,0.9709999319165945,0.1244140625,1.1763593342155219,0.13410541415214539,720,0.11105604469776154,0.2,0.0003,0.017022964,0.2988618185278028
50.0,149000,-10.044962934125214,,,,,,,,,,,,,,,,
,149504,,73,282,528,50.0,-11.546798969999998,,,,,,,,,,,
50.0,150000,-10.33496041111648,,,,,,-0.0066620890822377985,0.9806598369032145,0.150341796875,1.2582456961274147,0.12946662306785583,730,0.1472516655921936,0.2,0.0003,0.013508009,0.2941291662864387
50.0,151000,-10.33496041111648,,,,,,,,,,,,,,,,
,151552,,74,282,535,50.0,-11.314257130000001,,,,,,,,,,,
50.0,152000,-10.483284302428364,,,,,,-0.005291951616527513,0.9888618979603052,0.14892578125,1.3125691872090102,0.1265057474374771,740,0.09947334975004196,0.2,0.0003,0.015409114,0.20118231498636305
50.0,153000,-10.483284302428364,,,,,,,,,,,,,,,,
,153600,,75,282,543,50.0,-11.479688559999998,,,,,,,,,,,
50.0,154000,-10.06761754276231,,,,,,-0.006348044669721276,0.9896385408937931,0.16025390625,1.3637141432613133,0.1229127049446106,750,0.01601390540599823,0.2,0.0003,0.013770545,0.20925771524198353
50.0,155000,-10.06761754276231,,,,,,,,,,,,,,,,
,155648,,76,282,550,50.0,-10.72213696,,,,,,,,,,,
50.0,156000,-9.728994568809867,,,,,,-0.006910426067770458,0.9916179776191711,0.14638671875,1.4062709119170904,0.12063860893249512,760,0.08463048934936523,0.2,0.0003,0.014088318,0.19302104960661381
50.0,157000,-9.728994568809867,,,,,,,,,,,,,,,,
,157696,,77,282,557,50.0,-10.50890053,,,,,,,,,,,
50.0,158000,-9.707707479968667,,,,,,-0.0008805047575151548,0.9925783211365342,0.147119140625,1.4503146532922984,0.11748750507831573,770,0.08965438604354858,0.2,0.0003,0.017323066,0.17258531313855202
50.0,159000,-9.707707479968667,,,,,,,,,,,,,,,,
,159744,,78,282,564,50.0,-10.542879919999997,,,,,,,,,,,
50.0,160000,-9.472802977357059,,,,,,-0.0025068453076528387,0.9931306890211999,0.1158203125,1.485309039056301,0.11579035222530365,780,0.023087531328201294,0.2,0.0003,0.009846688,0.15435537146404385
50.0,161000,-9.472802977357059,,,,,,,,,,,,,,,,
,161792,,79,282,572,50.0,-9.965404260000003,,,,,,,,,,,
50.0,162000,-9.326322873216123,,,,,,-0.004467966887750663,0.9932916788384318,0.140869140625,1.5267390452325345,0.11266201734542847,790,0.041276536881923676,0.2,0.0003,0.010821718,0.12305498879868537
50.0,163000,-9.326322873216123,,,,,,,,,,,,,,,,
,163840,,80,282,579,50.0,-9.986768549999999,,,,,,,,,,,
50.0,164000,-9.362881546653806,,,,,,-0.007076201120798942,0.9937009704299271,0.1267578125,1.568814331293106,0.11069910228252411,800,0.04395778849720955,0.2,0.0003,0.012161458,0.1660650187637657
50.0,165000,-9.362881546653806,,,,,,,,,,,,,,,,
,165888,,81,282,586,50.0,-10.29479565,,,,,,,,,,,
50.0,166000,-9.256697402149438,,,,,,-0.005831347539788112,0.9910282427445054,0.129150390625,1.5997573174536228,0.10885639488697052,810,0.08103639632463455,0.2,0.0003,0.013827236,0.15303852572105825
50.0,167000,-9.256697402149438,,,,,,,,,,,,,,,,
,167936,,82,282,593,50.0,-10.23794571,,,,,,,,,,,
50.0,168000,-9.051133104227484,,,,,,-0.00501308951061219,0.9945019194856286,0.1548828125,1.6628294505178929,0.10378161817789078,820,0.053243085741996765,0.2,0.0003,0.014669698,0.10297593615250662
50.0,169000,-9.051133104227484,,,,,,,,,,,,,,,,
,169984,,83,282,601,50.0,-9.63052303,,,,,,,,,,,
50.0,170000,-8.984364939294755,,,,,,-0.002176589783630334,0.9941564830951393,0.158935546875,1.7280062809586525,0.10134454816579819,830,0.05994584038853645,0.2,0.0003,0.014851727,0.12677927750628443
50.0,171000,-8.984364939294755,,,,,,,,,,,,,,,,
50.0,172000,-8.984364939294755,,,,,,,,,,,,,,,,
,172032,,84,282,608,50.0,-9.22379728,,,,,,,,,,,
50.0,173000,-8.875925237685442,,,,,,-0.006917288168915547,0.9950376572087407,0.17490234375,1.759952714294195,0.10045075416564941,840,0.05159182846546173,0.2,0.0003,0.017081358,0.13025663220323622
50.0,174000,-8.875925237685442,,,,,,,,,,,,,,,,
,174080,,85,282,615,50.0,-9.17563762,,,,,,,,,,,
50.0,175000,-9.129635615739971,,,,,,-0.004573532671201974,0.9947066446766257,0.16630859375,1.7981253460049629,0.09747207164764404,850,0.07749103754758835,0.2,0.0003,0.0143361045,0.13993156421929598
50.0,176000,-9.129635615739971,,,,,,,,,,,,,,,,
,176128,,86,282,623,50.0,-9.171752560000002,,,,,,,,,,,
50.0,177000,-9.153213064046577,,,,,,-0.003301598902908154,0.9947161301970482,0.161181640625,1.842662290483713,0.09602202475070953,860,0.047254566103219986,0.2,0.0003,0.015223979,0.10344416480511427
50.0,178000,-9.153213064046577,,,,,,,,,,,,,,,,
,178176,,87,282,630,50.0,-9.52714541,,,,,,,,,,,
50.0,179000,-8.77054178668186,,,,,,-0.002927143793203868,0.9970840686000884,0.163525390625,1.883548028022051,0.09342540055513382,870,0.0020406916737556458,0.2,0.0003,0.012440544,0.07693540854379535
50.0,180000,-8.77054178668186,,,,,,,,,,,,,,,,
,180224,,88,282,637,50.0,-8.98879161,,,,,,,,,,,
50.0,181000,-8.86981555838138,,,,,,-0.0062524001696147025,0.9962596981786191,0.180322265625,1.940639464557171,0.09079299867153168,880,-0.005378440022468567,0.2,0.0003,0.023162287,0.09367498948704452
50.0,182000,-8.86981555838138,,,,,,,,,,,,,,,,
,182272,,89,282,644,50.0,-9.163533039999999,,,,,,,,,,,
50.0,183000,-8.865507606696337,,,,,,-0.0017390490887919442,0.9984519303543493,0.168505859375,1.9906072102487087,0.08883671462535858,890,0.0314587727189064,0.2,0.0003,0.018781977,0.04533793411101215
50.0,184000,-8.865507606696337,,,,,,,,,,,,,,,,
,184320,,90,282,651,50.0,-9.4478713,,,,,,,,,,,
50.0,185000,-8.71122745606117,,,,,,-0.004167548124678433,0.9972193613648415,0.1892578125,2.0350599236786366,0.08705843985080719,900,0.02815612405538559,0.2,0.0003,0.022598496,0.07818774713668972
50.0,186000,-8.71122745606117,,,,,,,,,,,,,,,,
,186368,,91,282,658,50.0,-9.579557350000002,,,,,,,,,,,
50.0,187000,-8.576064124330879,,,,,,-0.003724166110623628,0.9964020559564233,0.191943359375,2.0600363083183764,0.08616194128990173,910,0.04610385000705719,0.2,0.0003,0.01970288,0.06666170780081301
50.0,188000,-8.576064124330879,,,,,,,,,,,,,,,,
,188416,,92,282,666,50.0,-8.927512029999999,,,,,,,,,,,
50.0,189000,-8.636056520044804,,,,,,-0.003321628086268902,0.9975223103538156,0.17705078125,2.084332660585642,0.0850478783249855,920,-0.009020708501338959,0.2,0.0003,0.015204858,0.05649819319951348
50.0,190000,-8.636056520044804,,,,,,,,,,,,,,,,
,190464,,93,282,673,50.0,-8.431347539999999,,,,,,,,,,,
50.0,191000,-8.715637744870037,,,,,,-0.005559411738067866,0.9984656743472442,0.190380859375,2.130518342554569,0.082404226064682,930,0.021091561764478683,0.2,0.0003,0.024850853,0.04446482209023088
50.0,192000,-8.715637744870037,,,,,,,,,,,,,,,,
,192512,,94,282,682,50.0,-8.76029426,,,,,,,,,,,
50.0,193000,-8.60950469225645,,,,,,-0.006806480459636078,0.9987950583454221,0.201513671875,2.1794342398643494,0.08075776696205139,940,0.013330155983567238,0.2,0.0003,0.014943452,0.04204477050807327
50.0,194000,-8.60950469225645,,,,,,,,,,,,,,,,
,194560,,95,282,689,50.0,-8.657461960000001,,,,,,,,,,,
50.0,195000,-8.420083430502563,,,,,,-0.0025152094051009042,0.9988173997262493,0.188330078125,2.231590969860554,0.0785694420337677,950,0.033466994762420654,0.2,0.0003,0.017019257,0.033483331371098754
50.0,196000,-8.420083430502563,,,,,,,,,,,,,,,,
,196608,,96,282,697,50.0,-8.05955745,,,,,,,,,,,
50.0,197000,-8.468684726487846,,,,,,-0.0011541918240254745,0.998804691946134,0.193212890625,2.2718642085790632,0.07739149779081345,960,0.055770620703697205,0.2,0.0003,0.016980562,0.03793733806814999
50.0,198000,-8.468684726487846,,,,,,,,,,,,,,,,
,198656,,97,281,705,50.0,-8.1378968,,,,,,,,,,,
50.0,199000,-8.242498381156475,,,,,,-0.0030845014160149732,0.9988616785267368,0.196728515625,2.3106190606951715,0.07538320124149323,970,0.01375027745962143,0.2,0.0003,0.014539346,0.04329108375241049
50.0,200000,-8.242498381156475,,,,,,,,,,,,,,,,
,200704,,98,281,713,50.0,-8.351436399999999,,,,,,,,,,,
50.0,201000,-8.266267711855471,,,,,,-0.0009187034840579145,0.9982198892394081,0.17763671875,2.357138480246067,0.07398103922605515,980,0.012925002723932266,0.2,0.0003,0.012936113,0.044652924581896514
50.0,202000,-8.266267711855471,,,,,,,,,,,,,,,,
,202752,,99,280,721,50.0,-7.959354159999999,,,,,,,,,,,
50.0,203000,-8.435508840251714,,,,,,-0.00017836662591435014,0.9989423014922068,0.19560546875,2.402329608052969,0.07202363014221191,990,0.027970343828201294,0.2,0.0003,0.018804623,0.03154080541571602
50.0,204000,-8.435508840251714,,,,,,,,,,,,,,,,
,204800,,100,280,730,50.0,-7.49397235,,,,,,,,,,,
50.0,205000,-8.319391543138773,,,,,,0.0009782755398191512,0.9992064695106819,0.196484375,2.4641363926231863,0.06957380473613739,1000,0.02135392650961876,0.2,0.0003,0.017163835,0.026751346146920697
50.0,206000,-8.319391543138773,,,,,,,,,,,,,,,,
,206848,,101,280,738,50.0,-7.65232901,,,,,,,,,,,
50.0,207000,-8.363267062511294,,,,,,-0.0006073144293623045,0.9987561563029885,0.196728515625,2.5261268176138403,0.06760872900485992,1010,-0.010119442827999592,0.2,0.0003,0.0181554,0.032281559356488285
50.0,208000,-8.363267062511294,,,,,,,,,,,,,,,,
,208896,,102,279,746,50.0,-7.784246319999999,,,,,,,,,,,
50.0,209000,-8.4111900344491,,,,,,-0.00311608069750946,0.9988723914138973,0.1953125,2.5732077822089194,0.06618175655603409,1020,-0.011541459709405899,0.2,0.0003,0.017341508,0.024868637102190404
50.0,210000,-8.4111900344491,,,,,,,,,,,,,,,,
,210944,,103,280,753,50.0,-7.985992479999998,,,,,,,,,,,
50.0,211000,-8.404989369120448,,,,,,-0.003038631740491837,0.9983765941578895,0.1931640625,2.605576977133751,0.06555236130952835,1030,-0.0009756935760378838,0.2,0.0003,0.01417369,0.03460327300708741
50.0,212000,-8.404989369120448,,,,,,,,,,,,,,,,
,212992,,104,280,760,50.0,-7.514452219999999,,,,,,,,,,,
50.0,213000,-8.468715071491896,,,,,,-0.0008338473358890042,0.999011684791185,0.216259765625,2.6293720863759518,0.06460604816675186,1040,0.008517011068761349,0.2,0.0003,0.021054141,0.027291151724057272
50.0,214000,-8.468715071491896,,,,,,,,,,,,,,,,
50.0,215000,-8.468715071491896,,,,,,,,,,,,,,,,
,215040,,105,280,767,50.0,-7.606050490000001,,,,,,,,,,,
50.0,216000,-8.358809927757829,,,,,,-0.002290755099966191,0.9991381988511421,0.200048828125,2.675382125377655,0.06268153339624405,1050,0.004509873688220978,0.2,0.0003,0.016156344,0.024707390609546565
50.0,217000,-8.358809927757829,,,,,,,,,,,,,,,,
,217088,,106,279,775,50.0,-7.780346489999999,,,,,,,,,,,
50.0,218000,-8.321750969998538,,,,,,0.003933755046455189,0.9993088871706277,0.2015625,2.721053560823202,0.06177281588315964,1060,0.017559092491865158,0.2,0.0003,0.018913921,0.021684335652389565
50.0,219000,-8.321750969998538,,,,,,,,,,,,,,,,
,219136,,107,279,783,50.0,-8.128799440000002,,,,,,,,,,,
50.0,220000,-8.237005568947643,,,,,,0.0012303364143008365,0.998963983845897,0.21708984375,2.7436478160321713,0.06124414503574371,1070,0.04943571984767914,0.2,0.0003,0.018563958,0.02768758498132229
50.0,221000,-8.237005568947643,,,,,,,,,,,,,,,,
,221184,,108,279,790,50.0,-7.68735223,,,,,,,,,,,
50.0,222000,-8.258124897070228,,,,,,0.0027803432109067216,0.9991574676823802,0.20341796875,2.776706784963608,0.05975203216075897,1080,-0.010379820130765438,0.2,0.0003,0.01854869,0.020231385246734134
50.0,223000,-8.258124897070228,,,,,,,,,,,,,,,,
,223232,,109,279,798,50.0,-7.67119126,,,,,,,,,,,
50.0,224000,-8.1712941207923,,,,,,0.002351030689897016,0.9991745388251729,0.213916015625,2.825830704718828,0.05852583050727844,1090,0.033639535307884216,0.2,0.0003,0.017599557,0.0336431827978231
50.0,225000,-8.1712941207923,,,,,,,,,,,,,,,,
,225280,,110,279,805,50.0,-7.83281073,,,,,,,,,,,
50.0,226000,-8.165752217918634,,,,,,0.0004527472599875182,0.9981607005465776,0.211181640625,2.8451636508107185,0.0584191232919693,1100,0.04398523271083832,0.2,0.0003,0.018109497,0.040911132888868454
50.0,227000,-8.165752217918634,,,,,,,,,,,,,,,,
,227328,,111,279,812,50.0,-7.6202938100000015,,,,,,,,,,,
50.0,228000,-8.117333448678256,,,,,,-0.00033290021019638516,0.9982004298362881,0.1986328125,2.8694474741816522,0.05714865028858185,1110,-0.001958198845386505,0.2,0.0003,0.014909768,0.019697063649073244
50.0,229000,-8.117333448678256,,,,,,,,,,,,,,,,
,229376,,112,279,820,50.0,-7.380442769999999,,,,,,,,,,,
50.0,230000,-8.111421800591051,,,,,,0.007134052432957105,0.9987413076451048,0.231591796875,2.9175851233303547,0.05585508048534393,1120,0.012555286288261414,0.2,0.0003,0.021326171,0.023323885840363802
50.0,231000,-8.111421800591051,,,,,,,,,,,,,,,,
,231424,,113,279,827,50.0,-7.4221296400000005,,,,,,,,,,,
50.0,232000,-8.064329033903778,,,,,,-0.0004893796023679898,0.9990667488309555,0.210546875,2.9611331544816495,0.054688960313797,1130,-0.005631295032799244,0.2,0.0003,0.017632812,0.02108919876627624
50.0,233000,-8.064329033903778,,,,,,,,,,,,,,,,
,233472,,114,279,834,50.0,-7.395908469999999,,,,,,,,,,,
50.0,234000,-8.233858945779502,,,,,,0.0015946776402415708,0.9988183644600213,0.195947265625,2.993019627034664,0.053893253207206726,1140,0.013307018205523491,0.2,0.0003,0.015514702,0.02231936557800509
50.0,235000,-8.233858945779502,,,,,,,,,,,,,,,,
,235520,,115,280,841,50.0,-7.275307870000001,,,,,,,,,,,
50.0,236000,-8.155558773316443,,,,,,-0.00084506303537637,0.9991297962260433,0.232275390625,3.027657173573971,0.05289342626929283,1150,0.017846781760454178,0.2,0.0003,0.016032636,0.01853678086772561
50.0,237000,-8.155558773316443,,,,,,,,,,,,,,,,
,237568,,116,280,848,50.0,-7.31676698,,,,,,,,,,,
50.0,238000,-8.236033493094146,,,,,,0.005256174405803904,0.9991321009001695,0.170947265625,3.070138259977102,0.05167965590953827,1160,0.026570262387394905,0.2,0.0003,0.01697856,0.018244112649699672
50.0,239000,-8.236033493094146,,,,,,,,,,,,,,,,
,239616,,117,280,855,50.0,-7.67885408,,,,,,,,,,,
50.0,240000,-8.233118862099946,,,,,,0.007543628936400637,0.9994500449975021,0.218017578125,3.101718930900097,0.05120828375220299,1170,-0.01249080803245306,0.2,0.0003,0.018482104,0.017473458775202743
50.0,241000,-8.233118862099946,,,,,,,,,,,,,,,,
,241664,,118,280,862,50.0,-7.4918811000000005,,,,,,,,,,,
50.0,242000,-8.0893307027407,,,,,,0.0004579755201120861,0.9993956593098119,0.227490234375,3.1296570859849453,0.050149738788604736,1180,0.0162469744682312,0.2,0.0003,0.019406311,0.015478466943022795
50.0,243000,-8.0893307027407,,,,,,,,,,,,,,,,
,243712,,119,280,869,50.0,-7.2626003300000015,,,,,,,,,,,
50.0,244000,-8.137735445983708,,,,,,0.0047127747820923105,0.9990473965881392,0.233056640625,3.1595274709165095,0.04974909499287605,1190,-0.01769449934363365,0.2,0.0003,0.021320963,0.017793795792385936
50.0,245000,-8.137735445983708,,,,,,,,,,,,,,,,
,245760,,120,280,876,50.0,-7.584172279999999,,,,,,,,,,,
50.0,246000,-8.15772381927818,,,,,,-3.9959009154699746e-05,0.9991609514690936,0.26162109375,3.1835378266870977,0.04899276793003082,1200,-0.008375000208616257,0.2,0.0003,0.02288724,0.014894706774794032
50.0,247000,-8.15772381927818,,,,,,,,,,,,,,,,
,247808,,121,280,883,50.0,-7.58172731,,,,,,,,,,,
50.0,248000,-8.10582524985075,,,,,,0.00900180243770592,0.9990103625459597,0.240087890625,3.199512007087469,0.04887629300355911,1210,0.00578519981354475,0.2,0.0003,0.022759337,0.031739342605578716
50.0,249000,-8.10582524985075,,,,,,,,,,,,,,,,
,249856,,122,280,890,50.0,-7.387658259999999,,,,,,,,,,,
50.0,250000,-8.149739288818092,,,,,,0.0016290706000290811,0.9988277329830453,0.20927734375,3.210971915721893,0.04840200021862984,1220,0.022640381008386612,0.2,0.0003,0.012826404,0.0151583726881654
50.0,251000,-8.149739288818092,,,,,,,,,,,,,,,,
,251904,,123,280,896,50.0,-7.322106049999999,,,,,,,,,,,
50.0,252000,-8.114439721778036,,,,,,-0.000439859606558457,0.9990062968572602,0.2453125,3.233047288656235,0.047813672572374344,1230,-0.0049817804247140884,0.2,0.0003,0.024663351,0.021655414818087592
50.0,253000,-8.114439721778036,,,,,,,,,,,,,,,,
,253952,,124,280,903,50.0,-7.599766840000001,,,,,,,,,,,
50.0,254000,-8.04357546987012,,,,,,0.003311249418766238,0.9984816092764959,0.229248046875,3.2559590451419353,0.04722203314304352,1240,0.03053559921681881,0.2,0.0003,0.023166772,0.03318879004509654
50.0,255000,-8.04357546987012,,,,,,,,,,,,,,,,
50.0,256000,-8.04357546987012,,,,,,,,,,,,,,,,
,256000,,125,280,911,50.0,-7.69046483,,,,,,,,,,,
50.0,257000,-8.010547926276923,,,,,,0.005977031207294203,0.9991904110065661,0.220068359375,3.2895064666867255,0.046240340918302536,1250,0.029719866812229156,0.2,0.0003,0.013942761,0.015290146082406864
50.0,258000,-8.010547926276923,,,,,,,,,,,,,,,,
,258048,,126,280,918,50.0,-7.301089019999999,,,,,,,,,,,
50.0,259000,-7.996461650263518,,,,,,0.010349409992340953,0.9992702127201483,0.229638671875,3.3054556645452977,0.046490490436553955,1260,0.02592228353023529,0.2,0.0003,0.013393915,0.015228577661036979
50.0,260000,-7.996461650263518,,,,,,,,,,,,,,,,
,260096,,127,280,925,50.0,-7.22194075,,,,,,,,,,,
50.0,261000,-7.894797757454216,,,,,,-0.00047470863501075655,0.9990098752314225,0.263330078125,3.312164956331253,0.04600638896226883,1270,0.03330158442258835,0.2,0.0003,0.02002995,0.019434363339678386
50.0,262000,-7.894797757454216,,,,,,,,,,,,,,,,
,262144,,128,280,933,50.0,-7.42973873,,,,,,,,,,,
50.0,263000,-7.833050661347807,,,,,,0.001574017808889039,0.9990974572720006,0.235302734375,3.3401900708675383,0.04520095884799957,1280,-0.009711170569062233,0.2,0.0003,0.02155537,0.016820011794334278
50.0,264000,-7.833050661347807,,,,,,,,,,,,,,,,
,264192,,129,281,940,50.0,-7.3326784699999985,,,,,,,,,,,
50.0,265000,-7.794593797065318,,,,,,0.0025122789316810667,0.9992323857150041,0.253173828125,3.358014440536499,0.04510340839624405,1290,-0.00976964458823204,0.2,0.0003,0.02566306,0.017073740148043727
50.0,266000,-7.794593797065318,,,,,,,,,,,,,,,,
,266240,,130,281,947,50.0,-7.052665010000001,,,,,,,,,,,
50.0,267000,-7.848105045966804,,,,,,0.00552321492577903,0.9988512613344938,0.255078125,3.37241548076272,0.04475536197423935,1300,0.005525250919163227,0.2,0.0003,0.035580814,0.015009767512674443
50.0,268000,-7.848105045966804,,,,,,,,,,,,,,,,
,268288,,131,281,954,50.0,-7.041697289999999,,,,,,,,,,,
50.0,269000,-7.832074242644012,,,,,,0.006414622825104743,0.9990947379847057,0.24736328125,3.3836700916290283,0.04452941566705704,1310,-0.0001899581402540207,0.2,0.0003,0.025559248,0.01941716987930704
50.0,270000,-7.832074242644012,,,,,,,,,,,,,,,,
,270336,,132,281,961,50.0,-6.90261372,,,,,,,,,,,
50.0,271000,-7.786161880381405,,,,,,0.0037944593466818334,0.9991974465665407,0.204833984375,3.418852077424526,0.04331395775079727,1320,0.006032127887010574,0.2,0.0003,0.01605565,0.01820090013643494
50.0,272000,-7.786161880381405,,,,,,,,,,,,,,,,
,272384,,133,281,968,50.0,-7.235560780000001,,,,,,,,,,,
50.0,273000,-7.650977685116231,,,,,,0.003047100192634389,0.999108265619725,0.227099609375,3.4519750364124775,0.042923398315906525,1330,0.03316810354590416,0.2,0.0003,0.019953977,0.015463328971236479
50.0,274000,-7.650977685116231,,,,,,,,,,,,,,,,
,274432,,134,281,975,50.0,-6.95627216,,,,,,,,,,,
50.0,275000,-7.781099560111761,,,,,,0.008286876938655041,0.9992993837222457,0.21943359375,3.473143392056227,0.042411550879478455,1340,0.048269473016262054,0.2,0.0003,0.021279171,0.01408076729858294
50.0,276000,-7.781099560111761,,,,,,,,,,,,,,,,
,276480,,135,281,983,50.0,-6.89431726,,,,,,,,,,,
50.0,277000,-7.826977965049446,,,,,,0.007057974865892902,0.9993087198818102,0.231005859375,3.4963404163718224,0.041937075555324554,1350,-0.006228041369467974,0.2,0.0003,0.01848793,0.02004720748082036
50.0,278000,-7.826977965049446,,,,,,,,,,,,,,,,
,278528,,136,281,990,50.0,-6.982195790000002,,,,,,,,,,,
50.0,279000,-7.808436434157192,,,,,,0.004306803568033502,0.9995786332001444,0.216650390625,3.516326068341732,0.04158446192741394,1360,0.04685426875948906,0.2,0.0003,0.017089995,0.01236667282646522
50.0,280000,-7.808436434157192,,,,,,,,,,,,,,,,
,280576,,137,281,997,50.0,-6.865002820000001,,,,,,,,,,,
50.0,281000,-7.827832039631903,,,,,,0.004556567675899714,0.9993240028852597,0.25830078125,3.5281572721898558,0.04138550907373428,1370,-0.015433418564498425,0.2,0.0003,0.032201737,0.012700402147311251
50.0,282000,-7.827832039631903,,,,,,,,,,,,,,,,
,282624,,138,281,1004,50.0,-7.0984187699999985,,,,,,,,,,,
50.0,283000,-7.909826761856675,,,,,,0.00022457271406892688,0.9987674432341009,0.251708984375,3.5462805069983006,0.040854424238204956,1380,-0.0025343382731080055,0.2,0.0003,0.01436189,0.014922611472138669
50.0,284000,-7.909826761856675,,,,,,,,,,,,,,,,
,284672,,139,281,1011,50.0,-7.58178875,,,,,,,,,,,
50.0,285000,-7.959691501967609,,,,,,0.0059023138950578865,0.999200570746325,0.283837890625,3.560467851161957,0.04074126482009888,1390,0.04053536802530289,0.2,0.0003,0.030044012,0.018164313123270402
50.0,286000,-7.959691501967609,,,,,,,,,,,,,,,,
,286720,,140,281,1018,50.0,-7.66828971,,,,,,,,,,,
50.0,287000,-7.98752837497741,,,,,,0.0018452169460942969,0.9993110315408558,0.26123046875,3.573110634088516,0.04034564644098282,1400,0.013167046010494232,0.2,0.0003,0.021805694,0.014657805052411276
50.0,288000,-7.98752837497741,,,,,,,,,,,,,,,,
,288768,,141,281,1026,50.0,-7.26806795,,,,,,,,,,,
50.0,289000,-7.9776870183646675,,,,,,0.003129366901703179,0.9992649384075776,0.270263671875,3.598325834423304,0.03978325426578522,1410,-0.004621446132659912,0.2,0.0003,0.027918184,0.013265794582548552
50.0,290000,-7.9776870183646675,,,,,,,,,,,,,,,,
,290816,,142,281,1033,50.0,-7.23961745,,,,,,,,,,,
50.0,291000,-8.053689485043288,,,,,,0.005759809064329602,0.9992498159990646,0.269873046875,3.6271286465227606,0.03930444270372391,1420,0.039684463292360306,0.2,0.0003,0.025934372,0.015800379001302645
50.0,292000,-8.053689485043288,,,,,,,,,,,,,,,,
,292864,,143,281,1040,50.0,-7.3129781199999995,,,,,,,,,,,
50.0,293000,-8.098350999504328,,,,,,0.008115946156613063,0.9994815950631164,0.257470703125,3.638880912959576,0.0392160527408123,1430,0.002047549467533827,0.2,0.0003,0.025326949,0.014835104627127293
50.0,294000,-8.098350999504328,,,,,,,,,,,,,,,,
,294912,,144,281,1048,50.0,-7.086186960000001,,,,,,,,,,,
50.0,295000,-7.950908612459898,,,,,,0.004808681574650109,0.9985047560185194,0.3015625,3.633327578753233,0.03946536034345627,1440,-0.008892327547073364,0.2,0.0003,0.03642166,0.02284747462545056
50.0,296000,-7.950908612459898,,,,,,,,,,,,,,,,
,296960,,145,281,1055,50.0,-7.10630939,,,,,,,,,,,
50.0,297000,-7.968231488205492,,,,,,0.0074822076770942655,0.9989548258017749,0.264501953125,3.6365572191774844,0.039161212742328644,1450,0.03751787915825844,0.2,0.0003,0.027409635,0.024526898947078733
50.0,298000,-7.968231488205492,,,,,,,,,,,,,,,,
50.0,299000,-7.968231488205492,,,,,,,,,,,,,,,,
,299008,,146,281,1063,50.0,-7.511083599999999,,,,,,,,,,,
50.0,300000,-8.154015033505857,,,,,,0.007509648981795181,0.9989210232160985,0.26201171875,3.6590631984174253,0.038650717586278915,1460,0.003798745572566986,0.2,0.0003,0.03365417,0.024054755762335844
50.0,301000,-8.154015033505857,,,,,,,,,,,,,,,,
,301056,,147,281,1070,50.0,-7.67988783,,,,,,,,,,,
50.0,302000,-8.260287293046712,,,,,,0.008112393000919838,0.998987891478464,0.298291015625,3.666734106838703,0.03878350555896759,1470,0.02383919060230255,0.2,0.0003,0.034324836,0.012979107344290242
50.0,303000,-8.260287293046712,,,,,,,,,,,,,,,,
,303104,,148,281,1078,50.0,-7.980197519999999,,,,,,,,,,,
50.0,304000,-8.294045261479914,,,,,,0.003938124152773526,0.9989931690506637,0.288525390625,3.658685075491667,0.038900166749954224,1480,0.00603959895670414,0.2,0.0003,0.03543462,0.017758717949618585
50.0,305000,-8.294045261479914,,,,,,,,,,,,,,,,
,305152,,149,281,1085,50.0,-7.369511579999999,,,,,,,,,,,
50.0,306000,-8.28762982264161,,,,,,0.004247579140064772,0.9990947004989721,0.251904296875,3.661162020266056,0.03868040814995766,1490,0.016105636954307556,0.2,0.0003,0.025712054,0.013916005169448908
50.0,307000,-8.28762982264161,,,,,,,,,,,,,,,,
,307200,,150,281,1093,50.0,-7.30117352,,,,,,,,,,,
50.0,308000,-8.246591546572745,,,,,,0.004198490144335665,0.9992446976248175,0.301708984375,3.6797803953289985,0.03828473761677742,1500,0.010410299524664879,0.2,0.0003,0.028171599,0.012253320943273138
50.0,309000,-8.246591546572745,,,,,,,,,,,,,,,,
,309248,,151,281,1100,50.0,-7.444980929999999,,,,,,,,,,,
50.0,310000,-8.122657034918666,,,,,,0.0011649402062175796,0.9990106693003327,0.271728515625,3.696374961733818,0.038096681237220764,1510,0.01707499660551548,0.2,0.0003,0.0238002,0.02073041452676989
50.0,311000,-8.122657034918666,,,,,,,,,,,,,,,,
,311296,,152,280,1107,50.0,-7.948228360000001,,,,,,,,,,,
50.0,312000,-8.191958042234182,,,,,,0.001618257092195563,0.9992357398150489,0.28037109375,3.706098323315382,0.037798359990119934,1520,-0.0053886789828538895,0.2,0.0003,0.02718556,0.014855737879406661
50.0,313000,-8.191958042234182,,,,,,,,,,,,,,,,
,313344,,153,280,1115,50.0,-7.545095409999999,,,,,,,,,,,
50.0,314000,-8.175456180982291,,,,,,0.0027471361419884486,0.99890851683449,0.257080078125,3.707139802724123,0.03803305700421333,1530,-0.015679968520998955,0.2,0.0003,0.021247163,0.012229736722656526
50.0,315000,-8.175456180982291,,,,,,,,,,,,,,,,
,315392,,154,280,1123,50.0,-6.99157451,,,,,,,,,,,
50.0,316000,-8.024868313595652,,,,,,0.009148431904031895,0.9983779562171549,0.279833984375,3.709079819172621,0.03780309110879898,1540,0.06908619403839111,0.2,0.0003,0.03919719,0.023408189372275956
50.0,317000,-8.024868313595652,,,,,,,,,,,,,,,,
,317440,,155,280,1130,50.0,-6.942044000000001,,,,,,,,,,,
50.0,318000,-8.427153680473566,,,,,,0.005954457214102149,0.9985381066799164,0.272412109375,3.71811773404479,0.03768124058842659,1550,0.06914052367210388,0.2,0.0003,0.032151327,0.014498234375787433
50.0,319000,-8.427153680473566,,,,,,,,,,,,,,,,
,319488,,156,280,1137,50.0,-7.02057931,,,,,,,,,,,
50.0,320000,-8.418880918994546,,,,,,0.006646315305260941,0.9987297371262684,0.26669921875,3.7346025712788107,0.037264931946992874,1560,0.02012788876891136,0.2,0.0003,0.027985334,0.01664867249055533
50.0,321000,-8.418880918994546,,,,,,,,,,,,,,,,
,321536,,157,280,1144,50.0,-7.045411610000001,,,,,,,,,,,
50.0,322000,-8.060912377014755,,,,,,0.010385806963313371,0.9984432824421674,0.25390625,3.763959211111069,0.03654716908931732,1570,-0.02458255924284458,0.2,0.0003,0.019200142,0.020699735233210958
50.0,323000,-8.060912377014755,,,,,,,,,,,,,,,,
,323584,,158,280,1152,50.0,-6.921378249999999,,,,,,,,,,,
50.0,324000,-7.770043842121959,,,,,,0.008271868084557354,0.9986953953048214,0.29267578125,3.7963828958570955,0.036088310182094574,1580,0.013299588114023209,0.2,0.0003,0.037009742,0.018286222466849723
50.0,325000,-7.770043842121959,,,,,,,,,,,,,,,,
,325632,,159,280,1160,50.0,-6.465170270000001,,,,,,,,,,,
50.0,326000,-7.81740298345685,,,,,,0.011279292379913385,0.9984949404606596,0.256494140625,3.8204187996685506,0.035606950521469116,1590,0.008100511506199837,0.2,0.0003,0.027532503,0.020657625056628603
50.0,327000,-7.81740298345685,,,,,,,,,,,,,,,,
,327680,,160,280,1168,50.0,-6.76499903,,,,,,,,,,,
50.0,328000,-7.731622686609626,,,,,,0.0085637469048379,0.9986595556838438,0.298486328125,3.85242598131299,0.03505241870880127,1600,0.009806258603930473,0.2,0.0003,0.03098215,0.014586198463803157
50.0,329000,-7.731622686609626,,,,,,,,,,,,,,,,
,329728,,161,280,1175,50.0,-6.779146450000001,,,,,,,,,,,
50.0,330000,-7.606111590564251,,,,,,0.00999023233889602,0.9990316583425738,0.24423828125,3.8675645507872103,0.034979745745658875,1610,0.0013876557350158691,0.2,0.0003,0.018432397,0.012108337903919164
50.0,331000,-7.606111590564251,,,,,,,,,,,,,,,,
,331776,,162,280,1183,50.0,-6.785884630000001,,,,,,,,,,,
50.0,332000,-7.609996079280973,,,,,,0.007970442590885796,0.9987416994990781,0.262158203125,3.878526236116886,0.034756891429424286,1620,0.05339053273200989,0.2,0.0003,0.021702483,0.010391266313672532
50.0,333000,-7.609996079280973,,,,,,,,,,,,,,,,
,333824,,163,280,1190,50.0,-6.99797233,,,,,,,,,,,
50.0,334000,-7.70755973495543,,,,,,0.01128730812924914,0.9987778760259971,0.275146484375,3.8906945422291757,0.03452521562576294,1630,0.013491353951394558,0.2,0.0003,0.018095426,0.018898203533899503
50.0,335000,-7.70755973495543,,,,,,,,,,,,,,,,
,335872,,164,280,1198,50.0,-7.458719789999999,,,,,,,,,,,
50.0,336000,-7.537597746215761,,,,,,0.0057778774498729035,0.9979044180363417,0.309814453125,3.9046313628554343,0.03421684354543686,1640,0.027220018208026886,0.2,0.0003,0.030962853,0.02826372983545298
50.0,337000,-7.537597746215761,,,,,,,,,,,,,,,,
,337920,,165,280,1205,50.0,-7.762745560000001,,,,,,,,,,,
50.0,338000,-7.589173011295498,,,,,,0.006643097464984748,0.9984187793452293,0.282421875,3.906429249048233,0.034519344568252563,1650,-0.0018369806930422783,0.2,0.0003,0.042245753,0.019296844254131428
50.0,339000,-7.589173011295498,,,,,,,,,,,,,,,,
,339968,,166,280,1213,50.0,-7.512424429999999,,,,,,,,,,,
50.0,340000,-7.597001488693058,,,,,,0.006541136710438877,0.9986594070214778,0.285107421875,3.9235609635710715,0.03375697135925293,1660,-0.03431358560919762,0.2,0.0003,0.03516531,0.01322771529230522
50.0,341000,-7.597001488693058,,,,,,,,,,,,,,,,
50.0,342000,-7.597001488693058,,,,,,,,,,,,,,,,
,342016,,167,280,1221,50.0,-7.03328181,,,,,,,,,,,
50.0,343000,-7.5770619686692955,,,,,,0.008606682436948176,0.9989319987362251,0.267919921875,3.9540276780724524,0.0334421768784523,1670,0.017842862755060196,0.2,0.0003,0.021590782,0.018537821481004357
50.0,344000,-7.5770619686692955,,,,,,,,,,,,,,,,
,344064,,168,280,1228,50.0,-7.02637248,,,,,,,,,,,
50.0,345000,-7.540686815418303,,,,,,0.007039211090886966,0.9986675060354173,0.253564453125,3.9731503054499626,0.033036552369594574,1680,0.017838764935731888,0.2,0.0003,0.022109482,0.012564908734930214
50.0,346000,-7.540686815418303,,,,,,,,,,,,,,,,
,346112,,169,280,1235,50.0,-7.5566629899999995,,,,,,,,,,,
50.0,347000,-7.552804468199611,,,,,,0.012064704622025602,0.9983033172320575,0.291357421875,3.9931274548172953,0.032858531922101974,1690,0.011212820187211037,0.2,0.0003,0.026683029,0.017165262303024065
50.0,348000,-7.552804468199611,,,,,,,,,,,,,,,,
,348160,,170,280,1243,50.0,-7.887778840000001,,,,,,,,,,,
50.0,349000,-7.460551782883703,,,,,,0.013662204609136096,0.9976509471889585,0.255126953125,3.9900868460536003,0.03308781981468201,1700,0.024865098297595978,0.2,0.0003,0.031940438,0.029102037221309728
50.0,350000,-7.460551782883703,,,,,,,,,,,,,,,,
,350208,,171,279,1250,50.0,-7.68032495,,,,,,,,,,,
50.0,351000,-7.492016302607953,,,,,,0.006448194516997319,0.9984888319158927,0.2810546875,4.0015631228685375,0.03257972002029419,1710,0.017554597929120064,0.2,0.0003,0.025677107,0.020412651103106326
50.0,352000,-7.492016302607953,,,,,,,,,,,,,,,,
,352256,,172,279,1258,50.0,-7.137368169999999,,,,,,,,,,,
50.0,353000,-7.536802026070655,,,,,,0.010081941747921519,0.9990064859157428,0.274267578125,4.027330547571182,0.032110292464494705,1720,-0.005338909570127726,0.2,0.0003,0.033143427,0.011991765306447633
50.0,354000,-7.536802026070655,,,,,,,,,,,,,,,,
,354304,,173,279,1265,50.0,-6.92271845,,,,,,,,,,,
50.0,355000,-7.5503262363374235,,,,,,0.006600896967574954,0.9986328807426617,0.299462890625,4.041267058253288,0.032161638140678406,1730,-0.0025499537587165833,0.2,0.0003,0.03542474,0.01560925881494768
50.0,356000,-7.5503262363374235,,,,,,,,,,,,,,,,
,356352,,174,279,1273,50.0,-6.761394399999998,,,,,,,,,,,
50.0,357000,-7.4230956511572,,,,,,0.005188079757499508,0.9988868461223319,0.3078125,4.033364458382129,0.03232075273990631,1740,0.013834177516400814,0.2,0.0003,0.03461885,0.013896075093362015
50.0,358000,-7.4230956511572,,,,,,,,,,,,,,,,
,358400,,175,279,1280,50.0,-6.902337130000001,,,,,,,,,,,
50.0,359000,-7.380784360691905,,,,,,0.009889816280337981,0.9975807871669531,0.271337890625,4.045299081504345,0.03187747299671173,1750,0.027108095586299896,0.2,0.0003,0.015860321,0.03216555170074571
50.0,360000,-7.380784360691905,,,,,,,,,,,,,,,,
,360448,,176,279,1288,50.0,-6.9090482600000005,,,,,,,,,,,
50.0,361000,-7.386230437643826,,,,,,0.012976616641390137,0.9974653054960072,0.3248046875,4.053522911667824,0.031960293650627136,1760,0.04050777480006218,0.2,0.0003,0.047618784,0.022562510258285328
50.0,362000,-7.386230437643826,,,,,,,,,,,,,,,,
,362496,,177,279,1295,50.0,-7.04543212,,,,,,,,,,,
50.0,363000,-7.302766913548112,,,,,,0.01104628505418077,0.9985360205173492,0.284716796875,4.054304274916649,0.031897466629743576,1770,0.013533766381442547,0.2,0.0003,0.022029875,0.01903365967591526
50.0,364000,-7.302766913548112,,,,,,,,,,,,,,,,
,364544,,178,279,1302,50.0,-6.887739829999999,,,,,,,,,,,
50.0,365000,-7.289288542978466,,,,,,0.011021837872976902,0.9980797914322466,0.30537109375,4.0365764304995535,0.03251079469919205,1780,0.06592409312725067,0.2,0.0003,0.031472526,0.014515904658765066
50.0,366000,-7.289288542978466,,,,,,,,,,,,,,,,
,366592,,179,279,1310,50.0,-6.7147175599999995,,,,,,,,,,,
50.0,367000,-7.361183734238148,,,,,,0.010029354723519646,0.9986812399001792,0.261474609375,4.020765466988086,0.032469190657138824,1790,-0.019320612773299217,0.2,0.0003,0.018142927,0.012454553104180376
50.0,368000,-7.361183734238148,,,,,,,,,,,,,,,,
,368640,,180,279,1317,50.0,-6.808126720000001,,,,,,,,,,,
50.0,369000,-7.307325326465071,,,,,,0.007119795447215438,0.9975878898985684,0.2513671875,4.02361756414175,0.03248366713523865,1800,0.019112754613161087,0.2,0.0003,0.023033474,0.01531919918343192
50.0,370000,-7.307325326465071,,,,,,,,,,,,,,,,
,370688,,181,279,1324,50.0,-6.87927707,,,,,,,,,,,
50.0,371000,-7.283323423564434,,,,,,0.008497112545592244,0.998237025924027,0.28017578125,4.016805638372898,0.032565899193286896,1810,0.04394500330090523,0.2,0.0003,0.018048134,0.0135156961667235
50.0,372000,-7.283323423564434,,,,,,,,,,,,,,,,
,372736,,182,279,1332,50.0,-7.00187306,,,,,,,,,,,
50.0,373000,-7.2215335296466945,,,,,,0.006723514408804476,0.998263078276068,0.246875,4.029357382655144,0.03212454542517662,1820,0.01574019342660904,0.2,0.0003,0.025815718,0.013097900572756772
50.0,374000,-7.2215335296466945,,,,,,,,,,,,,,,,
,374784,,183,279,1339,50.0,-6.813186169999999,,,,,,,,,,,
50.0,375000,-7.187958108447492,,,,,,0.005457434651907534,0.9979143012315035,0.28759765625,4.044899301230908,0.03200022131204605,1830,-0.010845700278878212,0.2,0.0003,0.023608126,0.016328589238401036
50.0,376000,-7.187958108447492,,,,,,,,,,,,,,,,
,376832,,184,279,1347,50.0,-6.89344255,,,,,,,,,,,
50.0,377000,-7.160619801096618,,,,,,0.00633837916830089,0.9979177205823362,0.27978515625,4.0684950083494185,0.03143246844410896,1840,0.015600748360157013,0.2,0.0003,0.028441716,0.01717453187011415
50.0,378000,-7.160619801096618,,,,,,,,,,,,,,,,
,378880,,185,279,1354,50.0,-7.24122281,,,,,,,,,,,
50.0,379000,-7.062485341448337,,,,,,0.00514740377839189,0.9980326879303902,0.28203125,4.070588111877441,0.03187287226319313,1850,0.08261328190565109,0.2,0.0003,0.042376004,0.02438051883946173
50.0,380000,-7.062485341448337,,,,,,,,,,,,,,,,
,380928,,186,279,1362,50.0,-7.19791399,,,,,,,,,,,
50.0,381000,-7.04823826206848,,,,,,0.007309763770899735,0.9977250944357365,0.3203125,4.059602782130241,0.03181607276201248,1860,0.013085964135825634,0.2,0.0003,0.033278707,0.014095037075458094
50.0,382000,-7.04823826206848,,,,,,,,,,,,,,,,
,382976,,187,279,1369,50.0,-7.019049259999999,,,,,,,,,,,
50.0,383000,-7.065331947058439,,,,,,0.009708392393076793,0.9979392844252288,0.262451171875,4.060466267168522,0.03182808682322502,1870,0.015851594507694244,0.2,0.0003,0.029388018,0.011589216649008449
50.0,384000,-7.065331947058439,,,,,,,,,,,,,,,,
50.0,385000,-7.065331947058439,,,,,,,,,,,,,,,,
,385024,,188,279,1377,50.0,-6.930182239999999,,,,,,,,,,,
50.0,386000,-7.030435452610254,,,,,,0.011141274088004138,0.9955167495645583,0.299609375,4.0720441281795505,0.0314214862883091,1880,-0.00958453118801117,0.2,0.0003,0.023538867,0.028146267334523144
50.0,387000,-7.030435452610254,,,,,,,,,,,,,,,,
,387072,,189,279,1384,50.0,-7.098772140000001,,,,,,,,,,,
50.0,388000,-7.000229201465845,,,,,,0.010174640470359009,0.9981019239639863,0.3169921875,4.089618377387524,0.03127988800406456,1890,0.014087019488215446,0.2,0.0003,0.028448097,0.015470224591263104
50.0,389000,-7.000229201465845,,,,,,,,,,,,,,,,
,389120,,190,279,1392,50.0,-7.000848310000001,,,,,,,,,,,
50.0,390000,-6.963655112590641,,,,,,0.009648752672364935,0.9980611046776175,0.26923828125,4.086171911656857,0.031531643122434616,1900,-0.006312159821391106,0.2,0.0003,0.028524185,0.010902035259641707
50.0,391000,-6.963655112590641,,,,,,,,,,,,,,,,
,391168,,191,279,1399,50.0,-6.60221424,,,,,,,,,,,
50.0,392000,-7.028044343367219,,,,,,0.0059136939438758414,0.9981151112588122,0.27099609375,4.0913371905684475,0.031129151582717896,1910,0.00532491784542799,0.2,0.0003,0.039506756,0.013763847030350006
50.0,393000,-7.028044343367219,,,,,,,,,,,,,,,,
,393216,,192,279,1406,50.0,-6.51201846,,,,,,,,,,,
50.0,394000,-7.016810059919953,,,,,,0.0102548397378996,0.9985523321665823,0.29111328125,4.114640614390373,0.030877411365509033,1920,0.01800236850976944,0.2,0.0003,0.03670241,0.00988918155489955
50.0,395000,-7.016810059919953,,,,,,,,,,,,,,,,
,395264,,193,279,1413,50.0,-6.55134288,,,,,,,,,,,
50.0,396000,-7.083176940213889,,,,,,0.009911780647234992,0.9975948370993137,0.291845703125,4.1283065065741535,0.030673569068312645,1930,-0.006813046522438526,0.2,0.0003,0.03569379,0.01587666251580231
50.0,397000,-7.083176940213889,,,,,,,,,,,,,,,,
,397312,,194,279,1420,50.0,-6.86586825,,,,,,,,,,,
50.0,398000,-7.089221422374249,,,,,,0.010493552219122649,0.9976264231372625,0.30341796875,4.120196110010147,0.03108856827020645,1940,0.03436312824487686,0.2,0.0003,0.02786464,0.015641244409198406
50.0,399000,-7.089221422374249,,,,,,,,,,,,,,,,
,399360,,195,279,1427,50.0,-6.95256574,,,,,,,,,,,
50.0,400000,-7.104336336627602,,,,,,0.00836983000044711,0.998168530059047,0.289697265625,4.114975734055042,0.030936798080801964,1950,0.04262656718492508,0.2,0.0003,0.034118995,0.01849985333537916
50.0,401000,-7.104336336627602,,,,,,,,,,,,,,,,
,401408,,196,279,1435,50.0,-6.8488865599999995,,,,,,,,,,,
