rollout/ep_len_mean,time/total_timesteps,rollout/ep_rew_mean,time/fps,time/time_elapsed,time/episodes,train/actor_loss,train/n_updates,train/learning_rate,train/critic_loss,eval/mean_ep_length,eval/mean_reward
21.25,85,14.577585500000001,3581,0,4,,,,,,
16.125,129,12.18054775,136,0,8,-0.7569753328959147,37,0.001,0.03024118287222726,,
13.083333333333334,157,10.095588166666667,142,1,12,-0.7702506383260092,65,0.001,0.02985805193228381,,
11.5625,185,9.050376125,149,1,16,-0.765718400478363,93,0.001,0.019603249483874867,,
10.65,213,8.433431449999997,156,1,20,-0.8047011892000834,121,0.001,0.008150999168200153,,
10.041666666666666,241,8.011841291666666,163,1,24,-0.8846798340479533,149,0.001,0.003106496097253902,,
9.607142857142858,269,7.713457678571429,167,1,28,-0.8865848580996195,177,0.001,0.0017736555808889015,,
9.28125,297,7.49109415625,169,1,32,-0.9084779818852743,205,0.001,0.0019121413019352726,,
9.027777777777779,325,7.315978444444446,172,1,36,-0.9231699903806051,233,0.001,0.0020901095122098923,,
8.825,353,7.17740895,173,2,40,-1.0110559463500977,261,0.001,0.003408212647108095,,
8.659090909090908,381,7.064677181818182,174,2,44,-0.9964993000030518,289,0.001,0.0025082489009946585,,
8.520833333333334,409,6.968919729166667,175,2,48,-1.040174086888631,317,0.001,0.0034556140724037376,,
8.403846153846153,437,6.889305730769231,176,2,52,-1.0799400011698406,345,0.001,0.00715236591973475,,
9.160714285714286,513,8.669798089285715,182,2,56,-1.5268710093064741,406,0.001,0.03215048589151014,,
10.0,600,10.656411533333333,182,3,60,-2.0081806724721734,493,0.001,0.07642821561206471,,
10.734375,687,12.388328015625,179,3,64,-2.3841277252544057,581,0.001,0.11391305195336993,,
11.411764705882353,776,13.963556838235293,180,4,68,-2.6191497282548384,669,0.001,0.12054868618195708,,
11.972222222222221,862,15.294523000000002,179,4,72,-3.0321629264137964,755,0.001,0.14834043044935574,,
12.513157894736842,951,16.542883315789474,179,5,76,-3.425006801431829,844,0.001,0.16937625882300464,,
13.0,1040,17.671799175,179,5,80,-3.777655666524714,933,0.001,0.135239426554604,,
13.464285714285714,1131,18.73705767857143,180,6,84,-4.163561755960638,1023,0.001,0.16293412176045505,,
13.852272727272727,1219,19.646568625,179,6,88,-4.397331237792969,1112,0.001,0.1699545027857477,,
14.23913043478261,1310,20.53361219565218,180,7,92,-4.803015073140462,1202,0.001,0.16632166909782783,,
14.541666666666666,1396,21.252413791666665,180,7,96,-5.120781421661377,1289,0.001,0.21641310524534096,,
14.83,1483,21.939492849999997,180,8,100,-5.243307417089289,1376,0.001,0.18177391825751824,,
14.86,1571,22.89767215,180,8,104,-5.710435823960737,1464,0.001,0.1694547992876985,,
15.31,1660,24.075298189999998,180,9,108,-6.001212726939809,1552,0.001,0.16453539681705562,,
15.92,1749,25.401220540000004,181,9,112,-6.557059168815613,1642,0.001,0.12175584390111592,,
17.29,1914,28.28624736,185,10,116,-7.115525359199161,1749,0.001,0.17556508861127354,,
18.39,2052,30.140852650000003,179,11,120,-7.53411999615756,1943,0.001,0.2345360673286698,,
19.46,2187,32.177600139999996,182,11,124,-7.80833522011252,2047,0.001,0.48567050525120325,,
21.99,2468,36.47433925,185,13,128,-8.481226783049735,2318,0.001,0.6245733918746312,,
,2500,,,,,-8.829844623804092,2383,0.001,0.6915582104371144,84.9,156.0036296069622
24.7,2767,41.72211711,171,16,132,-9.46729085445404,2625,0.001,0.6914380859583616,,
27.07,3032,46.272466149999985,174,17,136,-10.14945446361195,2864,0.001,0.8438858795624513,,
29.21,3274,50.57829535,174,18,140,-11.13540778841291,3136,0.001,0.969315149567344,,
32.35,3616,56.904443660000005,178,20,144,-11.983892085940338,3444,0.001,1.2635217063567217,,
35.16,3925,62.49420155,179,21,148,-13.08909595580328,3754,0.001,1.3813080852290234,,
38.24,4261,68.66895546999999,180,23,152,-14.39571260851483,4097,0.001,1.703546855858592,,
39.86,4499,71.80743562,179,24,156,-15.442291906901769,4361,0.001,1.8531411066651344,,
42.21,4821,76.38766743,181,26,160,-16.49900988170079,4662,0.001,2.078229491969189,,
,5000,,,,,-17.29353292598281,4906,0.001,2.339944017487903,84.7,162.02484478652477
44.66,5153,81.1267654,173,29,164,-17.68176761893339,4993,0.001,2.3844581900656907,,
47.09,5485,85.86216911999998,174,31,168,-18.816396713256836,5319,0.001,2.6217012462161837,,
49.67,5829,90.92592667,174,33,172,-19.73360332222872,5658,0.001,3.3675752060357915,,
52.17,6168,95.82529229999999,175,35,176,-20.924747555754905,6001,0.001,2.8462264311724694,,
54.5,6490,100.27147323000003,175,37,180,-21.823448358580123,6322,0.001,2.923009893473457,,
56.26,6757,103.58702083,174,38,184,-22.431609834943497,6629,0.001,3.596094908458846,,
58.4,7059,107.69919367,175,40,188,-23.189083251953125,6890,0.001,4.277710870820648,,
60.19,7329,111.10004338000003,174,41,192,-23.878759454797816,7200,0.001,3.9481468752578452,,
,7500,,,,,-24.326468048095702,7376,0.001,4.194931948184967,46.85,82.45672822892666
61.14,7510,112.74527631000001,171,43,196,,,,,,
63.65,7848,117.66492597999999,173,45,200,-25.274317026138306,7677,0.001,4.333556598351326,,
65.6,8131,121.38608784999998,173,46,204,-26.061205122205948,7990,0.001,4.02741394881849,,
67.82,8442,125.69414436999998,174,48,208,-26.666806864184004,8271,0.001,4.940688729286194,,
70.35,8784,130.67237218,175,50,212,-27.292429015749978,8614,0.001,4.706299622853597,,
72.11,9125,134.09780236,175,51,216,-28.007891155424574,8955,0.001,4.721136457863308,,
72.67,9319,135.53557837,175,53,220,-28.49070649988511,9198,0.001,7.306271022016352,,
73.16,9503,135.94627185,175,54,224,-29.349185770208184,9398,0.001,13.943852878752208,,
71.09,9577,131.45679983000002,175,54,228,-29.0280234596946,9480,0.001,8.512468281246367,,
68.6,9627,126.19759483999998,176,54,232,-30.109588305155437,9530,0.001,8.48393871386846,,
66.69,9701,121.48204564000004,176,55,236,-30.24411565607244,9594,0.001,17.5103843439193,,
,10000,,,,,-30.64864616394043,9909,0.001,10.520533525943756,19.1,-0.4601073166821152
67.39,10013,119.75053488000002,176,56,240,,,,,,
64.71,10087,113.14888947,176,57,244,-31.363149219089085,9984,0.001,16.20110034942627,,
62.34,10159,107.27027529000003,176,57,248,-31.585086398654514,10056,0.001,10.799360076586405,,
59.72,10233,100.79546959000001,176,57,252,-31.498477172851562,10130,0.001,19.18624226670516,,
58.06,10305,96.33198274,176,58,256,-32.03892283969455,10202,0.001,19.73047865761651,,
55.58,10379,90.14554684000001,176,58,260,-32.45158081054687,10276,0.001,15.052627776798449,,
52.99,10452,83.81324905,177,59,264,-32.300133599175346,10348,0.001,12.843757483694288,,
50.39,10524,77.45152669,177,59,268,-33.0944947136773,10421,0.001,17.320148355431026,,
47.67,10596,70.82110639999999,177,59,272,-32.45632447136773,10493,0.001,14.922274655765957,,
45.0,10668,64.30187208999999,177,60,276,-33.35713322957357,10565,0.001,12.302089201079475,,
42.5,10740,58.22723219999999,177,60,280,-33.19288571675619,10637,0.001,9.19579741689894,,
40.56,10813,53.255131379999995,177,60,284,-33.62759441799588,10710,0.001,11.523858706156412,,
38.29,10888,47.517546389999985,177,61,288,-34.210865868462456,10785,0.001,9.865216267736335,,
36.31,10960,42.455531859999994,177,61,292,-33.64820755852593,10857,0.001,7.155311346054077,,
35.24,11034,39.23706752,177,62,296,-34.03929773966471,10930,0.001,11.304371926519606,,
32.58,11106,32.7274025,177,62,300,-33.620605892605255,11003,0.001,10.666475375493368,,
30.47,11178,27.407979580000003,177,62,304,-34.30986192491319,11075,0.001,9.457447674539354,,
28.08,11250,21.47219157,177,63,308,-33.333424462212456,11147,0.001,11.73569213019477,,
25.38,11322,14.873948340000002,177,63,312,-33.87530877855089,11219,0.001,7.81186142232683,,
22.69,11394,8.27457956,177,64,316,-34.071729024251304,11291,0.001,7.976769102944268,,
21.48,11467,4.679894389999999,178,64,320,-35.09787826538086,11364,0.001,10.33810191405447,,
20.39,11542,1.93003321,178,64,324,-35.13024482727051,11438,0.001,13.32875808916594,,
20.38,11615,1.83176795,178,65,328,-34.25217990875244,11512,0.001,16.268156578666286,,
20.61,11688,1.5481656999999993,178,65,332,-34.580200619167755,11585,0.001,11.682989332411024,,
20.6,11761,1.4233820599999996,178,65,336,-35.16151123046875,11658,0.001,15.528505626477694,,
18.2,11833,-1.45041318,178,66,340,-34.55012724134657,11730,0.001,9.88208630349901,,
18.19,11906,-1.4738807899999995,178,66,344,-34.647047466701935,11803,0.001,11.745834986368815,,
18.2,11979,-1.4904253399999998,178,67,348,-34.18863974677192,11876,0.001,10.320662048127916,,
18.2,12053,-1.49334748,178,67,352,-33.64315329657661,11949,0.001,10.82747859703867,,
18.21,12126,-1.50758115,178,67,356,-34.545843336317276,12022,0.001,8.99502804544237,,
18.2,12199,-1.5022272199999998,178,68,360,-34.95264739990235,12096,0.001,10.357957890159206,,
18.19,12271,-1.49719294,178,68,364,-34.4732608795166,12168,0.001,9.196024232440525,,
18.2,12344,-1.49954008,178,69,368,-34.27224985758463,12240,0.001,11.979193422529432,,
18.21,12417,-1.5128572999999996,178,69,372,-34.7557750278049,12314,0.001,8.550993694199455,,
18.23,12491,-1.51513189,178,70,376,-34.354247411092125,12387,0.001,9.848976235640677,,
,12500,,,,,-33.39471607208252,12406,0.001,10.418421845687064,18.35,-1.5781119317762204
18.23,12563,-1.5103783899999996,177,70,380,-34.81659232245551,12460,0.001,7.084557520018683,,
18.23,12636,-1.5105015,177,71,384,-34.15149858262804,12532,0.001,8.576823963059319,,
18.22,12710,-1.4971684100000002,177,71,388,-33.693760553995766,12607,0.001,9.080707135953402,,
18.22,12782,-1.4982836700000002,178,71,392,-35.01236809624566,12679,0.001,6.517101168632507,,
18.21,12855,-1.4895239399999998,178,72,396,-34.265149434407554,12752,0.001,7.553379588656956,,
18.24,12930,-1.5033076400000005,178,72,400,-33.37077960968018,12826,0.001,6.642916666833978,,
18.27,13005,-1.5131888699999996,178,72,404,-33.27701886494955,12901,0.001,6.032033970481471,,
18.3,13080,-1.5199835900000003,178,73,408,-33.84069690704346,12976,0.001,8.103264407107705,,
18.32,13154,-1.52377523,178,73,412,-33.21967182159424,13050,0.001,8.4490277390731,,
18.21,13215,-1.45704985,178,73,416,-32.716917514801025,13114,0.001,7.031428432464599,,
18.09,13276,-1.37058815,179,74,420,-34.4007294178009,13174,0.001,8.539863300323486,,
17.9,13332,-1.24439626,179,74,424,-33.07769012451172,13233,0.001,12.947994351387024,,
17.7,13385,-1.10081741,179,74,428,-33.58881023951939,13287,0.001,7.358822226524353,,
17.82,13470,-0.8256379799999999,179,75,432,-34.269467427180366,13358,0.001,7.077859935760498,,
17.85,13546,-0.54470794,179,75,436,-34.70717175801595,13442,0.001,10.060059600406223,,
18.08,13641,-0.24570558999999995,179,76,440,-33.464007811112836,13526,0.001,9.84188362685117,,
18.49,13755,0.06986314,179,76,444,-33.76617349897112,13645,0.001,11.818415250097003,,
18.48,13827,0.33498675999999994,179,77,448,-35.35228862762451,13724,0.001,8.795367090325607,,
18.43,13896,0.7214421,179,77,452,-34.85092247856988,13792,0.001,9.992765398586497,,
18.39,13965,1.07762535,179,77,456,-34.434060202704536,13863,0.001,11.931497149997288,,
18.32,14031,1.4769932600000002,179,78,460,-35.55475616455078,13929,0.001,11.532530754804611,,
18.27,14098,1.9003750799999997,179,78,464,-34.724191188812256,13995,0.001,9.715837099972893,,
18.64,14208,2.4644345899999998,180,78,468,-35.10576079873478,14092,0.001,10.539482188947273,,
19.2,14337,3.202775629999999,180,79,472,-35.12956290774875,14215,0.001,11.165270103348625,,
20.01,14492,4.440193519999999,180,80,476,-35.78165397644043,14368,0.001,12.66451936364174,,
22.28,14791,8.329963679999999,180,81,480,-36.678293228149414,14665,0.001,11.72023911592437,,
,15000,,,,,-37.216045580412214,14745,0.001,13.674504017218565,115.95,132.52784309238194
25.74,15210,13.463557600000001,178,85,484,-37.05671103341239,15008,0.001,10.362069420192553,,
28.63,15573,16.59114941,178,87,488,-37.74158575179729,15430,0.001,14.560119043005274,,
30.96,15878,19.29742591,178,88,492,-38.997243555580695,15741,0.001,10.897628195314523,,
33.4,16195,22.18135027,178,90,496,-39.70914710651744,16052,0.001,15.634383557856768,,
34.02,16332,23.655583349999997,178,91,500,-39.67611488929162,16220,0.001,17.344870466452377,,
34.53,16458,25.048587920000003,178,91,504,-41.340701293945315,16341,0.001,20.199316847708918,,
34.93,16573,26.205919160000004,178,92,508,-41.41393074622521,16465,0.001,25.24741706141719,,
35.26,16680,27.27196265,179,93,512,-41.65264180501302,16568,0.001,23.942210904483137,,
35.82,16797,28.449289719999996,179,93,516,-41.64384950910296,16684,0.001,14.093698996084708,,
36.45,16921,29.744315,179,94,520,-41.876580238342285,16804,0.001,20.230511784553528,,
37.27,17059,31.211453639999995,179,95,524,-43.047322591145836,16928,0.001,21.614055335521698,,
37.95,17180,32.450063369999995,179,95,528,-42.0922212600708,17072,0.001,21.653404812018078,,
38.47,17317,33.99048697,179,96,532,-43.16413580853006,17199,0.001,23.690918689078472,,
,17500,,,,,-43.86100440979004,17333,0.001,27.731767602486187,239.05,347.1538402482867
41.46,17692,39.06406278,173,102,536,-45.02848270961216,17582,0.001,21.855439032827103,,
41.5,17791,39.77430839,173,102,540,-45.92904604398287,17681,0.001,24.387126993249964,,
41.52,17907,40.820585189999996,173,103,544,-45.75634082994963,17794,0.001,28.778634316212422,,
41.79,18006,41.56545798,173,103,548,-46.35259819030762,17898,0.001,39.3280520024507,,
42.41,18137,42.86162699,173,104,552,-46.507514317830406,18029,0.001,24.080035362243652,,
46.0,18565,48.92707774,173,106,556,-46.751917882796825,18361,0.001,30.244460495240098,,
58.57,19888,63.52861768,167,118,560,-49.361401062011716,19712,0.001,28.859712025165557,,
,20000,,,,,-49.898925103081595,19803,0.001,32.51581131756961,865.65,861.3877533078194
80.47,22145,88.02068141,137,160,564,-55.75040387240323,21912,0.001,29.781999478646373,,
,22500,,,,,-56.56776736827379,22390,0.001,28.82879590184501,139.4,252.49122597277164
87.66,22974,100.57809794999999,134,170,568,-56.63460885752802,22621,0.001,27.202486484081714,,
99.12,24249,117.89230138,134,180,572,-58.573285821365985,23905,0.001,31.503352039910013,,
,25000,,,,,-61.62440382467734,24841,0.001,29.23909426379848,296.5,429.21310291588304
110.08,25500,134.68380168,128,198,576,-62.38665441564611,25136,0.001,31.448230651273565,,
117.36,26527,145.32697833000003,128,206,580,-65.31529115893177,26340,0.001,32.29993608563217,,
,27500,,,,,-66.16139047796077,26697,0.001,33.819728872992776,578.95,603.1825826466084
128.28,28038,158.66439299,118,236,584,-67.34953604888916,27697,0.001,33.51753711175918,,
,30000,,,,,-70.45375813293457,29607,0.001,34.778703596115115,1000.0,1004.9908400535584
151.19,30692,182.45523343999997,106,287,588,,,,,,
,32500,,,,,-76.85655112888502,31788,0.001,36.18226282937186,727.7,765.3298951655627
169.95,32873,203.23315323,99,329,592,,,,,,
170.23,33218,206.26607470000002,97,339,596,-78.8394546508789,33046,0.001,39.727323296426356,,
183.65,34697,223.07044925000002,98,353,600,-81.532770990168,34422,0.001,33.97440570970861,,
,35000,,,,,-81.46307700872421,34869,0.001,42.74643834741199,264.3,396.74845940172673
193.61,35819,239.02945099000002,96,370,604,-82.10075958251953,35485,0.001,39.39991582968296,,
203.26,36899,253.4735758,96,380,608,-83.13678795950753,36557,0.001,33.323122028320554,,
,37500,,,,,-83.99334919837213,37388,0.001,41.51745258169136,234.25,352.25945331156254
212.22,37902,267.90292501000005,95,397,612,-84.05209574206123,37621,0.001,40.37927373796062,,
219.01,38698,278.98698681999997,95,404,616,-84.60507879638672,38388,0.001,40.439530260591624,,
225.98,39519,290.30183581,96,411,620,-85.17750007415486,39153,0.001,31.79526949150618,,
,40000,,,,,-85.09613172051047,39728,0.001,40.944817684134655,216.1,354.3120941221714
236.58,40717,308.46247803,94,428,624,-85.65163332150306,40352,0.001,37.69850629347342,,
245.17,41697,323.28737405,95,437,628,-85.91618341832728,41295,0.001,36.51881441369757,,
,42500,,,,,-86.67697068861314,42166,0.001,39.255683315383806,294.7,483.3888438373804
253.27,42644,337.48791588,93,456,632,-87.22384098597935,42460,0.001,34.15091858591352,,
255.21,43213,341.7607842399999,93,461,636,-87.09302474975586,43036,0.001,37.392027864456175,,
265.03,44294,359.27722896000006,94,470,640,-87.62441806342657,43961,0.001,33.624874680999696,,
269.32,44839,367.0460936799999,94,475,644,-88.61259401761569,44492,0.001,23.411853493996038,,
,45000,,,,,-88.41536980548888,44754,0.001,35.46642797775851,245.85,372.2214102894068
280.27,46033,384.4626233099999,93,492,648,-88.79675006866455,45574,0.001,20.951730567530582,,
285.4,46677,394.14912625000005,93,499,652,-89.491304917769,46345,0.001,37.10317309518879,,
,47500,,,,,-89.83279418945312,46821,0.001,28.602945069558757,909.95,960.1113623470068
295.76,48141,407.48980092000005,88,541,656,-91.31023885435977,47939,0.001,32.444320702956894,,
298.54,49742,413.68761716,89,556,660,-92.95187516645952,49542,0.001,35.585180295597425,,
,50000,,,,,-93.26604648806014,49880,0.001,23.876205957503547,104.55,231.48009689450265
280.4,50185,398.86492146999996,89,563,664,-93.57175373581221,49986,0.001,21.038835140894044,,
276.78,50652,396.49982965999993,89,567,668,-93.19057113405258,50455,0.001,25.224672937017726,,
268.89,51138,389.7364578,89,571,672,-93.12550246715546,50938,0.001,32.36638565734029,,
264.14,51914,386.0771776099999,89,577,676,-93.1394185959918,51612,0.001,29.85806834735329,,
,52500,,,,,-93.75353609098421,52360,0.001,26.488460579118527,404.05,544.610672751069
271.42,53669,395.23776502,88,605,680,-94.80111332702637,53360,0.001,32.33859161758423,,
258.89,53927,380.6967139600001,88,609,684,-95.13452079079367,53816,0.001,37.92243891954422,,
237.3,54422,363.3083223000001,88,613,688,-95.20618090422258,54236,0.001,25.55880957064421,,
220.86,54959,349.53696177999996,88,618,692,-95.39296281602648,54851,0.001,32.27164920700921,,
,55000,,,,,-96.42046737670898,54874,0.001,50.10296558297199,178.35,363.6013860076666
224.84,55702,358.59966826000004,88,628,696,-95.516695059982,55416,0.001,29.446202769137845,,
217.87,56484,355.29875045999995,88,636,700,-96.7879861684946,56252,0.001,32.52591103544602,,
215.21,57340,355.15001286000006,89,644,704,-96.47133284807205,57062,0.001,37.040935250824575,,
,57500,,,,,-96.2552843093872,57255,0.001,28.141335121708213,193.35,397.8181028217077
212.79,58178,356.35650711,88,656,708,-96.74194809242532,57900,0.001,32.598967563222956,,
209.06,58808,352.28565874000014,88,662,712,-97.38782812047887,58588,0.001,28.77783161680275,,
206.34,59332,349.50302967999994,88,667,716,-97.38510305231267,59178,0.001,38.585022129175314,,
203.59,59878,347.6920750399999,89,672,720,-97.9901569366455,59663,0.001,37.80611730019252,,
,60000,,,,,-97.08009866567758,59793,0.001,36.03366855841416,227.15,437.23669759631156
200.71,60788,345.70328194,88,686,724,-98.67503255208334,60473,0.001,37.86873683475313,,
198.92,61589,345.9099078699999,88,693,728,-98.99347834153609,61327,0.001,28.76086316405043,,
197.3,62374,346.01932005000003,89,700,732,-100.07413993914103,62094,0.001,32.89776029735032,,
,62500,,,,,-100.0012082758638,62289,0.001,33.72226602114164,188.6,394.6667340248823
199.46,63159,353.1369850599999,88,711,736,-101.52518262361225,62870,0.001,36.32290358013577,,
196.2,63914,351.78986481,88,718,740,-101.84670754764856,63635,0.001,31.789766665943507,,
198.5,64689,359.60587461,89,725,744,-103.38265204675419,64417,0.001,31.520346083591892,,
,65000,,,,,-103.96473630269368,64796,0.001,38.476855931182705,196.9,419.7671489536762
195.01,65534,358.69983224000003,88,738,748,-104.69890525817871,65191,0.001,37.41951653718948,,
198.89,66566,366.39660236000003,89,747,752,-106.11523964291527,66146,0.001,41.323479071496024,,
,67500,,,,,-107.3446677327156,67285,0.001,34.55036966902737,227.0,417.26106901466846
194.67,67608,365.49856247,88,764,756,,,,,,
185.76,68318,357.95265884,88,770,760,-108.65694376627604,67980,0.001,27.383478196461997,,
187.55,68940,360.69035518,88,777,764,-108.72286987304688,68702,0.001,39.88309680714327,,
192.32,69884,368.48597547000014,89,784,768,-110.21323795005924,69547,0.001,34.4342114701563,,
,70000,,,,,-110.98112439352369,69799,0.001,43.35922593162174,237.6,450.09671577513217
195.58,70696,372.79816317000007,88,800,772,-111.51801417424129,70527,0.001,35.78039959210616,,
197.0,71614,376.95229416,88,807,776,-112.60126065807182,71301,0.001,36.61996184432856,,
,72500,,,,,-113.29233278047055,72207,0.001,44.03672138196693,218.4,447.9426908493042
188.43,72512,371.4717957100001,88,822,780,,,,,,
194.97,73424,385.85157404999995,88,830,784,-113.98798911027082,73127,0.001,32.71023164583942,,
198.48,74270,393.96531582000006,88,837,788,-114.37258439497514,73927,0.001,34.0085163268176,,
,75000,,,,,-114.76103190718025,74895,0.001,33.44302006836595,261.7,489.04444626271726
202.83,75242,403.0259282899999,88,853,792,,,,,,
206.29,76331,408.24255091,88,864,796,-115.11360321897368,75996,0.001,33.43835188423455,,
208.17,77301,412.11981627,88,873,800,-114.74383659885355,76941,0.001,33.66853695862914,,
,77500,,,,,-115.0163164553435,77216,0.001,27.733784743222323,279.9,521.9957676678896
221.72,79512,423.95619955,88,901,804,-117.45478030854622,79019,0.001,34.172584373339085,,
,80000,,,,,-117.48275615985577,79868,0.001,24.025349514301006,406.8,519.0735655665397
230.28,81206,431.03636804,87,924,808,-117.67218447488452,80121,0.001,29.007297039031982,,
,82500,,,,,-118.8761339040903,82378,0.001,27.918510290292595,395.8,590.9614757806063
239.38,82746,443.0462687400001,86,957,812,,,,,,
239.04,83236,442.59863136,86,964,816,-117.68617248535156,83124,0.001,63.66415936371376,,
240.82,83960,447.60441418000005,86,969,820,-119.47489872685185,83644,0.001,28.341109305435086,,
238.99,84687,446.4787618600001,86,975,824,-119.2568291442035,84433,0.001,35.4530429872748,,
,85000,,,,,-119.00365090075834,84765,0.001,23.63899510038411,162.05,398.6238135963678
237.33,85322,445.81462393999993,86,987,828,-119.28494227209757,85099,0.001,33.61338816132656,,
236.09,85983,445.4493463399999,86,993,832,-119.6685622215271,85745,0.001,38.68775952972981,,
234.44,86603,444.17953328000004,86,999,836,-119.39640452067057,86345,0.001,44.51607037226359,,
232.65,87179,442.50276254,86,1004,840,-119.63897084554037,86959,0.001,26.5685414536794,,
,87500,,,,,-119.27801425215127,87369,0.001,35.045198879653604,139.4,399.0435851037502
230.45,87734,441.21377465999996,86,1014,844,-120.08538415091378,87508,0.001,40.5708820047996,,
227.52,88286,439.33560522000005,86,1019,848,-120.03662109375,88074,0.001,33.216097154115374,,
223.5,88916,437.0184141100001,86,1025,852,-120.21353950029538,88667,0.001,26.452680353738046,,
219.07,89515,433.91780255,86,1031,856,-120.41850802264636,89277,0.001,35.44496558447304,,
,90000,,,,,-120.61974108219147,89823,0.001,22.933093472044597,115.7,292.5234555512667
217.04,90022,433.51873802,86,1039,860,,,,,,
217.02,90642,437.3623081799999,86,1044,864,-120.98975793938888,90394,0.001,26.468238912670817,,
213.92,91276,435.89599321000003,86,1050,868,-120.92242411563271,91031,0.001,32.61129162981619,,
211.98,91894,437.04538118000005,86,1056,872,-121.22773825155723,91650,0.001,34.80313874740858,,
,92500,,,,,-122.06350499107724,92289,0.001,28.913574601922715,158.6,414.4949632376432
209.15,92529,435.06088112,86,1067,876,,,,,,
206.13,93125,432.55270077999995,86,1073,880,-121.93714141845703,92896,0.001,33.76778257282731,,
202.87,93711,429.3503259199999,86,1078,884,-122.90718755587726,93475,0.001,36.806788004361664,,
200.11,94281,427.03543426000005,86,1083,888,-123.28218403984519,94050,0.001,35.05087078669492,,
196.11,94853,423.74785685,87,1089,892,-123.1969927935533,94626,0.001,37.23603589822215,,
,95000,,,,,-123.44442953190334,94911,0.001,36.5645668923438,141.3,373.4386303812265
190.91,95422,419.39249474,86,1099,896,-123.77813484299351,95195,0.001,44.66300740880026,,
187.07,96008,416.23203754,86,1104,900,-124.45868398030599,95778,0.001,34.57360915819804,,
170.65,96577,402.58443939000006,87,1109,904,-123.17945743614519,96352,0.001,33.2527318220612,,
159.28,97134,394.0905514600001,87,1114,908,-123.4179511692213,96904,0.001,36.9898652508311,,
,97500,,,,,-125.36366815436376,97335,0.001,37.254229000636506,139.25,375.34919309318065
149.97,97743,387.32306804,86,1123,912,-124.62660228030782,97476,0.001,32.46508646856808,,
151.01,98337,395.24773292,87,1129,916,-124.78369013468425,98109,0.001,43.315189209713296,,
148.75,98835,392.09938585,87,1134,920,-125.33053035362094,98608,0.001,26.11276409672756,,
146.71,99358,389.0156543500001,87,1138,924,-124.73928760837865,99146,0.001,39.76669659485688,,
144.81,99803,383.88721707999997,87,1142,928,-125.95429077148438,99604,0.001,18.313821630740385,,
,100000,,,,,-125.77394161948675,99876,0.001,46.28592996054058,152.8,397.5594479829073
144.65,100448,386.73027877999994,87,1151,932,-126.66193455825618,100206,0.001,45.329282662014904,,
144.39,101042,387.6925072899999,87,1157,936,-126.8023154598543,100797,0.001,45.73520899636405,,
144.99,101678,390.61851123,87,1162,940,-127.18190544529965,101436,0.001,41.220941789892336,,
145.92,102326,393.5411579,87,1168,944,-126.78050830696202,102077,0.001,22.719510270070426,,
,102500,,,,,-126.44582704816546,102381,0.001,30.79708342892783,136.8,398.4085751950741
146.05,102891,394.47846300000015,87,1177,948,-126.90126350598457,102664,0.001,31.289608551905705,,
145.61,103477,394.54506788000015,87,1182,952,-127.45025162469773,103246,0.001,34.03320621109009,,
145.47,104062,395.69138375999995,87,1187,956,-127.51956958535277,103840,0.001,32.47032050908722,,
147.27,104749,401.43925019,87,1193,960,-128.17512792470504,104495,0.001,33.52706642320313,,
,105000,,,,,-127.40511728261973,104818,0.001,39.637922438708216,164.6,463.50952459573745
147.55,105397,403.15445509999995,87,1204,964,-128.74738440715092,105125,0.001,49.54021628473846,,
147.15,105991,403.41722138,87,1209,968,-128.74090266872096,105760,0.001,40.62262771891899,,
146.99,106593,404.1200760400001,87,1214,972,-128.81930421528062,106355,0.001,28.000046139449076,,
147.02,107231,405.71309264999996,87,1220,976,-129.5981732881986,106997,0.001,33.43506312825877,,
,107500,,,,,-129.62527977930355,107292,0.001,32.93991394238929,142.0,415.03648191690445
146.88,107813,407.1213369700001,87,1230,980,-129.79124069213867,107579,0.001,43.64311018586159,,
146.82,108393,408.9967804800001,87,1236,984,-130.16632696700424,108156,0.001,33.63657058518508,,
147.02,108983,410.84202222000005,87,1241,988,-130.34752205626606,108759,0.001,34.197230003318005,,
147.01,109554,412.2969399,87,1246,992,-130.8586014641656,109326,0.001,43.04516422165024,,
,110000,,,,,-130.91790322081684,109906,0.001,42.30627584128544,154.15,437.5764317333698
147.23,110145,413.54810244,87,1256,996,,,,,,
146.95,110703,414.11599814,87,1262,1000,-131.12374137104422,110479,0.001,34.40864550295493,,
147.06,111283,415.78038726,87,1267,1004,-132.00227567884656,111052,0.001,34.7541094786591,,
147.38,111872,417.60557260999997,87,1272,1008,-132.6991211355549,111642,0.001,43.82839004307577,,
147.22,112465,418.16041234000005,88,1277,1012,-133.16295369466147,112234,0.001,35.51358157036289,,
,112500,,,,,-133.1410412723071,112380,0.001,43.895564536525775,145.55,422.77131592035295
147.12,113049,418.1191104199999,87,1287,1016,-133.45224073198108,112821,0.001,30.166543932424652,,
148.01,113636,422.41876285000006,87,1292,1020,-134.14889907836914,113400,0.001,54.91085096427373,,
148.85,114243,426.51042986,88,1298,1024,-134.51859753752407,114018,0.001,31.038114662828118,,
150.22,114825,432.9526590599999,88,1303,1028,-135.1171620686849,114591,0.001,36.860312455230286,,
,115000,,,,,-134.82423559824625,114884,0.001,33.14791337980164,140.5,417.9574420273304
149.46,115394,430.92444341999993,87,1312,1032,-134.39784461864528,115167,0.001,26.467003273449357,,
149.52,115994,432.21841225000003,88,1317,1036,-135.15619299146863,115747,0.001,34.46482074922986,,
148.98,116576,430.46400431,88,1323,1040,-135.78547963460286,116349,0.001,43.80850835800171,,
148.95,117221,430.76298525,88,1328,1044,-136.68155820870106,116984,0.001,36.23965491924757,,
,117500,,,,,-137.20777871575154,117278,0.001,39.02925533979711,152.75,432.86012497246264
151.15,118006,437.11351508000007,88,1340,1048,-137.1293021424176,117775,0.001,28.382654986969413,,
151.42,118619,438.44496651000003,88,1346,1052,-138.0208462971013,118386,0.001,39.12067667740147,,
151.7,119232,439.36632464,88,1351,1056,-138.36394882202148,118996,0.001,38.883925470145975,,
151.5,119899,438.6593193399999,88,1357,1060,-138.69624874569953,119662,0.001,36.42025436234364,,
,120000,,,,,-139.0656011481034,119814,0.001,30.11167322648199,154.75,401.126186516881
152.17,120614,440.54169505,88,1368,1064,-139.69631325661598,120307,0.001,32.410671484309994,,
152.85,121276,442.49363622000004,88,1375,1068,-140.26875345865886,121040,0.001,49.532158113966055,,
152.98,121891,442.53604823,88,1380,1072,-140.33270206451417,121659,0.001,48.997453505948464,,
,122500,,,,,-141.3450133160847,122264,0.001,37.71953021316993,220.6,668.0379242658615
152.7,122501,441.96610596,87,1393,1076,,,,,,
154.35,123248,447.17212785,88,1398,1080,-141.74893510845345,122862,0.001,46.972452432336944,,
155.54,123947,451.40655616,88,1405,1084,-143.07158695255313,123675,0.001,31.484248258607803,,
158.19,124802,461.62645240000006,88,1412,1088,-143.80572577885218,124508,0.001,45.75359030154788,,
,125000,,,,,-143.6416188753568,124717,0.001,49.80320291656056,221.8,728.3468182057143
161.07,125661,471.87278237,87,1428,1092,-144.26480901808966,125364,0.001,45.745981100627354,,
162.39,126384,477.6228155499999,88,1434,1096,-145.41674769201944,126122,0.001,37.24129699127019,,
164.39,127142,485.2162173700001,88,1440,1100,-146.24744902265832,126861,0.001,43.49713737406629,,
,127500,,,,,-146.67211497913706,127232,0.001,47.46529826572963,202.65,651.8324096888304
166.43,127926,492.7316532799999,87,1453,1104,-146.77706833641128,127638,0.001,39.50594356166783,,
168.29,128701,499.97471769,88,1460,1108,-147.60562728078742,128412,0.001,46.17051457349586,,
170.14,129479,507.71842365,88,1467,1112,-149.60633579889932,129201,0.001,55.59161940713724,,
,130000,,,,,-150.58053588867188,129863,0.001,52.17274537256786,100.8,241.67658823132516
169.99,130048,506.5635215599999,88,1476,1116,,,,,,
172.54,130890,516.73468221,88,1483,1120,-152.0462660483264,130582,0.001,41.436478514190114,,
175.31,131774,528.28205308,88,1491,1124,-152.68769597072227,131473,0.001,45.176244168165255,,
,132500,,,,,-153.62399444580078,132187,0.001,54.56252097745314,170.65,468.9449791491032
176.83,132508,532.9586175600001,88,1503,1128,,,,,,
178.94,133288,541.12703521,88,1510,1132,-154.61667668708017,133004,0.001,53.953081757809635,,
181.01,134095,548.72812055,88,1517,1136,-155.01800680160522,133811,0.001,61.602868085106216,,
183.8,134956,559.77207824,88,1524,1140,-156.53546259953424,134645,0.001,48.16125746092728,,
,135000,,,,,-156.20989301563364,134871,0.001,72.62190336463726,225.0,713.6516306787729
186.46,135867,569.24028994,88,1539,1144,-157.5938972407936,135558,0.001,52.9921630319096,,
187.54,136760,574.59925462,88,1548,1148,-158.99268440578294,136452,0.001,52.019623588479085,,
,137500,,,,,-160.58823686764563,137196,0.001,55.4264507057497,225.0,713.7605826437473
191.18,137737,587.06202932,88,1564,1152,-160.4353666563292,137419,0.001,56.74275579153155,,
194.85,138717,600.19209094,88,1572,1156,-162.7519452816972,138300,0.001,46.296730314621904,,
,140000,,,,,-166.99892728756635,139780,0.001,57.20216176448724,363.55,503.38957352638243
201.95,140094,606.74856147,87,1597,1160,,,,,,
,142500,,,,,-170.08878326416016,142009,0.001,57.051439946174625,801.9,1252.9356125712395
234.8,144094,631.41986356,87,1654,1164,-171.67960525512694,143009,0.001,65.23953236865998,,
,145000,,,,,-171.84810137748718,144696,0.001,48.604919118205395,881.05,1074.3654879976064
245.05,145781,635.64333382,85,1698,1168,,,,,,
251.99,147090,656.9922072900001,85,1716,1172,-174.51968651313285,146674,0.001,53.90238184743113,,
,147500,,,,,-174.11935091018677,147260,0.001,58.04537661683326,327.1,905.265616723895
253.83,147884,659.4943875100001,85,1735,1176,-175.34429504394532,147651,0.001,56.319595101674395,,
254.33,148681,658.4214839499998,85,1742,1180,-174.91804549273323,148452,0.001,56.62493005681921,,
256.31,149578,662.5149324600002,85,1749,1184,-173.63530125337488,149089,0.001,70.44335382698226,,
,150000,,,,,-175.0288861218621,149764,0.001,58.446322532597506,310.55,1026.1259935945272
258.36,150638,669.88484853,85,1770,1188,-174.2707965735233,150324,0.001,65.13851564941984,,
260.3,151691,675.0458541200001,85,1780,1192,-175.57205498968804,151357,0.001,61.768614948418914,,
,152500,,,,,-175.51566520690918,152357,0.001,60.454892678260805,564.6,1739.2187523663044
275.33,153917,715.7768655299999,84,1813,1196,-176.5102562784147,152832,0.001,62.972229752791556,,
,155000,,,,,-177.7170653130598,154728,0.001,58.10205684149989,230.15,742.2587353378534
278.97,155039,727.61846756,84,1837,1200,,,,,,
282.32,156158,737.79162999,84,1847,1204,-178.49657007165857,155786,0.001,69.40381013058327,,
284.58,157159,743.6346107,84,1857,1208,-179.4174268450056,156808,0.001,53.54947688238961,,
,157500,,,,,-178.57668770309044,157301,0.001,56.03482494270224,252.4,776.3992752075195
286.78,158157,748.9966154899998,84,1873,1212,-180.98226211320107,157813,0.001,53.69938870256275,,
291.95,159243,765.8831089700001,84,1884,1216,-179.99926121303014,158910,0.001,68.69434592383249,,
,160000,,,,,-180.73261965238132,159657,0.001,59.72663434101985,280.05,886.4052374631167
293.67,160257,769.62986045,84,1902,1220,-180.47374471028647,159939,0.001,67.68955115054516,,
295.15,161289,772.6016006400002,84,1911,1224,-181.74554657517817,160905,0.001,75.96620184915108,,
297.27,162235,780.5083816600002,84,1920,1228,-181.49318688195032,161896,0.001,51.51888931067281,,
,162500,,,,,-181.75639030877062,162150,0.001,46.65747154040599,249.5,768.6559951454401
300.54,163342,789.8877149900001,84,1938,1232,-181.74141582459893,162971,0.001,69.13351970046531,,
,165000,,,,,-183.1927477353579,164826,0.001,65.71865187716406,231.05,726.6884513020516
310.51,165146,819.4884006699999,84,1962,1236,,,,,,
315.59,166515,835.5531150500001,84,1973,1240,-184.1658093134562,165979,0.001,68.77773279957957,,
315.71,167438,835.24334573,84,1983,1244,-185.59779655642626,167132,0.001,51.2978246299588,,
,167500,,,,,-184.94737188165837,167353,0.001,79.32132515972016,252.85,734.4841973215341
316.21,168381,835.8623123599999,84,1999,1248,-185.56257655039556,168040,0.001,69.68652207510812,,
318.23,169560,843.9392662599998,84,2008,1252,-186.04859178331162,169066,0.001,45.096468163245675,,
,170000,,,,,-186.85714367852694,169751,0.001,54.21441345283951,215.5,684.8593050032854
317.87,170504,842.3195911199999,84,2024,1256,-186.2704484087866,170285,0.001,66.98814685089783,,
315.83,171677,855.98640866,84,2033,1260,-187.28179001425676,171390,0.001,53.86741009115536,,
,172500,,,,,-186.15644426699038,172238,0.001,62.318883683946396,220.35,709.9411149680615
284.48,172542,838.97713939,84,2047,1264,,,,,,
279.62,173743,855.300779,84,2057,1268,-186.7965962557613,173423,0.001,63.02288380626854,,
,175000,,,,,-186.1921356201172,174772,0.001,56.61490488733564,336.05,1105.5926801413298
280.45,175135,859.3526835499999,84,2080,1272,,,,,,
291.35,177019,893.6253185400002,84,2095,1276,-188.05429114364995,176510,0.001,50.02225366936547,,
,177500,,,,,-187.65561085826945,176934,0.001,66.06764596588206,580.45,1664.1423962384463
300.56,178737,922.2772081499998,83,2129,1280,-187.9052552399812,178369,0.001,57.84150489171346,,
,180000,,,,,-188.3829121672349,179758,0.001,52.755271427873254,981.95,2711.406242656708
318.02,181380,973.2713699599999,83,2179,1284,-188.34276080322266,180758,0.001,61.52098213005066,,
,182500,,,,,-188.68489342692934,181853,0.001,58.97889375173917,780.5,1998.4818138450385
330.8,183718,1004.7306101799998,82,2222,1288,-189.47399755407264,183123,0.001,76.05711779771028,,
,185000,,,,,-189.01683773668896,184131,0.001,43.997486733049755,781.8,2380.415388453007
353.02,186993,1074.15485263,82,2273,1292,-189.6961049371636,185908,0.001,50.680545312250594,,
,187500,,,,,-189.7195354524206,187275,0.001,72.5165484841578,420.2,1322.619221612811
349.31,188848,1065.82726905,81,2308,1296,-189.91328440485773,188014,0.001,66.78825153209068,,
,190000,,,,,-190.14783633594783,189741,0.001,58.72796712962674,322.7,1037.976707482338
350.82,190121,1065.91992922,81,2332,1300,,,,,,
351.65,191323,1070.4199643800002,81,2343,1304,-190.15773702550817,190852,0.001,63.54251474779706,,
,192500,,,,,-190.50825806889668,192185,0.001,52.51014843636859,274.25,885.37362421453
355.86,192745,1083.3052342,81,2365,1308,-190.13693006499474,192423,0.001,46.6432856511669,,
,195000,,,,,-190.5392382507324,194893,0.001,52.65464815044403,409.7,1342.804086828232
371.18,195275,1111.44965186,81,2399,1312,,,,,,
376.08,196851,1130.3017126,81,2413,1316,-190.80146994850853,196333,0.001,47.60153477767418,,
,197500,,,,,-190.45354129649974,197198,0.001,51.594097819593216,416.45,1239.9419422656297
381.58,198415,1147.8612349900002,81,2441,1320,-190.6595510594985,198100,0.001,64.5652713635044,,
382.04,199493,1149.47056152,81,2450,1324,-191.53668227151175,199185,0.001,46.35866257423578,,
,200000,,,,,-189.76440629630252,199913,0.001,50.82618607817025,231.3,740.8990021556616
383.08,200543,1152.0657503599998,81,2468,1328,-191.4172483812861,200150,0.001,46.868910628532056,,
384.96,201838,1157.7689979400002,81,2480,1332,-192.72400693082616,201393,0.001,47.947833105620106,,
,202500,,,,,-194.04190140876216,202337,0.001,47.438224944515504,354.7,1142.541977697611
385.87,203733,1161.8768688,81,2505,1336,-192.97708912384815,202648,0.001,45.00317596239292,,
,205000,,,,,-194.42407368251256,204817,0.001,58.414542705672126,775.5,2415.118172806501
393.87,205902,1185.3345591,80,2552,1340,,,,,,
,207500,,,,,-196.07413142869453,207055,0.001,53.38960186773989,858.75,2609.642968699336
411.45,208583,1241.11308507,79,2609,1344,-195.39592752075194,208055,0.001,52.739789786338804,,
415.58,209939,1253.9432887099997,80,2624,1348,-197.79448856451572,209621,0.001,57.27001482184762,,
,210000,,,,,-197.48837228106638,209854,0.001,53.60721716655682,635.7,1874.2924645394087
421.94,211754,1269.41210004,79,2661,1352,-198.1666000366211,211371,0.001,70.53435348442622,,
,212500,,,,,-199.2371315589318,211928,0.001,51.694111540510846,791.75,2521.6135215312243
434.64,213968,1310.1003647799998,79,2708,1356,-198.74747564697265,213588,0.001,57.383021605014804,,
,215000,,,,,-199.1746293029785,214883,0.001,57.77446313381195,832.9,2548.7739619106055
454.26,217103,1368.07950362,78,2766,1360,-199.71641873168946,216777,0.001,59.7451591463089,,
,217500,,,,,-200.34866615103073,217256,0.001,48.869504960645145,968.6,3048.6520433008673
464.01,218943,1399.9022821600001,77,2816,1364,-200.57525409468067,218554,0.001,53.47569254100723,,
,220000,,,,,-201.05475913872152,219803,0.001,55.548237546284994,990.75,3047.6759617209436
483.02,222045,1454.4988717799995,77,2878,1368,-201.55310235595704,221803,0.001,56.1643688621521,,
,222500,,,,,-202.34121891902043,222220,0.001,53.20574908990126,611.85,1899.9187091827393
490.05,224140,1476.6813866099997,76,2911,1372,-200.745709383035,223143,0.001,57.38262331033055,,
,225000,,,,,-201.99126099703605,224055,0.001,58.40954815818552,658.5,2130.820073223114
499.66,226985,1511.3298651399996,76,2961,1376,-201.33055731590758,226134,0.001,67.02850433106119,,
,227500,,,,,-201.71735041446536,226900,0.001,53.40091760227014,929.7,2526.248021906614
508.13,229550,1529.8588339100002,76,3018,1380,-201.95092114257812,229162,0.001,48.19451451253891,,
,230000,,,,,-202.305428314209,229585,0.001,36.82367335955302,403.95,1217.678545099497
506.22,232002,1525.22339314,76,3049,1384,-203.09087103271483,230917,0.001,53.98989771747589,,
,232500,,,,,-202.77663327026366,231917,0.001,54.713956549167634,770.35,2408.886187493801
503.43,234061,1523.9748718300002,75,3100,1388,-203.06712167215028,233667,0.001,60.1344905667657,,
,235000,,,,,-203.30776681145318,234532,0.001,54.774458638198084,400.9,1304.023249951005
492.94,236287,1490.04342923,75,3128,1392,-203.6942812123693,235464,0.001,56.131076705186885,,
,237500,,,,,-203.30138464355468,237202,0.001,47.85827790546417,845.55,2581.5624451190233
508.22,239670,1539.2331734099998,75,3185,1396,-203.77047210214025,238585,0.001,43.30541001785517,,
,240000,,,,,-203.9639471130371,239585,0.001,50.72979060935974,429.5,1422.4645162731408
516.77,241798,1569.8228387299996,74,3225,1400,-205.2973856728458,241333,0.001,52.954342870234036,,
,242500,,,,,-203.9512361225329,241713,0.001,55.8118286659843,742.9,2322.2224379062654
522.64,243587,1589.07620275,74,3267,1404,-204.2830844823865,243207,0.001,46.618643829538506,,
,245000,,,,,-204.417725027424,244283,0.001,45.19879923540259,1000.0,3001.0826731741427
530.62,245807,1615.14436584,74,3318,1408,-205.48457595825195,245283,0.001,53.005436526298524,,
,247500,,,,,-206.70313340199144,247290,0.001,44.3276250808958,473.9,1469.1287790864706
525.05,247780,1620.6678136700002,73,3352,1412,,,,,,
,250000,,,,,-206.80117834472657,249695,0.001,48.5004096660614,290.75,945.5427884101867
535.76,250427,1652.67504463,73,3385,1416,-206.8987849229047,249988,0.001,47.53129733219082,,
,252500,,,,,-207.67645108032227,252104,0.001,52.46885626888275,597.85,1978.002664527297
543.89,252804,1680.5615188499996,73,3425,1420,,,,,,
,255000,,,,,-208.78765236134092,253953,0.001,48.80034133811402,971.85,2997.4623026371
558.64,255357,1728.2890822799995,73,3482,1424,-209.03238470458984,254953,0.001,46.69969128322602,,
567.8,257323,1759.3204647399998,73,3501,1428,-209.61629080200194,256982,0.001,43.35362378025055,,
,257500,,,,,-209.45074343681335,257238,0.001,44.131072741001844,591.45,1880.7837100058794
,260000,,,,,-210.92493157958984,259801,0.001,49.43294058609009,672.95,2130.882982507348
586.75,260513,1819.4083122,72,3570,1432,,,,,,
,262500,,,,,-211.92896960449218,261787,0.001,48.992155520915986,969.3,3031.386926329136
594.78,263211,1843.3956414299996,72,3629,1436,-212.2270921020508,262787,0.001,47.37127962684632,,
,265000,,,,,-213.7981176889071,264499,0.001,53.68528708695726,795.45,2486.7739888966084
606.82,266584,1882.3045908799998,72,3680,1440,-212.86818048095702,265499,0.001,42.239590480804445,,
,267500,,,,,-213.39108529663085,266499,0.001,54.68274671936035,804.6,2457.25798522234
600.22,268605,1860.9631284200004,72,3728,1444,-214.74984972990012,268201,0.001,44.6486878680882,,
,270000,,,,,-215.7513715731387,269823,0.001,44.50321155019326,298.75,1000.5695444554091
612.52,271191,1898.8371423199999,72,3756,1448,-214.87944267165494,270106,0.001,42.29882063040043,,
,272500,,,,,-215.4441681213379,272106,0.001,45.265731875896456,1000.0,3133.095044901967
,275000,,,,,-216.80679693603517,274106,0.001,49.940842055320736,949.25,2902.8675691992044
634.37,275191,1968.23357795,71,3855,1452,,,,,,
,277500,,,,,-217.53397369384766,277106,0.001,45.1002220249176,961.9,2958.597142714262
652.23,279191,2023.1249823800003,71,3922,1456,-217.66687435913087,278106,0.001,46.91014955282211,,
,280000,,,,,-218.10230096435546,279106,0.001,46.91764879751206,1000.0,3217.9853807330132
646.46,281749,2006.43718053,70,3983,1460,-218.59394130577036,281401,0.001,45.55605656575349,,
,282500,,,,,-219.01847319169477,281664,0.001,55.016276928861785,936.15,2839.37853654325
,285000,,,,,-219.0913265686035,284664,0.001,45.50910693645477,1000.0,3079.5333045214416
668.06,285749,2069.7986587699997,70,4075,1464,,,,,,
,287500,,,,,-220.198916015625,287076,0.001,40.476875622749326,707.55,2345.9348630815743
669.84,289029,2081.85750831,70,4127,1468,-221.35620834420902,287944,0.001,51.74515638263544,,
,290000,,,,,-221.34137063598632,288944,0.001,45.885675428390506,700.45,2114.898878413439
681.86,292326,2116.8550557,69,4178,1472,-221.65541815185546,291241,0.001,42.43204580831528,,
,292500,,,,,-222.4831650390625,292241,0.001,46.83483109283447,893.15,2748.9625237435102
,295000,,,,,-223.34229763793945,294241,0.001,44.863918859481814,950.75,2966.650232043862
689.65,295950,2141.43434631,69,4273,1476,-223.67022024536132,295241,0.001,42.73530353116989,,
,297500,,,,,-223.87819691377527,296715,0.001,47.744343247133145,975.3,2873.705229404569
695.83,299133,2169.37670365,68,4336,1480,-224.06335861206054,298715,0.001,48.43704907989502,,
,300000,,,,,-224.30434641581095,299048,0.001,41.838411561719646,735.2,2309.6096817970274
,302500,,,,,-224.90064236450195,302048,0.001,38.82677633333206,1000.0,3101.83202111125
711.31,303133,2218.31235176,68,4422,1484,,,,,,
,305000,,,,,-225.7534330444336,304048,0.001,56.434536487102505,1000.0,2994.1624729186296
730.72,307133,2272.9027013699997,68,4491,1488,-226.84505841064453,306048,0.001,47.780041514396665,,
,307500,,,,,-227.81088313349971,307264,0.001,40.82208503175665,1000.0,3122.155258598924
,310000,,,,,-227.53246310424805,309264,0.001,42.91351345729828,1000.0,3032.1521024256945
740.62,310349,2301.6288896899996,67,4586,1492,,,,,,
,312500,,,,,-228.5734612426758,312264,0.001,47.45029642868042,677.0,2128.075822007656
746.79,314349,2316.6094227400004,67,4646,1496,-229.37585885620118,313264,0.001,46.18665782976151,,
,315000,,,,,-229.88819732666016,314264,0.001,42.29615355825424,1000.0,3013.595081961155
,317500,,,,,-229.45567041015624,317264,0.001,44.73090441036224,1000.0,2942.686113807559
765.51,318349,2369.74529817,67,4748,1500,,,,,,
,320000,,,,,-230.39026395504752,319902,0.001,37.604632510660586,681.2,2122.6824849545956
784.0,321987,2423.38318237,67,4804,1504,-230.83256790161133,320902,0.001,40.877204639434815,,
,322500,,,,,-231.24061962890624,321902,0.001,40.99303498697281,1000.0,2989.1204946935177
,325000,,,,,-231.5642631225586,324902,0.001,42.430499783039096,1000.0,3045.1060840934515
801.8,325987,2476.5741025400002,66,4903,1508,,,,,,
,327500,,,,,-231.93565129460515,327273,0.001,52.71012431399199,621.8,1913.6569588631392
809.03,328683,2496.05332905,66,4948,1512,-230.79462540515362,327598,0.001,38.5796403503418,,
,330000,,,,,-232.38142443847656,329598,0.001,48.45596184539795,1000.0,2985.7942203223706
817.14,332141,2519.9566695199997,66,5015,1516,-232.9758849182129,331598,0.001,41.99198531246185,,
,332500,,,,,-231.99036029437642,332278,0.001,27.249236579413886,1000.0,3140.225763222575
,335000,,,,,-233.20003634643555,334278,0.001,37.0363208990097,1000.0,3128.539278122783
825.59,335363,2543.6347061700003,65,5096,1520,,,,,,
,337500,,,,,-233.81863385009765,336758,0.001,41.85565299749374,969.1,2990.872760626674
834.86,338843,2570.37369407,65,5153,1524,-234.69048358154296,337758,0.001,38.6192894859314,,
,340000,,,,,-234.65249835205077,339758,0.001,44.64724967288971,1000.0,3067.103863698244
,342500,,,,,-235.6443612060547,341758,0.001,37.27647607421875,978.7,3106.5889903604984
855.2,342843,2630.2219674599996,65,5243,1528,,,,,,
,345000,,,,,-235.9379066772461,344466,0.001,38.87832591485977,1000.0,3152.235544887185
850.85,345598,2616.8278622400003,65,5303,1532,-235.61660635375978,345466,0.001,42.656850566864016,,
,347500,,,,,-236.1044928894043,346513,0.001,46.141530015945435,1000.0,3115.127708530426
863.87,349598,2660.2161054999997,65,5360,1536,-236.3221614074707,348513,0.001,40.3586551656723,,
,350000,,,,,-236.98724450683594,349513,0.001,46.159078184604645,1000.0,3190.0723659276964
,352500,,,,,-236.92665130615234,351513,0.001,38.232666223049165,1000.0,3141.158032500744
870.14,353598,2679.27131342,64,5454,1540,-237.16702200317383,352513,0.001,36.964973216056826,,
,355000,,,,,-238.13064486694336,354513,0.001,42.04458449792862,1000.0,3132.8679613858462
,357500,,,,,-238.92232803344726,356513,0.001,42.32249410438538,1000.0,3046.107532888651
889.93,357598,2742.2870436,64,5548,1544,,,,,,
,360000,,,,,-239.52896710205079,359830,0.001,41.253228709220885,965.0,2923.671378734708
897.24,360915,2766.9623069,64,5604,1548,,,,,,
,362500,,,,,-240.36719259643556,361830,0.001,40.147971302032474,630.25,2121.2260440915825
894.52,364643,2763.2455492999998,64,5658,1552,-240.4520012512207,363558,0.001,44.801207992553714,,
,365000,,,,,-240.3301688232422,364558,0.001,37.32698536634445,1000.0,3168.53102876544
,367500,,,,,-241.33700491333008,366558,0.001,44.77044396686554,988.65,3003.525782969594
894.52,368643,2762.7575492799992,64,5754,1556,-241.73221865844727,367558,0.001,37.74266056871414,,
,370000,,,,,-241.25028432713876,368962,0.001,31.69598681619852,967.4,3028.7558989197014
902.98,372047,2792.3085617499996,63,5817,1560,-241.77934197998047,370962,0.001,39.92944652318955,,
,372500,,,,,-241.90518655395508,371962,0.001,32.95188702058792,1000.0,3156.739394685626
,375000,,,,,-242.02400039672852,373962,0.001,45.33972519397736,890.2,2896.1827305316924
902.98,376047,2796.52922301,63,5915,1564,-242.3788718261719,374962,0.001,37.561997738361356,,
,377500,,,,,-242.36851715087892,376962,0.001,36.14554431629181,1000.0,3103.1731844246387
,380000,,,,,-242.94763940429686,378962,0.001,39.32528725290298,1000.0,3200.2101617753506
910.18,380047,2816.11794733,63,6015,1568,,,,,,
,382500,,,,,-243.64516123858365,382322,0.001,36.4340519925439,1000.0,3058.8694866359233
910.81,383407,2822.57921676,63,6074,1572,,,,,,
,385000,,,,,-243.4679310913086,384487,0.001,38.5520371427536,966.75,3035.763930556178
896.22,385572,2772.634944880001,63,6119,1576,,,,,,
,387500,,,,,-243.83042416381835,386487,0.001,35.781824537277224,1000.0,3229.3578206151724
904.39,389572,2802.1951658499997,63,6182,1580,-245.010839263916,388487,0.001,40.607480401039126,,
,390000,,,,,-244.80092715454103,389487,0.001,36.39079717159271,1000.0,3084.422703626752
,392500,,,,,-245.1224145721971,391828,0.001,45.286977453315714,971.65,3107.6658002108334
897.8,392913,2787.00921644,62,6257,1584,,,,,,
,395000,,,,,-245.53483874511718,394828,0.001,40.747470700263975,942.85,2897.1930056840183
897.8,396913,2790.5344330000003,62,6310,1588,-246.14049468994142,395828,0.001,36.07930760622025,,
,397500,,,,,-246.8189337463379,396828,0.001,40.56547517061234,1000.0,3191.4785601913927
,400000,,,,,-247.13179959106446,399828,0.001,35.433738569736484,1000.0,3140.8394889175893
905.64,400913,2822.04439556,62,6393,1592,,,,,,
,402500,,,,,-247.85345678710937,401828,0.001,40.80844971466065,1000.0,3183.2948662877084
898.77,404226,2809.330111460001,62,6447,1596,-247.47232608032226,403828,0.001,40.658890726089474,,
,405000,,,,,-248.14794677343124,404141,0.001,35.00975690786831,1000.0,3207.920103314519
,407500,,,,,-247.75043228149414,407141,0.001,44.93767528486252,1000.0,3216.1971689343454
898.77,408226,2817.0928737199997,62,6525,1600,,,,,,
,410000,,,,,-249.30185214233398,409141,0.001,34.948455820560454,1000.0,3270.87946382761
902.39,412226,2833.3479907899996,62,6591,1604,-249.86429159545898,411141,0.001,34.329497193336486,,
,412500,,,,,-250.31364965820313,412141,0.001,35.00398171854019,1000.0,3250.6456598103046
,415000,,,,,-249.57252230834962,414141,0.001,38.884067544460294,1000.0,3116.6526785969736
902.39,416226,2839.001747070001,62,6691,1608,-250.14996240234376,415141,0.001,40.55090089654922,,
,417500,,,,,-250.99236791992186,417141,0.001,35.980229419231414,1000.0,3130.072970324755
908.32,419515,2860.33090614,62,6758,1612,-251.1025198059082,419141,0.001,36.34126844596863,,
,420000,,,,,-252.22508808004446,419430,0.001,34.06613242007457,835.8,2785.5806508272885
,422500,,,,,-251.44429501342773,422353,0.001,40.5995687994957,1000.0,3191.9028271734715
912.97,423438,2881.1272192200004,61,6847,1616,,,,,,
,425000,,,,,-252.09586767578125,424353,0.001,36.1196056599617,1000.0,3180.277807918191
912.91,426654,2881.0362559,61,6914,1620,-252.42606936645507,426353,0.001,50.75291074609756,,
,427500,,,,,-252.865298377143,426569,0.001,36.15993383857939,1000.0,3218.8840301126243
910.51,429894,2876.9307424500003,61,6969,1624,-252.6841967163086,428809,0.001,36.246934055805205,,
,430000,,,,,-252.63437438964843,429809,0.001,36.96602773237228,292.3,994.3054882973432
889.52,431795,2816.5606487700006,61,6995,1628,-253.0916045600846,430710,0.001,30.378224159206763,,
,432500,,,,,-253.41898736572264,431710,0.001,33.25761076545715,1000.0,3136.9540310800076
,435000,,,,,-253.78484774780273,434710,0.001,38.54524831438064,1000.0,3064.2248190402984
901.97,435795,2852.9272257499997,61,7093,1632,,,,,,
,437500,,,,,-253.76635177612306,436710,0.001,42.73775422143936,1000.0,3339.2417858332396
894.94,439092,2835.141432839999,61,7154,1636,-254.63440941475534,438007,0.001,36.42024865455499,,
,440000,,,,,-254.36248858642577,439007,0.001,30.563273531913758,356.4,1187.855281701684
,442500,,,,,-254.98537344360352,442007,0.001,37.525024431705475,807.9,2638.7675562769173
894.94,443092,2839.7014412499993,61,7225,1640,,,,,,
,445000,,,,,-255.25180879480698,444346,0.001,40.2910359320739,1000.0,3269.9561695545913
888.33,446431,2825.2038672399995,61,7268,1644,-255.56020770263672,445346,0.001,39.12227137327194,,
,447500,,,,,-255.6663438951647,446642,0.001,41.35496958526405,1000.0,3095.4806400328875
888.12,449727,2823.7043825500004,61,7320,1648,-256.751727142334,448642,0.001,41.07825272846222,,
,450000,,,,,-256.94494525146484,449642,0.001,40.84977714014053,1000.0,3121.281688225269
,452500,,,,,-256.5994513244629,451642,0.001,36.90279518795013,1000.0,3183.269861996174
884.78,453121,2812.09202085,61,7399,1652,-256.5150391845703,452642,0.001,33.682725393295286,,
,455000,,,,,-256.88180200195313,454036,0.001,35.740043142318726,1000.0,3154.2362752705812
884.78,457121,2813.5411605199993,61,7461,1656,-256.6581348876953,456036,0.001,37.42844931411743,,
,457500,,,,,-256.9751492614746,457036,0.001,32.74211284589767,1000.0,3197.801538556814
,460000,,,,,-257.1305262756348,459036,0.001,40.66663512325287,1000.0,3160.8337036281823
890.74,461121,2831.82165562,61,7554,1660,-257.54628201293946,460036,0.001,31.839743545532226,,
,462500,,,,,-257.50645559692384,462036,0.001,34.87816036367416,1000.0,3201.0074056237936
,465000,,,,,-257.90695599365233,464036,0.001,39.79446083116532,798.95,2603.461811080575
890.74,465121,2832.0016486900004,60,7639,1664,,,,,,
,467500,,,,,-257.68371823120117,466630,0.001,35.63417957019806,1000.0,3165.1628917336466
886.68,468715,2821.3013969200006,60,7696,1668,-258.28316055297853,467630,0.001,34.41101494026184,,
,470000,,,,,-258.1737226867676,469630,0.001,32.37685031747818,1000.0,3275.951470813155
,472500,,,,,-258.8305617980957,471630,0.001,34.87947733974457,1000.0,3195.9071704506873
893.08,472715,2843.0967539400003,60,7785,1672,,,,,,
,475000,,,,,-259.6000192565918,474630,0.001,31.867659400939942,1000.0,3178.3027968913316
911.43,476715,2910.27391405,60,7842,1676,-259.49914404296874,475630,0.001,36.32528713321686,,
,477500,,,,,-259.38542947387697,476630,0.001,40.21369798755646,1000.0,3149.5609868854285
,480000,,,,,-259.70466702270505,479630,0.001,42.61393179178238,1000.0,3329.5215224683284
911.43,480715,2915.4264589500003,60,7927,1680,,,,,,
,482500,,,,,-260.0992371520996,481630,0.001,33.795633430480954,1000.0,3401.801579245925
918.02,484715,2942.7684781899998,60,7984,1684,-260.1670566711426,483630,0.001,34.74014786195755,,
,485000,,,,,-259.97286547851564,484630,0.001,44.23527634239197,1000.0,3208.612710797787
,487500,,,,,-260.0655609628429,486999,0.001,28.674534770531384,1000.0,3185.145711493492
911.71,488084,2928.99787933,60,8058,1688,,,,,,
,490000,,,,,-261.01990197753906,488999,0.001,36.874003522872925,1000.0,3308.096342381835
911.71,492084,2930.4951435900007,60,8113,1692,-261.53231423950194,490999,0.001,40.037517063617706,,
,492500,,,,,-261.87344079589843,491999,0.001,34.95901328516006,1000.0,3243.116380509734
,495000,,,,,-262.6184797668457,493999,0.001,38.46819666337967,1000.0,3161.0586480796337
918.58,496084,2954.1622023800005,60,8192,1696,-262.1681968078613,494999,0.001,37.562019449710846,,
,497500,,,,,-262.4729154663086,496999,0.001,35.88419863557816,1000.0,3370.87646125257
,500000,,,,,-262.8331884765625,498999,0.001,32.980642899036404,1000.0,3250.0253237187862
918.58,500084,2957.72752531,60,8276,1700,,,,,,
,502500,,,,,-263.0562960510254,501999,0.001,39.32270687580109,814.5,2741.451048770547
905.92,502818,2922.17202518,60,8323,1704,-262.49893661284113,502424,0.001,32.54586324579576,,
,505000,,,,,-262.6630107727051,504079,0.001,31.62272521686554,1000.0,3272.2872391819956
899.38,506164,2906.5243745700004,60,8369,1708,-262.750660949707,505079,0.001,31.286015859127044,,
,507500,,,,,-263.7525375061035,507079,0.001,35.35246141958237,1000.0,3387.099049529433
,510000,,,,,-263.76104931640623,509079,0.001,36.97067006587982,1000.0,3296.9855018734934
906.49,510164,2934.88374315,60,8450,1712,,,,,,
,512500,,,,,-264.21089376831054,512079,0.001,40.66684479522705,1000.0,3208.7040168434382
907.26,514164,2936.71201957,60,8508,1716,-264.9002710571289,513079,0.001,24.931750328063966,,
,515000,,,,,-264.95766525268556,514079,0.001,34.06190246534347,1000.0,3239.714650866389
908.02,517456,2943.20149684,60,8558,1720,-264.66229067993163,516371,0.001,37.37188136672974,,
,517500,,,,,-264.4695305480957,517371,0.001,31.045914261341096,1000.0,3319.4821540683506
,520000,,,,,-264.80082897949217,519371,0.001,30.433702087402345,1000.0,3267.502235352993
915.62,521456,2969.52086592,60,8637,1724,-265.113623626709,520371,0.001,31.819810381412506,,
,522500,,,,,-264.9085926818848,522371,0.001,35.52631416749954,1000.0,3267.449191790819
,525000,,,,,-265.13108502197264,524371,0.001,33.75976255846024,1000.0,3303.6163491010666
936.61,525456,3037.56580434,60,8717,1728,,,,,,
,527500,,,,,-266.1325102539063,527371,0.001,34.511610321998596,1000.0,3289.0743967294693
936.61,529456,3047.27151487,60,8769,1732,-265.8928226928711,528371,0.001,28.05255502462387,,
,530000,,,,,-265.94869393920897,529371,0.001,30.61846046924591,1000.0,3343.88797968626
,532500,,,,,-265.81734329223633,532371,0.001,31.28456795310974,1000.0,3255.8197173833846
943.64,533456,3072.7221207999996,60,8847,1736,,,,,,
,535000,,,,,-266.4929528808594,534371,0.001,30.763813498497008,1000.0,3353.0155282735823
942.9,537382,3073.4385019100005,60,8901,1740,-266.7773339290083,536297,0.001,34.97877056964273,,
,537500,,,,,-266.46294158935547,537297,0.001,38.09923888468742,1000.0,3295.318821108341
,540000,,,,,-267.5936507568359,539297,0.001,30.976927556037904,1000.0,3314.1213890522718
949.51,541382,3095.3701114799997,60,8982,1744,-267.6981588439941,540297,0.001,26.981378490924836,,
,542500,,,,,-268.0762293701172,542297,0.001,32.08878774785995,1000.0,3202.4529836028814
,545000,,,,,-267.7704548339844,544297,0.001,36.04293906068802,1000.0,3279.950878340006
956.55,545382,3121.7914013499994,60,9065,1748,,,,,,
,547500,,,,,-268.65636328125,547297,0.001,29.001105625152586,971.45,3237.7812406927346
962.61,549382,3145.0036165400006,60,9122,1752,-268.40619802856446,548297,0.001,30.209579295158385,,
,550000,,,,,-267.9486878051758,549297,0.001,35.4818161482811,1000.0,3214.9872141629457
,552500,,,,,-268.6795094488052,552251,0.001,33.57248474466976,977.4,3149.9051109164952
962.15,553336,3148.3889323200005,60,9204,1756,,,,,,
,555000,,,,,-269.2377878217555,553921,0.001,34.462864630257904,1000.0,3262.117416551709
958.85,557006,3141.4147755100007,60,9259,1760,-269.20159448242185,555921,0.001,33.0272898311615,,
,557500,,,,,-269.44834197998046,556921,0.001,23.341771899938582,1000.0,3315.166050300002
,560000,,,,,-269.92606478881834,558921,0.001,28.677246103286745,1000.0,3362.594274374843
958.85,561006,3144.86736137,60,9343,1764,-269.45187155151365,559921,0.001,32.00300229454041,,
,562500,,,,,-270.038659981802,561484,0.001,26.341319076544863,1000.0,3387.562721815705
958.54,564569,3149.1129249,60,9397,1768,-269.907690032959,563484,0.001,29.91732348060608,,
,565000,,,,,-270.430022857666,564484,0.001,36.54798316526413,1000.0,3371.5089260607956
,567500,,,,,-270.6302494812012,566484,0.001,28.048779923915863,1000.0,3332.2031571269035
950.29,567744,3125.0687495700004,59,9478,1772,-270.25961126708984,567484,0.001,38.42715771961212,,
,570000,,,,,-271.0583472290039,569659,0.001,27.772145787000657,1000.0,3315.9682739675045
950.29,571744,3126.52922803,59,9530,1776,-270.977523223877,570659,0.001,34.00749605751037,,
,572500,,,,,-271.4998489990234,571659,0.001,29.6269639544487,1000.0,3228.8541455477475
,575000,,,,,-271.83659161376954,574659,0.001,34.925787124156955,1000.0,3344.5135139226913
950.29,575744,3126.3299840199993,59,9613,1780,,,,,,
,577500,,,,,-271.8970936279297,576659,0.001,34.26890355443955,1000.0,3340.3218965947626
950.29,579744,3125.13350416,59,9670,1784,-272.02204022216796,578659,0.001,29.269267486572264,,
,580000,,,,,-271.92362591552734,579659,0.001,33.02737910223007,471.1,1617.1847977161408
,582500,,,,,-272.20447048950194,581993,0.001,27.871421425819396,1000.0,3309.769963315129
949.94,583078,3126.8629619699996,59,9734,1788,,,,,,
,585000,,,,,-272.49407840650906,584483,0.001,35.56197198556394,1000.0,3277.4037176907063
944.84,586568,3115.188937329999,59,9787,1792,-272.5525259399414,585483,0.001,25.443788851737978,,
,587500,,,,,-273.1380185900994,587331,0.001,26.25790426613025,1000.0,3324.50840023458
,590000,,,,,-273.2283316345215,589331,0.001,35.9788873128891,1000.0,3322.915859642625
943.32,590416,3112.96980198,59,9869,1796,,,,,,
,592500,,,,,-273.65637924110956,592062,0.001,26.488029136866455,1000.0,3197.9987992435695
940.63,594147,3106.5770427000007,59,9925,1800,-273.0071454772949,593062,0.001,34.443404051303865,,
,595000,,,,,-273.6576824951172,594062,0.001,28.122044888973235,1000.0,3299.0054644674065
,597500,,,,,-274.25219021606443,597062,0.001,29.474642837762833,915.65,3021.894207522273
953.29,598147,3144.36228331,59,10008,1804,,,,,,
,600000,,,,,-273.7992279663086,599062,0.001,35.353052016019824,1000.0,3415.7264748722314
959.83,602147,3164.665638509999,59,10061,1808,-273.49374935913085,601062,0.001,31.366168950557707,,
,602500,,,,,-274.2944774169922,602062,0.001,26.382664807796477,816.05,2787.1509249418973
,605000,,,,,-274.98105590820313,604044,0.001,30.241691120147706,1000.0,3398.0869846254586
959.65,606129,3166.8059694000003,59,10135,1812,-274.6821919555664,605044,0.001,32.913860217094424,,
,607500,,,,,-274.3887205810547,607044,0.001,27.7944141433239,1000.0,3326.0508828103543
,610000,,,,,-274.85702725219727,609044,0.001,37.526630544662474,1000.0,3260.3406172305345
959.65,610129,3167.4857506999997,59,10211,1816,,,,,,
,612500,,,,,-274.9250332336426,612044,0.001,30.267627706050874,1000.0,3340.7103088825943
966.73,614129,3195.2311415199993,59,10263,1820,-275.37874481201175,613044,0.001,34.28380814218521,,
,615000,,,,,-275.03554635620117,614044,0.001,31.93706245183945,1000.0,3343.4644578814505
960.12,617468,3177.2653440299996,59,10314,1824,-275.57182482910156,617044,0.001,32.995932573795315,,
,617500,,,,,-275.33065181935325,617383,0.001,33.3743466557303,1000.0,3256.1577817827465
,620000,,,,,-276.3321493835449,619383,0.001,28.591235573768614,1000.0,3337.6133968144654
960.12,621468,3179.37686491,59,10388,1828,-276.3806465454102,620383,0.001,26.205484551906586,,
,622500,,,,,-276.5093646062148,622136,0.001,30.466010705408348,1000.0,3230.4880569785832
,625000,,,,,-276.4743579711914,624136,0.001,31.371114011287688,955.3,3208.544604283571
957.65,625221,3171.8666367299993,59,10463,1832,,,,,,
,627500,,,,,-277.4169044189453,627136,0.001,29.960366558551787,1000.0,3293.712511250377
957.65,629221,3170.83051817,59,10518,1836,-276.8171312866211,628136,0.001,29.74426934862137,,
,630000,,,,,-277.5270749206543,629136,0.001,26.355231026649474,931.9,3175.603826701641
,632500,,,,,-277.5346932373047,632136,0.001,29.648620838165282,627.0,2146.8122402250765
953.35,632717,3158.4091782000005,59,10585,1840,,,,,,
,635000,,,,,-277.6567187155447,634624,0.001,26.84173266685778,965.85,3234.632893332839
953.27,636709,3160.4622108199997,59,10636,1844,-278.0696884765625,635624,0.001,32.997304353713986,,
,637500,,,,,-278.5548515625,636624,0.001,23.907973562717437,946.55,3314.3228569090365
933.55,638737,3101.30112987,59,10683,1848,-282.27442714146207,638638,0.001,19.231959785733903,,
894.09,638791,2970.4676291299998,59,10683,1852,-276.1058436802455,638693,0.001,66.64987557274955,,
,640000,,,,,-277.9965686645508,639732,0.001,27.008237696886063,1000.0,3374.3457625836136
874.81,640817,2908.1423566400003,59,10718,1856,,,,,,
,642500,,,,,-278.5044815673828,641732,0.001,28.602656823158263,996.5,3324.5322816729545
878.11,644817,2921.02061065,59,10773,1860,-278.7740966186523,643732,0.001,28.158960228443146,,
,645000,,,,,-278.48301135253905,644732,0.001,32.494207915067676,1000.0,3332.5375159412624
,647500,,,,,-279.00125073242185,646732,0.001,35.58250570654869,719.5,2460.52697955966
870.96,648102,2900.3720461500006,59,10844,1864,-279.55826336669924,647732,0.001,29.202581453323365,,
,650000,,,,,-279.3455590209961,649017,0.001,27.723212310552597,1000.0,3328.95157482326
870.11,651580,2897.4453563100005,59,10892,1868,-279.2581157604521,650495,0.001,26.196682661647078,,
,652500,,,,,-278.7208809814453,651495,0.001,30.232645027160643,1000.0,3353.956279841065
,655000,,,,,-278.8372005004883,654495,0.001,25.127603341579437,937.55,3185.80954952538
878.36,655580,2928.6800839400003,59,10963,1872,,,,,,
,657500,,,,,-278.43864868164064,657161,0.001,28.333271730184556,1000.0,3322.232615059614
865.02,658246,2887.8980304799993,59,11006,1876,,,,,,
,660000,,,,,-278.9305651245117,659161,0.001,26.540785542964937,1000.0,3333.2479692786933
865.02,662246,2890.7210526700005,59,11057,1880,-279.828664855957,661161,0.001,33.23361272454262,,
,662500,,,,,-279.3017290649414,662161,0.001,27.016445244789125,1000.0,3353.374988517165
,665000,,,,,-280.2110389818985,664578,0.001,29.8120800636941,903.65,3012.503615230322
859.19,665663,2874.88343193,59,11124,1884,,,,,,
,667500,,,,,-279.8925989379883,666578,0.001,27.32109828710556,1000.0,3418.400470688939
865.85,669663,2900.2009631000005,59,11177,1888,-280.04818688964843,668578,0.001,26.366373892784118,,
,670000,,,,,-280.21535363769533,669578,0.001,25.29105365729332,641.95,2199.649300417304
,672500,,,,,-280.1239382948505,671729,0.001,13.284113126802662,970.2,3254.0678913116453
862.46,672814,2889.83602751,59,11237,1892,,,,,,
,675000,,,,,-280.58042559814453,674729,0.001,29.969963717460633,463.6,1656.890636020899
863.98,676814,2896.41877852,60,11277,1896,-280.35424255371095,675729,0.001,31.57546274614334,,
,677500,,,,,-280.5321359863281,676729,0.001,27.779930426836014,1000.0,3332.2162953555585
,680000,,,,,-279.96746148681643,679317,0.001,25.302340304851533,1000.0,3393.5836064726113
862.55,680402,2893.91851719,59,11351,1900,,,,,,
,682500,,,,,-281.60924505615236,682317,0.001,25.605244408369064,371.1,1176.4351432830094
856.73,683820,2879.0257362399993,60,11389,1904,-281.40522043328536,682735,0.001,32.600725576638034,,
,685000,,,,,-281.1563606567383,684735,0.001,23.858106921195983,985.8,3336.3899113208054
,687500,,,,,-281.3520108642578,686735,0.001,31.611070654630662,1000.0,3378.090900975466
856.73,687820,2880.36293192,59,11465,1908,,,,,,
,690000,,,,,-280.79530072021487,689735,0.001,36.52165264225006,1000.0,3403.7215649038553
856.91,691820,2879.601811159999,60,11518,1912,-281.61736669921873,690735,0.001,24.239322080135345,,
,692500,,,,,-281.98492803955077,691735,0.001,21.768702883005144,1000.0,3363.5877476125956
,695000,,,,,-281.4717581176758,694735,0.001,25.309562069654465,853.15,2958.3507531404493
853.16,695445,2872.50372154,59,11591,1916,,,,,,
,697500,,,,,-282.56168450927737,697360,0.001,36.05940334177017,1000.0,3385.4348101735113
853.16,699445,2873.7844835099995,60,11643,1920,-282.13947930908205,698360,0.001,26.425869121551514,,
,700000,,,,,-283.1647473754883,699360,0.001,29.724028136014937,1000.0,3382.469671341777
,702500,,,,,-283.2536390991211,702360,0.001,29.781078614711763,971.0,3279.804918587208
859.1,703378,2894.58900255,60,11718,1924,,,,,,
,705000,,,,,-283.1325015869141,704293,0.001,34.52833595895767,825.5,2685.8061701267957
859.1,707378,2895.1876514000005,60,11766,1928,-283.19159332275393,706293,0.001,28.750825896501542,,
,707500,,,,,-283.58896929931643,707293,0.001,24.846654675006867,1000.0,3369.663044539094
,710000,,,,,-283.7639271850586,709293,0.001,23.252824121952056,1000.0,3360.1393503308295
861.57,711378,2906.69049908,60,11842,1932,-283.52239013671874,710293,0.001,24.030884988069534,,
,712500,,,,,-283.99540618896486,712293,0.001,26.439757706403732,1000.0,3434.796157759428
,715000,,,,,-284.6007091674805,714293,0.001,28.493598650455475,1000.0,3384.3703251838683
861.57,715378,2909.4973014599987,60,11885,1936,,,,,,
,717500,,,,,-284.99216613769534,717293,0.001,20.96894807100296,1000.0,3374.972784692049
866.61,719378,2928.1187477900003,60,11920,1940,-285.17137786865237,718293,0.001,25.649177783966064,,
,720000,,,,,-284.7474125366211,719293,0.001,26.422242959737776,1000.0,3521.0810899585485
,722500,,,,,-284.6305841064453,722293,0.001,26.04391930437088,1000.0,3355.5187910825016
866.69,723378,2929.40366952,60,11976,1944,,,,,,
,725000,,,,,-285.05776861572264,724293,0.001,19.99753355383873,1000.0,3371.932086393237
886.41,727378,2995.20550928,60,12014,1948,-285.0247942504883,726293,0.001,27.054865924835205,,
,727500,,,,,-284.79275671386716,727293,0.001,24.620619040727615,1000.0,3426.519311469793
,730000,,,,,-284.87780859375,729293,0.001,30.622549122571947,1000.0,3397.5887946903704
925.87,731378,3130.0056368300006,60,12066,1952,-285.26382745361326,730293,0.001,22.901786756277083,,
,732500,,,,,-285.5335095825195,732293,0.001,21.039824697971344,1000.0,3416.8770586907863
,735000,,,,,-285.6464414672852,734293,0.001,30.618944868803023,1000.0,3416.279807639122
945.61,735378,3200.8285307999995,60,12122,1956,,,,,,
,737500,,,,,-286.04296142578124,737293,0.001,24.326678347349166,1000.0,3477.8385159015656
945.61,739378,3203.1030110400006,60,12159,1960,-286.25647106933593,738293,0.001,24.042661737918852,,
,740000,,,,,-286.5458454589844,739293,0.001,22.628879986763,1000.0,3443.5860412865877
,742500,,,,,-286.5582509765625,742293,0.001,29.496284813165666,1000.0,3371.829857048392
952.76,743378,3229.5048046399997,60,12211,1964,,,,,,
,745000,,,,,-286.45898217773436,744293,0.001,28.857602435112,1000.0,3413.551281258464
957.98,747378,3249.04219064,61,12249,1968,-287.1302725830078,746293,0.001,26.385107169628142,,
,747500,,,,,-286.61623370361326,747293,0.001,29.293357306718825,1000.0,3445.7110602349044
,750000,,,,,-287.22013916015624,749379,0.001,28.32244435620308,1000.0,3400.925345259905
948.84,750464,3218.4231007299995,61,12294,1972,,,,,,
,752500,,,,,-287.652905090332,752379,0.001,29.680367822647096,1000.0,3455.6715280056
962.18,754464,3263.73172045,61,12328,1976,-287.76351837158205,753379,0.001,27.279285649776458,,
,755000,,,,,-288.2592113647461,754379,0.001,30.34203781270981,1000.0,3431.997648707032
,757500,,,,,-288.278497253418,757379,0.001,27.641819705963133,979.0,3412.940665310621
962.18,758464,3267.49692083,61,12373,1980,,,,,,
,760000,,,,,-288.77644329833987,759379,0.001,25.080007293224334,539.25,1790.465249812603
949.52,760615,3222.5687231999996,61,12397,1984,-288.9171311108034,760189,0.001,31.076922819960075,,
,762500,,,,,-289.48415454101564,761530,0.001,23.146796533346176,953.35,3221.4495232433082
940.14,763677,3187.8690431299997,61,12429,1988,-288.9919822998047,763530,0.001,26.04949152636528,,
,765000,,,,,-289.5123187866211,764592,0.001,30.50783277964592,1000.0,3338.3076382905247
,767500,,,,,-289.5644244384766,766592,0.001,27.365513675689698,1000.0,3385.711971485615
948.63,767677,3216.148761809999,61,12476,1992,,,,,,
,770000,,,,,-289.3550952758789,769592,0.001,28.977509977817537,1000.0,3424.400261157751
948.63,771677,3219.1398800600005,61,12513,1996,-289.2659714355469,770592,0.001,26.554307764291764,,
,772500,,,,,-289.2400299072266,771592,0.001,32.06107014274597,1000.0,3442.5375236421824
,775000,,,,,-289.49718713378905,774592,0.001,31.92133239531517,1000.0,3428.580886670947
952.75,775677,3234.9604504800004,61,12564,2000,,,,,,
,777500,,,,,-289.70975592041015,776592,0.001,27.607305144786835,1000.0,3431.006504559517
958.57,779677,3256.34534625,61,12602,2004,-289.62614141845705,778592,0.001,29.105216898202897,,
,780000,,,,,-289.27660247802737,779592,0.001,30.164006025791167,1000.0,3446.212881579995
,782500,,,,,-289.4498023071289,781592,0.001,27.23582214450836,1000.0,3461.9793753027916
958.57,783677,3257.8231710500004,61,12651,2008,-289.56580090332034,782592,0.001,27.013366844415664,,
,785000,,,,,-289.8592454223633,784592,0.001,27.843084983587264,1000.0,3479.5755792945624
,787500,,,,,-290.57574340820315,786592,0.001,29.50063289451599,1000.0,3414.360362583399
958.57,787677,3261.64050937,62,12701,2012,,,,,,
,790000,,,,,-290.55260290527343,789592,0.001,28.67979779958725,1000.0,3366.401975274086
962.32,791677,3274.7447240899996,62,12739,2016,-290.5545210571289,790592,0.001,20.702187213420867,,
,792500,,,,,-290.99091046142576,791592,0.001,26.58800030207634,1000.0,3414.6113728046416
,795000,,,,,-290.97648046875,794592,0.001,22.160234850645065,1000.0,3468.527247866988
962.32,795677,3275.42341932,62,12789,2020,,,,,,
,797500,,,,,-291.7083530883789,796592,0.001,29.31723406791687,1000.0,3397.119970497489
962.99,799677,3280.5017501600005,62,12823,2024,-291.6121025390625,798592,0.001,27.674468096971513,,
,800000,,,,,-291.5881646118164,799592,0.001,24.017917632579803,1000.0,3502.7052746504546
,802500,,,,,-291.60994049072264,801592,0.001,29.527142994642258,1000.0,3349.7307205706834
956.47,803025,3261.3457710100006,62,12872,2028,-291.4398706665039,802592,0.001,30.558208556890488,,
,805000,,,,,-291.0316672780406,804338,0.001,22.9603347370972,1000.0,3463.592210072279
950.45,806423,3241.439725000001,62,12902,2032,-291.7196578979492,805338,0.001,21.070668038606645,,
,807500,,,,,-292.14576934814454,807338,0.001,24.94058592438698,1000.0,3421.3217095047235
,810000,,,,,-292.43657885742186,809338,0.001,28.84785407137871,1000.0,3463.7530276656153
950.45,810423,3242.802948850001,62,12953,2036,,,,,,
,812500,,,,,-292.4355935058594,812174,0.001,22.30380282521248,1000.0,3480.523769193888
948.81,814259,3238.9304370900004,62,12989,2040,-292.0774327392578,813174,0.001,31.405615768671037,,
,815000,,,,,-292.35988250732424,814174,0.001,37.05110322546959,1000.0,3356.807822072506
,817500,,,,,-292.83762493896484,817174,0.001,28.735810417175294,881.65,3058.1934396624565
946.43,818021,3230.03411034,62,13038,2044,,,,,,
,820000,,,,,-292.77801983642576,818936,0.001,25.55138677763939,1000.0,3384.441464102268
946.43,822021,3230.2417575599998,62,13070,2048,-292.3443874511719,820936,0.001,27.969342685461044,,
,822500,,,,,-292.89831671142576,821936,0.001,32.36003287243843,1000.0,3403.164316487312
,825000,,,,,-292.7287001953125,823936,0.001,26.601441595554352,1000.0,3420.977422878146
946.43,826021,3231.62541701,62,13122,2052,-292.89174072265627,824936,0.001,23.56753082728386,,
,827500,,,,,-293.1948621826172,826936,0.001,24.818603543519973,1000.0,3365.995939323306
,830000,,,,,-293.2740849609375,828936,0.001,22.455366609573364,1000.0,3335.860247042775
946.43,830021,3228.45705268,63,13174,2056,,,,,,
,832500,,,,,-293.24473376464846,831936,0.001,25.957926961660384,1000.0,3435.7063862651585
946.43,834021,3228.9461786300003,63,13211,2060,-293.4779799804688,832936,0.001,24.83988615036011,,
,835000,,,,,-293.7338041381836,833936,0.001,26.555885469436646,1000.0,3473.6044900000097
,837500,,,,,-293.18998211669924,836936,0.001,21.82923121738434,1000.0,3356.581272444129
946.43,838021,3230.0699916099998,63,13262,2064,,,,,,
,840000,,,,,-293.6496173095703,838936,0.001,24.626241147756577,1000.0,3442.511235296726
946.43,842021,3232.30351156,63,13298,2068,-294.2670128173828,840936,0.001,32.99959241127968,,
,842500,,,,,-294.56305163574217,841936,0.001,21.533486062526702,1000.0,3524.9055275976657
,845000,,,,,-293.64418078613284,843936,0.001,21.56377461004257,1000.0,3410.5541171610357
955.57,846021,3265.2950087100007,63,13344,2072,-294.00605395507813,844936,0.001,20.119678361415865,,
,847500,,,,,-294.09107482910156,846936,0.001,23.596423615455627,1000.0,3475.452030682564
,850000,,,,,-294.9157194824219,848936,0.001,27.561751725912096,1000.0,3434.657270550728
955.57,850021,3267.4685638,63,13390,2076,,,,,,
,852500,,,,,-294.65879077148435,851936,0.001,21.545855983018875,1000.0,3470.285599580407
955.57,854021,3268.07712121,63,13424,2080,-294.6071953125,852936,0.001,19.23246905350685,,
,855000,,,,,-294.4397897338867,853936,0.001,24.65218177986145,1000.0,3444.232247132063
,857500,,,,,-294.7892132568359,856936,0.001,23.931365809679033,1000.0,3381.7003429323436
974.06,858021,3333.858055750001,63,13479,2084,,,,,,
,860000,,,,,-295.29997662353514,858936,0.001,19.662639331102373,1000.0,3420.33164832294
983.44,862021,3369.7230634099997,63,13516,2088,-294.5183250732422,860936,0.001,27.34039780974388,,
,862500,,,,,-295.4496896972656,861936,0.001,24.744265447378158,1000.0,3559.2572269707916
,865000,,,,,-295.12257556152343,863936,0.001,21.80304593205452,1000.0,3476.3618013620376
983.44,866021,3372.92662358,63,13570,2092,-295.3396250610352,864936,0.001,20.92644590616226,,
,867500,,,,,-295.2849926147461,866936,0.001,23.81873807525635,1000.0,3401.1453021526336
,870000,,,,,-295.73760943603514,868936,0.001,19.305873301744462,1000.0,3463.665841969848
983.44,870021,3372.24575517,63,13626,2096,,,,,,
,872500,,,,,-295.1653472290039,871936,0.001,26.666902817249298,1000.0,3399.5221350908278
983.44,874021,3372.0309556100005,63,13664,2100,-295.4619885253906,872936,0.001,25.928313086271285,,
,875000,,,,,-296.19217474365234,873936,0.001,18.39047435617447,1000.0,3428.463994926214
,877500,,,,,-296.24621618652344,876936,0.001,23.32303407359123,1000.0,3448.9323626309633
983.44,878021,3373.1180091300002,64,13717,2104,,,,,,
,880000,,,,,-296.18731872558595,878936,0.001,26.173898294210435,1000.0,3467.2331852167845
983.44,882021,3375.7731599199997,64,13755,2108,-296.47877459716796,880936,0.001,27.05743396615982,,
,882500,,,,,-297.08403411865237,881936,0.001,29.04920694589615,1000.0,3343.9584795325995
,885000,,,,,-296.5163471679688,883936,0.001,20.763548273563384,1000.0,3412.1139516562225
977.56,885433,3354.6431090600004,64,13812,2112,-296.2997379760742,884936,0.001,23.148742853879927,,
,887500,,,,,-296.99248010253905,887348,0.001,23.227474687099456,1000.0,3442.0885020554065
977.56,889433,3355.7616990400006,64,13848,2116,-296.86147650146484,888348,0.001,25.712379383325576,,
,890000,,,,,-296.9164922485352,889348,0.001,19.414410316228867,1000.0,3289.825159397721
,892500,,,,,-297.12996948242187,892348,0.001,25.462553579330443,1000.0,3463.6526395559313
977.56,893433,3356.3268714800006,64,13903,2120,,,,,,
,895000,,,,,-297.16183386230466,894348,0.001,28.791417217969894,1000.0,3466.0989841789005
977.56,897433,3355.7952473500004,64,13944,2124,-297.85568798828126,896348,0.001,26.04247124671936,,
,897500,,,,,-297.04584326171874,897348,0.001,22.386844607949257,1000.0,3455.8664532124994
,900000,,,,,-297.5622171020508,899348,0.001,17.223389356851577,1000.0,3479.78214225173
984.08,901433,3379.9067900600003,64,13997,2128,-297.62038342285155,900348,0.001,27.27701508116722,,
,902500,,,,,-297.5170266113281,902348,0.001,22.97562380552292,1000.0,3394.7310841590165
,905000,,,,,-298.2409826660156,904348,0.001,31.735907239198685,1000.0,3469.437806659937
990.1,905433,3401.78890745,64,14049,2132,,,,,,
,907500,,,,,-298.5210230102539,907348,0.001,21.468696796894072,1000.0,3454.1326904207467
985.5,908973,3388.7613088699995,64,14088,2136,-298.2895726928711,908348,0.001,21.618634032726288,,
,910000,,,,,-297.8133386230469,909888,0.001,28.7102234480381,996.9,3474.3681112110617
,912500,,,,,-298.6829428100586,911888,0.001,23.335635644197463,971.55,3368.241194817424
987.14,912973,3393.3678996999997,64,14141,2140,,,,,,
,915000,,,,,-298.3596123046875,914888,0.001,23.55198750472069,1000.0,3435.114106312394
989.52,916973,3404.20029336,64,14180,2144,-298.58281787109377,915888,0.001,20.272857318401336,,
,917500,,,,,-298.9437396850586,916888,0.001,22.137390465021134,1000.0,3503.830774760246
,920000,,,,,-298.8867703857422,919888,0.001,23.889278047323227,1000.0,3471.2868660390377
989.52,920973,3406.73069293,64,14234,2148,,,,,,
,922500,,,,,-299.09503289794924,921888,0.001,21.58790048336983,1000.0,3475.4844980597495
989.52,924973,3407.5248535700007,64,14274,2152,-299.26555627441405,923888,0.001,26.966277606010436,,
,925000,,,,,-299.2897407836914,924888,0.001,21.675542055606844,1000.0,3503.598291096091
,927500,,,,,-299.34803240966795,926888,0.001,21.712696748018264,1000.0,3494.3912897348405
989.52,928973,3411.9406574200007,64,14329,2156,-299.5342933349609,927888,0.001,26.24142141485214,,
,930000,,,,,-299.3451724243164,929888,0.001,21.792845257997513,1000.0,3515.2052444249393
,932500,,,,,-299.52760064697264,931888,0.001,22.290626819849013,1000.0,3473.7768739402295
989.52,932973,3415.1038857500007,64,14383,2160,,,,,,
,935000,,,,,-299.8058916015625,934888,0.001,22.345778932094575,1000.0,3513.8341418355703
989.52,936973,3416.3712122100005,64,14420,2164,-299.3296371459961,935888,0.001,26.779758785486223,,
,937500,,,,,-299.5290074462891,936888,0.001,24.606380185842514,730.3,2312.633066634834
973.08,939329,3355.6704168099996,65,14447,2168,-298.7829833984375,938864,0.001,29.910796766746333,,
,940000,,,,,-298.8197801689125,939898,0.001,19.71272073025368,1000.0,3320.300255665183
,942500,,,,,-299.105411315918,941898,0.001,25.049271534204482,1000.0,3332.870559942722
969.62,942983,3340.082925669999,65,14497,2172,,,,,,
,945000,,,,,-299.2175299682617,944898,0.001,25.06370941066742,1000.0,3361.062401342392
969.62,946983,3335.84264226,65,14536,2176,-299.65240618896485,945898,0.001,16.827479656934738,,
,947500,,,,,-299.33718145751953,946898,0.001,25.353446360588073,1000.0,3365.0865706712007
,950000,,,,,-299.6404688720703,949898,0.001,20.714629463672637,970.45,3242.084084260464
969.62,950983,3330.73180102,65,14590,2180,,,,,,
,952500,,,,,-299.677178894043,951898,0.001,23.24867280340195,1000.0,3414.839437520504
969.62,954983,3328.5956563700006,65,14627,2184,-299.4415764160156,953898,0.001,22.523704058170317,,
,955000,,,,,-299.05064276123045,954898,0.001,19.774552029132842,925.95,3122.416003873944
,957500,,,,,-298.8706759033203,956898,0.001,20.40815520596504,1000.0,3474.749787503481
969.62,958983,3327.54940175,65,14679,2188,-299.5335399169922,957898,0.001,21.07031570649147,,
,960000,,,,,-299.0704130764125,959872,0.001,20.242704869051,1000.0,3418.238208821416
,962500,,,,,-299.2681951904297,961872,0.001,24.480456323862075,1000.0,3433.9211239844562
969.36,962957,3325.1662301300003,65,14733,2192,,,,,,
,965000,,,,,-299.6441751098633,964872,0.001,21.032581174850463,1000.0,3478.191054093838
969.36,966957,3326.5003921000007,65,14771,2196,-299.00898315429686,965872,0.001,19.58953345322609,,
,967500,,,,,-299.26878826904294,966872,0.001,20.117108886241912,1000.0,3461.1677727907895
,970000,,,,,-299.4224267578125,969872,0.001,17.33218205547333,1000.0,3426.614043277502
969.36,970957,3326.74286276,65,14823,2200,,,,,,
,972500,,,,,-300.0576073608398,971872,0.001,25.243424048662185,1000.0,3452.9168339520693
969.36,974957,3324.89446539,65,14861,2204,-299.54070434570315,973872,0.001,26.096663811206817,,
,975000,,,,,-299.9656127929687,974872,0.001,20.870509143352507,1000.0,3495.7173318117857
,977500,,,,,-300.71677996826173,976872,0.001,22.750479295969008,1000.0,3477.8583147794006
969.36,978957,3326.11939301,65,14912,2208,-300.4651226196289,977872,0.001,25.684037551641463,,
,980000,,,,,-300.7894956665039,979872,0.001,16.84861921596527,1000.0,3417.6667145103215
,982500,,,,,-300.9808251342773,981872,0.001,23.051337995767593,1000.0,3419.7388320475816
975.24,982957,3345.35970288,65,14965,2212,,,,,,
,985000,,,,,-300.6432620239258,984872,0.001,31.29169724059105,1000.0,3368.522894510627
975.24,986957,3346.3519431799996,65,15001,2216,-301.21297241210937,985872,0.001,16.19886111021042,,
,987500,,,,,-301.12601568603515,986872,0.001,23.20710418558121,1000.0,3444.113009864092
,990000,,,,,-300.85566345214846,989872,0.001,17.923296875476836,1000.0,3557.8866275221108
975.24,990957,3349.49282969,65,15052,2220,,,,,,
,992500,,,,,-301.14128024631077,991773,0.001,19.077779381971116,1000.0,3455.6321252852676
974.25,994858,3345.83433517,65,15088,2224,-300.98351892089846,993773,0.001,26.665132926702498,,
,995000,,,,,-301.64303704833986,994773,0.001,22.285017133951186,864.6,2977.7928651839493
,997500,,,,,-301.5412159423828,997095,0.001,22.953084894657135,1000.0,3482.866191715002
967.47,998180,3321.9468528,65,15137,2228,,,,,,
,1000000,,,,,-301.49712579345703,999095,0.001,22.641013511419295,1000.0,3379.4279955923557
