time/episodes,time/fps,train/actor_loss,rollout/ep_len_mean,train/critic_loss,time/total_timesteps,train/learning_rate,rollout/ep_rew_mean,time/time_elapsed,train/n_updates,eval/mean_ep_length,eval/mean_reward
4,61,-6.425341567754746,1000.0,0.0948173724571243,4000,0.001,-1608.85685925,65,3000,,
,,-6.791385513241008,,0.4975724990377907,5000,0.001,,,4119,1000.0,-1057.7003276228904
8,43,-8.074659252166748,649.5,0.3787675008177757,5196,0.001,-989.9514692500001,119,5129,,
12,43,-7.559492037846492,446.9166666666667,0.7577858048456686,5363,0.001,-688.90248725,122,5277,,
16,44,-7.245909212589264,465.0625,1.0072980031967163,7441,0.001,-814.818891,168,7406,,
,,-10.123771779060364,,1.1048604409694671,10000,0.001,,,9441,1000.0,482.46503208393517
20,47,-11.07412843322754,572.05,1.1096597739458085,11441,0.001,-557.6296819500001,240,10441,,
,,-13.464198963165284,,1.1660992385149003,15000,0.001,,,14347,1000.0,749.4477056456556
24,47,,639.4583333333334,,15347,,-362.1249384166667,325,,,
28,48,-16.360204122543333,690.9642857142857,0.9028239144384861,19347,0.001,-204.18793299999996,402,18347,,
,,-16.975257207870484,,0.780870831400156,20000,0.001,,,19347,1000.0,829.3530743954761
32,47,-18.985628684997558,729.59375,0.6489480627775193,23347,0.001,-85.59513753124997,490,22347,,
,,-20.017443435668945,,0.6002580333948135,25000,0.001,,,24347,1000.0,842.9387703741901
36,47,-21.39062357711792,759.6388888888889,0.548001011133194,27347,0.001,7.987710388888916,578,26347,,
,,-23.39993320465088,,0.4965822744369507,30000,0.001,,,29347,1000.0,890.0722113750875
40,47,-24.052019702911377,783.675,0.5031258208453655,31347,0.001,90.50674292500003,664,30347,,
,,-26.53971032333374,,0.47907172721624375,35000,0.001,,,34347,1000.0,854.9968606527269
44,46,,803.3409090909091,,35347,,160.90768797727276,752,,,
48,47,-28.341892292022706,819.7291666666666,0.47949776285886764,39347,0.001,222.38682156250002,828,38347,,
,,-28.75249747467041,,0.4908491466939449,40000,0.001,,,39347,901.2,748.6371125204489
52,47,-29.418979904174805,833.5961538461538,0.5399296009838581,43347,0.001,261.68795926923076,912,42347,,
,,-30.427731395721434,,0.5617699113935232,45000,0.001,,,44347,1000.0,932.8161436542869
56,47,-31.354980453491212,845.4821428571429,0.527641626983881,47347,0.001,306.17298808928575,999,46347,,
,,-32.9701611366272,,0.5112696874141693,50000,0.001,,,49347,1000.0,890.2783060318791
60,47,-33.44222583770752,855.7833333333333,0.5180080624222756,51347,0.001,345.21573473333336,1086,50347,,
,,-34.96996617889404,,0.5333274114876986,55000,0.001,,,54347,1000.0,892.5865178147099
64,47,,864.796875,,55347,,377.17774675000004,1173,,,
68,47,-36.08821865081787,872.75,0.5257212631851435,59347,0.001,405.7109545,1251,58347,,
,,-36.471817977905275,,0.5471830260157585,60000,0.001,,,59347,1000.0,889.6943893939257
72,47,-37.431281211853026,879.8194444444445,0.5204198070168495,63347,0.001,433.65143934722227,1337,62347,,
,,-38.11455593109131,,0.5036909561902284,65000,0.001,,,64347,1000.0,884.933079944551
76,47,-38.93971146392822,886.1447368421053,0.47675067733228205,67347,0.001,459.7312600526317,1425,66347,,
,,-39.961484397888185,,0.4890594240427017,70000,0.001,,,69347,901.2,827.8538946207613
80,47,-40.41017316436768,891.8375,0.4506588923037052,71347,0.001,481.07149100000004,1513,70347,,
,,-41.530540092468264,,0.4573647681325674,75000,0.001,,,74347,1000.0,946.249806241272
84,46,,896.9880952380952,,75347,,502.3359662619048,1605,,,
88,46,-42.30853117370606,901.6704545454545,0.4917580903619528,79347,0.001,517.5352172727272,1691,78347,,
,,-42.49426361846924,,0.4724411719739437,80000,0.001,,,79347,1000.0,700.9981129120104
92,46,-43.015582344055176,905.945652173913,0.47644053637981415,83347,0.001,535.1179766630434,1786,82347,,
,,-43.11651557922363,,0.5173351096361876,85000,0.001,,,84347,1000.0,752.1973739776761
96,46,-43.460182708740234,909.8645833333334,0.4697465948611498,87347,0.001,551.1228782395833,1886,86347,,
,,-43.98478562164307,,0.4737725726366043,90000,0.001,,,89347,1000.0,924.832441233797
100,45,-44.23667582702637,913.47,0.48090138493478296,91347,0.001,566.69622482,1989,90347,,
,,-45.00696884918213,,0.4822863802909851,95000,0.001,,,94347,1000.0,933.852812046092
104,45,,913.47,,95347,,667.7189572699999,2080,,,
108,46,-45.728637031555174,941.51,0.4688352023363113,99347,0.001,718.4357525800001,2127,98347,,
,,-45.94461988830567,,0.44715621167421343,100000,0.001,,,99347,1000.0,923.7850324461236
112,47,-46.40391896057129,979.84,0.4738217983394861,103347,0.001,759.66361667,2181,102347,,
,,-46.86253631591797,,0.45000294241309163,105000,0.001,,,104347,1000.0,958.7485943645239
116,47,-47.21561933898926,999.06,0.4409098612368107,107347,0.001,844.3900126500002,2257,106347,,
,,-47.47232439422607,,0.4460173756629229,110000,0.001,,,109347,1000.0,895.2253013517271
120,47,-47.558258323669435,999.06,0.4605040577352047,111347,0.001,863.9389736,2345,110347,,
,,-47.851509559631346,,0.439687798127532,115000,0.001,,,114347,1000.0,909.6720321811736
124,47,,1000.0,,115347,,876.2976150000001,2435,,,
128,47,-48.26371017456054,1000.0,0.44757871121168136,119347,0.001,882.6739010599999,2506,118347,,
,,-48.33659018707275,,0.45049041642248633,120000,0.001,,,119347,1000.0,885.388098327443
132,14,-48.785836166381834,1000.0,0.4794682943969965,123347,0.001,888.0443976700002,8501,122347,,
,,-49.10590243530273,,0.4597497003674507,125000,0.001,,,124347,1000.0,887.6122303846627
136,14,-49.17415765380859,1000.0,0.4895554620474577,127347,0.001,891.7147297500001,8619,126347,,
,,-49.17129047393799,,0.5062811154425144,130000,0.001,,,129347,1000.0,849.1090096954256
140,15,-49.05844260406494,1000.0,0.5058908028304577,131347,0.001,891.78593696,8727,130347,,
,,-48.629468475341795,,0.5382115564644336,135000,0.001,,,134347,1000.0,811.1239435668801
144,15,,1000.0,,135347,,892.6016487599998,8836,,,
148,15,-48.36519719696045,1000.0,0.4639971563220024,139347,0.001,889.70546975,8925,138347,,
,,-48.36585007476807,,0.45533680994808673,140000,0.001,,,139347,1000.0,792.5748521598543
152,15,-48.41044163513184,1000.0,0.5155356976985931,143347,0.001,891.8575212900001,9019,142347,,
,,-48.370317337036134,,0.5131809559464454,145000,0.001,,,144347,1000.0,929.157085390063
156,16,-48.33225040435791,1000.0,0.49308457972109315,147347,0.001,891.6072793200001,9116,146347,,
,,-48.18455531311035,,0.48307143998146057,150000,0.001,,,149347,1000.0,927.035257505835
160,16,-48.31679117584228,1000.0,0.4392105235308409,151347,0.001,890.2580532899999,9224,150347,,
,,-48.90174674987793,,0.405885694488883,155000,0.001,,,154347,1000.0,917.0427475623786
164,16,,1000.0,,155347,,894.7796403700002,9347,,,
168,16,-49.265828498840335,1000.0,0.4315064973831177,159347,0.001,896.92449446,9468,158347,,
,,-49.33555769348145,,0.42316500975191595,160000,0.001,,,159347,1000.0,938.4471725838259
172,17,-49.44290201568604,1000.0,0.4527046860605478,163347,0.001,897.4716727599999,9601,162347,,
,,-49.63820461273193,,0.45925069111585615,165000,0.001,,,164347,1000.0,913.7540115252137
176,17,-49.82431418609619,1000.0,0.4664236519187689,167347,0.001,896.8544454899999,9733,166347,,
,,-49.67897963714599,,0.5125271621346473,170000,0.001,,,169347,1000.0,929.9690223948098
180,17,-49.76464755249023,1000.0,0.5021398193985224,171347,0.001,898.39402246,9863,170347,,
,,-50.32272696685791,,0.4565407744646072,175000,0.001,,,174347,1000.0,897.691731999442
184,17,,1000.0,,175347,,897.51593274,9962,,,
188,17,-50.860329849243165,1000.0,0.46593224309384823,179347,0.001,898.89704282,10060,178347,,
,,-51.00898871612549,,0.46206462195515635,180000,0.001,,,179347,1000.0,817.0777316432446
192,18,-51.46802632141113,1000.0,0.4456135024577379,183347,0.001,894.2470818300003,10169,182347,,
,,-51.681238548278806,,0.4519962898641825,185000,0.001,,,184347,1000.0,895.8046888303943
196,18,-51.846143836975095,1000.0,0.4273302139937878,187347,0.001,891.8350396500001,10276,186347,,
,,-52.2814202041626,,0.42757716213166713,190000,0.001,,,189347,1000.0,899.6954705608077
200,18,-52.39303234100342,1000.0,0.44436771158874033,191347,0.001,890.6284191899998,10390,190347,,
,,-52.64672518157959,,0.45207377791404724,195000,0.001,,,194347,1000.0,837.0538082166574
204,18,,1000.0,,195347,,892.6340446999999,10499,,,
208,18,-53.12940391540528,1000.0,0.42441229304671285,199347,0.001,893.6301543599999,10600,198347,,
,,-53.29561901855469,,0.4382465504109859,200000,0.001,,,199347,1000.0,884.9021062326385
212,18,-53.528517051696774,1000.0,0.531475396618247,203347,0.001,890.46849164,10707,202347,,
,,-53.69040238189697,,0.6177433415353298,205000,0.001,,,204347,1000.0,865.4711319498019
216,19,-53.91338708496094,1000.0,0.524806953728199,207347,0.001,895.1997406300002,10827,206347,,
,,-54.31872023773193,,0.47459382802248,210000,0.001,,,209347,1000.0,881.9296522662742
220,19,-54.460678871154784,1000.0,0.4826343384534121,211347,0.001,895.08622855,10941,210347,,
224,19,-54.93149949645996,991.91,0.4582794199883938,214538,0.001,886.92442154,11019,213538,,
,,-55.011484886169434,,0.5416096265017987,215000,0.001,,,214538,1000.0,926.8386598320678
228,19,-55.4823593826294,991.91,0.49380286417901514,218538,0.001,884.16691132,11127,217538,,
,,-55.7904027633667,,0.5314251264035702,220000,0.001,,,219538,1000.0,539.1650086359411
232,19,-56.03691407775879,991.91,0.5580631157457828,222538,0.001,878.25771349,11236,221538,,
,,-56.30985929107666,,0.6174503201842308,225000,0.001,,,224538,1000.0,788.0437035788316
236,19,-56.5458618774414,991.91,0.6386776989400387,226538,0.001,872.2140278000002,11344,225538,,
,,-56.89983666229248,,0.7054842143654824,230000,0.001,,,229538,1000.0,902.9482374452055
240,20,,991.91,,230538,,875.9812588900002,11451,,,
244,20,-57.35394832611084,991.91,0.6717237210273743,234538,0.001,861.4346587100001,11552,233538,,
,,-57.506200912475585,,0.7000137912929059,235000,0.001,,,234538,1000.0,879.4064461424307
248,20,-58.02089724731445,991.91,0.7327620060443878,238538,0.001,869.4445926200001,11661,237538,,
,,-58.53296960449219,,0.720134847998619,240000,0.001,,,239538,1000.0,1277.9975897797617
252,20,-58.91085894775391,991.91,0.7325028782784939,242538,0.001,884.3115387700001,11767,241538,,
,,-59.16841641998291,,0.7371646535098553,245000,0.001,,,244538,1000.0,1331.6257780715823
256,20,-59.310150886535645,991.91,0.7537672975063324,246538,0.001,889.9578173199999,11876,245538,,
,,-60.11706039428711,,0.7858646571338177,250000,0.001,,,249538,1000.0,1081.1831561484664
260,20,,991.91,,250538,,897.4473946600001,11983,,,
264,21,-60.91244780731201,991.91,0.854957045018673,254538,0.001,909.8603575000001,12076,253538,,
,,-61.198874641418456,,0.8176519184410572,255000,0.001,,,254538,1000.0,1271.4413479100244
268,21,-62.15915748596191,991.91,0.8210440911352634,258538,0.001,923.3447811299999,12180,257538,,
,,-62.5957313079834,,0.8816929968297481,260000,0.001,,,259538,1000.0,1273.8784245481716
272,21,-62.81551505279541,991.91,0.8531736855208873,262538,0.001,927.4784790299999,12283,261538,,
,,-63.62871008300781,,0.868438396781683,265000,0.001,,,264538,1000.0,1427.289614103452
276,21,-63.737182525634765,991.91,0.9050716713666916,266538,0.001,949.3538442100001,12392,265538,,
,,-65.0847387008667,,0.9345667895078659,270000,0.001,,,269538,1000.0,1464.066095238179
280,21,,991.91,,270538,,971.3992212599999,12492,,,
284,21,-66.24271509552003,991.91,1.035039156794548,274538,0.001,953.05421322,12598,273538,,
,,-66.57210599517822,,1.0740769568681716,275000,0.001,,,274538,929.4,1206.8498585536502
288,21,-67.19372720336914,991.91,1.2402177600860596,278538,0.001,931.14696877,12706,277538,,
,,-67.47957014465332,,1.3594507253170014,280000,0.001,,,279538,1000.0,1562.2729610705283
292,22,-67.88889778900146,991.91,1.4976380751132965,282538,0.001,961.21801015,12809,281538,,
,,-68.60007152557372,,1.5017830690741538,285000,0.001,,,284538,1000.0,1505.2177808407694
296,22,-68.79580603027344,991.91,1.5208156601786613,286538,0.001,990.77541269,12908,285538,,
,,-69.98365724182129,,1.4620997224450112,290000,0.001,,,289538,1000.0,1578.3533527478576
300,22,,991.91,,290538,,1013.3072331999999,13008,,,
304,22,-71.24232647705078,991.91,1.4760567882657052,294538,0.001,1039.0788733699999,13098,293538,,
,,-71.76710467529297,,1.4694609468579292,295000,0.001,,,294538,1000.0,1547.0720981623977
308,22,-72.60763092041016,991.91,1.5926311586499213,298538,0.001,1066.83351097,13197,297538,,
,,-73.18095835876464,,1.7568325961232185,300000,0.001,,,299538,1000.0,1674.0585730014368
312,22,-73.77440177917481,991.91,1.7051555314064026,302538,0.001,1082.9713949299999,13296,301538,,
,,-74.82899276733399,,1.7212321523427963,305000,0.001,,,304538,1000.0,1582.984658402577
316,22,-74.9645392150879,991.91,1.7544889824986458,306538,0.001,1105.85728776,13408,305538,,
,,-76.01510076904297,,1.7820084434151648,310000,0.001,,,309538,1000.0,1685.091705973092
320,22,,991.91,,310538,,1134.3939666299998,13515,,,
324,23,-77.44194873046875,1000.0,2.0092092072367667,314538,0.001,1144.30740491,13619,313538,,
,,-77.56155282592773,,2.0122976819276808,315000,0.001,,,314538,1000.0,972.0084370570373
328,23,-78.98125567626953,1000.0,2.060497495651245,318538,0.001,1181.39917415,13710,317538,,
,,-79.55514404296875,,2.2471282123327256,320000,0.001,,,319538,1000.0,1618.8701829677404
332,23,-80.45888954162598,1000.0,2.314933961510658,322538,0.001,1221.46679506,13780,321538,,
,,-81.78380172729493,,2.2824430532455446,325000,0.001,,,324538,1000.0,1682.4088520033051
336,23,-82.1995274810791,1000.0,2.271187146008015,326538,0.001,1262.2144108800003,13841,325538,,
,,-83.48754124450683,,2.350509921789169,330000,0.001,,,329538,1000.0,1853.6290168169653
340,23,,1000.0,,330538,,1289.7087203400001,13899,,,
344,23,-85.13166230773926,1000.0,2.4849202951192857,334538,0.001,1336.34003207,13951,333538,,
,,-85.51332571411133,,2.477775458097458,335000,0.001,,,334538,1000.0,1872.9179471602663
348,24,-86.79356983947754,1000.0,2.5080949548482896,338538,0.001,1365.14181662,14009,337538,,
,,-87.47892663574218,,2.505764680147171,340000,0.001,,,339538,1000.0,1692.7104120371864
352,24,-88.52782710266113,1000.0,2.5580274294018746,342538,0.001,1388.2748530300003,14067,341538,,
,,-90.18283259582519,,2.6792674267292025,345000,0.001,,,344538,1000.0,1491.6891562867852
356,24,-90.58169229125977,1000.0,2.8368419688940048,346538,0.001,1419.43060245,14126,345538,,
,,-92.03213534545898,,2.8186859883069992,350000,0.001,,,349538,1000.0,1710.9985528804361
360,24,,1000.0,,350538,,1445.71843154,14183,,,
364,24,-92.82582551574707,986.62,3.2594713263511657,353200,0.001,1402.7589913900001,14226,352872,,
,,-92.80852848815918,,3.177538799762726,355000,0.001,,,354382,737.4,960.9232606767328
368,24,-93.32152868652344,978.44,3.3044027054309844,356382,0.001,1383.7153853199998,14264,355382,,
,,-95.14162272644043,,3.393066452741623,360000,0.001,,,359382,1000.0,1719.4559570460813
372,25,,978.44,,360382,,1415.2617352500001,14322,,,
376,25,-96.59655433654785,978.44,3.718948996901512,364382,0.001,1425.1719857300004,14375,363382,,
,,-96.87490930175781,,3.8831602113246917,365000,0.001,,,364382,1000.0,1787.8486012117005
380,25,-97.41293322753906,978.44,3.6430779737234116,368382,0.001,1433.80607703,14432,367382,,
,,-97.51647570800782,,3.7877986761331557,370000,0.001,,,369382,1000.0,1866.1395499692298
384,25,-98.04493910217285,978.44,3.4806583904027937,372382,0.001,1491.0266437300002,14490,371382,,
,,-98.81052397155761,,3.721387481212616,375000,0.001,,,374382,901.1,1234.585838124901
388,25,-99.10020196533203,978.44,3.673422619342804,376382,0.001,1551.77675995,14547,375382,,
,,-100.13910809326173,,3.9814999727010725,380000,0.001,,,379382,1000.0,879.4071363190681
392,26,,978.44,,380382,,1558.4769228799998,14606,,,
396,26,-101.21465438842773,978.44,4.8648349785804745,384382,0.001,1456.6043119899998,14657,383382,,
,,-100.75523303222656,,4.338954484701157,385000,0.001,,,384382,1000.0,385.6602915672265
400,26,-100.11698002624512,978.44,4.250568687200547,388382,0.001,1441.8679316100001,14714,387382,,
,,-100.36922827148437,,4.060595648884774,390000,0.001,,,389382,909.8,1731.3875707438215
404,26,-100.46756614685059,970.13,4.313896064400673,391551,0.001,1424.59740463,14771,391382,,
,,-101.19994891357422,,4.571108371973038,395000,0.001,,,394551,1000.0,1730.8643499803263
408,26,,970.13,,395551,,1437.1398980500003,14818,,,
412,26,-102.5046816739169,965.84,4.6126762922925,399122,0.001,1451.4220453700002,14864,398122,,
,,-102.96655256652832,,4.9217719922065735,400000,0.001,,,399122,1000.0,1561.6875081358478
416,26,-103.85797505187988,956.21,5.347892924308777,402159,0.001,1443.23726483,14915,401669,,
,,-104.06393231201172,,4.94498952126503,405000,0.001,,,404159,1000.0,967.5007646498037
420,27,-104.39889331054688,956.21,5.079943789720535,406159,0.001,1438.63446134,14967,405159,,
424,27,-105.49070123291015,948.95,5.015515404462814,409433,0.001,1455.91718115,15018,409159,,
,,-105.37700112892763,,5.094722816543857,410000,0.001,,,409433,563.7,697.9831745083909
428,27,-105.50469598388672,948.95,5.4421301085948945,413433,0.001,1433.51008524,15064,412433,,
,,-105.88083799743653,,5.1085993330478665,415000,0.001,,,414433,942.8,1906.7142383519094
432,27,-106.55238694763183,948.95,5.174094269037247,417433,0.001,1444.37104245,15122,416433,,
,,-107.7470979309082,,5.538198654651642,420000,0.001,,,419433,1000.0,1742.5662253865971
436,27,-108.37069050598144,948.95,5.3550049097537995,421433,0.001,1445.65856267,15180,420433,,
,,-110.41480340576172,,4.967648112535477,425000,0.001,,,424433,1000.0,1913.1302945740522
440,27,,948.95,,425433,,1454.6205411600001,15237,,,
444,28,-111.67180003356934,948.95,5.014684296369553,429433,0.001,1462.10403889,15288,428433,,
,,-111.91881602478027,,5.0980007431507115,430000,0.001,,,429433,911.7,1687.4728026109865
448,28,-112.27210528564453,948.95,4.856432737708092,433433,0.001,1473.4544271500001,15345,432433,,
,,-112.84126788052646,,4.353879313035445,435000,0.001,,,434653,1000.0,1971.0407594495919
452,28,-113.35019026184082,941.15,4.296647126436233,436653,0.001,1467.92969357,15392,435653,,
456,28,-114.44793765827761,930.28,4.66770910004438,439566,0.001,1453.7460327200001,15430,438566,,
,,-114.8926014251709,,4.799355901122093,440000,0.001,,,439566,889.6,1723.0142520681954
460,28,-116.07564500427246,930.28,4.77181727206707,443566,0.001,1466.5466816000003,15489,442566,,
,,-117.61451793964092,,5.090713997254005,445000,0.001,,,444216,947.7,1658.9100379051174
464,28,-118.0130687713623,940.16,4.775326398134232,447216,0.001,1534.4990579300002,15559,446216,,
,,-119.50588023376464,,4.6749564858675,450000,0.001,,,449216,1000.0,1479.7684065400622
468,28,-119.24238493347168,948.34,5.7280206831693645,451216,0.001,1584.97233014,15653,450216,,
,,-120.90028192138672,,4.560783438444138,455000,0.001,,,454216,797.0,1050.1114873912884
472,28,,948.34,,455216,,1569.1886681900005,15771,,,
476,28,-121.33913336181641,948.34,5.11824443089962,459216,0.001,1579.59226897,15862,458216,,
,,-121.20950317382812,,5.210808253407478,460000,0.001,,,459216,1000.0,1807.4384189341217
480,29,-121.68592584228516,948.34,5.357801382064819,463216,0.001,1592.76758092,15968,462216,,
,,-122.22123005676269,,5.245679167747498,465000,0.001,,,464216,891.0,1854.8735310581512
484,29,-122.67903121948243,948.34,5.6389809601306915,467216,0.001,1598.3266607700002,16076,466216,,
,,-123.64745584106446,,5.020453205704689,470000,0.001,,,469216,953.2,1900.6492360653356
488,29,-123.93472282409668,948.34,5.255110964536667,471216,0.001,1610.7269747900002,16185,470216,,
,,-124.70149613952637,,5.186280135393143,475000,0.001,,,474216,926.3,1781.3138723367824
492,29,,948.34,,475216,,1584.94343493,16295,,,
496,29,-126.41095887756347,948.34,5.155705268621444,479216,0.001,1710.2716872900003,16391,478216,,
,,-126.73047822570801,,5.062831918120384,480000,0.001,,,479216,1000.0,1986.9501778289675
500,29,-127.31819046020507,948.34,5.4360059294700624,483216,0.001,1750.5656970899995,16502,482216,,
,,-127.77088250732422,,5.894653626203537,485000,0.001,,,484216,1000.0,1882.3423304815835
504,29,-128.42284904479982,956.65,5.261144710540772,487216,0.001,1778.9472774100002,16611,486216,,
,,-128.77431173706054,,5.35043705701828,490000,0.001,,,489216,1000.0,2242.204033221118
508,29,-129.22761366271973,956.65,5.44908421254158,491216,0.001,1787.09721692,16716,490216,,
512,29,-129.4905351409912,954.93,5.758557792067528,494615,0.001,1792.4330812800001,16798,493615,,
,,-129.9318462677002,,5.6007683968544,495000,0.001,,,494615,1000.0,2172.845083835896
516,29,-130.84413415527345,964.56,5.70741983127594,498615,0.001,1819.5180102499999,16908,497615,,
,,-131.0254839782715,,5.6421749830245975,500000,0.001,,,499615,946.3,1988.4797626173124
520,29,-130.98981117248536,964.56,5.933281512975693,502615,0.001,1842.17718883,17016,501615,,
,,-131.42327281188966,,5.57133761715889,505000,0.001,,,504615,1000.0,2060.855407173559
524,29,-132.04975804138184,971.82,5.824980422258377,506615,0.001,1868.1006772000003,17128,505615,,
,,-133.16526292419434,,5.502880261182785,510000,0.001,,,509615,1000.0,1996.047768263379
528,29,,971.82,,510615,,1904.63702979,17238,,,
532,29,-134.07733291625976,964.0,5.532757242202758,513833,0.001,1895.7671094899997,17332,513615,,
,,-133.99455212402344,,5.079484518527985,515000,0.001,,,514833,1000.0,2209.853345445497
536,29,-134.30715773010255,964.0,5.326172242760658,517833,0.001,1915.1136499300003,17426,516833,,
,,-134.33307809448243,,5.505279899597168,520000,0.001,,,519833,1000.0,2299.069519320782
540,29,-135.07526472473145,964.0,6.700997629880905,521833,0.001,1928.69299571,17538,520833,,
,,-136.37542044067382,,5.640879958152771,525000,0.001,,,524833,1000.0,2180.5630799293517
544,29,,964.0,,525833,,1940.49240605,17652,,,
548,29,-136.75387071228027,964.0,5.932815988540649,529833,0.001,1952.4070257800004,17760,528833,,
,,-137.12892248535155,,6.144010626077652,530000,0.001,,,529833,1000.0,2259.154568884894
552,29,-137.5592875518799,971.8,6.101950332641602,533833,0.001,1979.4462221099998,17877,532833,,
,,-137.96226873779298,,5.893082156181335,535000,0.001,,,534833,987.3,2064.738743740879
556,29,-138.37795109558107,982.67,5.686573192834854,537833,0.001,2007.6691553800001,17999,536833,,
,,-139.103741317749,,5.911369181632995,540000,0.001,,,539917,1000.0,2333.0307432262225
560,29,,973.51,,540917,,1996.3712629399995,18090,,,
564,29,-140.06105686950684,970.0,6.664009175300598,544216,0.001,1996.19805776,18185,543917,,
,,-140.18935557047527,,6.966277963740371,545000,0.001,,,544216,938.3,1718.158350729334
568,30,-141.35367486572267,970.0,6.70317253947258,548216,0.001,1999.3498509999997,18270,547216,,
,,-141.2226967163086,,6.961915686130523,550000,0.001,,,549216,1000.0,2129.3123627293853
572,30,-141.64316288757325,970.0,7.6487563774585725,552216,0.001,2029.2120618700003,18375,551216,,
,,-141.81837858581542,,8.336889729738235,555000,0.001,,,554216,901.1,1786.4933299938682
576,30,-142.10138409423828,970.0,9.23888751411438,556216,0.001,2037.2216649099998,18501,555216,,
,,-142.57988626098634,,9.431193747997284,560000,0.001,,,559216,931.0,1956.8944364845986
580,30,,970.0,,560216,,2042.2368611200006,18632,,,
584,30,-142.52268153381348,970.0,8.22395404434204,564216,0.001,2007.7596234400003,18752,563216,,
,,-142.588718170166,,7.343776138544083,565000,0.001,,,564216,1000.0,2037.9098206652911
588,30,-142.53337045288086,970.0,10.048031510591507,568216,0.001,1973.8878978300002,18883,567216,,
,,-142.1107756652832,,10.443488930225373,570000,0.001,,,569216,1000.0,1711.013051840174
592,30,-141.47753689575194,970.0,11.145560411930084,572216,0.001,2020.7324156800003,19017,571216,,
,,-141.6779986114502,,18.247996434688567,575000,0.001,,,574216,1000.0,1873.3602545242989
596,30,-142.02782833862304,970.0,19.526266703128815,576216,0.001,1999.55001929,19155,575216,,
,,-142.42447509765626,,13.262813511371613,580000,0.001,,,579216,1000.0,735.3425562157121
600,30,,970.0,,580216,,1960.05397856,19285,,,
604,30,-149.40074371337892,970.0,16.755665737628938,584216,0.001,1863.5431292600001,19386,583216,,
,,-154.49314682006835,,17.92136713218689,585000,0.001,,,584216,1000.0,-306.9372078195214
608,30,-151.2821437072754,970.0,10.345320365428925,588216,0.001,1774.4759080999997,19499,587216,,
,,-151.90195248413085,,8.554565218925475,590000,0.001,,,589216,1000.0,1539.0074825189208
612,30,-152.10135153198243,976.01,7.4672523233890535,592216,0.001,1773.04376168,19616,591216,,
,,-151.7277048034668,,7.662538646936417,595000,0.001,,,594371,974.6,1896.4499358067521
616,30,,967.56,,595371,,1720.9870476199999,19711,,,
620,30,-151.16428338623047,967.56,7.319266194581986,599371,0.001,1705.66760449,19820,598371,,
,,-150.9485220336914,,7.640390888214111,600000,0.001,,,599371,1000.0,2176.726973999408
624,30,-150.90999673461914,967.56,7.667948595523834,603371,0.001,1706.01785114,19936,602371,,
,,-149.78779748535158,,7.000290840625763,605000,0.001,,,604371,1000.0,1976.2230847916683
628,30,-149.45230059814452,967.56,7.236668922424316,607371,0.001,1707.6564690400003,20055,606371,,
,,-149.44258764648438,,7.3342736973762515,610000,0.001,,,609371,1000.0,2115.449994842056
632,30,-149.27941445922852,975.38,7.572004791259766,611371,0.001,1721.3884588999997,20174,610371,,
,,-149.55982723193029,,7.311699783465283,615000,0.001,,,614256,1000.0,1505.568312933808
636,30,,974.23,,615256,,1716.6309023499996,20290,,,
640,30,-149.55945574951173,974.23,7.120931573390961,619256,0.001,1703.2981823999996,20385,618256,,
,,-149.5800115966797,,7.394717806636697,620000,0.001,,,619357,901.6,2011.6993015134242
644,30,-148.9219857788086,965.24,7.329413619995117,622357,0.001,1681.90622641,20467,621357,,
,,-148.53700994873046,,7.261921670198441,625000,0.001,,,624357,904.4,2157.117376603745
648,30,-148.7057835998535,965.24,7.323894598960877,626357,0.001,1683.38157237,20574,625357,,
,,-149.00167797851563,,7.438145097494125,630000,0.001,,,629357,1000.0,2345.4859544426204
652,30,,965.24,,630357,,1688.6698686600002,20696,,,
656,30,-148.7205340576172,965.24,7.517577674627304,634357,0.001,1686.68132376,20806,633357,,
,,-148.89184948730468,,7.362928525686264,635000,0.001,,,634357,986.2,1836.3559349911288
660,30,-150.34225814819337,974.4,9.595262868881225,638357,0.001,1666.85735208,20914,637357,,
,,-149.1831460571289,,8.328780879735946,640000,0.001,,,639357,1000.0,1744.5463479805737
664,30,-148.98376004028322,981.41,8.293185443401336,642357,0.001,1682.3636239900004,21019,641357,,
,,-148.2487465057373,,9.068330219984055,645000,0.001,,,644357,1000.0,2412.2982359737157
668,30,-148.41721862792969,981.41,8.023656199932098,646357,0.001,1677.92732462,21132,645357,,
,,-148.56778439331055,,8.599361283540725,650000,0.001,,,649357,886.4,2107.536216110736
672,30,,981.41,,650357,,1686.9412627099998,21238,,,
676,30,-149.31631661987305,981.41,8.889268239736557,654357,0.001,1614.4144236000002,21341,653357,,
,,-148.47967321777344,,8.183744732141495,655000,0.001,,,654357,1000.0,2516.006040513702
680,30,-148.81215342712403,981.41,7.852625977039337,658357,0.001,1627.10971403,21462,657357,,
,,-149.35239501738212,,8.551802022076549,660000,0.001,,,659209,992.1,2323.1925230263732
684,30,-149.3005202331543,971.68,8.418446402549744,661384,0.001,1651.4961605900003,21569,661209,,
,,-150.18532821655273,,7.486978386640549,665000,0.001,,,664384,1000.0,2499.789585938887
688,30,,971.68,,665384,,1694.2510966400002,21651,,,
692,30,-150.2928260498047,971.68,8.287954436302185,669384,0.001,1698.7040167199998,21758,668384,,
,,-149.5466136779785,,8.347090391874314,670000,0.001,,,669384,1000.0,2466.7913967840373
696,30,-150.23495237817068,971.01,8.468668214250096,673317,0.001,1728.4204263700003,21868,672317,,
,,-150.69948675537108,,8.485828243255614,675000,0.001,,,674317,903.1,2080.9652210797417
700,30,-151.13105419921874,971.01,8.438001184940338,677317,0.001,1782.48989328,21979,676317,,
,,-151.4099401550293,,8.017598123311997,680000,0.001,,,679317,936.1,2228.560550482757
704,30,-151.4434315185547,971.01,8.638854312181472,681317,0.001,1899.2639266800002,22099,680317,,
708,30,-151.69275784492493,964.84,8.650794477437868,684700,0.001,1943.0452730299999,22193,683700,,
,,-150.8282925720215,,8.510834961175918,685000,0.001,,,684700,1000.0,2407.7963709577916
712,30,-150.67018563842774,964.84,8.656282527685166,688700,0.001,1951.7253444900002,22310,687700,,
,,-149.96774966430664,,9.089748653650284,690000,0.001,,,689700,1000.0,2147.512939426233
716,30,-150.9102098388672,973.29,8.380521565914155,692700,0.001,2017.69603448,22416,691700,,
,,-151.0111025695801,,9.246498019695283,695000,0.001,,,694700,1000.0,2552.0242576894816
720,30,-151.59873016357423,973.29,8.237863871335984,696700,0.001,2048.59279844,22523,695700,,
,,-152.95249520874023,,8.81972311925888,700000,0.001,,,699700,900.6,2157.8133025938646
724,30,,973.29,,700700,,2065.8923317199997,22629,,,
728,31,-153.08593606567382,973.29,8.36552181339264,704700,0.001,2077.1179575100005,22724,703700,,
,,-153.735435546875,,7.927416017055512,705000,0.001,,,704700,980.0,2468.172179158218
732,31,-155.05284191894532,973.29,8.50686957001686,708700,0.001,2091.0674226799997,22832,707700,,
,,-154.87263717651368,,7.870876999378204,710000,0.001,,,709700,911.6,2376.6784567472523
736,31,-155.23421029663086,969.45,8.023162244319916,712201,0.001,2093.22137346,22939,711201,,
,,-155.9437144165039,,8.031072399139404,715000,0.001,,,714201,1000.0,2468.5498092641005
740,31,-155.83917114257812,969.45,8.799348615646363,716201,0.001,2115.7125310600004,23054,715201,,
,,-155.6721142383332,,9.29602552120424,720000,0.001,,,719140,1000.0,2578.8550515407696
744,31,,977.83,,720140,,2085.86359873,23163,,,
748,31,-155.8475436706543,975.21,9.25257775235176,723878,0.001,2037.7016643100003,23255,722878,,
,,-156.1034591369629,,9.231305173873901,725000,0.001,,,724878,979.6,2494.9745613415957
752,31,-155.62789993286134,975.21,9.640901978254318,727878,0.001,2040.32518982,23365,726878,,
,,-156.35700036621094,,11.050475088357926,730000,0.001,,,729878,1000.0,2471.620571837295
756,31,-155.85223873901367,975.21,10.40563105750084,731878,0.001,2025.42752129,23470,730878,,
,,-156.086760345459,,9.212633932828902,735000,0.001,,,734878,898.2,2334.8058663974516
760,31,,975.21,,735878,,2071.71341695,23574,,,
764,31,-156.36466381835936,967.42,9.392217361927033,739099,0.001,2057.969956,23655,738099,,
,,-155.72241009521485,,9.979135282039643,740000,0.001,,,739099,1000.0,2226.6131375526543
768,31,-156.3282685546875,967.42,11.450962398290635,743099,0.001,2078.9404635900005,23771,742099,,
,,-156.7686004333496,,10.83979261803627,745000,0.001,,,744099,1000.0,2450.3842425186185
772,31,-157.4948194580078,967.42,10.489222897291183,747099,0.001,2082.63735202,23884,746099,,
,,-157.82099996948241,,11.08952683019638,750000,0.001,,,749099,846.4,2170.0695919489954
776,31,-157.8340271911621,967.42,10.888686458587646,751099,0.001,2171.71601852,23983,750099,,
,,-158.37829184631096,,10.63562146178906,755000,0.001,,,754062,1000.0,2136.30706386877
780,31,,967.05,,755062,,2175.79231866,24086,,,
784,31,-158.52714631426892,976.64,11.19551579391255,759048,0.001,2205.7311783400005,24179,758048,,
,,-158.94335623168945,,11.071930212974548,760000,0.001,,,759048,1000.0,2318.126600567438
788,31,-158.0991642291729,971.85,9.95359563598706,762569,0.001,2153.21838616,24271,761569,,
,,-158.81214862060546,,12.010646750926972,765000,0.001,,,764569,969.3,2527.6116223306394
792,31,-158.57070349121093,971.85,11.640445449829102,766569,0.001,2163.1940334799997,24394,765569,,
,,-159.12150146484376,,12.438824411392211,770000,0.001,,,769569,1000.0,2173.4438973302954
796,31,,972.52,,770569,,2163.78995334,24504,,,
800,31,-159.169123199595,959.11,11.817046197907713,773228,0.001,2130.37364682,24594,772869,,
,,-159.54784048461914,,12.84883146238327,775000,0.001,,,774377,705.7,1848.903619585093
804,31,-158.74886918067932,946.99,12.586204984005255,776016,0.001,2105.06667138,24663,775016,,
,,-158.67607855224608,,12.692501702785492,780000,0.001,,,779016,901.7,2255.0798259488306
808,31,,953.16,,780016,,2165.86270631,24786,,,
812,31,-158.80408709716798,953.16,12.300473145961762,784016,0.001,2157.5914367,24899,783016,,
,,-158.9527538757324,,13.595686107158661,785000,0.001,,,784016,912.6,2547.254536142945
816,31,-159.24460330200196,953.16,13.213550338029862,788016,0.001,2166.84476783,25024,787016,,
,,-158.97998822021484,,12.805916324138641,790000,0.001,,,789016,1000.0,2406.9856640727025
820,31,-159.38266021728515,953.16,12.362342011451721,792016,0.001,2167.8049461200003,25149,791016,,
,,-158.78520520019532,,11.337279235124589,795000,0.001,,,794016,944.0,2427.172432625288
824,31,-159.30756814575196,953.16,11.902604704380035,796016,0.001,2173.26009941,25275,795016,,
,,-159.59792520141602,,11.677652985572815,800000,0.001,,,799016,1000.0,2761.7765457804317
828,31,,953.16,,800016,,2180.76642997,25395,,,
832,31,-159.76235021972656,953.16,12.690577429771423,804016,0.001,2186.9078382800003,25500,803016,,
,,-159.183401763916,,12.847793258666993,805000,0.001,,,804016,1000.0,2503.9687493938955
836,31,-159.25620431518556,958.15,13.291598532676696,808016,0.001,2202.4626435599994,25622,807016,,
,,-160.18071530151366,,12.794413667201995,810000,0.001,,,809016,910.9,2427.2638343146073
840,31,-160.94443682861328,958.15,13.302148634433747,812016,0.001,2211.41384595,25746,811016,,
,,-160.66913418579102,,13.333963705539704,815000,0.001,,,814016,1000.0,2673.430232590437
844,31,-160.53562811279298,958.76,13.077337038993836,816016,0.001,2276.81812506,25859,815016,,
,,-160.4853351135254,,13.680310883045196,820000,0.001,,,819016,976.0,2687.113000306347
848,31,,961.38,,820016,,2327.9292225500003,25965,,,
852,31,-160.45889755249024,946.61,13.99013029241562,822539,0.001,2296.01850455,26034,821539,,
,,-162.15441986083985,,17.070219858646393,825000,0.001,,,824539,753.5,1323.5174560745072
856,31,-162.9387501525879,946.61,16.392272154331206,826539,0.001,2278.39280853,26149,825539,,
,,-163.13328973388673,,14.254730181217194,830000,0.001,,,829539,1000.0,-656.976358702872
860,31,,946.61,,830539,,2163.88845373,26254,,,
864,31,-161.96272253417968,954.4,15.260514944076538,834539,0.001,2168.6963975,26353,833539,,
,,-161.6164549560547,,14.654745656490325,835000,0.001,,,834539,800.4,-182.27631781185045
868,31,-161.23644149780273,952.09,15.45138223695755,838308,0.001,2113.55418622,26451,837308,,
,,-162.0133175354004,,15.20157318162918,840000,0.001,,,839308,938.5,1910.5980152650038
872,31,-161.31918783569336,952.09,14.04409621667862,842308,0.001,2120.54898211,26558,841308,,
,,-162.05003350830077,,14.38575484085083,845000,0.001,,,844308,1000.0,2705.816292437911
876,31,-161.81844467163086,952.09,14.390909144401551,846308,0.001,2122.1522253599996,26692,845308,,
,,-162.4252273864746,,15.671638047218323,850000,0.001,,,849308,945.6,2348.124815237033
880,31,,952.46,,850308,,2125.57127991,26821,,,
884,31,-162.18758975219725,952.6,14.555082324028016,854308,0.001,2128.39909742,26941,853308,,
,,-162.7368144226074,,14.449747698307037,855000,0.001,,,854308,1000.0,2618.302591489069
888,31,-163.7061444091797,951.31,14.806140912532806,857700,0.001,2175.57517914,27050,856700,,
,,-164.17998678588867,,14.559549789905548,860000,0.001,,,859700,1000.0,2391.974979817681
892,31,-164.7659691467285,951.31,14.478134957790374,861700,0.001,2160.72658834,27173,860700,,
,,-165.66911798095703,,15.242367290258407,865000,0.001,,,864700,1000.0,2620.3395181221886
896,31,,951.31,,865700,,2172.09529152,27282,,,
900,31,-166.22521731567383,964.72,15.031029256343842,869700,0.001,2169.60693864,27391,868700,,
,,-166.5866670227051,,14.492897950172424,870000,0.001,,,869700,1000.0,2604.4816727002153
904,31,-167.4619306335449,976.84,17.988360573768617,873700,0.001,2205.11402552,27511,872700,,
,,-167.89152325439454,,18.09158015203476,875000,0.001,,,874700,1000.0,2167.1348552515615
908,31,-167.50334066772461,971.73,16.24655464220047,877189,0.001,2187.77279899,27611,876189,,
,,-167.8945891418457,,19.818345840215684,880000,0.001,,,879189,792.9,2023.6955842388793
912,31,-168.15603198242187,971.73,18.032690868854523,881189,0.001,2224.1933299800003,27729,880189,,
916,31,-168.00218905639647,965.47,19.657053552627563,884563,0.001,2209.79140919,27819,883563,,
,,-168.02746365356444,,18.680697052001953,885000,0.001,,,884563,991.5,2685.375643469952
920,31,-167.71193270874022,965.47,19.60825064277649,888563,0.001,2216.10790825,27930,887563,,
,,-168.50872515869142,,21.881347757816314,890000,0.001,,,889563,925.7,2423.250517244497
924,31,-168.41331893920898,965.47,22.70265158033371,892563,0.001,2211.3432944,28040,891563,,
,,-168.97162176513672,,23.442823504924775,895000,0.001,,,894563,901.3,2205.5805692953522
928,31,-169.22448013305663,965.47,27.378410706996917,896563,0.001,2112.0454554400003,28149,895563,,
932,31,-166.07561340332032,946.59,37.97333084453236,898675,0.001,2061.0612093,28202,897675,,
,,-168.92050036621094,,28.873687251091003,900000,0.001,,,899675,1000.0,2224.19473302369
936,31,-168.5860036315918,946.59,26.413182372570038,902675,0.001,2007.8151272899997,28312,901675,,
,,-169.4578702392578,,26.186743707180025,905000,0.001,,,904675,901.6,2554.1502942449415
940,31,-168.65642221069336,936.7,26.757537609100343,905686,0.001,1980.23206845,28420,905675,,
944,31,-168.88442462158204,936.7,23.4731451921463,909686,0.001,1989.1254341899999,28494,908686,,
,,-168.94132131958008,,26.14041273498535,910000,0.001,,,909686,1000.0,2714.9289568284526
948,31,-167.99805618286132,930.3,21.95592349767685,913046,0.001,1978.2095246400004,28586,912046,,
,,-167.67275122070313,,23.65635026168823,915000,0.001,,,914046,1000.0,2073.270333264023
952,31,-168.37782986450196,945.07,23.42383587408066,917046,0.001,1975.9705807999999,28697,916046,,
,,-167.38035092163085,,22.77214223909378,920000,0.001,,,919046,1000.0,2522.9964554284234
956,31,-167.50433044433595,945.07,24.470295065402986,921046,0.001,2015.53969348,28807,920046,,
,,-164.8432503051758,,20.365059488773348,925000,0.001,,,924046,825.4,2170.2435309702764
960,31,,945.07,,925046,,2072.40628723,28924,,,
964,31,-164.1110488586426,937.57,22.60524660587311,928296,0.001,1992.1758367300001,29018,927296,,
,,-163.01433984375,,23.905930862426757,930000,0.001,,,929296,1000.0,1201.752719692327
968,31,-163.24386935763889,930.24,20.73859379026625,931332,0.001,2016.8624964399996,29112,930332,,
972,32,-160.16921114008477,921.45,24.82248202292496,934453,0.001,1932.8139553999997,29196,933453,,
,,-160.15560885620118,,24.561123576164245,935000,0.001,,,934453,916.4,688.2703654135606
976,32,-160.60080288218802,914.39,22.408378745422883,937747,0.001,1866.1218101200002,29296,936747,,
,,-160.16454827880858,,24.234780078411102,940000,0.001,,,939747,1000.0,1807.5318992245943
980,32,-160.10966122436523,914.39,24.80745083618164,941747,0.001,1856.87560998,29413,940747,,
,,-161.0262957763672,,22.84542807149887,945000,0.001,,,944747,1000.0,2607.4793282173573
984,32,,914.39,,945747,,1803.7370701699997,29543,,,
988,32,-162.14019839477538,920.47,19.671885168075562,949747,0.001,1750.66544517,29660,948747,,
,,-161.76001525878905,,19.92247514152527,950000,0.001,,,949747,1000.0,2282.20910940296
992,32,-162.66844232177735,920.47,19.241040624141693,953747,0.001,1751.06683565,29786,952747,,
,,-163.26621856689454,,19.874594623088836,955000,0.001,,,954747,1000.0,2386.2953746853627
996,32,-163.432319732666,920.47,17.279236640930176,957747,0.001,1743.79409931,29898,956747,,
,,-163.7389971923828,,18.179825204849244,960000,0.001,,,959747,932.0,2502.5248488051816
1000,32,-163.63948638916017,920.47,17.9213742146492,961747,0.001,1782.0914249599998,30017,960747,,
,,-163.65734970092774,,17.072849214553834,965000,0.001,,,964747,887.8,2303.9481560044924
1004,32,,920.47,,965747,,1787.79379487,30146,,,
1008,32,-165.35473623657228,925.58,17.386273560523986,969747,0.001,1795.87495161,30248,968747,,
,,-165.39207977294922,,17.068356776237486,970000,0.001,,,969747,1000.0,2735.648144327011
1012,32,-166.03296438598633,925.58,17.228359268188477,973747,0.001,1794.0166227599996,30356,972747,,
,,-165.80470693969727,,17.544452596187593,975000,0.001,,,974747,1000.0,2856.2853933171837
1016,32,-166.47521157836914,931.84,16.864946861743928,977747,0.001,1816.13325981,30465,976747,,
,,-166.34997201538087,,18.216875268936157,980000,0.001,,,979747,1000.0,2528.3182733288268
1020,32,-166.3207592163086,931.84,17.857879084587097,981747,0.001,1792.3809199800003,30582,980747,,
,,-165.58661688232422,,17.57895070552826,985000,0.001,,,984747,1000.0,2478.763234506431
1024,32,,931.84,,985747,,1803.0900552599999,30697,,,
1028,32,-165.53587481689453,931.84,16.756301097393035,989747,0.001,1913.33108152,30809,988747,,
,,-166.1791608581543,,17.063047557353972,990000,0.001,,,989747,847.7,2427.4859494008474
1032,32,-167.35336614990234,950.72,16.222264089107515,993747,0.001,1961.8624291300002,30930,992747,,
,,-167.59388021850586,,16.607115542411805,995000,0.001,,,994747,1000.0,2898.2817336361622
1036,32,-167.1950512084961,950.72,19.361785148620605,997747,0.001,2012.7275035800003,31057,996747,,
,,-167.41508712768555,,19.32319868850708,1000000,0.001,,,999747,985.6,2738.359418919857
1040,32,-167.03172351074218,960.61,20.39365318441391,1001747,0.001,2044.9545279500003,31190,1000747,,
,,-167.92999493408203,,18.885450085639953,1005000,0.001,,,1004747,1000.0,915.622412274545
1044,32,,958.84,,1005570,,2040.3524946200007,31315,,,
1048,32,-167.9381423034668,963.83,17.53637303543091,1009429,0.001,2059.22001912,31427,1008570,,
,,-168.11614883529558,,17.743278785967576,1010000,0.001,,,1009429,877.4,1573.404262864776
1052,32,-166.70285137939453,963.83,16.979932014465334,1013429,0.001,2096.51823106,31541,1012429,,
,,-166.3125756225586,,18.26635150575638,1015000,0.001,,,1014429,937.0,2588.248279196769
1056,32,-165.95196145629882,963.83,18.920537477493287,1017429,0.001,2109.81750222,31651,1016429,,
,,-166.6802991027832,,19.321724657535555,1020000,0.001,,,1019429,901.2,2454.928328945115
1060,32,-166.96495980834962,963.83,19.80759750318527,1021429,0.001,2182.15386542,31759,1020429,,
1064,32,-166.9825932936235,960.97,19.2375634357959,1024393,0.001,2261.08475479,31842,1023393,,
,,-166.56299130249025,,19.720011405467986,1025000,0.001,,,1024393,846.3,1593.7378981616348
1068,32,-165.84618432617188,970.61,21.636919651985167,1028393,0.001,2302.6075896400002,31968,1027393,,
,,-165.60558724975587,,19.946531398773192,1030000,0.001,,,1029393,997.1,2623.718371803453
1072,32,-164.86573330688478,979.4,22.099370391845703,1032393,0.001,2386.7610289799995,32096,1031393,,
,,-165.44560153198242,,21.404815975666047,1035000,0.001,,,1034393,901.4,2394.918359625619
1076,32,-165.7889591369629,986.46,20.61281143808365,1036393,0.001,2463.5741380199997,32221,1035393,,
,,-166.00922052001954,,20.934101985931395,1040000,0.001,,,1039393,1000.0,2839.045045679761
1080,32,,986.46,,1040393,,2479.5875326200003,32349,,,
1084,32,-166.49585385131837,986.46,18.382568359851838,1044393,0.001,2541.4744797300004,32461,1043393,,
,,-167.04162908935547,,19.313512917518615,1045000,0.001,,,1044393,1000.0,2626.942508835159
1088,32,-166.6900498046875,981.96,19.14033849811554,1047943,0.001,2595.46202925,32584,1046943,,
,,-167.69419229125975,,18.48075286769867,1050000,0.001,,,1049943,1000.0,2541.9077358392997
1092,32,-167.82218588256836,981.96,19.12532048559189,1051943,0.001,2612.47614562,32706,1050943,,
,,-167.57725936889648,,18.621506381988524,1055000,0.001,,,1054943,1000.0,2887.220114817377
1096,32,,981.96,,1055943,,2624.99408857,32831,,,
1100,32,-168.1437071838379,981.96,20.161693077087403,1059943,0.001,2637.6519803899996,32948,1058943,,
,,-168.96534552001953,,17.9762815155983,1060000,0.001,,,1059943,998.4,2714.197161283996
1104,32,-170.77096441650392,981.96,17.901461897850037,1063943,0.001,2574.43729775,33075,1062943,,
,,-169.9605224609375,,18.243494936466217,1065000,0.001,,,1064943,904.1,502.37360443109645
1108,32,-172.29066412353515,981.96,23.904871465682984,1067943,0.001,2541.57341029,33202,1066943,,
,,-175.93247689819336,,27.217589836120606,1070000,0.001,,,1069967,906.0,-232.63188581584254
1112,32,,972.2,,1070967,,2411.0727861499995,33308,,,
1116,32,-176.00960675048827,972.2,21.439850546360017,1074967,0.001,2286.37883247,33432,1073967,,
,,-175.1780827331543,,20.884082074165345,1075000,0.001,,,1074967,1000.0,-137.72881490075378
1120,32,-173.37837426757812,972.2,18.2973266620636,1078967,0.001,2210.0636105799995,33568,1077967,,
,,-171.94813641357422,,18.170165004253388,1080000,0.001,,,1079967,939.4,824.4321285165381
1124,32,-170.7743486328125,963.21,19.001182462215425,1082068,0.001,2151.1480596499996,33673,1081068,,
,,-169.6833360595703,,19.58763709306717,1085000,0.001,,,1084187,867.7,1645.0481321122497
1128,32,,954.4,,1085187,,2082.03374381,33770,,,
1132,32,-169.9189797363281,954.4,18.98532419395447,1089187,0.001,2087.34007088,33883,1088187,,
,,-169.49150704956054,,18.360454214572908,1090000,0.001,,,1089187,1000.0,1982.2283512248891
1136,32,-169.1375539509489,953.85,19.575205649017658,1093132,0.001,2098.07569888,34013,1092132,,
,,-170.22472116088866,,21.81472381210327,1095000,0.001,,,1094132,816.8,2190.557954096049
1140,32,-173.56248135375978,953.85,25.942655239105225,1097132,0.001,2094.89142489,34136,1096132,,
,,-196.37119537353516,,57.26934606933594,1100000,0.001,,,1099132,1000.0,-1479.6156967222691
1144,32,-225.58739700317383,955.62,94.43075799560548,1101132,0.001,1925.79951985,34267,1100132,,
,,-247.154636138916,,52.58645546340942,1105000,0.001,,,1104132,1000.0,-297.61837580697613
1148,32,,957.03,,1105132,,1795.58184773,34390,,,
1152,32,-240.20733953857422,957.03,32.7438989648819,1109132,0.001,1697.8100747500002,34517,1108132,,
,,-238.00664739990233,,32.3283169298172,1110000,0.001,,,1109132,1000.0,253.77738717240283
1156,32,-232.30073696899413,957.03,26.664444462776185,1113132,0.001,1608.6885537899998,34640,1112132,,
,,-229.54339880371094,,22.84354910993576,1115000,0.001,,,1114132,1000.0,131.47531052266714
1160,32,-226.8825721130371,957.03,21.907778511047365,1117132,0.001,1551.0339937300002,34774,1116132,,
,,-223.15039923095702,,22.283455451488496,1120000,0.001,,,1119132,901.6,1528.3554819075682
1164,32,-221.16367300415038,967.39,20.725380545139313,1121132,0.001,1469.05087311,34906,1120132,,
1168,32,-216.2575053319733,964.14,19.371930594974096,1124807,0.001,1420.5634451400006,35019,1123807,,
,,-215.02626931762694,,19.833254885196684,1125000,0.001,,,1124807,1000.0,2731.833790914877
1172,32,-211.89741143798827,964.14,20.936146271705628,1128807,0.001,1417.80199311,35153,1127807,,
,,-209.80058651733398,,19.88424020576477,1130000,0.001,,,1129807,1000.0,2883.736968530901
1176,32,-208.3086916503906,964.14,18.870576679229735,1132807,0.001,1413.0338153700004,35268,1131807,,
,,-205.98025711059572,,18.24832534837723,1135000,0.001,,,1134807,840.8,1828.469640733069
1180,32,-205.95876681518556,964.14,18.15927634859085,1136807,0.001,1411.67871648,35397,1135807,,
,,-202.7701762175757,,18.370327372196293,1140000,0.001,,,1139775,963.2,2104.512762720883
1184,32,,963.82,,1140775,,1409.42084451,35517,,,
1188,32,-199.94367770385742,968.32,18.18861602640152,1144775,0.001,1434.96414394,35618,1143775,,
,,-199.19215725708008,,21.19753148698807,1145000,0.001,,,1144775,860.9,2544.8079685783014
1192,32,-196.52147286987304,968.32,21.381413209438325,1148775,0.001,1445.0921151999999,35743,1147775,,
,,-195.4228016357422,,18.65793670654297,1150000,0.001,,,1149775,1000.0,2872.074473068677
1196,32,-194.19182373046874,968.32,18.703258993148804,1152775,0.001,1448.2649783599998,35857,1151775,,
,,-192.46665490722657,,19.89664889717102,1155000,0.001,,,1154775,945.6,2715.7277724632995
1200,32,-192.29631872558593,968.32,19.44985134601593,1156775,0.001,1447.3097363999998,35983,1155775,,
,,-192.14021557617187,,19.94740738773346,1160000,0.001,,,1159498,990.6,2762.321740948595
1204,32,,965.55,,1160498,,1467.8549474599997,36101,,,
1208,32,-189.7701017150879,965.55,16.745446605205537,1164498,0.001,1518.9164910900001,36216,1163498,,
,,-189.2776014404297,,18.773137310028076,1165000,0.001,,,1164498,1000.0,2758.3834352878853
1212,32,-189.12953106689454,975.31,18.97687828731537,1168498,0.001,1659.72908448,36325,1167498,,
,,-188.84601721191407,,17.635411603450777,1170000,0.001,,,1169498,1000.0,2908.2742276884615
1216,32,-188.07238973999023,975.31,16.534578041553498,1172498,0.001,1789.96277146,36434,1171498,,
,,-187.29443978881835,,17.780521126270294,1175000,0.001,,,1174498,1000.0,2962.570501539117
1220,32,-187.02280749511718,975.31,17.806029814243317,1176498,0.001,1899.61721655,36544,1175498,,
1224,32,-186.39502239990233,978.63,17.550338838100433,1179931,0.001,1945.9997504699998,36628,1178931,,
,,-185.86428466796875,,18.647678733348847,1180000,0.001,,,1179931,1000.0,3066.275116380304
1228,32,-186.20033782958984,987.44,19.09837666130066,1183931,0.001,2013.70664699,36735,1182931,,
,,-185.686072265625,,18.561992847919463,1185000,0.001,,,1184931,1000.0,2984.109658468608
1232,32,-185.14739459228517,987.44,18.907376994132996,1187931,0.001,1995.2834412,36840,1186931,,
,,-184.2751508178711,,17.872762899875642,1190000,0.001,,,1189931,960.7,2705.5953420245087
1236,32,-183.6616089782715,987.99,18.007201226234436,1191931,0.001,2006.28592393,36941,1190931,,
,,-182.89375079345703,,18.14653615951538,1195000,0.001,,,1194931,1000.0,2989.483787979698
1240,32,,987.99,,1195931,,2018.3855724000002,37042,,,
1244,32,-181.77639514160157,987.99,17.784592123508453,1199931,0.001,2196.0105098999998,37135,1198931,,
,,-180.76797399902344,,16.83116462755203,1200000,0.001,,,1199931,1000.0,2754.634313040972
1248,32,-180.72482965087892,987.99,19.06988372564316,1203931,0.001,2339.97960897,37236,1202931,,
,,-180.57114849853517,,18.688603476047515,1205000,0.001,,,1204931,1000.0,3023.799586743489
1252,32,-180.24314892578124,987.99,20.39239247369766,1207931,0.001,2453.25049234,37339,1206931,,
,,-180.0004992980957,,17.081524782180786,1210000,0.001,,,1209931,1000.0,2532.3289092503487
1256,32,-180.1418122253418,987.99,19.089730104923248,1211931,0.001,2561.67337048,37440,1210931,,
,,-179.9932196044922,,18.419271056175234,1215000,0.001,,,1214931,1000.0,3089.123984812759
1260,32,,987.99,,1215931,,2630.39380694,37542,,,
1264,32,-179.95157244873047,984.95,18.038897748947143,1219627,0.001,2734.5400135000004,37627,1218627,,
,,-179.65522064208983,,16.752359097003936,1220000,0.001,,,1219627,916.8,2633.3510338989086
1268,32,-179.88438571166992,988.2,18.815234618663787,1223627,0.001,2795.48664551,37728,1222627,,
,,-179.8442214050293,,17.49298231649399,1225000,0.001,,,1224627,957.0,2704.8812405915933
1272,32,-179.30035647583009,988.2,17.669935155391695,1227627,0.001,2805.61082596,37830,1226627,,
,,-179.52125335693358,,18.116392303943634,1230000,0.001,,,1229627,997.0,3177.502423783392
1276,32,-179.15892501831055,988.2,18.118674709320068,1231627,0.001,2817.583739810001,37930,1230627,,
,,-179.02684045410157,,17.05985277891159,1235000,0.001,,,1234627,1000.0,2957.393114650948
1280,32,,988.2,,1235627,,2823.3458132300007,38033,,,
1284,32,-178.27820977783202,988.52,17.759494735240935,1239627,0.001,2833.1960090800007,38124,1238627,,
,,-178.9070452270508,,19.049453037261962,1240000,0.001,,,1239627,911.4,2659.2439395643305
1288,32,-178.53962335205077,984.87,18.111406322956086,1243262,0.001,2825.5803086000005,38216,1242262,,
,,-178.44427566528321,,18.95266059064865,1245000,0.001,,,1244262,879.3,2575.1632303927095
1292,32,-177.87481689453125,973.17,17.294282054613003,1246092,0.001,2790.42127784,38300,1245593,,
,,-178.90882305908204,,19.032849657535554,1250000,0.001,,,1249092,929.3,2470.5065383872015
1296,32,,973.17,,1250092,,2789.08676164,38391,,,
1300,32,-179.41400335642916,972.85,18.256636383119695,1254060,0.001,2795.9161884699993,38484,1253060,,
,,-178.56673925063188,,16.87385655050518,1255000,0.001,,,1254298,977.7,2917.2448700343257
1304,32,-179.67277920532226,968.0,20.37374085712433,1257298,0.001,2826.2615053600002,38567,1256298,,
,,-179.63993670654298,,19.962368758678437,1260000,0.001,,,1259398,915.9,2652.443866564706
1308,32,,959.0,,1260398,,2811.0040883200004,38648,,,
1312,32,-179.80132763671875,951.26,16.77010239982605,1263624,0.001,2793.5681681500005,38742,1263398,,
,,-179.94368630981447,,19.115260264873505,1265000,0.001,,,1264624,1000.0,1793.6657444147045
1316,32,-180.34244284057618,944.99,19.541575601577758,1266997,0.001,2763.305691530001,38824,1266624,,
,,-180.30496685791016,,18.87663132047653,1270000,0.001,,,1269564,853.9,2342.127282489836
1320,32,,940.66,,1270564,,2721.8003712800005,38901,,,
1324,32,-179.35802127075195,937.26,21.97616462612152,1273657,0.001,2713.9968642199988,38994,1273564,,
,,-179.4166053161621,,22.330820262908937,1275000,0.001,,,1274657,1000.0,3057.5769007604567
1328,32,-179.69758705943397,934.27,20.89782575397791,1277358,0.001,2715.54475254,39067,1276358,,
,,-180.7430184326172,,20.328255454063417,1280000,0.001,,,1279358,911.1,2819.4384942032398
1332,32,-180.6842739868164,934.27,21.033876876354217,1281358,0.001,2749.76449611,39169,1280358,,
1336,32,-179.91898483276367,928.28,20.313579564094542,1284759,0.001,2729.62093388,39261,1284358,,
,,-181.143271484375,,18.568529604676357,1285000,0.001,,,1284759,1000.0,3071.720450370759
1340,32,-180.72356729125977,922.36,19.916795118808746,1288167,0.001,2714.9906701699992,39336,1287167,,
,,-181.3259652709961,,22.415866332530975,1290000,0.001,,,1289167,1000.0,3053.135096886009
1344,32,-181.7219899597168,922.36,20.965074979782106,1292167,0.001,2728.7592374900005,39437,1291167,,
,,-182.4164895629883,,19.300772861003875,1295000,0.001,,,1294167,937.6,2966.874141324125
1348,32,-182.77220272827148,922.36,19.6335260181427,1296167,0.001,2734.4832938100003,39537,1295167,,
,,-183.01474862670898,,20.9261951751709,1300000,0.001,,,1299167,948.1,2922.4758271217347
1352,32,,922.36,,1300167,,2737.48276673,39640,,,
1356,32,-183.47865130615236,916.05,20.231734876155855,1303536,0.001,2718.67652772,39732,1303167,,
,,-183.38278698730468,,20.428727404117584,1305000,0.001,,,1304536,1000.0,3124.1161958280018
1360,32,-185.19897467041017,916.05,20.113010425567627,1307536,0.001,2720.9801073699996,39820,1306536,,
,,-185.5916784057617,,20.07110649871826,1310000,0.001,,,1309536,922.0,2905.886584508885
1364,32,-186.13851431274415,919.09,20.262918721675874,1311536,0.001,2743.28033689,39920,1310536,,
,,-187.45550311279297,,18.374882061481475,1315000,0.001,,,1314536,996.9,3126.9575719329996
1368,32,,919.09,,1315536,,2743.88378838,40022,,,
1372,32,-188.1981408996582,906.33,18.19915853071213,1318260,0.001,2713.4842329499993,40095,1317696,,
,,-188.11479473876952,,19.61344340133667,1320000,0.001,,,1319260,785.5,2517.166539754346
1376,32,-188.12704837036134,906.33,20.352635941505433,1322260,0.001,2715.6558106600005,40187,1321260,,
,,-188.3886453552246,,19.487132652282714,1325000,0.001,,,1324260,1000.0,3152.9750655266457
1380,32,-188.1870794067383,906.33,20.284091575622558,1326260,0.001,2724.13359956,40289,1325260,,
,,-188.79852194213868,,19.144134704589845,1330000,0.001,,,1329260,949.5,2707.4830758356024
1384,32,,906.33,,1330260,,2724.07249244,40390,,,
1388,32,-189.20750158691405,909.98,17.4763323764801,1334260,0.001,2738.74395293,40483,1333260,,
,,-189.5358607788086,,20.60443910694122,1335000,0.001,,,1334260,1000.0,2967.000979550462
1392,32,-189.31830841064453,921.68,18.768772825717924,1338260,0.001,2782.91802456,40585,1337260,,
,,-189.12631741333007,,18.76699235010147,1340000,0.001,,,1339260,1000.0,3236.124374433607
1396,32,-189.3945719604492,921.68,17.865478021144867,1342260,0.001,2796.3100444999995,40688,1341260,,
,,-189.39392950439452,,20.358009239673613,1345000,0.001,,,1344260,914.1,2908.8831192141865
1400,33,-189.24515072631837,922.0,19.797539165019987,1346260,0.001,2798.49983046,40790,1345260,,
1404,33,-190.08387197875976,920.61,18.66524831390381,1349359,0.001,2800.78448157,40861,1348359,,
,,-189.27332308959961,,18.251352885246277,1350000,0.001,,,1349359,1000.0,3272.574092853442
1408,33,-189.73508349609375,929.61,21.41256130695343,1353359,0.001,2834.4928049900004,40962,1352359,,
,,-190.33627575683593,,21.391142602443693,1355000,0.001,,,1354359,1000.0,3185.0528023227116
1412,33,-190.986009185791,937.35,23.473609538078307,1357359,0.001,2865.27959723,41063,1356359,,
,,-190.77086404418947,,20.585932978630066,1360000,0.001,,,1359359,953.4,2991.73366319905
1416,33,-190.5476311035156,943.62,22.028054729938507,1361359,0.001,2901.6693578299996,41164,1360359,,
,,-190.1808125,,21.297522357940675,1365000,0.001,,,1364359,1000.0,3241.037855359912
1420,33,,947.95,,1365359,,2952.3752902,41266,,,
1424,33,-189.79229342651368,957.02,21.33040666627884,1369359,0.001,2989.19250795,41359,1368359,,
,,-189.97183438110352,,20.687688629627228,1370000,0.001,,,1369359,1000.0,3240.754499807209
1428,33,-189.9684573059082,960.01,21.644876082897188,1373359,0.001,3002.84213493,41461,1372359,,
,,-190.28251013183595,,20.78748545694351,1375000,0.001,,,1374359,909.5,2733.070243461244
1432,33,-190.83112359619142,960.01,22.28793809747696,1377359,0.001,3002.93368983,41561,1376359,,
,,-191.34820739746092,,22.516928943157197,1380000,0.001,,,1379359,1000.0,3239.366412317008
1436,33,-190.84460806274413,966.0,22.663726613521575,1381359,0.001,3031.1501365500003,41663,1380359,,
,,-191.21904373168945,,21.74964385032654,1385000,0.001,,,1384359,993.2,3000.718472887826
1440,33,,971.92,,1385359,,3052.53022651,41764,,,
1444,33,-192.4249732055664,971.92,21.715225440502167,1389359,0.001,3050.36101493,41857,1388359,,
,,-192.78731396484375,,21.363539431095123,1390000,0.001,,,1389359,1000.0,3136.3863183994777
1448,33,-192.50284945678712,971.92,22.247147846221925,1393359,0.001,3054.476175,41959,1392359,,
,,-192.53858178710936,,20.72795968770981,1395000,0.001,,,1394359,922.2,2936.217891988158
1452,33,-193.26763342285156,971.92,20.82681694984436,1397359,0.001,3060.9783026299997,42059,1396359,,
,,-193.484341796875,,18.67049487352371,1400000,0.001,,,1399359,1000.0,3081.2444416716694
1456,33,-193.92863278198243,978.23,18.996755914211274,1401359,0.001,3082.4894493199995,42161,1400359,,
,,-193.8558314819336,,19.769384796142578,1405000,0.001,,,1404300,768.4,2208.924819567613
1460,33,,977.64,,1405300,,3082.4691852599994,42257,,,
1464,33,-194.74991873168946,977.64,20.71929305887222,1409300,0.001,3083.4311020699993,42351,1408300,,
,,-195.7031125793457,,19.5814634513855,1410000,0.001,,,1409300,1000.0,3295.347528996505
1468,33,-195.5261240234375,977.64,20.542426748752593,1413300,0.001,3047.9298670199996,42453,1412300,,
,,-196.0166134347721,,19.047086057845195,1415000,0.001,,,1414085,1000.0,3239.672022163868
1472,33,-196.2876983642578,988.25,18.820954090595244,1417085,0.001,3083.440731479999,42550,1416085,,
,,-196.7732406616211,,20.814473154067993,1420000,0.001,,,1419672,866.6,2720.5784989152103
1476,33,,984.12,,1420672,,3073.8407231399997,42640,,,
1480,33,-196.15376498413087,984.12,18.826420813083647,1424672,0.001,3074.3242851200002,42734,1423672,,
,,-196.66193774414063,,21.8728910446167,1425000,0.001,,,1424672,945.7,3093.0712477404622
1484,33,-196.92275149536133,984.12,20.026519753456117,1428672,0.001,3081.6045567600004,42834,1427672,,
,,-196.974352142334,,20.344135847568513,1430000,0.001,,,1429672,945.8,3142.926742238924
1488,33,-197.0299133605957,984.12,20.614297446250916,1432672,0.001,3052.3950916100002,42935,1431672,,
,,-196.8182685546875,,22.826848139762877,1435000,0.001,,,1434672,1000.0,3190.60531004332
1492,33,-197.11990509033203,984.12,22.162184106349944,1436672,0.001,3055.9653030299996,43037,1435672,,
,,-197.72539334106446,,21.348972575187684,1440000,0.001,,,1439007,1000.0,3079.099129124638
1496,33,,977.47,,1440007,,3033.8574915800004,43123,,,
1500,33,-197.54843099975585,977.47,20.198448883533477,1444007,0.001,3020.5570981499995,43216,1443007,,
,,-197.59718545532226,,20.061730842590332,1445000,0.001,,,1444007,1000.0,3273.5517024716364
1504,33,-198.71501358032228,986.48,20.31852701950073,1448007,0.001,3046.9995116199993,43317,1447007,,
,,-198.5026450805664,,22.20816255235672,1450000,0.001,,,1449196,1000.0,3073.189829996554
1508,33,-199.27934945678712,978.37,21.89604189348221,1451196,0.001,3016.6444419500003,43400,1450196,,
,,-199.09312872314453,,22.089628041267396,1455000,0.001,,,1454196,1000.0,3315.983494982496
1512,33,,978.37,,1455196,,3016.2451798300003,43502,,,
1516,33,-199.50026965332032,978.37,24.102808469295503,1459196,0.001,3018.97907575,43594,1458196,,
,,-199.93520639038087,,20.89046033382416,1460000,0.001,,,1459196,1000.0,3113.842599350214
1520,33,-199.9108159790039,978.37,22.76010921525955,1463196,0.001,3017.8282364300003,43695,1462196,,
,,-199.90116442871093,,22.641989985466004,1465000,0.001,,,1464196,949.6,2967.6105686522556
1524,33,-199.97887271118165,978.37,23.662492165088654,1467196,0.001,3017.9492494,43795,1466196,,
,,-199.88135415649415,,24.636174686431886,1470000,0.001,,,1469196,1000.0,3107.1026813827457
1528,33,-199.8216629638672,975.79,19.662605579853057,1470938,0.001,3007.42189664,43895,1470196,,
1532,33,-200.6138893737793,975.79,22.70918015050888,1474938,0.001,2999.4408270999998,43982,1473938,,
,,-201.2191076965332,,23.197149052619935,1475000,0.001,,,1474938,1000.0,3264.4877580873667
1536,33,-201.39628030395508,975.79,18.78781529331207,1478938,0.001,3000.05495271,44082,1477938,,
,,-201.7682534790039,,18.376119669437408,1480000,0.001,,,1479938,1000.0,3159.3801400713623
1540,33,-201.95157381383385,973.99,20.026381928746293,1482758,0.001,2990.8314819500006,44179,1481758,,
,,-202.04214193725585,,23.39493704843521,1485000,0.001,,,1484758,909.8,2864.715095369247
1544,33,-202.24494506835939,967.0,19.96043227439703,1486059,0.001,2969.1452549000005,44263,1485059,,
,,-203.03698782348633,,18.566479317188264,1490000,0.001,,,1489059,1000.0,3228.2329260470347
1548,33,,967.0,,1490059,,2969.1501735100005,44364,,,
1552,33,-204.07342477416992,967.0,20.847258553504943,1494059,0.001,2949.4654815300014,44457,1493059,,
,,-204.11013278198243,,22.032167898654937,1495000,0.001,,,1494059,1000.0,3391.973289862275
1556,33,-204.54322903442383,967.0,20.287327784061432,1498059,0.001,2954.31172577,44558,1497059,,
,,-204.97896771240235,,23.52733650302887,1500000,0.001,,,1499059,1000.0,3021.189241388673
1560,33,-204.4539575805664,967.59,20.92373196744919,1502059,0.001,2956.07731271,44660,1501059,,
,,-204.85210510253907,,20.562950172424316,1505000,0.001,,,1504855,1000.0,3303.8477005865425
1564,33,,965.55,,1505855,,2953.5275028799992,44757,,,
1568,33,-204.84525479125978,959.84,19.632165771961212,1509284,0.001,2975.24700408,44849,1508855,,
,,-205.24417454919148,,21.908447455692958,1510000,0.001,,,1509284,1000.0,3302.8164098332636
1572,33,-206.37562100219728,961.99,19.21258556985855,1513284,0.001,2988.7173273099993,44938,1512284,,
,,-205.83194241333007,,19.38280669975281,1515000,0.001,,,1514284,1000.0,3235.457099254988
1576,33,-205.7827819519043,966.12,18.337742963314057,1517284,0.001,3003.08251937,45040,1516284,,
,,-206.3960958557129,,19.059788535118102,1520000,0.001,,,1519284,961.7,3102.3243240313604
1580,33,-206.31503164672853,966.12,21.493675348758696,1521284,0.001,3006.5446503099997,45141,1520284,,
,,-207.35574313354493,,20.08250106716156,1525000,0.001,,,1524284,1000.0,3245.865666129289
1584,33,,966.12,,1525284,,3006.42654231,45242,,,
1588,33,-208.30216217041016,966.12,20.044943345069886,1529284,0.001,3041.7177154499996,45335,1528284,,
,,-208.59000607299805,,19.588942447185516,1530000,0.001,,,1529284,1000.0,3297.9145069051533
1592,33,-208.4507746887207,966.12,19.449795584201812,1533284,0.001,2989.5150550099997,45438,1532284,,
,,-209.02144622802734,,19.840363859176637,1535000,0.001,,,1534284,1000.0,3181.83197446065
1596,33,-209.3373298370581,968.33,19.43197470174419,1536840,0.001,2997.09651305,45530,1535840,,
,,-210.75075842285156,,19.734108168125154,1540000,0.001,,,1539840,1000.0,3207.2174043778095
1600,33,,968.33,,1540840,,3017.67984536,45634,,,
1604,33,-210.32545767211914,968.33,20.328543890476226,1544840,0.001,3016.55540212,45725,1543840,,
,,-210.42678216552736,,22.10981785106659,1545000,0.001,,,1544840,1000.0,2629.9140547265297
1608,33,-210.58372619628906,976.44,21.875886561870576,1548840,0.001,3047.7059662799998,45826,1547840,,
,,-211.1137908935547,,19.427683997154237,1550000,0.001,,,1549840,987.3,3191.0501963414135
1612,33,-210.61630291748048,976.44,20.18666539001465,1552840,0.001,3051.132326750001,45929,1551840,,
,,-211.71556713397686,,20.4170032838027,1555000,0.001,,,1554361,967.9,3120.392521815002
1616,33,-211.5752135925293,971.65,19.31495811700821,1556361,0.001,3038.8165775200005,46019,1555361,,
,,-211.93404443359375,,19.285353046417235,1560000,0.001,,,1559361,1000.0,3175.5328891145996
1620,33,,971.65,,1560361,,3043.203110459999,46120,,,
1624,33,-212.5098044128418,969.06,20.312826635837556,1564102,0.001,3037.0256996599996,46212,1563361,,
,,-212.47280106454525,,21.65588934444062,1565000,0.001,,,1564102,1000.0,2913.0980681297833
1628,33,-212.6506805419922,971.64,20.63426437473297,1568102,0.001,3053.7854023100003,46309,1567102,,
,,-212.75925463867188,,20.07657100391388,1570000,0.001,,,1569102,1000.0,2726.163698260282
1632,33,-213.16867016601563,971.64,18.747720148086547,1572102,0.001,3069.1780595700006,46410,1571102,,
,,-213.78708761596678,,20.420536391735077,1575000,0.001,,,1574102,764.9,2464.974312978238
1636,33,-213.65940155029296,971.64,18.643478096485136,1576102,0.001,3070.5626487900004,46510,1575102,,
,,-214.45354904174803,,21.18640610742569,1580000,0.001,,,1579102,1000.0,3433.3524118468167
1640,33,,973.44,,1580102,,3088.750262419999,46613,,,
1644,33,-214.0831741027832,980.43,19.82846182012558,1584102,0.001,3112.0466118399995,46705,1583102,,
,,-214.57513327026368,,20.881990665912628,1585000,0.001,,,1584102,918.5,2835.077423999086
1648,33,-214.97492752075195,980.43,19.88328093624115,1588102,0.001,3114.0651124700003,46806,1587102,,
,,-214.6040698852539,,20.920338205337526,1590000,0.001,,,1589102,1000.0,2686.7965884551404
1652,33,-215.20288885498047,980.43,20.66065196609497,1592102,0.001,3136.8775346100006,46907,1591102,,
,,-216.04133197021486,,18.915761734485628,1595000,0.001,,,1594102,946.1,3093.58009385895
1656,33,-215.82849050479635,980.37,19.280126829742187,1596096,0.001,3135.5786159399995,47008,1595096,,
,,-216.39787887573243,,17.40990867948532,1600000,0.001,,,1599096,1000.0,2784.804496735707
1660,33,,980.37,,1600096,,3144.23111301,47108,,,
1664,33,-216.29081311035156,982.41,17.808706818580628,1604096,0.001,3155.57242768,47200,1603096,,
,,-216.50304162597655,,19.61676662874222,1605000,0.001,,,1604096,989.4,3194.398084116727
1668,33,-216.9437866872924,987.34,21.936570825907776,1608018,0.001,3172.60998081,47301,1607018,,
,,-217.06046713256836,,20.424895429611205,1610000,0.001,,,1609938,1000.0,3327.463435276225
1672,34,-217.2997418823242,986.54,20.63972875738144,1611938,0.001,3168.41707583,47401,1610938,,
,,-218.06898571777344,,20.607799607753755,1615000,0.001,,,1614938,1000.0,3366.5730224989356
1676,34,,986.54,,1615938,,3171.08878272,47502,,,
1680,34,-218.27412268066405,984.18,20.625233476161956,1619702,0.001,3162.42500453,47590,1618702,,
,,-218.39460470581054,,19.345752079486846,1620000,0.001,,,1619702,956.2,3152.604304814711
1684,34,-217.9434270629883,984.18,22.847158170700073,1623702,0.001,3171.18100102,47692,1622702,,
,,-218.17773097852535,,20.776358788195637,1625000,0.001,,,1624304,1000.0,3434.6954211805014
1688,34,-218.39754479980468,980.2,22.363822603702545,1627304,0.001,3162.24663917,47783,1626304,,
,,-218.51098852539062,,21.519886972904207,1630000,0.001,,,1629304,996.2,3313.6732614746315
1692,34,-218.38601483154298,980.2,22.978530174255372,1631304,0.001,3214.1441680300004,47883,1630304,,
,,-218.37996270751952,,21.631290819644928,1635000,0.001,,,1634304,1000.0,3335.3130154319106
1696,34,,984.64,,1635304,,3232.9644583599998,47985,,,
1700,34,-218.70437985229492,984.64,22.5675991230011,1639304,0.001,3236.2414518899996,48079,1638304,,
,,-219.02636083984376,,21.18272993898392,1640000,0.001,,,1639304,909.5,3007.5939174886794
1704,34,-219.02472979736328,984.64,22.29716545820236,1643304,0.001,3244.73901855,48180,1642304,,
,,-218.9672207336426,,22.869214720249175,1645000,0.001,,,1644304,1000.0,3245.8570524754005
1708,34,-219.37600357055663,984.64,21.657533930778502,1647304,0.001,3250.0427226099996,48282,1646304,,
,,-219.52703387451172,,21.241607546329497,1650000,0.001,,,1649304,1000.0,2899.284836325981
1712,34,-219.34620135498048,984.64,21.6551064119339,1651304,0.001,3252.1026524099993,48384,1650304,,
,,-220.41927990722655,,20.57258912038803,1655000,0.001,,,1654304,1000.0,3403.022194545716
1716,34,,989.43,,1655304,,3266.52617968,48485,,,
1720,34,-220.44177212524414,980.94,19.602863142967223,1658455,0.001,3241.7587800400006,48558,1657455,,
,,-220.54819985961913,,20.04521206188202,1660000,0.001,,,1659455,1000.0,2648.9382166262717
1724,34,-220.29351315307616,983.53,21.979225249290465,1662455,0.001,3250.7216124300003,48660,1661455,,
,,-220.85691458129884,,20.17813840150833,1665000,0.001,,,1664455,906.4,2969.3064107577784
1728,34,-221.14966119384766,983.53,21.156224724769594,1666455,0.001,3245.3886660999997,48760,1665455,,
,,-220.0609373474121,,22.304297478675842,1670000,0.001,,,1669455,1000.0,3443.6387311863714
1732,34,,983.53,,1670455,,3248.87698243,48862,,,
1736,34,-219.99196447753906,983.53,21.63483865213394,1674455,0.001,3251.0865500999994,48955,1673455,,
,,-220.04266744995118,,20.51662157392502,1675000,0.001,,,1674455,996.5,3308.040137019777
1740,34,-219.93174868774415,983.53,21.67181521034241,1678455,0.001,3248.77238679,49055,1677455,,
,,-220.1627834777832,,20.57441626405716,1680000,0.001,,,1679455,1000.0,3374.7482528827154
1744,34,-220.26087326049804,977.48,21.653891495704652,1681850,0.001,3232.8132871699995,49150,1681216,,
,,-219.60479498291016,,21.663463328838347,1685000,0.001,,,1684693,833.6,2830.8936861891298
1748,34,,975.91,,1685693,,3234.8771775100004,49239,,,
1752,34,-219.39273458862306,975.91,22.372473292827607,1689693,0.001,3235.7518197099994,49333,1688693,,
,,-218.93371920776366,,20.250419352054596,1690000,0.001,,,1689693,868.7,2874.0928293101488
1756,34,-218.91600344848632,975.97,21.761649626255036,1693693,0.001,3239.53496729,49433,1692693,,
,,-218.1862890930176,,23.630185930728913,1695000,0.001,,,1694693,1000.0,3412.3443259947003
1760,34,-218.71135278320313,975.97,21.64177425146103,1697693,0.001,3238.097867369999,49535,1696693,,
,,-219.0796453857422,,20.7216678647995,1700000,0.001,,,1699693,915.5,3036.1157074970192
1764,34,-218.88313208007813,971.59,22.753406398773194,1701255,0.001,3223.9983722499996,49634,1700693,,
,,-219.16324307250977,,22.42504002571106,1705000,0.001,,,1704255,1000.0,3346.6881390960307
1768,34,,972.37,,1705255,,3231.0945827299993,49727,,,
1772,34,-218.59805770874024,973.17,21.662915031433105,1709255,0.001,3213.3454266,49818,1708255,,
,,-218.19842282104491,,21.636363361358644,1710000,0.001,,,1709255,1000.0,3325.3221631548367
1776,34,-218.23381945800782,973.17,19.857195343494414,1713255,0.001,3211.5524987900008,49920,1712255,,
,,-218.10795916748046,,19.80355304956436,1715000,0.001,,,1714255,1000.0,3373.374344129581
1780,34,-218.41141256713868,975.53,22.679443947315217,1717255,0.001,3225.6928332800003,50025,1716255,,
,,-218.12884887695313,,23.455424132347108,1720000,0.001,,,1719255,919.8,3104.0354155533014
1784,34,-218.50046441650392,975.53,22.424901557922365,1721255,0.001,3225.4777754499996,50126,1720255,,
,,-219.48424728393556,,21.94334916973114,1725000,0.001,,,1724255,1000.0,3403.4260638852197
1788,34,,979.51,,1725255,,3242.6463813800005,50228,,,
1792,34,-220.37324880981444,979.51,22.36039141082764,1729255,0.001,3231.125185000001,50321,1728255,,
,,-220.86951461791992,,22.253583517551423,1730000,0.001,,,1729255,1000.0,3262.315852814354
1796,34,-221.58363946533203,979.51,21.690089782238008,1733255,0.001,3235.55903673,50424,1732255,,
,,-221.502906829834,,22.633898540496826,1735000,0.001,,,1734255,1000.0,3326.7518237225713
1800,34,-221.4607403869629,979.51,22.458095838069916,1737255,0.001,3237.6622672700005,50525,1736255,,
,,-221.47686608886718,,21.317483483791353,1740000,0.001,,,1739255,868.4,2782.834056888474
1804,34,-221.85793685913086,979.51,21.7981252617836,1741255,0.001,3235.3723770600004,50625,1740255,,
,,-221.60204779052734,,19.255136915683746,1745000,0.001,,,1744255,922.7,3149.871639315784
1808,34,,979.51,,1745255,,3235.8474754,50725,,,
1812,34,-221.92098791503906,979.51,20.442037316799166,1749255,0.001,3236.8994235100004,50819,1748255,,
,,-221.86000997924805,,20.781886375904083,1750000,0.001,,,1749255,963.1,3206.5084178611637
1816,34,-222.19534442138672,979.51,20.62307400560379,1753255,0.001,3239.16141857,50922,1752255,,
,,-222.42691989135741,,21.739717019081116,1755000,0.001,,,1754255,1000.0,3497.060126214754
1820,34,-222.21076754760742,988.0,20.95475651693344,1757255,0.001,3271.25759364,51024,1756255,,
,,-221.97718167114257,,21.36659969997406,1760000,0.001,,,1759255,1000.0,3410.9346544871105
1824,34,-222.29412225341798,988.0,22.9460688123703,1761255,0.001,3274.66021084,51126,1760255,,
,,-222.72777905273438,,21.40657937812805,1765000,0.001,,,1764255,1000.0,3350.743186505139
1828,34,,988.0,,1765255,,3279.1655615600002,51228,,,
1832,34,-222.92368994140625,988.0,19.862928418636322,1769255,0.001,3280.47784738,51322,1768255,,
,,-222.60878421020507,,20.74161039352417,1770000,0.001,,,1769255,1000.0,3396.1013846971096
1836,34,-223.0814381713867,988.0,19.744055691242217,1773255,0.001,3284.79363917,51424,1772255,,
,,-222.1542911682129,,18.998827755451202,1775000,0.001,,,1774255,975.0,3368.882198107708
1840,34,-223.17272520427463,985.9,20.108200406424608,1777045,0.001,3280.7727538599997,51520,1776045,,
,,-223.20799826049804,,19.797283637046814,1780000,0.001,,,1779045,958.6,3250.801866247924
1844,34,-223.44903447321343,991.59,21.402990201696817,1781009,0.001,3302.61390155,51621,1780009,,
1848,34,-223.84305389404298,986.93,22.352178669452666,1784386,0.001,3284.4869849799998,51699,1783386,,
,,-224.0738020019531,,20.798832551956178,1785000,0.001,,,1784386,1000.0,3496.448494265601
1852,34,-223.45884103393556,986.93,23.15003558206558,1788386,0.001,3294.956299799999,51802,1787386,,
,,-223.83277853393554,,22.617730815410614,1790000,0.001,,,1789386,1000.0,2981.7195161002805
1856,34,-224.06029235839844,986.93,23.34336448812485,1792386,0.001,3301.9047538899995,51903,1791386,,
,,-223.77072637939452,,19.501013961315156,1795000,0.001,,,1794386,1000.0,3406.8864193898626
1860,34,-223.88704663085937,986.93,20.48700374031067,1796386,0.001,3308.99194211,52004,1795386,,
1864,34,-223.93466522216798,982.22,20.724529264450073,1799477,0.001,3289.81842169,52075,1798477,,
,,-224.19117987060548,,21.600043611526488,1800000,0.001,,,1799477,1000.0,3481.19751436729
1868,34,-224.01864489746094,982.22,23.325330893039702,1803477,0.001,3292.68272698,52176,1802477,,
,,-223.83446780395508,,21.440879112720488,1805000,0.001,,,1804477,901.5,3092.9105112435295
1872,34,-223.74508114624024,982.22,20.997529476642608,1807477,0.001,3317.4207977,52277,1806477,,
,,-224.2355414123535,,20.481147846221923,1810000,0.001,,,1809477,994.3,3343.3192975044717
1876,34,-224.49410787963868,977.71,22.470396829128266,1811026,0.001,3305.402957700001,52378,1810477,,
,,-224.57182138061523,,21.045380147457124,1815000,0.001,,,1814026,905.3,3097.8428967427462
1880,34,,977.71,,1815026,,3306.39782539,52469,,,
1884,34,-224.44252279663087,968.51,19.52497390985489,1818106,0.001,3274.31213756,52541,1817106,,
,,-224.4010080871582,,23.038246439933776,1820000,0.001,,,1819106,958.7,3366.285242494568
1888,34,-224.34200454711913,968.51,22.572796751022338,1822106,0.001,3278.28471783,52640,1821106,,
,,-223.2021979857027,,22.93279005633015,1825000,0.001,,,1824463,881.5,3052.6589353851973
1892,34,,962.08,,1825463,,3273.2595885700007,52726,,,
1896,34,-223.19027856445314,962.08,23.309223624229432,1829463,0.001,3221.6549724000006,52819,1828463,,
,,-223.1512374267578,,23.479380774497987,1830000,0.001,,,1829463,1000.0,3574.118594993837
1900,34,-223.1479246826172,962.08,24.129178644180296,1833463,0.001,3218.155828100001,52920,1832463,,
,,-222.91198513793944,,24.15392712545395,1835000,0.001,,,1834463,943.4,3257.4543096397074
1904,34,-223.15418710327148,962.08,24.423779601097106,1837463,0.001,3222.9523481600004,53022,1836463,,
,,-223.1929483642578,,24.92791940641403,1840000,0.001,,,1839709,910.2,3154.5608845295383
1908,34,,954.54,,1840709,,3193.0969256500002,53105,,,
1912,34,-223.6725244445801,954.54,26.188630937576296,1844709,0.001,3193.87893726,53197,1843709,,
,,-223.18896676635742,,22.105695234775542,1845000,0.001,,,1844709,986.2,3191.1993401577697
1916,34,-223.30885229492188,954.54,21.99731782388687,1848709,0.001,3196.707811900001,53299,1847709,,
,,-222.61378207151918,,22.003594127194635,1850000,0.001,,,1849057,910.3,3091.2044860021733
1920,34,-223.63866494750977,948.02,23.761743688106538,1852057,0.001,3167.1625821600005,53387,1851057,,
,,-223.31503692626953,,24.379305569648743,1855000,0.001,,,1854057,997.4,3250.945583165018
1924,34,-223.00686889648438,948.02,24.673271347522736,1856057,0.001,3169.75127107,53489,1855057,,
,,-222.9063554992676,,25.113082575798035,1860000,0.001,,,1859057,943.6,3127.4297767088747
1928,34,,948.02,,1860057,,3164.9947900499997,53590,,,
1932,34,-222.2520672302246,948.02,22.81041269874573,1864057,0.001,3163.59925316,53682,1863057,,
,,-222.31236688232423,,23.42477290344238,1865000,0.001,,,1864057,958.1,3362.847009609826
1936,34,-222.95219830322264,948.02,23.784232487678526,1868057,0.001,3162.0304558599996,53784,1867057,,
,,-223.09320790280577,,21.85522488148665,1870000,0.001,,,1869800,1000.0,3243.9160128150133
1940,34,-223.55978021240233,947.55,22.881523612499237,1871800,0.001,3156.67201395,53880,1870800,,
,,-222.86216931152345,,23.924573644638063,1875000,0.001,,,1874800,1000.0,3324.461203127634
1944,34,,947.91,,1875800,,3159.6218525000004,53981,,,
1948,34,-222.73212539672852,951.84,26.002939611911774,1879570,0.001,3171.55949336,54074,1878800,,
,,-222.57761214615462,,26.526628353069356,1880000,0.001,,,1879570,926.3,2981.3200659217314
1952,34,-222.65955404663086,951.84,23.06707935810089,1883570,0.001,3163.0279147000006,54170,1882570,,
,,-222.42363424682617,,22.07292065858841,1885000,0.001,,,1884570,936.6,3260.013456309121
1956,34,-221.76362176513672,951.84,25.337336585521697,1887570,0.001,3162.26926766,54272,1886570,,
,,-221.93337225341796,,26.845961995601655,1890000,0.001,,,1889570,841.2,2365.6054757147563
1960,34,-222.13758709716797,951.84,23.24692056655884,1891570,0.001,3161.87883975,54374,1890570,,
1964,34,-223.86280905233846,952.42,25.64162530194993,1894719,0.001,3168.3200826399993,54447,1893719,,
,,-223.30074740600585,,25.592818137645722,1895000,0.001,,,1894719,907.4,3016.43868199829
1968,34,-224.4988059232433,949.4,23.60690171670777,1898417,0.001,3154.23709489,54542,1897417,,
,,-223.83171899414063,,23.306951159477233,1900000,0.001,,,1899417,959.1,3120.277636749949
1972,34,-223.9286061205895,942.46,20.503165578530506,1901723,0.001,3130.2420252699994,54626,1900723,,
,,-225.8252834151119,,22.213207678867192,1905000,0.001,,,1904580,1000.0,3247.1101347920485
1976,34,,945.54,,1905580,,3141.077930319999,54725,,,
1980,34,-225.48199993896483,939.22,24.967392993450165,1908948,0.001,3120.12855088,54809,1908159,,
,,-226.7119589140921,,23.318704063405917,1910000,0.001,,,1909345,1000.0,3425.4360881701114
1984,34,-226.38610293579103,942.39,25.975384570598603,1912345,0.001,3133.2971993899996,54892,1911345,,
,,-226.05125314331056,,24.774221593379973,1915000,0.001,,,1914345,963.0,2785.007143059559
1988,34,-226.67339361572266,942.39,24.971419164657593,1916345,0.001,3129.551067589999,54993,1915345,,
1992,34,-227.03357220458983,942.29,24.589145322322846,1919692,0.001,3129.780579,55072,1918692,,
,,-226.2421898498535,,23.442177751541138,1920000,0.001,,,1919692,1000.0,3492.1407489679755
1996,34,-226.75610299682617,942.29,21.821071586608888,1923692,0.001,3185.39599768,55175,1922692,,
,,-227.46504412841796,,23.36824098825455,1925000,0.001,,,1924692,951.4,2831.7404953280466
2000,34,-227.79332580566407,942.29,22.39028054714203,1927692,0.001,3187.5245293399994,55277,1926692,,
,,-228.73958660888673,,22.628965565681458,1930000,0.001,,,1929692,944.4,3130.5304763852155
2004,34,-228.3534183959961,942.29,23.390896132469177,1931692,0.001,3187.96844109,55377,1930692,,
,,-230.0220803833008,,24.95689581155777,1935000,0.001,,,1934692,1000.0,3512.0726898655294
2008,34,,949.83,,1935692,,3223.9035546200007,55480,,,
2012,34,-230.77780102539063,949.83,22.407167266368866,1939692,0.001,3228.1771295499993,55574,1938692,,
,,-231.0415712890625,,23.260290687084197,1940000,0.001,,,1939692,864.7,3028.570109669119
2016,34,-230.35867572021485,943.61,22.263164482593535,1943070,0.001,3204.9028158700003,55662,1942070,,
,,-231.16873623657227,,23.770702355384827,1945000,0.001,,,1944070,957.0,3309.071456284821
2020,34,-232.48432391357423,950.13,22.367484691143037,1947070,0.001,3237.7378546100003,55764,1946070,,
,,-232.8422325439453,,26.255306791782377,1950000,0.001,,,1949430,1000.0,3392.2056542848704
2024,34,,943.73,,1950430,,3214.54735907,55850,,,
2028,34,-232.70906127929686,934.67,25.913276509284973,1953524,0.001,3192.0287059700004,55922,1952524,,
,,-232.9173416754212,,32.912055678571804,1955000,0.001,,,1954921,1000.0,3340.2973679397255
2032,34,-232.47251919555663,928.64,23.392597511291505,1956921,0.001,3172.0730015600006,56009,1955921,,
,,-233.30202697753907,,25.57835206890106,1960000,0.001,,,1959921,1000.0,3484.364163480396
2036,34,,928.64,,1960921,,3174.2078522,56110,,,
2040,34,-233.3707945251465,927.67,22.665781280994416,1964567,0.001,3175.976889580001,56204,1963921,,
,,-233.34570600669082,,26.8400621849686,1965000,0.001,,,1964567,1000.0,3588.5427603170274
2044,34,-233.89120947265624,927.67,27.252024973869325,1968567,0.001,3177.3301625500003,56298,1967567,,
,,-233.9995208129883,,25.422613253593443,1970000,0.001,,,1969567,1000.0,3507.6767952221444
2048,34,-234.26152267456055,929.97,27.789657185554503,1972567,0.001,3191.2590180099996,56399,1971567,,
,,-234.65550677490234,,27.082561493873595,1975000,0.001,,,1974567,1000.0,3490.4157760839907
2052,34,-234.4980084838867,929.97,25.99615947341919,1976567,0.001,3199.2950761499997,56501,1975567,,
,,-235.365416015625,,26.54190986776352,1980000,0.001,,,1979567,921.5,3219.3031814962624
2056,34,,929.97,,1980567,,3198.4644866599997,56602,,,
2060,35,-236.01972354125976,929.97,23.525860221862793,1984567,0.001,3198.3566989,56695,1983567,,
,,-235.93684942626953,,26.443576709270477,1985000,0.001,,,1984567,980.4,3345.60241559688
2064,34,-237.2884750366211,918.74,18.928083118639496,1986593,0.001,3157.3530486600002,56773,1986586,,
,,-236.33219177246093,,26.55325389480591,1990000,0.001,,,1989593,1000.0,3241.687610157952
2068,35,,921.76,,1990593,,3169.5106597399995,56854,,,
2072,35,-235.9292519836426,928.7,25.39594383382797,1994593,0.001,3198.5999250000004,56947,1993593,,
,,-235.7079245300293,,26.090810864448546,1995000,0.001,,,1994593,1000.0,3478.1827281057836
2076,35,-235.84446286010743,930.13,24.063731297016144,1998593,0.001,3208.04728556,57050,1997593,,
,,-236.24745568847655,,23.63556820869446,2000000,0.001,,,1999593,943.2,3356.487470235303
