time/total_timesteps,train/actor_loss,train/learning_rate,train/ent_coef_loss,train/critic_loss,time/fps,time/episodes,train/ent_coef,rollout/ep_rew_mean,train/n_updates,rollout/ep_len_mean,time/time_elapsed,eval/mean_reward,eval/mean_ep_length
219,-10.914758682250977,0.0003,-0.47427308559417725,2.06032395362854,149,4,0.9654697775840759,-35.10202375,118,54.75,1,,
503,-14.465202331542969,0.0003,-1.6153351068496704,1.18107271194458,107,8,0.8867682218551636,-25.192927,402,62.875,4,,
954,-20.23348045349121,0.0003,-3.3813652992248535,3.384889602661133,97,12,0.7749360203742981,-39.210936,853,79.5,9,,
2987,-30.759742736816406,0.0003,-10.184444427490234,1.6891872882843018,89,16,0.4279794692993164,-103.143177375,2886,186.6875,33,,
3180,-31.131488800048828,0.0003,-10.781604766845703,4.909387588500977,89,20,0.4046498239040375,-89.95143644999999,3079,159.0,35,,
4309,-32.82138442993164,0.0003,-13.575843811035156,2.7570199966430664,87,24,0.2925514578819275,-102.66474649999999,4208,179.54166666666666,49,,
5000,-32.16725540161133,0.0003,-15.369951248168945,2.7894785404205322,,,0.24042962491512299,,4899,,,117.21817610912112,667.8
5459,-32.75342559814453,0.0003,-16.316930770874023,2.6038928031921387,74,28,0.211208775639534,-114.27087585714287,5358,194.96428571428572,73,,
5633,-31.47918701171875,0.0003,-16.663965225219727,3.006082057952881,74,32,0.20116598904132843,-104.31076056250001,5532,176.03125,75,,
6350,-30.33261489868164,0.0003,-17.475244522094727,2.667522668838501,76,36,0.16430062055587769,-108.5342525277778,6249,176.38888888888889,83,,
7524,-27.27421760559082,0.0003,-18.27865982055664,2.775719165802002,77,40,0.11875157058238983,-115.883609,7423,188.1,97,,
9123,-23.31527328491211,0.0003,-19.408161163330078,1.5735981464385986,78,44,0.07656170427799225,-125.68009427272727,9022,207.3409090909091,115,,
10000,-20.514358520507812,0.0003,-20.812480926513672,1.9423117637634277,,,0.060235995799303055,,9899,,,-11.373142742358322,293.4
11340,-16.78643035888672,0.0003,-18.60228729248047,1.6159610748291016,77,48,0.04244014248251915,-131.71303920833336,11239,236.25,146,,
12561,-15.108419418334961,0.0003,-13.547040939331055,1.1150310039520264,77,52,0.03129773586988449,-126.48181678846154,12460,241.55769230769232,161,,
13778,-14.015278816223145,0.0003,-12.864469528198242,1.2287487983703613,78,56,0.023589352145791054,-119.34735626785714,13677,246.03571428571428,175,,
14249,-13.127793312072754,0.0003,-11.020306587219238,1.9791127443313599,78,60,0.021258587017655373,-111.55775441666668,14148,237.48333333333332,181,,
15000,-12.640695571899414,0.0003,-8.71822738647461,1.7068605422973633,,,0.018158795312047005,,14899,,,25.75426226081472,344.9
15742,-11.510311126708984,0.0003,-6.503856658935547,1.558501958847046,77,64,0.015851158648729324,-106.2837135625,15641,245.96875,203,,
17221,-10.87350082397461,0.0003,-1.3612853288650513,1.3604589700698853,77,68,0.012933379970490932,-96.98892592647059,17120,253.25,220,,
19406,-10.564870834350586,0.0003,0.8760449886322021,1.2593605518341064,78,72,0.01211401168256998,-85.89270125,19305,269.52777777777777,247,,
20000,-10.48120403289795,0.0003,-1.4770920276641846,1.1794798374176025,,,0.012189291417598724,,19899,,,33.94182925792993,119.4
21651,-10.683341026306152,0.0003,0.21485084295272827,1.4023633003234863,78,76,0.012533334083855152,-72.93941103947368,21550,284.88157894736844,275,,
22776,-11.52502727508545,0.0003,-0.7198090553283691,1.562499761581421,79,80,0.012714004144072533,-64.91598081250001,22675,284.7,287,,
23164,-11.753806114196777,0.0003,-1.183011531829834,1.4276015758514404,79,84,0.012746734544634819,-60.69819207142858,23063,275.76190476190476,291,,
25000,-11.913139343261719,0.0003,-3.2161946296691895,1.7193968296051025,,,0.013027956709265709,,24899,,,184.93059940369494,523.0
26177,-12.048694610595703,0.0003,0.5770074129104614,1.3249859809875488,78,88,0.013251340948045254,-51.25150086363636,26076,297.46590909090907,333,,
28580,-13.51146411895752,0.0003,0.5558398962020874,1.8537306785583496,79,92,0.013593761250376701,-41.59128444565217,28479,310.6521739130435,360,,
29653,-13.672738075256348,0.0003,-0.5411758422851562,1.509067416191101,79,96,0.0136160459369421,-37.73755843749999,29552,308.8854166666667,372,,
30000,-13.919836044311523,0.0003,1.6953563690185547,2.0780372619628906,,,0.013557782396674156,,29899,,,324.0659032027703,900.1
31830,-15.526644706726074,0.0003,-0.5796298980712891,1.640082836151123,77,100,0.013714889995753765,-28.13436317999999,31729,318.3,409,,
33284,-15.188268661499023,0.0003,1.564433217048645,1.6777288913726807,77,104,0.013599798083305359,-21.71721007,33183,330.65,426,,
35000,-17.564931869506836,0.0003,-1.0000654458999634,1.5716378688812256,,,0.013599291443824768,,34899,,,258.2239073437551,640.0
35419,-16.01266860961914,0.0003,-1.3007057905197144,1.926140546798706,76,108,0.01376014668494463,-13.710223849999998,35318,349.16,460,,
37218,-17.642126083374023,0.0003,-0.49264097213745117,1.7631734609603882,77,112,0.013659407384693623,-5.088867389999995,37117,362.64,479,,
39602,-17.920207977294922,0.0003,1.475055456161499,2.0371856689453125,78,116,0.013618570752441883,14.31357273,39501,366.15,506,,
40000,-18.06490707397461,0.0003,0.5409214496612549,2.1629912853240967,,,0.013681113719940186,,39899,,,371.6924588088135,791.5
41395,-18.885391235351562,0.0003,0.20519421994686127,1.9110291004180908,76,120,0.013936774805188179,23.73574045000001,41294,382.15,537,,
44473,-19.997148513793945,0.0003,1.3162922859191895,2.15543532371521,77,124,0.013772631995379925,45.25402261999999,44372,401.64,572,,
45000,-21.201772689819336,0.0003,-0.8870460391044617,1.885459542274475,,,0.013958788476884365,,44899,,,250.63624512075702,480.3
47558,-22.2451171875,0.0003,0.5747815370559692,2.2540230751037598,77,128,0.013953730463981628,65.38031138000001,47457,420.99,612,,
50000,-24.232555389404297,0.0003,-0.5838297605514526,1.8624327182769775,,,0.014020807109773159,,49899,,,302.6861059743038,618.3
50058,-24.37708282470703,0.0003,-1.7707465887069702,1.9981119632720947,77,132,0.01400378905236721,78.73794463,49957,444.25,647,,
51764,-23.721445083618164,0.0003,-0.020490571856498718,2.0116891860961914,77,136,0.013986451551318169,94.98512672999999,51663,454.14,667,,
54422,-25.728548049926758,0.0003,2.35370135307312,2.3185267448425293,77,140,0.014211028814315796,117.63969041,54321,468.98,697,,
55000,-26.824996948242188,0.0003,1.2376164197921753,2.012512683868408,,,0.013928210362792015,,54899,,,393.03036863633895,706.5
56092,-26.406648635864258,0.0003,-0.4518492817878723,2.1553850173950195,77,144,0.013950849883258343,133.27355041,55991,469.69,726,,
56831,-27.674396514892578,0.0003,0.9591951966285706,2.3233137130737305,77,148,0.013713176362216473,147.49197924,56730,454.91,734,,
59392,-27.68358612060547,0.0003,1.338355541229248,2.405674457550049,77,152,0.013900151476264,164.83659318000002,59291,468.31,762,,
60000,-28.691539764404297,0.0003,-1.286953330039978,3.739604949951172,,,0.013977124355733395,,59899,,,184.41690646023926,252.7
61656,-30.286569595336914,0.0003,0.9918415546417236,2.014103889465332,77,156,0.0135491993278265,178.78898225000003,61555,478.78,791,,
64896,-29.9820499420166,0.0003,-0.2663947343826294,2.246619701385498,78,160,0.01388224121183157,196.17303198000005,64795,506.47,828,,
65000,-31.594499588012695,0.0003,0.8981140851974487,2.5053200721740723,,,0.013904361985623837,,64899,,,498.4684965325461,756.0
68276,-32.74480056762695,0.0003,-0.9079644680023193,8.563325881958008,77,164,0.013846739195287228,215.55025508000006,68175,525.34,879,,
70000,-33.13282012939453,0.0003,0.9439942240715027,2.3485569953918457,,,0.01386759988963604,,69899,,,271.63188949463876,419.1
71529,-35.11383056640625,0.0003,-0.5108568668365479,2.762666702270508,77,168,0.014039471745491028,233.03265513999997,71428,543.08,923,,
74220,-35.38551330566406,0.0003,-0.7758092284202576,2.1372570991516113,77,172,0.013863751664757729,248.85258039999997,74119,548.14,955,,
75000,-35.18115997314453,0.0003,-0.06153172254562378,2.101309061050415,,,0.013805225491523743,,74899,,,330.22853199064264,393.4
76413,-37.40172576904297,0.0003,-1.7387031316757202,2.2858989238739014,77,176,0.013802546076476574,256.76751924,76312,547.62,985,,
78477,-36.047874450683594,0.0003,-0.4526820778846741,2.6613717079162598,77,180,0.013832616619765759,265.78994345,78376,557.01,1008,,
80000,-36.30327224731445,0.0003,0.17570479214191437,2.8733930587768555,,,0.013524774461984634,,79899,,,532.1287411991958,774.4
81791,-39.14992141723633,0.0003,1.335296630859375,3.1818058490753174,77,184,0.013668157160282135,286.9881562,81690,586.27,1057,,
83489,-40.931007385253906,0.0003,0.8819292187690735,2.2688446044921875,77,188,0.013866528868675232,293.39987263,83388,573.12,1076,,
85000,-39.03131866455078,0.0003,-1.575727105140686,2.7976813316345215,,,0.013679241761565208,,84899,,,394.7400984778025,500.1
86540,-38.11830139160156,0.0003,-1.3842236995697021,2.3874058723449707,77,192,0.013900185003876686,305.88204504,86439,579.6,1119,,
87679,-40.283634185791016,0.0003,0.8061040639877319,2.5754733085632324,77,196,0.013694800436496735,315.32248451,87578,580.26,1132,,
89904,-39.583858489990234,0.0003,-1.1111724376678467,2.1969492435455322,77,200,0.01358967274427414,321.71845596,89803,580.74,1158,,
90000,-40.76593017578125,0.0003,0.17511503398418427,2.4994757175445557,,,0.013554880395531654,,89899,,,443.6999149018724,590.8
91495,-41.9936408996582,0.0003,-0.26699942350387573,3.3730955123901367,77,204,0.013396864756941795,331.5076317,91394,582.11,1185,,
93751,-44.070159912109375,0.0003,0.16380122303962708,2.6897776126861572,77,208,0.013538679108023643,338.86399731000006,93650,583.32,1212,,
95000,-44.56080627441406,0.0003,1.5863988399505615,2.8539984226226807,,,0.013497457839548588,,94899,,,525.8614808512444,779.2
96791,-43.05820846557617,0.0003,0.4806632399559021,2.149685859680176,76,212,0.013742435723543167,352.58963897999996,96690,595.73,1260,,
99190,-43.44532775878906,0.0003,-0.9710219502449036,2.1566734313964844,76,216,0.013595640659332275,361.00599599000003,99089,595.88,1288,,
100000,-44.14848327636719,0.0003,0.2962609827518463,3.000977039337158,,,0.013477333821356297,,99899,,,530.238012076437,623.4
102613,-46.04411315917969,0.0003,1.8347668647766113,3.9106311798095703,76,220,0.013350973837077618,381.6215295900001,102512,612.18,1338,,
104214,-46.6156005859375,0.0003,-0.5138747096061707,1.9550144672393799,76,224,0.013655148446559906,381.14774974,104113,597.41,1356,,
105000,-45.54467010498047,0.0003,0.38382935523986816,2.426682472229004,,,0.013683214783668518,,104899,,,441.2254835407337,478.7
105855,-49.218990325927734,0.0003,0.3549289107322693,2.9396791458129883,76,228,0.013593911193311214,383.28865936999995,105754,582.97,1381,,
109064,-47.02587127685547,0.0003,0.21361210942268372,4.278853416442871,76,232,0.013594831340014935,393.71374972999996,108963,590.06,1418,,
110000,-48.86201477050781,0.0003,-0.20308451354503632,2.607663631439209,,,0.013506058603525162,,109899,,,481.83077961071393,497.4
110809,-46.7227783203125,0.0003,-0.11665943264961243,4.459102630615234,76,236,0.013646035455167294,401.9567965600001,110708,590.45,1445,,
114148,-51.23579406738281,0.0003,0.08608973026275635,2.5994904041290283,76,240,0.013464845716953278,416.29252278,114047,597.26,1485,,
115000,-49.60319137573242,0.0003,-0.3242437243461609,2.4063849449157715,,,0.013407140970230103,,114899,,,540.5630514905846,637.3
115361,-49.180458068847656,0.0003,-0.9562681913375854,2.172168016433716,76,244,0.013383539393544197,419.16872537999996,115260,592.69,1509,,
118110,-51.09056854248047,0.0003,1.550623893737793,1.909942388534546,76,248,0.013278431259095669,439.17403147000005,118009,612.79,1541,,
120000,-51.84986114501953,0.0003,-1.8392549753189087,2.381176233291626,,,0.01351047120988369,,119899,,,527.4090412172372,603.6
120435,-54.28777313232422,0.0003,1.591052532196045,2.5483622550964355,76,252,0.013405324891209602,444.04427759000004,120334,610.43,1577,,
123235,-53.18999481201172,0.0003,0.621422290802002,2.968367576599121,76,256,0.012986470013856888,457.85155648000006,123134,615.79,1609,,
125000,-53.08503341674805,0.0003,-0.005974605679512024,2.536343574523926,,,0.013208272866904736,,124899,,,782.661814129597,720.9
125513,-52.4954833984375,0.0003,-0.5147175788879395,2.1846604347229004,76,260,0.013321665115654469,461.13780857000006,125412,606.17,1647,,
128913,-55.01403045654297,0.0003,-0.0773712694644928,2.1066060066223145,76,264,0.013105529360473156,471.49914795000007,128812,606.37,1687,,
130000,-54.090370178222656,0.0003,0.2547343671321869,5.681145668029785,,,0.013115599751472473,,129899,,,603.6198311240253,733.4
132035,-57.148162841796875,0.0003,2.3509180545806885,4.23403263092041,76,268,0.01299291756004095,476.1260732999999,131934,605.06,1732,,
134509,-60.441307067871094,0.0003,1.564821481704712,2.1913187503814697,76,272,0.013074271380901337,480.34237084999995,134408,602.89,1758,,
135000,-57.934539794921875,0.0003,0.5188904404640198,5.736457347869873,,,0.013137751258909702,,134899,,,489.19479553748386,503.9
135929,-57.42570877075195,0.0003,-0.42766624689102173,9.229387283325195,76,276,0.013395401649177074,477.52104965000007,135828,595.16,1782,,
139038,-59.05267333984375,0.0003,-0.25299280881881714,2.174923896789551,76,280,0.01306074857711792,492.14538854,138937,605.61,1817,,
140000,-59.07093048095703,0.0003,1.3365670442581177,2.789597272872925,,,0.013060761615633965,,139899,,,605.9852066350868,749.2
141750,-60.14228820800781,0.0003,0.7090936899185181,2.9686784744262695,76,284,0.012815273366868496,494.89261130000006,141649,599.59,1859,,
144818,-61.561195373535156,0.0003,0.6447862386703491,3.344468355178833,76,288,0.013352209702134132,507.9239017800001,144717,613.29,1895,,
145000,-59.13886260986328,0.0003,-1.450972080230713,2.66534423828125,,,0.012970094569027424,,144899,,,217.83228634828703,238.0
147219,-59.90758514404297,0.0003,0.40053093433380127,4.31390380859375,76,292,0.012962687760591507,508.2517479499999,147118,606.79,1926,,
148871,-63.09967041015625,0.0003,-0.3685784935951233,2.8570098876953125,76,296,0.013157544657588005,513.87613608,148770,611.92,1944,,
150000,-61.77648162841797,0.0003,-0.17538413405418396,5.507539749145508,,,0.013015706092119217,,149899,,,427.39858228367814,476.0
150028,-61.43004608154297,0.0003,2.0758962631225586,3.075389862060547,76,300,0.012996195815503597,510.42232879000005,149927,601.24,1964,,
153145,-62.149776458740234,0.0003,0.48641690611839294,2.4268693923950195,76,304,0.012936970219016075,528.37051939,153044,616.5,2001,,
155000,-63.63772964477539,0.0003,0.42477157711982727,2.675356388092041,,,0.013125428929924965,,154899,,,649.864804493652,622.8
155477,-62.24831008911133,0.0003,1.1196430921554565,2.7583703994750977,76,308,0.012815352529287338,542.4994211400001,155376,617.26,2036,,
159477,-66.12883758544922,0.0003,1.0900940895080566,2.513137102127075,76,312,0.012922856025397778,552.99896408,159376,626.86,2082,,
160000,-63.506446838378906,0.0003,0.34163737297058105,3.0351061820983887,,,0.013039255514740944,,159899,,,742.5563511621556,615.2
163274,-65.04695129394531,0.0003,0.8395506143569946,3.3117024898529053,76,316,0.012754985131323338,571.9458952600002,163173,640.84,2135,,
165000,-63.70201873779297,0.0003,-0.3764142692089081,3.3275866508483887,,,0.012821096926927567,,164899,,,661.8635653798003,656.7
165883,-67.46543884277344,0.0003,1.2500568628311157,3.0467870235443115,76,320,0.012839200906455517,565.90441801,165782,632.7,2175,,
168294,-64.37690734863281,0.0003,-0.05566692352294922,2.3094797134399414,76,324,0.013050191104412079,574.35172531,168193,640.8,2202,,
170000,-67.42823791503906,0.0003,0.5785542726516724,3.3787436485290527,,,0.012729424051940441,,169899,,,634.2407500282279,582.6
170631,-67.34109497070312,0.0003,0.99460369348526,4.069395542144775,76,328,0.012902451679110527,590.4533139800001,170530,647.76,2238,,
173857,-65.6840591430664,0.0003,-0.1457761824131012,3.297844648361206,76,332,0.012874181382358074,595.8224692299998,173756,647.93,2275,,
175000,-69.97407531738281,0.0003,1.8340650796890259,3.1083314418792725,,,0.012800628319382668,,174899,,,471.2881106395856,407.4
175442,-64.4014663696289,0.0003,0.03406229615211487,3.635087490081787,76,336,0.012924292124807835,596.32361907,175341,646.33,2299,,
178613,-66.24467468261719,0.0003,0.7922862768173218,2.4164319038391113,76,340,0.01290474645793438,595.1315877,178512,644.65,2336,,
180000,-68.80157470703125,0.0003,-0.6655362844467163,4.832284927368164,,,0.012769973836839199,,179899,,,744.5087208194193,690.8
180668,-67.99697875976562,0.0003,-0.6734777688980103,2.6189277172088623,76,344,0.012540225870907307,601.58670588,180567,653.07,2371,,
183686,-68.346923828125,0.0003,1.7742230892181396,2.785037040710449,76,348,0.012800810858607292,608.04480198,183585,655.76,2405,,
185000,-71.70292663574219,0.0003,1.6732323169708252,5.660796165466309,,,0.012897868640720844,,184899,,,811.8539021036289,686.4
186404,-69.57426452636719,0.0003,-0.4456048011779785,3.9779670238494873,76,352,0.012827488593757153,625.62557018,186303,659.69,2446,,
190000,-69.26774597167969,0.0003,-0.563492476940155,3.1167354583740234,,,0.012972259894013405,,189899,,,712.2817118512467,693.6
190035,-67.58761596679688,0.0003,-1.4037622213363647,2.7434535026550293,76,356,0.012973485514521599,643.13809372,189934,668.0,2496,,
191692,-69.50100708007812,0.0003,-1.6586287021636963,2.308485984802246,76,360,0.012764750979840755,642.7387424,191591,661.79,2515,,
194312,-70.68505096435547,0.0003,-0.51690274477005,6.760209083557129,76,364,0.012691810727119446,646.15218914,194211,653.99,2544,,
195000,-72.67155456542969,0.0003,0.005966395139694214,4.05576753616333,,,0.013071677647531033,,194899,,,670.0966094727221,617.7
198312,-73.42523956298828,0.0003,-0.21174386143684387,3.0801331996917725,76,368,0.01274483185261488,660.2376824400001,198211,662.77,2597,,
200000,-68.97528076171875,0.0003,-0.7820705771446228,3.2460477352142334,,,0.012729375623166561,,199899,,,1091.61898482783,904.7
200449,-70.55436706542969,0.0003,-0.7898375988006592,2.3027071952819824,76,372,0.01275912206619978,656.4445686,200348,659.4,2633,,
201812,-70.94908142089844,0.0003,-0.22992515563964844,3.082587718963623,76,376,0.013013627380132675,658.7509756,201711,658.83,2649,,
203998,-71.15234375,0.0003,0.22690871357917786,4.616904258728027,76,380,0.012741982005536556,652.3180958,203897,649.6,2672,,
205000,-75.43595123291016,0.0003,-0.011493027210235596,2.8557844161987305,,,0.012959839776158333,,204899,,,738.1647962404211,641.6
205831,-74.59138488769531,0.0003,0.6719045639038086,4.028870105743408,76,384,0.0128542585298419,649.50835994,205730,640.81,2701,,
209554,-74.18698120117188,0.0003,-1.859527349472046,2.4394664764404297,76,388,0.012727244757115841,671.4101798400001,209453,647.36,2742,,
210000,-75.68582153320312,0.0003,-1.038435697555542,2.7674269676208496,,,0.012828693725168705,,209899,,,705.181272486283,694.9
211897,-73.20882415771484,0.0003,-0.7056703567504883,2.317173480987549,76,392,0.012844368815422058,681.6541447399999,211796,646.78,2777,,
213118,-75.81436920166016,0.0003,0.5478116273880005,5.081073760986328,76,396,0.013042943552136421,674.76266125,213017,642.47,2791,,
215000,-80.00616455078125,0.0003,1.4996529817581177,4.002969741821289,,,0.012806721031665802,,214899,,,596.7903264979832,562.8
216465,-77.15898132324219,0.0003,-0.6694848537445068,3.966660976409912,76,400,0.012600970454514027,695.8240567500001,216364,664.37,2835,,
218436,-75.62368774414062,0.0003,0.1330423206090927,3.8402628898620605,76,404,0.01281730830669403,685.5973083900001,218335,652.91,2857,,
220000,-77.70805358886719,0.0003,1.0461405515670776,8.615442276000977,,,0.012860879302024841,,219899,,,862.8535494781099,699.6
221417,-76.82817840576172,0.0003,0.8758977651596069,5.837857246398926,76,408,0.01290870364755392,703.5205209499999,221316,659.4,2900,,
222378,-76.60790252685547,0.0003,-1.2496819496154785,3.049402952194214,76,412,0.013061783276498318,689.2656082899999,222277,629.01,2910,,
224817,-76.39408874511719,0.0003,-0.137467622756958,4.888705253601074,76,416,0.013153196312487125,679.0452850799999,224716,615.43,2937,,
225000,-77.74594116210938,0.0003,0.5179605484008789,4.475891590118408,,,0.013110066764056683,,224899,,,901.9693194513675,765.2
228234,-79.54914855957031,0.0003,0.5026956796646118,3.974181652069092,76,420,0.013231654651463032,689.35499667,228133,623.51,2987,,
230000,-77.25557708740234,0.0003,-0.9358875155448914,5.577775001525879,,,0.01292559877038002,,229899,,,849.6594926974387,694.7
231928,-79.64372253417969,0.0003,-0.17397239804267883,4.441324234008789,76,424,0.01291681919246912,720.7942032400001,231827,636.34,3036,,
235000,-80.25050354003906,0.0003,0.14015811681747437,4.128211975097656,,,0.013040425255894661,,234899,,,816.940900800773,579.4
235195,-82.09698486328125,0.0003,0.29121825098991394,4.741196632385254,76,428,0.012903491035103798,720.9341766599998,235094,645.64,3081,,
238975,-80.51020812988281,0.0003,-0.6914750337600708,5.015656471252441,76,432,0.01294804085046053,733.90817195,238874,651.18,3122,,
240000,-78.34428405761719,0.0003,-1.1553198099136353,8.661754608154297,,,0.013070075772702694,,239899,,,755.0899344631005,562.7
241257,-79.98458099365234,0.0003,-0.4294019937515259,4.2817301750183105,76,436,0.012966014444828033,734.9064687700001,241156,658.15,3154,,
243638,-81.98825073242188,0.0003,-0.023822367191314697,4.397603988647461,76,440,0.013111830689013004,733.42174324,243537,650.25,3181,,
245000,-84.84646606445312,0.0003,0.4142882823944092,4.684469223022461,,,0.01322465855628252,,244899,,,504.09830171771466,469.9
245894,-82.09288024902344,0.0003,1.756117820739746,6.609253883361816,76,444,0.01340454537421465,736.6281533900001,245793,652.26,3213,,
248297,-80.80411529541016,0.0003,-0.20427508652210236,4.464855194091797,76,448,0.013131664134562016,740.6158505799998,248196,646.11,3240,,
249952,-84.5640640258789,0.0003,1.917381763458252,16.057092666625977,76,452,0.012805132195353508,724.43589788,249851,635.48,3257,,
250000,-79.56903076171875,0.0003,-0.3009740710258484,3.8042709827423096,,,0.012682675383985043,,249899,,,1245.3366796268615,878.0
253089,-80.49127960205078,0.0003,-0.07974255084991455,6.037240982055664,76,456,0.013259001076221466,721.1098952300001,252988,630.54,3304,,
255000,-80.23629760742188,0.0003,1.1342229843139648,3.6273908615112305,,,0.013040429912507534,,254899,,,966.3260479179764,789.1
256668,-84.1409912109375,0.0003,0.02474665641784668,3.4636623859405518,76,460,0.013101992197334766,751.4076228200001,256567,649.76,3356,,
259204,-82.79176330566406,0.0003,-0.21136707067489624,6.314705848693848,76,464,0.013213691301643848,744.51999011,259103,648.92,3385,,
260000,-85.06167602539062,0.0003,-0.1706366240978241,4.3191962242126465,,,0.013191108591854572,,259899,,,1160.955801607285,558.1
263132,-83.43533325195312,0.0003,-0.5096378922462463,3.8242180347442627,76,468,0.013119935989379883,762.4283807799999,263031,648.2,3435,,
264423,-86.9710693359375,0.0003,1.2951443195343018,4.513034820556641,76,472,0.013029075227677822,766.7962420199999,264322,639.74,3448,,
265000,-85.74986267089844,0.0003,-1.0731799602508545,5.213985443115234,,,0.013107185252010822,,264899,,,828.7851333389524,439.8
266369,-86.88101196289062,0.0003,1.017050862312317,5.303251266479492,76,476,0.012975872494280338,793.02933847,266268,645.57,3476,,
268559,-89.070068359375,0.0003,0.28806591033935547,5.897549629211426,76,480,0.013161981478333473,810.1634594499999,268458,645.61,3500,,
270000,-87.51990509033203,0.0003,-1.4212673902511597,3.9626455307006836,,,0.01291588880121708,,269899,,,711.6928888061142,617.7
272179,-88.51469421386719,0.0003,-0.3047933280467987,4.760876178741455,76,484,0.013000291772186756,849.78321101,272078,663.48,3549,,
275000,-90.75120544433594,0.0003,-0.11737838387489319,4.453228950500488,,,0.013309111818671227,,274899,,,876.4423946604832,626.8
275561,-85.40666198730469,0.0003,-0.1275663822889328,4.610357761383057,76,488,0.013241942040622234,852.2906634400002,275460,660.07,3595,,
278730,-88.61019897460938,0.0003,0.88263338804245,5.224081993103027,76,492,0.013633275404572487,867.99571545,278629,668.33,3629,,
280000,-87.90406799316406,0.0003,0.3203815817832947,8.492061614990234,,,0.013433960266411304,,279899,,,589.6527385789202,507.0
281465,-88.37834930419922,0.0003,-0.08065807819366455,5.851679801940918,76,496,0.013092911802232265,901.8702083399999,281364,683.47,3668,,
283772,-86.12786865234375,0.0003,-0.8472101092338562,5.91303825378418,76,500,0.013570058159530163,896.8961638400001,283671,673.07,3694,,
285000,-90.75462341308594,0.0003,1.2798445224761963,5.394526958465576,,,0.013342121616005898,,284899,,,914.3924737971741,599.7
285019,-90.07553100585938,0.0003,0.15302780270576477,4.365501880645752,76,504,0.01334471721202135,900.0994969799999,284918,665.83,3716,,
286865,-91.5009765625,0.0003,1.223415493965149,3.204216957092285,76,508,0.012999857775866985,877.99797711,286764,654.48,3736,,
289892,-92.0097427368164,0.0003,0.1775255799293518,9.880552291870117,76,512,0.013729775324463844,923.25143076,289791,675.14,3769,,
290000,-89.0361099243164,0.0003,-2.2164974212646484,6.903663635253906,,,0.013555312529206276,,289899,,,1393.8778914323775,758.1
291481,-92.72498321533203,0.0003,0.14743584394454956,5.555415153503418,76,516,0.013952227309346199,922.7620104099998,291380,666.64,3797,,
292048,-92.91546630859375,0.0003,-0.16258789598941803,6.828053951263428,76,520,0.01365566998720169,901.1025482499998,291947,638.14,3804,,
294367,-95.59999084472656,0.0003,-0.149652898311615,5.548581123352051,76,524,0.013759536668658257,889.8182898300001,294266,624.39,3829,,
295000,-97.75691986083984,0.0003,1.09845769405365,8.403498649597168,,,0.013743176124989986,,294899,,,1122.4551297384082,618.9
297587,-92.46060180664062,0.0003,0.2866166830062866,17.547710418701172,76,528,0.01365337148308754,909.9573946400001,297486,623.92,3873,,
299508,-91.90277099609375,0.0003,1.2571290731430054,6.663151741027832,76,532,0.01380040030926466,901.0641285299998,299407,605.33,3894,,
300000,-94.67686462402344,0.0003,0.14021408557891846,4.275764465332031,,,0.013625651597976685,,299899,,,1210.9401128960017,598.4
301700,-94.6772232055664,0.0003,-0.46473008394241333,5.655011177062988,76,536,0.013900278136134148,900.23895229,301599,604.43,3925,,
302881,-88.10005950927734,0.0003,-1.5223733186721802,5.507035255432129,76,540,0.014078381471335888,897.5170493800001,302780,592.43,3938,,
305000,-95.71217346191406,0.0003,-0.01352846622467041,5.3073530197143555,,,0.014156900346279144,,304899,,,1109.201866932679,584.3
305692,-95.33992004394531,0.0003,-0.03396892547607422,7.565219402313232,76,544,0.014095617458224297,919.61071169,305591,597.98,3977,,
309332,-89.89927673339844,0.0003,-0.9990381598472595,8.415695190429688,76,548,0.013913414441049099,936.82999291,309231,610.35,4017,,
310000,-96.60313415527344,0.0003,1.6280003786087036,7.207321643829346,,,0.014137634076178074,,309899,,,1588.9092369489604,860.0
311981,-98.54547119140625,0.0003,0.13529637455940247,82.89212036132812,76,552,0.013892969116568565,961.57432395,311880,620.29,4057,,
314752,-97.91732025146484,0.0003,-0.5392553210258484,5.609247207641602,76,556,0.01433367095887661,984.5587112199999,314651,616.63,4088,,
315000,-99.25404357910156,0.0003,0.6158732771873474,9.86224365234375,,,0.014222288504242897,,314899,,,1556.595049024721,760.1
318158,-103.44117736816406,0.0003,1.003112554550171,7.156878471374512,76,560,0.014182041399180889,998.4710338600001,318057,614.9,4138,,
320000,-95.30296325683594,0.0003,0.30521029233932495,5.463253974914551,,,0.014187121763825417,,319899,,,1951.5574850990495,811.3
321626,-99.02897644042969,0.0003,-1.0823955535888672,5.324338912963867,76,564,0.01432983111590147,1037.4309133800002,321525,624.22,4191,,
322342,-95.09773254394531,0.0003,-0.8090931177139282,9.738029479980469,76,568,0.01442716084420681,997.42640338,322241,592.1,4200,,
324737,-98.03799438476562,0.0003,-1.606303095817566,7.995769500732422,76,572,0.014365529641509056,1032.04561559,324636,603.14,4227,,
325000,-110.67554473876953,0.0003,1.058113694190979,6.577284336090088,,,0.014330672100186348,,324899,,,1210.3244300526567,547.3
328628,-103.83000183105469,0.0003,-1.365871787071228,6.604915618896484,76,576,0.014973172917962074,1087.2203732,328527,622.59,4279,,
330000,-95.91846466064453,0.0003,-1.91830313205719,6.4440507888793945,,,0.01472611352801323,,329899,,,1759.5902434695222,882.3
331936,-107.16020202636719,0.0003,1.3524627685546875,7.837491035461426,76,580,0.014499555341899395,1090.3882579600001,331835,633.77,4332,,
333896,-99.55685424804688,0.0003,0.8236234784126282,9.148401260375977,76,584,0.015034529380500317,1062.5249619300002,333795,617.17,4355,,
335000,-105.66057586669922,0.0003,0.6268893480300903,6.185667991638184,,,0.014696075581014156,,334899,,,913.5257515992038,386.1
335758,-103.02655029296875,0.0003,-1.435107707977295,4.59564208984375,76,588,0.014932545833289623,1059.1596948400002,335657,601.97,4383,,
338441,-104.18051147460938,0.0003,0.1449895203113556,10.69757080078125,76,592,0.0152543094009161,1079.2171318700002,338340,597.11,4415,,
339906,-108.39689636230469,0.0003,-0.835963249206543,8.09460163116455,76,596,0.015399842523038387,1071.3527660200002,339805,584.41,4433,,
340000,-106.19039916992188,0.0003,0.14990492165088654,10.776567459106445,,,0.015331233851611614,,339899,,,434.3256883795373,187.9
343906,-102.60594177246094,0.0003,-0.0043926239013671875,9.257989883422852,76,600,0.014918148517608643,1126.28736065,343805,601.34,4482,,
345000,-109.92078399658203,0.0003,-0.4320007562637329,9.210693359375,,,0.015324545092880726,,344899,,,1323.6716439018492,531.9
345257,-106.51532745361328,0.0003,0.636176586151123,9.525546073913574,76,604,0.015268710441887379,1134.7763280199997,345156,602.38,4507,,
347412,-103.9581298828125,0.0003,-1.4632889032363892,5.390413284301758,76,608,0.01573723554611206,1162.43745904,347311,605.47,4533,,
350000,-111.57408905029297,0.0003,0.05024227499961853,12.737591743469238,,,0.015900196507573128,,349899,,,1157.8102937153483,649.4
350472,-111.08203125,0.0003,-0.23692616820335388,9.923738479614258,76,612,0.01617581583559513,1153.7807682999999,350371,605.8,4579,,
352650,-101.97727966308594,0.0003,-1.8238515853881836,7.9906415939331055,76,616,0.01575123518705368,1174.76105339,352549,611.69,4606,,
355000,-107.99336242675781,0.0003,0.3710760772228241,9.771042823791504,,,0.015961356461048126,,354899,,,1636.3885781068122,656.8
355281,-101.3174819946289,0.0003,-1.0182466506958008,12.434669494628906,76,620,0.01612009108066559,1215.5052334399998,355180,632.33,4646,,
358546,-115.81953430175781,0.0003,-0.3349880576133728,6.947393417358398,76,624,0.0162306260317564,1255.28210502,358445,641.79,4685,,
360000,-110.9248046875,0.0003,0.4178929924964905,7.495366096496582,,,0.016073783859610558,,359899,,,2090.0891763145105,757.7
361374,-113.51142883300781,0.0003,-0.31360113620758057,12.676776885986328,76,628,0.01607704907655716,1252.93138905,361273,637.87,4729,,
363582,-111.43666076660156,0.0003,0.8781222105026245,9.146844863891602,76,632,0.01606249064207077,1261.4048269999998,363481,640.74,4755,,
365000,-111.89468383789062,0.0003,-0.12696021795272827,7.712559700012207,,,0.016362441703677177,,364899,,,1411.5883031664882,554.9
365978,-111.33280944824219,0.0003,-0.009346842765808105,13.367895126342773,76,636,0.016636453568935394,1306.5420435800002,365877,642.78,4792,,
369386,-115.28736877441406,0.0003,-0.2083844542503357,8.672348976135254,76,640,0.01662873663008213,1351.0702709500003,369285,665.05,4831,,
370000,-115.22377014160156,0.0003,-0.028568148612976074,10.93381118774414,,,0.016550462692975998,,369899,,,2347.538824173622,915.1
373013,-115.75040435791016,0.0003,0.7844856381416321,14.79542350769043,76,644,0.016767550259828568,1362.1975415900001,372912,673.21,4885,,
374860,-121.23701477050781,0.0003,1.7754138708114624,9.630401611328125,76,648,0.016691049560904503,1361.2535850000004,374759,655.28,4907,,
375000,-114.94062805175781,0.0003,-0.44882267713546753,7.134119033813477,,,0.016827085986733437,,374899,,,2077.87788656028,857.0
376496,-116.36707305908203,0.0003,0.22454741597175598,10.105395317077637,76,652,0.0168323814868927,1338.2112453099999,376395,645.15,4939,,
377699,-114.15667724609375,0.0003,0.2822471857070923,11.284027099609375,76,656,0.016918135806918144,1309.6081460699997,377598,629.47,4953,,
379350,-124.63790893554688,0.0003,0.27866023778915405,14.192512512207031,76,660,0.01673125848174095,1293.0671967199999,379249,611.92,4972,,
380000,-117.27027893066406,0.0003,-1.0841020345687866,6.160955429077148,,,0.016994113102555275,,379899,,,1736.5747135423123,619.5
383350,-117.4830093383789,0.0003,-1.9143717288970947,12.392251968383789,76,664,0.016941791400313377,1317.15187679,383249,617.24,5025,,
385000,-121.13417053222656,0.0003,1.8092252016067505,13.041878700256348,,,0.01736624538898468,,384899,,,1065.6113569173845,470.1
385541,-122.76004028320312,0.0003,1.3388365507125854,10.795051574707031,76,668,0.01739484630525112,1354.9608453499998,385440,631.99,5055,,
388379,-122.70588684082031,0.0003,-1.5647830963134766,13.292265892028809,76,672,0.017661496996879578,1377.9841806599998,388278,636.42,5087,,
390000,-119.21367645263672,0.0003,-2.31640887260437,5.941061973571777,,,0.017801502719521523,,389899,,,2064.349233565602,741.5
392137,-130.90805053710938,0.0003,2.0076799392700195,14.761439323425293,76,676,0.017676280811429024,1374.83488534,392036,635.09,5139,,
394489,-128.76544189453125,0.0003,0.6798930764198303,23.837242126464844,76,680,0.01727825030684471,1368.7273943300002,394388,625.53,5166,,
395000,-120.64324951171875,0.0003,-1.021122932434082,12.34383487701416,,,0.017587514594197273,,394899,,,1915.8186655194963,775.5
395345,-125.72126007080078,0.0003,-0.7485541105270386,18.418790817260742,76,684,0.01793191023170948,1358.3524800000002,395244,614.49,5187,,
398396,-122.56977844238281,0.0003,0.05767720937728882,9.594950675964355,76,688,0.018079817295074463,1407.8257017800006,398295,626.38,5222,,
400000,-132.42938232421875,0.0003,1.4571263790130615,8.28714370727539,,,0.018374789506196976,,399899,,,2273.237328315782,883.4
401713,-131.51829528808594,0.0003,-0.4240216016769409,9.29965591430664,76,692,0.0181083083152771,1427.2920778,401612,632.72,5273,,
404559,-132.98374938964844,0.0003,0.07534182071685791,33.269493103027344,76,696,0.018074801191687584,1433.0849998700003,404458,646.53,5306,,
405000,-131.86187744140625,0.0003,0.9066016674041748,13.007776260375977,,,0.01786935143172741,,404899,,,1590.0955263774608,545.9
407635,-124.24168395996094,0.0003,0.015309333801269531,9.110715866088867,76,700,0.01790042035281658,1405.70888782,407534,637.29,5350,,
410000,-136.951171875,0.0003,1.5825552940368652,25.10538673400879,,,0.018175262957811356,,409899,,,2587.4278866640757,826.3
410128,-126.5011215209961,0.0003,0.15244829654693604,11.228530883789062,76,704,0.01828623004257679,1440.15038891,410027,648.71,5392,,
413428,-131.76805114746094,0.0003,0.14853930473327637,12.372493743896484,76,708,0.018512235954403877,1479.4750142599996,413327,660.16,5430,,
415000,-133.3301544189453,0.0003,-0.2759630084037781,8.9814453125,,,0.01875949092209339,,414899,,,2435.705084009934,719.0
416472,-136.15277099609375,0.0003,0.8519446849822998,16.55101776123047,76,712,0.01913926750421524,1498.1448697899998,416371,660.0,5476,,
420000,-129.1689910888672,0.0003,-1.5472102165222168,10.388787269592285,,,0.01869497075676918,,419899,,,1870.9247593579232,776.5
420222,-134.2406768798828,0.0003,0.3789314031600952,24.874114990234375,75,716,0.018880745396018028,1566.64703216,420121,675.72,5530,,
423796,-130.49154663085938,0.0003,-0.970297634601593,12.859770774841309,76,720,0.01897946558892727,1570.7099888900002,423695,685.15,5569,,
425000,-140.13265991210938,0.0003,0.36991655826568604,14.81868839263916,,,0.01901242695748806,,424899,,,2897.1099279104383,985.4
427639,-129.39581298828125,0.0003,-0.21043258905410767,24.28380012512207,75,724,0.018656650558114052,1589.4343130900004,427538,690.93,5628,,
430000,-139.83267211914062,0.0003,1.024440884590149,12.41816520690918,,,0.019244134426116943,,429899,,,2571.1279233076466,931.0
431639,-138.1262664794922,0.0003,-0.18250995874404907,14.349531173706055,75,728,0.018997015431523323,1588.9409624200002,431538,702.65,5688,,
434260,-146.78634643554688,0.0003,1.6607357263565063,10.351551055908203,75,732,0.019428132101893425,1634.1317823100003,434159,706.78,5719,,
435000,-150.28411865234375,0.0003,2.36226224899292,14.066669464111328,,,0.019313758239150047,,434899,,,818.915068037482,374.2
437908,-137.0390625,0.0003,-1.2492529153823853,13.189014434814453,75,736,0.019627520814538002,1665.6657724499998,437807,719.3,5770,,
440000,-143.5391082763672,0.0003,0.0010475516319274902,12.210416793823242,,,0.019923456013202667,,439899,,,2524.7091115217654,826.5
441590,-139.56890869140625,0.0003,0.9267406463623047,12.89801025390625,75,740,0.019561942666769028,1700.9454415899997,441489,722.04,5825,,
443934,-140.54440307617188,0.0003,-1.5628455877304077,8.04731273651123,75,744,0.020129578188061714,1709.5611119,443833,709.21,5852,,
445000,-145.80453491210938,0.0003,0.680899977684021,13.428285598754883,,,0.019783606752753258,,444899,,,1672.302170672822,514.2
447300,-154.63992309570312,0.0003,1.0295686721801758,14.68580150604248,75,748,0.02038956806063652,1771.4821512400001,447199,724.4,5899,,
450000,-144.05136108398438,0.0003,-1.3466308116912842,17.235488891601562,,,0.020183486863970757,,449899,,,2657.346125760989,868.7
451211,-144.06594848632812,0.0003,0.8033337593078613,38.64562225341797,75,752,0.02039879932999611,1877.0329706799998,451110,747.15,5957,,
452675,-144.2144775390625,0.0003,0.10458552837371826,16.936471939086914,75,756,0.020756416022777557,1864.22576401,452574,749.76,5974,,
454498,-149.7537841796875,0.0003,-0.9981783628463745,14.360391616821289,75,760,0.021113766357302666,1875.4278055099996,454397,751.48,5995,,
455000,-143.485107421875,0.0003,-0.3906806707382202,13.02989387512207,,,0.020297998562455177,,454899,,,2784.1965099857653,844.5
457540,-149.00946044921875,0.0003,0.035554081201553345,12.653009414672852,75,764,0.02080448344349861,1865.9437071800003,457439,741.9,6042,,
460000,-142.95916748046875,0.0003,-1.7782481908798218,10.919618606567383,,,0.02061917819082737,,459899,,,2313.0253931295942,701.3
460358,-149.37777709960938,0.0003,1.1608126163482666,10.382923126220703,75,768,0.020651429891586304,1905.64153265,460257,748.17,6085,,
463495,-150.53729248046875,0.0003,-1.1698545217514038,14.868895530700684,75,772,0.02082795277237892,1932.5206180100006,463394,751.16,6120,,
465000,-153.53125,0.0003,-0.17043885588645935,25.763816833496094,,,0.021217839792370796,,464899,,,1608.9661180776543,475.0
466512,-146.33511352539062,0.0003,-0.562808632850647,12.032336235046387,75,776,0.021034585312008858,1920.02926819,466411,743.75,6162,,
468522,-157.2616424560547,0.0003,1.512136697769165,28.854076385498047,75,780,0.021550575271248817,1935.01511889,468421,740.33,6185,,
470000,-152.4966583251953,0.0003,-0.27404266595840454,17.723892211914062,,,0.021933510899543762,,469899,,,3427.800245297328,1000.0
470821,-156.05520629882812,0.0003,0.48289862275123596,9.241063117980957,75,784,0.021667230874300003,1992.85550962,470720,754.76,6224,,
474692,-151.87623596191406,0.0003,0.11926394701004028,13.411256790161133,75,788,0.02152039110660553,2037.97806785,474591,762.96,6268,,
475000,-141.5675811767578,0.0003,-1.5766773223876953,14.049712181091309,,,0.021526383236050606,,474899,,,1748.4804108166602,546.2
478476,-147.09439086914062,0.0003,-0.446059912443161,32.70110321044922,75,792,0.021988945081830025,2069.38812715,478375,767.63,6318,,
480000,-156.5977325439453,0.0003,-1.0218909978866577,21.920654296875,,,0.02219279855489731,,479899,,,2819.750614986196,767.4
482090,-151.84527587890625,0.0003,-1.7793831825256348,19.141048431396484,75,796,0.022213857620954514,2159.8245026900004,481989,775.31,6371,,
485000,-154.61427307128906,0.0003,-0.6650382280349731,61.315311431884766,,,0.0223905760794878,,484899,,,2387.421634805533,796.9
486090,-148.4316864013672,0.0003,-0.5632729530334473,17.527217864990234,75,800,0.022611912339925766,2242.94406288,485989,784.55,6429,,
488507,-159.67855834960938,0.0003,-1.4174413681030273,13.508939743041992,75,804,0.022662989795207977,2253.58632102,488406,783.79,6458,,
490000,-161.75125122070312,0.0003,1.165639042854309,17.76861572265625,,,0.022395728155970573,,489899,,,2365.255166287266,883.8
491722,-166.18392944335938,0.0003,1.1212217807769775,15.772485733032227,75,808,0.022736120969057083,2279.75267688,491621,782.94,6508,,
494032,-170.37728881835938,0.0003,2.0114762783050537,33.088748931884766,75,812,0.023262282833456993,2261.32766507,493931,775.6,6534,,
495000,-170.38259887695312,0.0003,1.9430053234100342,23.183916091918945,,,0.022897496819496155,,494899,,,3350.985214522877,949.9
497370,-159.57183837890625,0.0003,1.4528015851974487,14.421833038330078,75,816,0.022573644295334816,2253.34416035,497269,771.48,6586,,
500000,-166.74267578125,0.0003,1.4735350608825684,18.75720977783203,,,0.02255905419588089,,499899,,,3105.149543678295,858.5
501370,-170.98077392578125,0.0003,0.8490575551986694,19.36865997314453,75,820,0.02313341200351715,2350.4903707100007,501269,775.74,6645,,
505000,-166.26918029785156,0.0003,0.690284788608551,11.8225736618042,,,0.023250384256243706,,504899,,,2460.778391872346,644.9
505370,-181.1199951171875,0.0003,1.790848731994629,17.367115020751953,75,824,0.023092931136488914,2400.0685743900003,505269,777.31,6701,,
509221,-161.87921142578125,0.0003,-0.5738215446472168,36.06769561767578,75,828,0.02343732863664627,2491.40551879,509120,775.82,6746,,
510000,-177.29025268554688,0.0003,0.46222245693206787,18.763492584228516,,,0.023517677560448647,,509899,,,2685.6626538234327,822.1
513221,-172.95828247070312,0.0003,-0.6600152254104614,24.68030548095703,75,832,0.023839270696043968,2544.17765906,513120,789.61,6806,,
515000,-170.16465759277344,0.0003,-0.147495836019516,14.976910591125488,,,0.024447491392493248,,514899,,,3131.1274723200127,848.2
516282,-175.17367553710938,0.0003,0.3470102548599243,21.082183837890625,75,836,0.02371976710855961,2548.2662933499996,516181,783.74,6853,,
519597,-162.10400390625,0.0003,-1.422997236251831,30.24200439453125,75,840,0.023764390498399734,2567.1116063,519496,780.07,6891,,
520000,-175.6643829345703,0.0003,0.6691840291023254,17.174264907836914,,,0.024233799427747726,,519899,,,3615.5219623390412,1000.0
523282,-187.56314086914062,0.0003,1.468740463256836,15.339075088500977,75,844,0.02445027232170105,2644.54379809,523181,793.48,6950,,
525000,-170.51101684570312,0.0003,-1.4768259525299072,11.368612289428711,,,0.024294335395097733,,524899,,,2456.6482808216388,740.3
527282,-168.26112365722656,0.0003,0.34474843740463257,35.93421173095703,75,848,0.02436807006597519,2680.0714528900003,527181,799.82,7007,,
530000,-183.05368041992188,0.0003,0.22536486387252808,28.5312442779541,,,0.02503109723329544,,529899,,,3202.287536583608,1000.0
530592,-170.31838989257812,0.0003,-0.3026627004146576,16.236621856689453,75,852,0.024847764521837234,2674.57176316,530491,793.81,7060,,
532884,-173.84506225585938,0.0003,-0.402207612991333,15.91564655303955,75,856,0.02486203983426094,2732.198628100001,532783,802.09,7086,,
535000,-184.83480834960938,0.0003,0.45936697721481323,17.466279983520508,,,0.024940963834524155,,534899,,,3968.113524776115,982.2
536335,-167.59213256835938,0.0003,-0.6380273103713989,21.901941299438477,75,860,0.024981455877423286,2800.3876903199994,536234,818.37,7140,,
539773,-179.34445190429688,0.0003,-0.5263956189155579,12.78282356262207,75,864,0.025114012882113457,2835.82734604,539672,822.33,7180,,
540000,-180.61312866210938,0.0003,0.49490779638290405,18.799999237060547,,,0.025278449058532715,,539899,,,2903.928088264959,835.8
543547,-186.28004455566406,0.0003,0.9039359092712402,18.28426742553711,75,868,0.025129280984401703,2882.91558754,543446,831.89,7236,,
545000,-174.9542999267578,0.0003,1.0281649827957153,17.162691116333008,,,0.025231454521417618,,544899,,,3196.608544888813,851.2
547547,-182.81170654296875,0.0003,-1.0962839126586914,18.107833862304688,75,872,0.02559570223093033,2929.71584057,547446,840.52,7294,,
550000,-185.05996704101562,0.0003,-0.14120697975158691,16.539386749267578,,,0.025339806452393532,,549899,,,3507.930751637742,906.7
551547,-182.13796997070312,0.0003,1.22964346408844,20.084545135498047,74,876,0.025393052026629448,3002.6680844099988,551446,850.35,7355,,
555000,-187.2701873779297,0.0003,-0.7848752737045288,16.01604461669922,,,0.025799261406064034,,554899,,,2884.861085236259,826.7
555027,-186.952392578125,0.0003,0.07641550898551941,21.669095993041992,74,880,0.02575426921248436,3066.2891181899995,554926,865.05,7406,,
558687,-180.81256103515625,0.0003,-1.4103505611419678,23.775089263916016,75,884,0.025890149176120758,3093.01705908,558586,878.66,7448,,
560000,-192.52113342285156,0.0003,1.1555861234664917,15.732175827026367,,,0.02609287202358246,,559899,,,2517.2789698241277,728.1
562687,-205.49423217773438,0.0003,1.452899694442749,14.666860580444336,74,888,0.02621135115623474,3103.1344714599995,562586,879.95,7505,,
565000,-187.30169677734375,0.0003,-0.2983057498931885,23.116188049316406,,,0.026910552754998207,,564899,,,3963.2978109750898,1000.0
565567,-191.5137176513672,0.0003,1.1394431591033936,27.041339874267578,74,892,0.026484185829758644,3099.6504727600004,565466,870.91,7553,,
567839,-190.35006713867188,0.0003,-1.2707712650299072,17.156173706054688,74,896,0.026399318128824234,3053.009311999999,567738,857.49,7579,,
570000,-190.75856018066406,0.0003,-0.9543941020965576,33.83763885498047,,,0.026570303365588188,,569899,,,3084.409704812616,780.5
571839,-186.4874267578125,0.0003,-2.2823352813720703,15.686660766601562,74,900,0.02658812329173088,3067.883274959999,571738,857.49,7638,,
574852,-191.10450744628906,0.0003,1.3607940673828125,17.263689041137695,74,904,0.027543693780899048,3106.3800824599994,574751,863.45,7672,,
575000,-191.1703338623047,0.0003,-0.13917332887649536,16.0209903717041,,,0.02781638130545616,,574899,,,3692.2376725722106,917.4
577533,-193.92886352539062,0.0003,0.9477313756942749,11.156072616577148,74,908,0.02724507264792919,3095.00451791,577432,858.11,7716,,
580000,-186.57720947265625,0.0003,-0.9836010932922363,13.198650360107422,,,0.027172960340976715,,579899,,,3693.585344520863,929.8
580680,-194.97023010253906,0.0003,0.23035047948360443,21.176029205322266,74,912,0.02697092480957508,3164.0533455800005,580579,866.48,7768,,
582887,-189.8857421875,0.0003,-1.0451297760009766,21.096839904785156,74,916,0.02718852087855339,3139.7614999899997,582786,855.17,7797,,
585000,-174.3900146484375,0.0003,-2.9430766105651855,19.920902252197266,,,0.026734143495559692,,584899,,,2445.949084035726,761.0
586759,-188.93893432617188,0.0003,-1.8356101512908936,18.984453201293945,74,920,0.027262134477496147,3113.13346567,586658,853.89,7859,,
590000,-198.88262939453125,0.0003,0.15752384066581726,21.51584243774414,,,0.02750616893172264,,589899,,,3639.1414464961736,865.6
590759,-194.85157775878906,0.0003,-1.3201920986175537,16.872295379638672,74,924,0.02737976238131523,3122.2917429,590658,853.89,7923,,
594759,-190.4902801513672,0.0003,-0.16403913497924805,37.991233825683594,74,928,0.02758149988949299,3106.07606045,594658,855.38,7970,,
595000,-206.9059600830078,0.0003,0.9933534860610962,39.12649154663086,,,0.02793494053184986,,594899,,,2668.0082511131186,662.9
598759,-193.4656219482422,0.0003,-2.624279022216797,12.491086959838867,74,932,0.027712587267160416,3105.3492632,598658,855.38,8030,,
600000,-210.97195434570312,0.0003,-0.6594082713127136,15.773408889770508,,,0.02810686267912388,,599899,,,3204.5317545747266,916.6
602759,-194.476318359375,0.0003,-0.08557197451591492,21.09943962097168,74,936,0.028139594942331314,3162.10002776,602658,864.77,8091,,
605000,-209.83494567871094,0.0003,0.7182645201683044,18.39236068725586,,,0.027974391356110573,,604899,,,3588.4693239085377,919.6
606759,-202.5278778076172,0.0003,-1.7637242078781128,14.058876991271973,74,940,0.027838820591568947,3201.5415259700007,606658,871.62,8158,,
610000,-202.0399932861328,0.0003,-1.8777626752853394,16.58283042907715,,,0.02778901904821396,,609899,,,3641.4630100888085,944.6
610759,-210.789794921875,0.0003,0.37641605734825134,18.15312957763672,74,944,0.02826986275613308,3226.5415495400002,610658,874.77,8220,,
614759,-206.42811584472656,0.0003,0.25574028491973877,25.32590103149414,74,948,0.028967151418328285,3237.00660603,614658,874.77,8266,,
615000,-198.10145568847656,0.0003,0.17997997999191284,21.959827423095703,,,0.0287111047655344,,614899,,,3451.373886797251,804.5
618697,-210.8094482421875,0.0003,0.9875843524932861,29.99824333190918,74,952,0.029406514018774033,3274.9044144900004,618596,881.05,8324,,
620000,-213.35308837890625,0.0003,0.3349299132823944,12.336671829223633,,,0.029117723926901817,,619899,,,3437.7155101483686,824.1
622697,-224.07684326171875,0.0003,2.0367443561553955,23.276390075683594,74,956,0.030053267255425453,3357.10400937,622596,898.13,8382,,
625000,-211.8434600830078,0.0003,1.081974744796753,14.556352615356445,,,0.02908971905708313,,624899,,,3814.020237195179,935.8
626255,-212.3302001953125,0.0003,-0.30998125672340393,29.702831268310547,74,960,0.029336662963032722,3372.77803431,626154,899.2,8437,,
630000,-212.66055297851562,0.0003,0.2746526300907135,23.562118530273438,,,0.030244432389736176,,629899,,,3992.5674468274838,1000.0
630255,-223.63319396972656,0.0003,0.6112306118011475,16.27173614501953,74,964,0.02999114617705345,3420.5939596900007,630154,904.82,8498,,
634255,-205.59326171875,0.0003,-1.3847614526748657,12.062017440795898,74,968,0.029904073104262352,3419.2248380799997,634154,907.08,8545,,
635000,-213.75245666503906,0.0003,-0.31441396474838257,23.94684410095215,,,0.029621943831443787,,634899,,,3456.286996152252,846.7
637308,-218.65121459960938,0.0003,0.9899203181266785,17.93168067932129,74,972,0.029642706736922264,3391.71214474,637207,897.61,8592,,
640000,-217.05885314941406,0.0003,0.8181427121162415,20.009628295898438,,,0.030121775344014168,,639899,,,3957.7470835612157,919.2
641308,-210.03256225585938,0.0003,-0.5692908763885498,16.722150802612305,74,976,0.0314473919570446,3384.7208387400005,641207,897.61,8653,,
645000,-217.3221435546875,0.0003,-0.42213231325149536,12.834066390991211,,,0.0307889636605978,,644899,,,3191.6969252203826,780.9
645308,-211.6355438232422,0.0003,0.2900940775871277,19.45026969909668,74,980,0.030728060752153397,3432.94555926,645207,902.81,8709,,
648038,-225.58486938476562,0.0003,0.34340712428092957,44.910858154296875,74,984,0.03036600723862648,3437.65110534,647937,893.51,8739,,
650000,-218.32861328125,0.0003,0.6663905382156372,19.76689910888672,,,0.031126875430345535,,649899,,,2752.7363524264656,643.2
652038,-226.0767822265625,0.0003,1.100940465927124,21.247756958007812,74,988,0.030918056145310402,3441.8539926599997,651937,893.51,8796,,
655000,-225.2271270751953,0.0003,0.41155117750167847,74.54640197753906,,,0.03064117208123207,,654899,,,4310.043854219466,1000.0
656038,-221.45150756835938,0.0003,2.826139450073242,20.820907592773438,74,992,0.0315573625266552,3499.70262684,655937,904.71,8855,,
658818,-215.05181884765625,0.0003,-0.19863241910934448,19.793193817138672,74,996,0.031368039548397064,3492.5143731499998,658717,909.79,8888,,
660000,-231.84872436523438,0.0003,0.0015777945518493652,21.12830924987793,,,0.031146951019763947,,659899,,,3956.584449624829,957.6
662167,-222.83058166503906,0.0003,-0.3113967478275299,15.649272918701172,74,1000,0.031780410557985306,3480.0328247499997,662066,903.28,8941,,
665000,-221.431640625,0.0003,-0.3006018400192261,29.830371856689453,,,0.03162451088428497,,664899,,,4322.629512416781,1000.0
666167,-229.01422119140625,0.0003,0.13617169857025146,19.502710342407227,73,1004,0.0317719466984272,3524.4780270600004,666066,913.15,9002,,
669177,-220.64610290527344,0.0003,-0.6939173936843872,17.82862091064453,74,1008,0.03125876560807228,3547.8462634,669076,916.44,9036,,
670000,-216.30889892578125,0.0003,-0.4714970588684082,22.733213424682617,,,0.031866904348134995,,669899,,,2890.400891177822,685.2
673177,-234.41064453125,0.0003,1.1094483137130737,23.115989685058594,74,1012,0.031744420528411865,3597.2595616400004,673076,924.97,9092,,
675000,-214.5762481689453,0.0003,-0.5402827262878418,17.133968353271484,,,0.03187527135014534,,674899,,,4347.597913318919,1000.0
675728,-225.82814025878906,0.0003,0.7759278416633606,30.308340072631836,73,1016,0.03213392198085785,3625.6242945600006,675627,928.41,9136,,
678936,-224.61328125,0.0003,0.4552266001701355,18.035472869873047,74,1020,0.031855639070272446,3608.3180199199996,678835,921.77,9171,,
680000,-210.659423828125,0.0003,-1.3278611898422241,19.108341217041016,,,0.03293829411268234,,679899,,,4457.764777163504,1000.0
682888,-229.87362670898438,0.0003,-0.20136606693267822,16.70355224609375,73,1024,0.03288097679615021,3622.1135984200014,682787,921.29,9231,,
685000,-221.120849609375,0.0003,0.3938367962837219,27.02206039428711,,,0.03316594660282135,,684899,,,4461.416594653786,1000.0
686888,-204.56442260742188,0.0003,-1.4917185306549072,16.427236557006836,73,1028,0.03249843046069145,3669.3764589800003,686787,921.29,9294,,
690000,-235.62863159179688,0.0003,-0.17874327301979065,24.411277770996094,,,0.03271288424730301,,689899,,,4194.691033524403,1000.0
690888,-228.36224365234375,0.0003,-1.0921943187713623,19.34694480895996,73,1032,0.033022113144397736,3702.4299780799997,690787,921.29,9354,,
694888,-233.9543914794922,0.0003,-1.4759944677352905,21.338062286376953,73,1036,0.03296005725860596,3716.5870023600005,694787,921.29,9401,,
695000,-239.20220947265625,0.0003,1.5979900360107422,19.04116439819336,,,0.032838672399520874,,694899,,,4286.823301656079,1000.0
698888,-236.6974334716797,0.0003,1.1382415294647217,22.638500213623047,73,1040,0.033523768186569214,3730.77455364,698787,921.29,9465,,
700000,-232.14735412597656,0.0003,-0.19364440441131592,95.58477783203125,,,0.034072816371917725,,699899,,,3902.60056750855,901.1
701810,-233.20376586914062,0.0003,0.07803153991699219,41.83978271484375,73,1044,0.033780261874198914,3697.0315142700006,701709,910.51,9512,,
705000,-234.86441040039062,0.0003,-0.5909507870674133,25.771976470947266,,,0.03451701998710632,,704899,,,3891.2185027102705,889.3
705810,-252.33299255371094,0.0003,1.8130964040756226,21.65906524658203,73,1048,0.033973272889852524,3713.1203041699996,705709,910.51,9577,,
709810,-236.48951721191406,0.0003,-0.3703453838825226,17.179115295410156,73,1052,0.03424926474690437,3723.502981830001,709709,911.13,9627,,
710000,-219.1610107421875,0.0003,-1.4929786920547485,25.894229888916016,,,0.03459241986274719,,709899,,,3630.748464791104,814.9
713810,-229.5224609375,0.0003,-1.9479241371154785,19.46394157409668,73,1056,0.03435913845896721,3736.95116942,713709,911.13,9685,,
715000,-234.468505859375,0.0003,-1.2402499914169312,16.968582153320312,,,0.03349731117486954,,714899,,,4235.370199197345,959.3
716854,-239.40249633789062,0.0003,0.04737520217895508,34.71390151977539,73,1060,0.03411036357283592,3729.41882212,716753,905.99,9737,,
720000,-234.05575561523438,0.0003,-1.3013077974319458,18.48758316040039,,,0.03430881351232529,,719899,,,4112.01182146594,910.6
720854,-225.63525390625,0.0003,-0.8607558012008667,20.838306427001953,73,1064,0.03364375978708267,3744.5139182499993,720753,905.99,9798,,
724854,-243.31886291503906,0.0003,-0.18570050597190857,24.286319732666016,73,1068,0.0351482629776001,3784.8946342999993,724753,905.99,9844,,
725000,-254.15164184570312,0.0003,-0.8643014430999756,21.813522338867188,,,0.034804265946149826,,724899,,,3603.3301025865017,887.2
728854,-243.5566864013672,0.0003,-0.771236777305603,20.197561264038086,73,1072,0.03522121533751488,3834.5080631,728753,915.46,9902,,
730000,-240.34820556640625,0.0003,-0.016256242990493774,21.942283630371094,,,0.03476348891854286,,729899,,,4272.396745370608,976.6
732854,-250.10537719726562,0.0003,1.3347607851028442,55.515228271484375,73,1076,0.0355432964861393,3833.3536764200007,732753,915.46,9961,,
