rollout/ep_len_mean,train/critic_loss,time/episodes,train/learning_rate,rollout/ep_rew_mean,time/time_elapsed,time/total_timesteps,time/fps,train/actor_loss,train/n_updates,eval/mean_reward,eval/mean_ep_length
514.75,0.024233255348168312,4,0.001,-415.932147,7,2059,284,-2.6091700696945193,1000,,
,0.3853507263660431,,0.001,,,5000,,-0.9639364186497406,4000,-2037.0873755633831,1000.0
694.25,0.2775528313815594,8,0.001,-1184.243489125,42,5554,129,-0.5669229472768493,5000,,
579.3333333333334,0.650530619546771,12,0.001,-891.4397790833335,53,6952,129,-1.0654824450612068,6878,,
444.0625,0.849812912940979,16,0.001,-683.1711381875,54,7105,130,-0.5919275488704443,6970,,
364.4,1.5420840331303176,20,0.001,-561.77192375,55,7288,130,-0.8394313162549379,7204,,
311.5833333333333,1.2268727235496044,24,0.001,-477.2421285833334,56,7478,132,-0.4945576526224613,7333,,
278.82142857142856,0.8320741747554979,28,0.001,-418.5053638214286,58,7807,132,-0.4796000450849533,7716,,
252.0,1.0186899231701363,32,0.001,-371.8680560312499,59,8064,134,-0.24891924057599335,7888,,
233.69444444444446,1.2424327183742911,36,0.001,-336.2725680555555,62,8413,135,-0.14785219340895614,8313,,
,1.1686740199029446,,0.001,,,10000,,0.2815186656892765,9354,29.82819371571095,840.5
273.95,1.1738825131230939,40,0.001,-305.87821139999994,86,10958,126,0.25493009093236957,10835,,
298.95454545454544,1.2687831369638443,44,0.001,-286.70310424999997,95,13154,137,0.49133118184329944,12095,,
,1.3021833956061533,,0.001,,,15000,,1.3127747737712798,14320,327.60057723926764,1000.0
341.2291666666667,1.2315784972906112,48,0.001,-249.26675114583335,127,16379,128,1.3342533661834897,15320,,
380.0576923076923,1.1832109245061875,52,0.001,-208.37215799999998,147,19763,134,1.5155963719189167,18704,,
,0.832810626745224,,0.001,,,20000,,1.2825904494673013,19704,456.1215154954465,901.3
424.3392857142857,0.6878863258361816,56,0.001,-156.3579756607143,182,23763,129,0.22122299156803638,22704,,
,0.6245931966304779,,0.001,,,25000,,-0.8327587089333683,24704,594.9149626159284,1000.0
462.71666666666664,0.5886534785032272,60,0.001,-104.96639446666667,218,27763,126,-1.8874063245654107,26704,,
,0.5729085619747639,,0.001,,,30000,,-3.6339794664382934,29704,691.6593340348918,1000.0
496.296875,0.5486137939989567,64,0.001,-55.850937312499994,255,31763,124,-4.37666347360611,30704,,
,0.5386829918920993,,0.001,,,35000,,-7.332293352127075,34704,638.926016092673,1000.0
525.9264705882352,,68,,-13.315980426470581,291,35763,122,,,,
552.2638888888889,0.5656226709783078,72,0.001,20.017877847222216,315,39763,125,-10.672868377685546,38704,,
,0.5645806493461132,,0.001,,,40000,,-11.49956314277649,39704,735.7744120847434,1000.0
575.828947368421,0.5978282478749752,76,0.001,57.538392539473676,351,43763,124,-13.858102458953857,42704,,
,0.5995560312271118,,0.001,,,45000,,-15.46427410697937,44704,814.6718763034326,1000.0
597.0375,0.628708490639925,80,0.001,93.87977724999999,387,47763,123,-17.036050735473633,46704,,
,0.6305801882445812,,0.001,,,50000,,-19.236694400787353,49704,805.1343060300744,1000.0
616.2261904761905,0.615457915097475,84,0.001,122.60763803571427,423,51763,122,-19.959611686706545,50704,,
,0.5732575299143792,,0.001,,,55000,,-22.683158542633056,54704,844.651667852886,1000.0
633.6704545454545,,88,,154.04100923863635,460,55763,121,,,,
649.5978260869565,0.5853474904298782,92,0.001,184.4622807065217,484,59763,123,-25.21652970504761,58704,,
,0.5690336994528771,,0.001,,,60000,,-25.89246662902832,59704,814.7891983265057,1000.0
664.1979166666666,0.5587170281112194,96,0.001,211.83628737499998,520,63763,122,-27.811087074279786,62704,,
,0.569049222201109,,0.001,,,65000,,-29.092063304901124,64704,871.9174048832617,1000.0
677.63,0.5555536354780197,100,0.001,238.05843709,556,67763,121,-30.273921352386473,66704,,
,0.5238931347131729,,0.001,,,70000,,-32.00762570571899,69704,890.1298044916242,1000.0
697.04,0.5397509047985077,104,0.001,290.35876554,593,71763,120,-32.5268798828125,70704,,
,0.5363074508756399,,0.001,,,75000,,-34.728636756896975,74704,828.9687076986156,1000.0
702.09,,108,,404.30623477,629,75763,120,,,,
728.11,0.5352623589634895,112,0.001,452.79718865999996,653,79763,122,-36.76567404937744,78704,,
,0.5302082546800375,,0.001,,,80000,,-37.18687602996826,79704,891.8869181293994,1000.0
766.58,0.4929127508252859,116,0.001,490.15439143000003,689,83763,121,-38.67592292785645,82704,,
,0.5241291999071837,,0.001,,,85000,,-39.71167765045166,84704,891.1789710064419,1000.0
804.75,0.5009853925853968,120,0.001,528.63390756,726,87763,120,-40.525550903320315,86704,,
,0.49500209152698516,,0.001,,,90000,,-41.87878962707519,89704,885.5660653611645,1000.0
842.85,0.49679165579378604,124,0.001,567.22565911,762,91763,120,-42.25701587677002,90704,,
,0.484002557054162,,0.001,,,95000,,-43.799864151000975,94704,942.3353907615877,1000.0
879.56,,128,,606.47049268,798,95763,119,,,,
916.99,0.4671723483651876,132,0.001,645.5355962099999,822,99763,121,-45.05092302703857,98704,,
,0.4786497216671705,,0.001,,,100000,,-45.385327354431155,99704,985.4422437513829,1000.0
953.5,0.5075065637081861,136,0.001,686.51299732,857,103763,120,-46.38713731384277,102704,,
,0.5506803980320693,,0.001,,,105000,,-46.976570220947266,104704,1129.05869003759,1000.0
968.05,0.5597432301491498,140,0.001,728.5607401299999,892,107763,120,-47.689637252807614,106704,,
,0.6062716217339039,,0.001,,,110000,,-48.79665104675293,109704,1005.2529390245938,1000.0
986.09,0.5617544638663531,144,0.001,774.4473515900002,928,111763,120,-49.19160868835449,110704,,
,0.6618843624591827,,0.001,,,115000,,-50.69198128509522,114704,1010.2851743597537,1000.0
993.84,,148,,805.0076095699999,964,115763,119,,,,
1000.0,0.8899266369938851,152,0.001,837.05182871,988,119763,121,-52.747102142333986,118704,,
,0.9195875761210919,,0.001,,,120000,,-53.37826202392578,119704,1247.8831988790073,1000.0
1000.0,1.0778847227692605,156,0.001,866.7044290700001,1025,123763,120,-55.145536087036135,122704,,
,1.0873595084547996,,0.001,,,125000,,-56.46970432281494,124704,1269.529230166599,921.8
992.98,1.1489461808800698,160,0.001,887.20534989,1055,127061,120,-57.290885955810545,126002,,
,1.4344901364445686,,0.001,,,130000,,-59.2531304473877,129002,-73.36776526806644,929.2
992.98,1.4109789109826087,164,0.001,862.86357184,1090,131061,120,-59.670003074646,130002,,
,1.213585240662098,,0.001,,,135000,,-61.42294010162354,134002,1173.914599026984,1000.0
992.98,,168,,861.4890920500001,1125,135061,120,,,,
992.98,1.2872207600474357,172,0.001,903.8518080299999,1149,139061,120,-63.194655685424806,138002,,
,1.1774093952029943,,0.001,,,140000,,-63.84504132270813,139162,1247.02549168407,924.7
984.58,1.2706366766691208,176,0.001,923.5358340199997,1179,142221,120,-64.75304684448243,141162,,
,1.4581552419662476,,0.001,,,145000,,-66.41684417724609,144162,1678.516009092919,938.2
984.58,1.4047380237579346,180,0.001,953.5923074999998,1214,146221,120,-67.02064381408691,145162,,
963.26,1.53569140173923,184,0.001,956.5628136600001,1229,148089,120,-68.62903040105647,147924,,
,2.002120698451996,,0.001,,,150000,,-69.16706195068359,149284,461.466688339127,505.0
953.62,1.9528805067777024,188,0.001,963.7396549,1250,151125,120,-69.6827736583817,150066,,
,1.958026083290577,,0.001,,,155000,,-71.66185501098633,154066,1725.802802465111,1000.0
953.62,,192,,991.3685827999999,1285,155125,120,,,,
953.62,2.1858493475914003,196,0.001,1001.0142667800001,1310,159125,121,-73.69471432495118,158066,,
,2.1429047974944115,,0.001,,,160000,,-74.28859222412109,159066,1106.0263595151039,976.1
953.62,2.3555811017751696,200,0.001,1028.4234539899999,1345,163125,121,-76.00082691955566,162066,,
,2.336428514242172,,0.001,,,165000,,-77.00217106628418,164066,1559.0775143640726,915.8
946.0,2.5362244341373446,204,0.001,1046.80433873,1378,166363,120,-78.31932176208497,166066,,
923.96,2.5381561471270278,208,0.001,1032.1965524500001,1388,168159,121,-79.29364424485426,167724,,
,3.227993540287018,,0.001,,,170000,,-79.58004708862305,169100,857.2822107551037,668.7
910.92,3.4487342482484378,212,0.001,1040.72707463,1413,170855,120,-80.35858957128588,170713,,
898.96,3.454816947008173,216,0.001,1056.20611462,1428,173659,121,-81.43935985565186,173090,,
,4.756309003290469,,0.001,,,175000,,-81.86282446088582,174148,1308.5181492316565,733.5
875.07,3.4315863847732544,220,0.001,1051.27591912,1448,175270,120,-82.2030551838425,175170,,
866.17,5.268264573812485,224,0.001,1076.340478,1463,178380,121,-83.31859777832031,177321,,
,5.464720447182655,,0.001,,,180000,,-84.2777624053955,179675,805.9027543041026,825.7
852.43,3.756965206388165,228,0.001,1088.51557665,1488,181006,121,-84.39774165433995,179947,,
846.43,5.685488533377647,232,0.001,1114.14093867,1508,184406,122,-85.95431747436524,183347,,
,4.894675849199295,,0.001,,,185000,,-86.06177104187012,184347,1752.111696847173,1000.0
846.43,5.510649714708328,236,0.001,1121.63996218,1544,188406,121,-86.88646392822265,187347,,
,5.16311332166195,,0.001,,,190000,,-87.70493572998046,189347,1687.2390296861063,918.6
846.43,4.635479603767395,240,0.001,1157.5343899900001,1579,192406,121,-88.38259532165527,191347,,
,5.191533827185631,,0.001,,,195000,,-89.5828424987793,194347,1844.071854011924,955.8
846.43,4.852485911607742,244,0.001,1160.13623768,1615,196406,121,-89.96239125061035,195347,,
,5.141618420600891,,0.001,,,200000,,-90.69774201965332,199347,2026.8883358705789,1000.0
846.43,,248,,1189.46954628,1650,200406,121,,,,
846.43,5.166009835720062,252,0.001,1228.06113831,1674,204406,122,-91.83873002624512,203347,,
,5.9429319024086,,0.001,,,205000,,-92.36662469482422,204347,2060.594142066315,1000.0
846.43,5.432710570335388,256,0.001,1258.9992079800002,1710,208406,121,-93.57757806396485,207347,,
,5.485537652254105,,0.001,,,210000,,-94.19285217285156,209347,2054.6772295780947,1000.0
853.45,5.334435843467713,260,0.001,1296.10211956,1746,212406,121,-95.36160548400879,211347,,
,5.681571813583374,,0.001,,,215000,,-96.42931776428223,214347,1931.9272203581393,1000.0
853.45,5.762883569955826,264,0.001,1356.10801893,1781,216406,121,-96.68469831848145,215347,,
844.77,5.403282669067383,268,0.001,1395.8976521700001,1804,219538,121,-98.26340562438965,219347,,
,6.370971150470503,,0.001,,,220000,,-98.97053585630475,219479,1206.5966901044826,612.5
844.77,5.969073003530502,272,0.001,1376.33691417,1831,223538,122,-99.42998327636718,222479,,
,6.040689120531082,,0.001,,,225000,,-99.0951166381836,224479,1958.6841520846356,913.3
853.17,5.7503948097229,276,0.001,1411.06099344,1865,227538,121,-100.23949743652344,226479,,
,6.274134887933731,,0.001,,,230000,,-101.11305339050293,229479,2114.4444006752224,1000.0
853.17,6.263423683404922,280,0.001,1435.28101663,1900,231538,121,-101.73933799743652,230479,,
,6.286258456468582,,0.001,,,235000,,-103.25274911499024,234479,1708.8267718617572,856.8
874.49,,284,,1491.2597258399996,1934,235538,121,,,,
884.13,6.030347235679627,288,0.001,1534.0433379800002,1957,239538,122,-104.42712001037597,238479,,
,6.121325484514236,,0.001,,,240000,,-104.77339875793457,239479,2059.801053137146,928.3
884.13,5.727883864879608,292,0.001,1561.8691678499997,1993,243538,122,-105.96818464660645,242479,,
,6.584523364543915,,0.001,,,245000,,-106.68033222961425,244479,1536.6861479009967,737.2
879.45,6.3752400579309105,296,0.001,1561.60614107,2023,247070,122,-107.48651622112533,246011,,
,6.51614329123497,,0.001,,,250000,,-107.40705256652832,249011,2023.8134045978543,909.3
879.45,6.6502416868209835,300,0.001,1587.7382897299997,2058,251070,121,-107.82598115539551,250011,,
,6.9771304762363435,,0.001,,,255000,,-108.92833042907715,254011,2083.724133544229,960.7
887.07,,304,,1621.1345529,2092,255070,121,,,,
909.11,7.356573431968689,308,0.001,1686.8698893699998,2117,259070,122,-109.92895617675781,258011,,
,7.124292742586282,,0.001,,,260000,,-110.04175330371392,259338,2078.1593167561105,900.4
915.42,7.669987750291824,312,0.001,1715.2685436299998,2147,262397,122,-110.56794325256348,261338,,
,7.580853250762373,,0.001,,,265000,,-111.7267003969853,263957,1603.7140748349716,834.2
923.57,7.893454680681229,316,0.001,1743.3450952100002,2179,266016,122,-111.47788696289062,264957,,
934.42,8.797704577445984,320,0.001,1771.7492730900005,2195,268712,122,-112.16751733398438,267653,,
,8.85181435227394,,0.001,,,270000,,-112.60709629821777,269653,2174.632575495262,1000.0
943.32,9.03910589981079,324,0.001,1797.09221474,2230,272712,122,-113.47129833984376,271653,,
,8.499213183403015,,0.001,,,275000,,-113.99660905456543,274795,2094.1510801847094,932.2
948.48,,328,,1818.8125871799996,2260,275854,122,,,,
942.86,9.701427767753602,332,0.001,1820.18038471,2278,278692,122,-115.17650537109375,277633,,
,8.854818867921828,,0.001,,,280000,,-115.93936067199706,279633,2140.006782378722,948.0
942.86,8.25023294687271,336,0.001,1863.79707237,2312,282692,122,-116.12314021301269,281633,,
,8.713637634811311,,0.001,,,285000,,-117.17764941870175,284449,2323.0439256155864,1000.0
941.02,8.599515542984008,340,0.001,1876.7217299200004,2346,286508,122,-117.5097057800293,285449,,
,9.602039963722229,,0.001,,,290000,,-118.67049859619141,289449,2355.5336010877973,1000.0
941.02,,344,,1897.0321989000001,2382,290508,121,,,,
932.54,8.68326575922966,348,0.001,1889.2428359199998,2404,293660,122,-118.95523681640626,293449,,
,10.255150737524033,,0.001,,,295000,,-119.70581939697266,294601,2205.392970003793,1000.0
932.54,8.841128436326981,352,0.001,1899.4313583800001,2436,297660,122,-119.95830647277832,296601,,
,8.930517219066619,,0.001,,,300000,,-120.41705764770508,299601,2172.3339073576963,1000.0
927.34,9.627187920570373,356,0.001,1899.1126957200001,2471,301140,121,-121.10204219055176,300601,,
923.08,8.593462299585342,360,0.001,1902.04631456,2490,304714,122,-121.73752119445801,303655,,
,8.78791769337654,,0.001,,,305000,,-122.05934019470214,304655,2285.4015276605496,1000.0
923.08,8.589066523075104,364,0.001,1934.8177573600003,2526,308714,122,-122.35294561767579,307655,,
,9.527441845178604,,0.001,,,310000,,-123.26654127502441,309655,2222.1474607151235,1000.0
931.76,9.535857059001923,368,0.001,1951.87044137,2561,312714,122,-123.10080502319336,311655,,
,8.5835485329628,,0.001,,,315000,,-124.20535118103027,314787,2415.5045839386526,1000.0
923.08,,372,,1980.65172862,2592,315846,121,,,,
923.08,9.12872105884552,376,0.001,1991.94874739,2616,319846,122,-124.0387416229248,318787,,
,9.21996253323555,,0.001,,,320000,,-124.4796215057373,319787,1835.2479409766559,861.1
923.08,10.1431969704628,380,0.001,2001.04751869,2651,323846,122,-124.93603089904785,322787,,
,8.774024310350418,,0.001,,,325000,,-125.44562435913086,324787,1961.5937679883093,879.9
923.08,9.24509683251381,384,0.001,2010.5873528500001,2685,327846,122,-126.00005581665039,326787,,
,9.102373547729899,,0.001,,,330000,,-126.31959808849898,329275,2084.468309891643,894.6
917.96,9.171869287967683,388,0.001,2009.5738605399997,2717,331334,121,-126.4239493560791,330275,,
,8.786881814479829,,0.001,,,335000,,-127.14071405029297,334275,2388.10663461449,1000.0
917.96,,392,,2017.62833044,2752,335334,121,,,,
922.64,9.367551669359207,396,0.001,2072.14103191,2776,339334,122,-127.98314073181152,338275,,
,9.500466297149659,,0.001,,,340000,,-128.47226322937013,339275,2225.8616394177893,1000.0
920.18,9.648688625593717,400,0.001,2075.6721649,2810,343088,122,-129.22386738096688,342029,,
,9.491505026578903,,0.001,,,345000,,-129.5812508239746,344029,2259.982800174877,912.3
916.8,9.58725251892182,404,0.001,2076.1118197999995,2842,346750,121,-130.0473492671356,345691,,
,9.299582022428513,,0.001,,,350000,,-130.9757671813965,348943,1890.4489841981035,970.4
909.32,,408,,2067.9621494900002,2873,350002,121,,,,
916.05,9.826119956970215,412,0.001,2089.87960125,2897,354002,122,-131.91658692932128,352943,,
,9.981152241468429,,0.001,,,355000,,-131.85861836242677,353943,2513.758587179333,1000.0
919.86,9.127628143072128,416,0.001,2113.0255296699997,2933,358002,122,-132.84126321411134,356943,,
910.27,9.92321507508556,420,0.001,2094.85901379,2947,359739,122,-133.26031573613486,359399,,
,10.381264513497674,,0.001,,,360000,,-133.69249958011275,359680,2411.654560624063,1000.0
910.27,9.5459146900177,424,0.001,2081.9431368300006,2978,363739,122,-133.0113035736084,362680,,
,11.322906558513642,,0.001,,,365000,,-133.2986146697998,364680,2313.425161474012,998.8
918.85,11.635392004728317,428,0.001,2078.6046619,3013,367739,122,-133.88229803466797,366680,,
,9.388789014101029,,0.001,,,370000,,-134.04504772949218,369680,2346.7966054126387,1000.0
930.47,9.25428267621994,432,0.001,2116.1425540299997,3049,371739,121,-134.8644875946045,370680,,
,9.172053485393524,,0.001,,,375000,,-135.05774087524415,374680,2467.993173446739,1000.0
930.47,,436,,2125.06706759,3084,375739,121,,,,
932.31,9.91509146618843,440,0.001,2082.90437253,3108,379739,122,-135.2430225982666,378680,,
,9.859464111566544,,0.001,,,380000,,-135.3372024230957,379680,2557.308005900867,1000.0
932.31,11.256640739917755,444,0.001,2118.4245565,3144,383739,122,-136.23403944396972,382680,,
,9.588940701961517,,0.001,,,385000,,-136.9097035675049,384680,2595.6218229245396,1000.0
940.79,10.465967405557633,448,0.001,2160.2064809,3179,387739,121,-136.59654518127442,386680,,
,9.617298385620117,,0.001,,,390000,,-137.75970922851562,389680,2534.6305974707006,1000.0
940.79,9.449628662824631,452,0.001,2169.89095047,3215,391739,121,-137.7514818878174,390680,,
,11.728677857398987,,0.001,,,395000,,-139.3077913208008,394390,2614.859012889117,1000.0
943.09,,456,,2181.94472128,3249,395449,121,,,,
943.33,10.166764637708663,460,0.001,2188.8820965400005,3272,399047,121,-139.8651808013916,398390,,
,9.433437899203604,,0.001,,,400000,,-140.32453267789606,398988,2587.9986263118685,1000.0
933.45,10.030853536605836,464,0.001,2170.61164889,3300,402059,121,-140.595097946167,401000,,
,10.372121189832688,,0.001,,,405000,,-140.86563621520997,404000,2626.993356533768,1000.0
933.45,10.049524433612824,468,0.001,2182.1329662099997,3335,406059,121,-141.24125131225586,405000,,
935.61,10.963796772956847,472,0.001,2168.19629991,3358,409407,121,-141.19457608032226,409000,,
,11.742010711938486,,0.001,,,410000,,-141.39517387302442,409348,2307.118860385989,1000.0
935.61,11.08786965727806,476,0.001,2151.62556825,3391,413407,121,-142.08309774780273,412348,,
,11.115406476020812,,0.001,,,415000,,-141.7422796020508,414348,2643.4915614418687,1000.0
935.61,12.425943562984466,480,0.001,2162.33482953,3426,417407,121,-142.67881114196777,416348,,
,12.276241686344147,,0.001,,,420000,,-142.31476901245117,419348,2567.400458154082,1000.0
935.61,11.47009699344635,484,0.001,2171.3117321199998,3462,421407,121,-142.35087821960448,420348,,
,11.244064848661422,,0.001,,,425000,,-143.46314274597168,424348,2566.0331234651617,1000.0
940.73,,488,,2190.1318363,3497,425407,121,,,,
940.73,12.537864754915237,492,0.001,2195.55370537,3521,429407,121,-143.74990423583984,428348,,
,10.79555098247528,,0.001,,,430000,,-144.0793678588867,429348,2155.1423820723635,916.8
940.73,11.649790977954865,496,0.001,2200.6223731399996,3556,433407,121,-144.53529754638672,432348,,
,11.407638354301453,,0.001,,,435000,,-144.84619261169433,434348,1831.4328744952568,726.4
943.19,12.179852237224578,500,0.001,2215.32042758,3588,437407,121,-144.82547491455077,436348,,
,10.976954320430755,,0.001,,,440000,,-145.63731678771973,439348,2666.330479367357,1000.0
946.57,10.81405378985405,504,0.001,2232.64227252,3624,441407,121,-145.82352932739258,440348,,
,11.756721613407136,,0.001,,,445000,,-146.86968214416504,444348,2385.7255361373072,968.6
954.05,,508,,2260.9985811399997,3658,445407,121,,,,
954.05,12.051411974430085,512,0.001,2257.51993931,3683,449407,122,-147.1793861694336,448348,,
,10.26131716632843,,0.001,,,450000,,-146.70719869995116,449348,2562.053694033087,1000.0
952.97,11.43568478155136,516,0.001,2256.5386016499997,3718,453299,121,-146.98433352661132,452240,,
,13.942183524608613,,0.001,,,455000,,-147.4974998779297,454240,2617.690217505966,1000.0
975.6,12.764179953098298,520,0.001,2320.62962066,3754,457299,121,-147.41342036437987,456240,,
,11.648639096260071,,0.001,,,460000,,-147.67369921875,459240,2685.221384047158,1000.0
975.6,12.478727405548096,524,0.001,2331.97387341,3790,461299,121,-148.28581973266603,460240,,
,12.289976566314698,,0.001,,,465000,,-148.21678189086913,464240,2349.5012153898365,881.5
975.6,,528,,2371.4824574699996,3824,465299,121,,,,
970.35,13.429725121949849,532,0.001,2361.5719943899994,3846,468774,121,-147.8798043295301,467715,,
,10.787340661048889,,0.001,,,470000,,-148.37830529785157,469715,2617.714440548979,1000.0
970.35,11.479262463092804,536,0.001,2367.54600066,3881,472774,121,-148.2891658935547,471715,,
,12.264118297576903,,0.001,,,475000,,-148.83681773376466,474715,2444.5185649819673,1000.0
970.35,12.541430450916291,540,0.001,2421.9152372500002,3917,476774,121,-149.09512423706056,475715,,
,13.177235505580903,,0.001,,,480000,,-149.24090063476564,479715,2361.8222413754324,906.6
970.35,,544,,2428.41704377,3951,480774,121,,,,
970.35,10.485429671764374,548,0.001,2433.7841415899998,3976,484774,121,-149.52527758789063,483715,,
,11.042869948387146,,0.001,,,485000,,-149.46725286865234,484715,2533.636044988828,937.6
970.35,11.338091473102569,552,0.001,2441.40886034,4011,488774,121,-149.51162838745117,487715,,
,10.736512563705444,,0.001,,,490000,,-149.39298971557616,489715,2722.8869766118705,992.8
972.06,11.538956402379187,556,0.001,2452.9549350899997,4045,492655,121,-149.99365732621175,491596,,
,11.127094615459443,,0.001,,,495000,,-149.99058923339842,494596,2762.8303059457803,1000.0
976.08,10.235853680849075,560,0.001,2468.84251346,4081,496655,121,-150.77295166015625,495596,,
,11.728376698970795,,0.001,,,500000,,-150.79558514404297,499596,2563.3027092542497,940.0
985.96,,564,,2499.4787988000003,4115,500655,121,,,,
979.09,10.195913320064545,568,0.001,2494.24296295,4135,503968,121,-151.2442560119629,502909,,
,10.336719983168557,,0.001,,,505000,,-151.30864605618157,504811,2686.949524455704,1000.0
984.63,9.995245275735854,572,0.001,2540.5494324000006,4170,507870,121,-151.6847723083496,506811,,
,10.97412853693962,,0.001,,,510000,,-151.82279983520507,509811,2427.124799319655,1000.0
984.63,11.039864234924316,576,0.001,2569.8138994700003,4206,511870,121,-152.08258532714845,510811,,
,10.55740546321869,,0.001,,,515000,,-152.90462393188477,514811,2486.580353946984,892.9
984.63,,580,,2570.17904458,4240,515870,121,,,,
984.63,11.651241854190827,584,0.001,2572.9304853500003,4264,519870,121,-152.98430920410155,518811,,
,11.399964084148406,,0.001,,,520000,,-153.217365234375,519811,2390.532387017459,875.1
984.52,10.61946643254634,588,0.001,2579.63832577,4299,523859,121,-153.57994159737018,522800,,
,10.029247441053391,,0.001,,,525000,,-153.7155719909668,524800,2621.3592633958674,1000.0
984.52,10.60078064775467,592,0.001,2587.1312365000003,4334,527859,121,-153.93387399291993,526800,,
,11.037231494188308,,0.001,,,530000,,-154.12770874023437,529800,2663.5286362257903,1000.0
984.52,10.942438435077667,596,0.001,2594.4487451299997,4370,531859,121,-154.49272827148437,530800,,
,11.163288703203202,,0.001,,,535000,,-154.86019665527343,534800,2737.50968770514,1000.0
984.52,,600,,2599.4178976599997,4405,535859,121,,,,
984.52,11.390247954845428,604,0.001,2603.09819606,4430,539859,121,-155.5638992614746,538800,,
,9.938038895606995,,0.001,,,540000,,-155.58948287963867,539800,2718.8487789999695,975.4
984.52,9.136872322320938,608,0.001,2607.0320779,4465,543859,121,-156.35701406860352,542800,,
,10.35708354473114,,0.001,,,545000,,-156.3216010131836,544800,2563.531471217796,982.7
984.52,9.384736689329147,612,0.001,2624.78004151,4500,547859,121,-156.4264391784668,546800,,
,9.361712577342987,,0.001,,,550000,,-156.4045661010742,549178,2313.4596679875626,835.9
979.38,8.951652773141861,616,0.001,2614.6695012900004,4531,551237,121,-156.8473678894043,550178,,
,9.767067076206207,,0.001,,,555000,,-157.3907174987793,554042,2690.7887112924363,1000.0
978.02,,620,,2613.30728473,4565,555101,121,,,,
978.02,9.68333655166626,624,0.001,2637.7085516899997,4590,559101,121,-157.89062927246093,558042,,
,11.052972971439361,,0.001,,,560000,,-158.2583263244629,559042,2283.6377859506756,833.8
972.42,13.297112091562965,628,0.001,2626.25437766,4620,562541,121,-158.07955121127043,561482,,
,12.21545480298996,,0.001,,,565000,,-158.13919909667968,564010,2827.4113526293077,1000.0
972.95,11.667885358572006,632,0.001,2604.56309856,4653,566069,121,-158.27637255859375,565010,,
,10.658608390808105,,0.001,,,570000,,-158.8426011657715,569010,2398.515529478248,861.4
972.95,,636,,2609.14217143,4687,570069,121,,,,
963.51,11.895857921668462,640,0.001,2590.37433822,4705,573125,121,-159.81758880615234,572066,,
,12.395936388969421,,0.001,,,575000,,-159.2979900817871,574066,2772.3556346776663,1000.0
963.51,10.696267045974732,644,0.001,2592.13117267,4741,577125,121,-159.1780115661621,576066,,
,11.035745970726014,,0.001,,,580000,,-158.83978146362304,579066,2734.50318591604,1000.0
963.51,10.950411644697189,648,0.001,2596.32734739,4777,581125,121,-159.83934643554687,580066,,
,11.798291205883027,,0.001,,,585000,,-159.47713806152345,584066,2719.838902800949,1000.0
963.51,,652,,2596.9084528799995,4812,585125,121,,,,
964.7,12.994432510852814,656,0.001,2601.50594387,4837,589125,121,-159.7466897583008,588066,,
,11.785407577991485,,0.001,,,590000,,-159.32342977905273,589066,2840.721869047452,1000.0
958.75,12.132905904531478,660,0.001,2590.64580883,4869,592530,121,-159.89714553833008,591471,,
,11.234263000249863,,0.001,,,595000,,-160.00887289428712,594471,2779.4166909817604,1000.0
958.75,11.212100814819335,664,0.001,2596.2397960000003,4905,596530,121,-159.91786627197266,595471,,
,10.987266031265259,,0.001,,,600000,,-159.68260150146483,599109,2664.4445232168773,1000.0
962.0,,668,,2608.81851371,4938,600168,121,,,,
962.98,12.857324012279511,672,0.001,2612.8626200400004,4963,604168,121,-160.87686614990236,603109,,
,11.045328337669373,,0.001,,,605000,,-161.1688630065918,604109,2834.892471007258,1000.0
962.98,11.437428485393523,676,0.001,2619.2885377,4997,608168,121,-160.9520571899414,607109,,
,12.058921841658659,,0.001,,,610000,,-161.15390288276512,609056,2687.6927087535964,1000.0
961.53,12.517528406620025,680,0.001,2620.44410989,5033,612023,121,-161.06795645141602,611056,,
,11.373194684743881,,0.001,,,615000,,-161.6149224243164,613964,2821.3655324773863,1000.0
961.53,14.823917246818542,684,0.001,2624.82753159,5068,616023,121,-161.15838354492186,614964,,
,11.80123249578476,,0.001,,,620000,,-161.22942129516602,618964,2818.3412945127116,1000.0
961.64,,688,,2631.03687142,5104,620023,121,,,,
961.64,12.815882971286774,692,0.001,2629.8320643399998,5128,624023,121,-161.21226480102538,622964,,
,12.739184948921203,,0.001,,,625000,,-161.5703490600586,623964,2787.05791361928,1000.0
961.64,12.317504226684571,696,0.001,2630.93216147,5163,628023,121,-161.56037210083008,626964,,
,14.74728139257431,,0.001,,,630000,,-161.33176971435546,628964,2671.9573603224007,901.5
961.64,13.610341691970826,700,0.001,2634.6589790599996,5198,632023,121,-161.17895108032226,630964,,
,12.781986522197723,,0.001,,,635000,,-161.43701016235352,633964,2830.447514955094,1000.0
961.64,12.689716313362121,704,0.001,2638.3977912499995,5233,636023,121,-161.49705264282227,634964,,
,12.584327944755554,,0.001,,,640000,,-161.67372045898438,638964,2835.7456474961714,1000.0
961.64,,708,,2637.77364833,5269,640023,121,,,,
961.64,14.387581819534303,712,0.001,2639.20462127,5293,644023,121,-161.6778249206543,642964,,
,13.308578604221344,,0.001,,,645000,,-162.07272229003905,643964,2852.1581447694452,1000.0
967.86,12.433936146736144,716,0.001,2661.5037184800003,5329,648023,121,-162.06240661621095,646964,,
,12.538581617832184,,0.001,,,650000,,-162.0950087890625,648964,2735.6077749819497,970.9
965.41,13.45911649972056,720,0.001,2661.203281870001,5362,651642,121,-162.29748693176072,650583,,
,13.495304053783416,,0.001,,,655000,,-162.69979333496093,654583,2765.3087271727154,1000.0
965.41,,724,,2663.00462057,5398,655642,121,,,,
971.01,11.690877632141113,728,0.001,2682.3696390900004,5422,659642,121,-162.88196737670899,658583,,
,12.184278457641602,,0.001,,,660000,,-162.7638729248047,659583,2868.5406304866074,1000.0
975.73,12.037411288261413,732,0.001,2727.2184169599996,5457,663642,121,-163.942049407959,662583,,
,11.739333963394165,,0.001,,,665000,,-164.08460400390624,664583,2902.072245772928,1000.0
975.37,12.142937630538624,736,0.001,2727.77264749,5493,667606,121,-163.84013208413026,666547,,
,12.294664389133453,,0.001,,,670000,,-163.7680864868164,669547,2970.388438500464,1000.0
984.81,12.979307960748672,740,0.001,2761.3138839499998,5528,671606,121,-164.02670376586914,670547,,
,11.491606135845185,,0.001,,,675000,,-164.64461508178712,674547,2895.9455032938627,1000.0
984.81,,744,,2767.54773072,5565,675606,121,,,,
983.92,11.56406673301588,748,0.001,2766.3573863300007,5588,679517,121,-164.7176460132264,678458,,
,12.870707609176636,,0.001,,,680000,,-164.83322119140624,679458,2904.9157006837895,1000.0
983.92,11.56886854171753,752,0.001,2769.74644193,5623,683517,121,-164.63186849975585,682458,,
,11.90413475227356,,0.001,,,685000,,-164.95227682495118,684458,2879.9420841133224,1000.0
983.92,11.823770217895508,756,0.001,2774.2975017400004,5658,687517,121,-164.65557678222658,686458,,
,12.709609426021576,,0.001,,,690000,,-164.84930670166017,689458,2911.984172761999,1000.0
989.87,11.726787247180939,760,0.001,2792.5053991700006,5693,691517,121,-165.43507040405274,690458,,
,13.192231757640839,,0.001,,,695000,,-165.9320563659668,694458,2894.5032943321394,1000.0
989.87,,764,,2796.22540776,5729,695517,121,,,,
993.49,11.552683876514434,768,0.001,2812.9571929699996,5753,699517,121,-165.61639422607422,698458,,
,11.948524841308593,,0.001,,,700000,,-165.88357037353515,699458,2906.1941341825996,1000.0
993.49,13.125021454572678,772,0.001,2817.4067496699995,5789,703517,121,-165.8185429382324,702458,,
,11.198208647251128,,0.001,,,705000,,-166.6286739807129,704458,2855.6314653541895,962.7
993.26,11.238869819328754,776,0.001,2821.52205184,5824,707494,121,-166.28793128592068,706435,,
,11.821633546352386,,0.001,,,710000,,-166.85162579345703,709435,2556.962544547755,913.4
994.11,12.183972616398588,780,0.001,2828.23042572,5858,711434,121,-166.5089407738219,710375,,
,11.346728956699371,,0.001,,,715000,,-167.18102584838869,714375,2337.0240717105567,795.1
992.76,,784,,2830.017243549999,5891,715299,121,,,,
991.28,13.99570289325714,788,0.001,2829.2435298699997,5914,719151,121,-167.41226382446288,718092,,
,11.900791219234467,,0.001,,,720000,,-167.81048275756837,719092,2738.862829501927,923.2
991.28,11.107443914175034,792,0.001,2832.0975593400008,5949,723151,121,-167.76158096313478,722092,,
,13.91283798122406,,0.001,,,725000,,-167.8751693725586,724092,2466.801090364158,846.1
991.28,12.71174733877182,796,0.001,2839.8150415200002,5983,727151,121,-167.81280026245116,726092,,
,12.122457164287567,,0.001,,,730000,,-167.75307922363282,729092,2945.106457739096,1000.0
991.28,12.800523501873016,800,0.001,2843.36434312,6019,731151,121,-167.20685177612305,730092,,
,14.031101977825164,,0.001,,,735000,,-167.47234201049804,734092,2782.048750594724,930.3
991.28,,804,,2849.2114687,6054,735151,121,,,,
991.28,13.004142477989197,808,0.001,2823.0790375999995,6078,739151,121,-166.91887673950194,738092,,
,13.123860793590545,,0.001,,,740000,,-167.01405569458007,739092,2917.242942172289,1000.0
991.28,14.091067529201508,812,0.001,2831.13916573,6115,743151,121,-166.76125433349608,742092,,
,12.733459642410278,,0.001,,,745000,,-167.7526904602051,744092,2974.038005172787,1000.0
991.28,13.97536146068573,816,0.001,2838.1009835600007,6150,747151,121,-167.6895857849121,746092,,
,12.96558215825454,,0.001,,,750000,,-168.9298145460046,749184,2879.505454014428,1000.0
986.01,,820,,2821.757377389999,6181,750243,121,,,,
986.01,12.498090939998626,824,0.001,2825.5715743400006,6204,754243,121,-167.51477517700195,753184,,
,11.947660300731659,,0.001,,,755000,,-167.928005859375,754184,2729.2673711763696,953.8
986.01,14.04388493680954,828,0.001,2825.1547460300008,6240,758243,121,-168.28834744262696,757184,,
,12.533314089775086,,0.001,,,760000,,-167.96503997802733,759184,2301.028712626919,792.9
986.01,13.049729166030884,832,0.001,2826.21280965,6273,762243,121,-168.34622103881836,761184,,
,13.564029301643371,,0.001,,,765000,,-168.08349029541014,764184,2824.6426807891576,947.3
986.37,13.841685197353364,836,0.001,2834.9342340699995,6308,766243,121,-168.1664295654297,765184,,
,12.460008303165436,,0.001,,,770000,,-168.62143173217774,769184,2895.7054018877448,1000.0
986.37,,840,,2835.8366792,6344,770243,121,,,,
986.37,12.311035737037658,844,0.001,2837.11230271,6368,774243,121,-168.5144295349121,773184,,
,12.619271947860717,,0.001,,,775000,,-168.5613585510254,774184,2875.7707574993374,998.3
987.26,13.270180656909943,848,0.001,2848.58726034,6405,778243,121,-168.91211749267578,777184,,
,12.751589857931162,,0.001,,,780000,,-168.97403026955197,779938,2999.601031879708,1000.0
975.29,11.904434589385986,852,0.001,2818.29090037,6437,781046,121,-169.3445087890625,780938,,
,13.006013434886933,,0.001,,,785000,,-168.85934408569335,783987,2696.7161757694093,905.0
975.29,,856,,2824.4148304600003,6467,785046,121,,,,
975.29,14.280507861614227,860,0.001,2827.24536838,6491,789046,121,-169.25566912841796,787987,,
,13.344239855766297,,0.001,,,790000,,-169.37160284423828,788987,2990.6815218389734,1000.0
975.29,13.169305292129517,864,0.001,2829.14064862,6527,793046,121,-169.62688626098634,791987,,
,13.377466599464416,,0.001,,,795000,,-169.77036605834962,793987,2857.419303469639,1000.0
975.29,12.898523740768432,868,0.001,2830.1243198199995,6563,797046,121,-169.49995852661132,795987,,
,14.438228368282319,,0.001,,,800000,,-169.70562985229492,798987,2883.5187360188925,970.9
975.29,14.201428528785705,872,0.001,2832.7887702499997,6598,801046,121,-169.64221160888673,799987,,
,12.31708434677124,,0.001,,,805000,,-169.80756253051757,803987,2804.1454141104596,929.3
975.52,,876,,2833.639680309999,6633,805046,121,,,,
971.82,12.949551149368286,880,0.001,2824.1466790100008,6654,808616,121,-169.7825157775879,807557,,
,13.436215666294098,,0.001,,,810000,,-169.7151722717285,809557,2539.390006312914,853.9
973.17,13.148435548782349,884,0.001,2828.9374995999997,6689,812616,121,-169.19025122070312,811557,,
,13.113529867554897,,0.001,,,815000,,-169.70233775073697,814200,2830.599968008418,966.9
971.08,14.053962395191192,888,0.001,2824.20447478,6722,816259,121,-169.36715222167967,815200,,
962.83,14.973211089134216,892,0.001,2786.1299527500005,6740,819434,121,-167.94321109008789,818375,,
,12.878524497032165,,0.001,,,820000,,-168.2932886352539,819375,2787.660013851151,1000.0
959.5,14.240099310398103,896,0.001,2774.88086929,6775,823101,121,-168.53563803100585,822042,,
,14.518586424827575,,0.001,,,825000,,-168.68188845825196,824042,2971.6806949902325,1000.0
959.5,13.121870728492738,900,0.001,2775.9108085000003,6810,827101,121,-168.2308719482422,826042,,
,13.693476271629333,,0.001,,,830000,,-168.78621551513672,829042,3015.3134204196745,1000.0
959.5,13.620420386314391,904,0.001,2777.3768880999996,6847,831101,121,-168.38904257202148,830042,,
,12.695983555793763,,0.001,,,835000,,-168.75499594116212,834042,3003.8880482926966,1000.0
959.5,,908,,2813.80286974,6881,835101,121,,,,
959.5,13.004815809726715,912,0.001,2811.5840244900005,6906,839101,121,-169.3331277770996,838042,,
,13.24716581773758,,0.001,,,840000,,-169.1026704711914,839042,2655.363939679274,912.1
959.5,12.945377315044404,916,0.001,2808.41525363,6941,843101,121,-169.10341143798829,842042,,
,12.231297724723817,,0.001,,,845000,,-169.42721606445312,844042,2894.836566465907,958.5
968.58,13.68475610256195,920,0.001,2841.064459559999,6976,847101,121,-170.1025527038574,846042,,
,12.647271303653717,,0.001,,,850000,,-170.4120257873535,849042,2886.4138858271763,939.1
968.58,13.320943002223968,924,0.001,2844.12948011,7011,851101,121,-170.1045591430664,850042,,
,13.362056510448456,,0.001,,,855000,,-171.16913790893554,854042,2847.8066406392027,933.2
968.58,,928,,2850.9257685999996,7046,855101,121,,,,
968.58,11.699017520427704,932,0.001,2856.9758964099997,7070,859101,121,-171.2689143676758,858042,,
,13.215962106704712,,0.001,,,860000,,-171.40937979125977,859042,3003.5716195089744,1000.0
964.95,12.252134727478028,936,0.001,2845.60870411,7104,862738,121,-172.2163122253418,861679,,
,14.522229822376106,,0.001,,,865000,,-172.84253578186036,864716,2681.642738625314,886.8
955.32,,940,,2821.0142942700004,7132,865775,121,,,,
955.32,12.878910427093507,944,0.001,2824.22132736,7157,869775,121,-173.42776028442384,868716,,
,13.379361315727234,,0.001,,,870000,,-173.56102603149415,869716,3055.322479263693,1000.0
953.06,13.346101551055908,948,0.001,2817.6118721000003,7191,873549,121,-173.4143278503418,872490,,
,13.929811947345733,,0.001,,,875000,,-173.7361823730469,874490,2639.9702330153436,900.7
965.03,14.007120216369628,952,0.001,2853.01409034,7226,877549,121,-174.25755282592775,876490,,
,13.923581142902375,,0.001,,,880000,,-174.0761539001465,879490,2682.4468047130854,924.8
965.03,12.519807403326034,956,0.001,2852.916346340001,7260,881549,121,-174.18174673461914,880490,,
,13.353370096683502,,0.001,,,885000,,-174.21466333007814,884490,2909.9031184468417,1000.0
965.03,,960,,2853.2848908700003,7295,885549,121,,,,
965.03,13.59928102493286,964,0.001,2851.58317829,7319,889549,121,-174.6666781311035,888490,,
,13.69658770418167,,0.001,,,890000,,-174.7202712097168,889490,3002.6704399630894,1000.0
965.03,12.435407028198242,968,0.001,2855.113897660001,7354,893549,121,-175.18626605224608,892490,,
,12.943542397499085,,0.001,,,895000,,-175.07824523925783,894490,3110.5410464659335,1000.0
965.03,13.659380640506745,972,0.001,2857.2191882300003,7390,897549,121,-175.9915457458496,896490,,
,12.940618420600892,,0.001,,,900000,,-175.56309030151368,899490,3116.23223641552,998.4
965.03,12.192218749046326,976,0.001,2861.73174161,7425,901549,121,-175.74339144897462,900490,,
,13.571670733451842,,0.001,,,905000,,-176.23611993408204,904490,2644.881586810085,880.2
969.33,,980,,2881.25876478,7460,905549,121,,,,
969.33,13.82190373468399,984,0.001,2882.79067109,7483,909549,121,-176.53116030883788,908490,,
,14.490884191036224,,0.001,,,910000,,-177.0628390197754,909490,2808.567387390882,931.2
972.9,12.692234221935273,988,0.001,2897.27289251,7518,913549,121,-177.05930441284178,912490,,
,13.102000198825714,,0.001,,,915000,,-177.02058814264112,914110,3077.115915861074,1000.0
977.35,14.096628968715669,992,0.001,2931.1788269,7550,917169,121,-177.1941476135254,916110,,
,12.51964083623886,,0.001,,,920000,,-177.3431887817383,919110,2826.5921908069404,1000.0
980.68,13.235753359794616,996,0.001,2942.73104194,7586,921169,121,-177.59392797851564,920110,,
,12.456597606182099,,0.001,,,925000,,-177.52864672851564,924110,2788.51189382521,955.1
980.68,,1000,,2946.38417788,7621,925169,121,,,,
971.63,12.056701658996062,1004,0.001,2920.2351425999996,7640,928264,121,-177.76995808770766,927205,,
,12.785398557662964,,0.001,,,930000,,-177.63826300048828,929205,2788.0992796395903,936.7
971.3,13.4335170712471,1008,0.001,2918.8721911899997,7674,932231,121,-178.28841732788086,931172,,
,12.773696737289429,,0.001,,,935000,,-178.5740924682617,934172,2703.0645338035188,908.6
960.95,13.697139788581703,1012,0.001,2891.4507761699997,7707,935196,121,-178.51752769572852,935065,,
952.12,12.580224143134224,1016,0.001,2868.0809485999994,7722,938313,121,-178.80204824673928,937254,,
,13.98260103034973,,0.001,,,940000,,-178.62076025390624,939254,3042.126217585942,1000.0
952.12,14.07301963186264,1020,0.001,2870.0461393899996,7758,942313,121,-178.9482713623047,941254,,
,13.455805287837983,,0.001,,,945000,,-178.63812072753908,944254,2224.2418329410257,769.1
952.12,12.100809318065643,1024,0.001,2871.44294352,7790,946313,121,-178.80768002319337,945254,,
,13.635416609287262,,0.001,,,950000,,-179.04955993652345,949254,3056.022602376528,1000.0
952.12,,1028,,2871.747450820001,7826,950313,121,,,,
952.12,12.649990305900573,1032,0.001,2874.8660753300005,7850,954313,121,-179.1498046875,953254,,
,14.345989114761352,,0.001,,,955000,,-179.2606926574707,954254,3097.9501918031833,1000.0
951.06,12.275038838386536,1036,0.001,2877.63200221,7885,957844,121,-179.48319888305664,957254,,
,12.917150305271148,,0.001,,,960000,,-179.42087911987304,959785,1967.2396896854043,678.3
957.58,12.891549439146488,1040,0.001,2897.155033570001,7912,961533,121,-179.33399799733922,960474,,
,13.360239728927612,,0.001,,,965000,,-179.77623129272462,964474,2901.2612596745603,974.9
957.58,,1044,,2896.0872973299997,7947,965533,121,,,,
959.84,14.1695456199646,1048,0.001,2903.99499148,7971,969533,121,-180.2038052368164,968474,,
,13.030413108825684,,0.001,,,970000,,-179.94430346679687,969474,3020.7279112298042,1000.0
959.84,13.896879049777985,1052,0.001,2909.4865973200003,8007,973533,121,-180.1978931274414,972474,,
,13.624088897705079,,0.001,,,975000,,-180.5210082397461,974474,3136.328749818355,1000.0
959.84,14.410383741855622,1056,0.001,2911.7919900500005,8043,977533,121,-180.3720458984375,976474,,
,13.030859966571926,,0.001,,,980000,,-180.36279467841825,979188,3045.2930107056163,971.6
956.98,14.440745251178742,1060,0.001,2906.97646291,8077,981247,121,-180.45171786499023,980188,,
,13.76265712404251,,0.001,,,985000,,-180.84764108276366,984188,2919.6365685435944,1000.0
956.98,,1064,,2908.46382337,8112,985247,121,,,,
956.98,14.181017984867095,1068,0.001,2906.9770551300007,8137,989247,121,-181.0111192626953,988188,,
,14.032782649040222,,0.001,,,990000,,-181.15040286254882,989188,2999.5995408296585,1000.0
956.98,12.409464955329895,1072,0.001,2906.02947754,8172,993247,121,-181.13363812255858,992188,,
,13.341889415740967,,0.001,,,995000,,-181.74805090332032,994188,3043.066732648015,1000.0
956.98,12.435729843616485,1076,0.001,2905.5173620699998,8208,997247,121,-181.82679541015625,996188,,
,11.904042436122895,,0.001,,,1000000,,-182.31434042358399,999188,2767.501510793902,903.0
956.98,12.712849760532379,1080,0.001,2900.62169146,8242,1001247,121,-181.87034884643555,1000188,,
,15.895090045928955,,0.001,,,1005000,,-182.32854962158203,1004188,2902.8004720823837,935.0
956.98,,1084,,2904.6399099300006,8277,1005247,121,,,,
956.44,12.033981497764588,1088,0.001,2903.58395898,8301,1009193,121,-182.8316736755371,1008134,,
,13.748067642688751,,0.001,,,1010000,,-182.75596533203125,1009134,3077.1248368636707,1000.0
960.24,14.087603309631348,1092,0.001,2921.4098140399997,8336,1013193,121,-182.96453356933594,1012134,,
,13.75610227394104,,0.001,,,1015000,,-183.59421118164062,1014134,3213.845727420738,1000.0
960.24,14.28525489282608,1096,0.001,2928.19877632,8372,1017193,121,-183.45950653076173,1016134,,
,14.042009745121002,,0.001,,,1020000,,-182.78648376464844,1019134,2914.3664656781475,909.9
960.24,12.190326047897338,1100,0.001,2933.1797958100005,8406,1021193,121,-183.06241613769532,1020134,,
,14.334581567764282,,0.001,,,1025000,,-183.00678289794922,1024134,2753.355654885806,883.6
969.29,,1104,,2963.8405797600008,8441,1025193,121,,,,
969.62,14.063505419254303,1108,0.001,2970.0269238299993,8465,1029193,121,-183.6317901916504,1028134,,
,14.43821826505661,,0.001,,,1030000,,-184.15469235229492,1029134,3101.7801120599734,1000.0
979.97,13.939798006057739,1112,0.001,3001.86948284,8501,1033193,121,-184.39222198486328,1032134,,
,12.900333069324493,,0.001,,,1035000,,-184.15699154663085,1034134,3157.3105539923768,1000.0
988.8,12.610721031188964,1116,0.001,3032.7928554099994,8536,1037193,121,-184.54200402832032,1036134,,
,14.428981592178344,,0.001,,,1040000,,-184.28430776977538,1039134,3061.990377579862,1000.0
988.8,14.078807139873504,1120,0.001,3033.0140686700006,8571,1041193,121,-184.2859492492676,1040134,,
,12.972678446769715,,0.001,,,1045000,,-184.92432669067384,1044134,3174.309587464109,1000.0
988.8,,1124,,3040.3452079700005,8607,1045193,121,,,,
988.8,15.606596661567687,1128,0.001,3046.6735951100004,8631,1049193,121,-185.23058599853516,1048134,,
,13.6006812291366,,0.001,,,1050000,,-184.55829601903116,1049775,2612.2872357689776,883.0
975.21,14.186678284168243,1132,0.001,3000.31663373,8657,1051834,121,-184.82589892578125,1050775,,
,13.518080675125121,,0.001,,,1055000,,-185.1835954284668,1054775,2959.368386508245,952.7
976.05,,1136,,3000.62588183,8691,1055449,121,,,,
979.16,15.854602364063263,1140,0.001,3011.65037106,8714,1059449,121,-185.31289450073243,1058390,,
,14.262432250976563,,0.001,,,1060000,,-185.3224711303711,1059390,2738.0627634692937,906.2
979.16,14.45378867006302,1144,0.001,3015.7848588700003,8749,1063449,121,-185.4884826965332,1062390,,
,13.51378515291214,,0.001,,,1065000,,-185.76723287963867,1064390,3155.736851300765,1000.0
974.02,15.70871091183321,1148,0.001,3000.2957720100003,8782,1066935,121,-185.98408564814815,1065876,,
,13.955987845897674,,0.001,,,1070000,,-185.51450820922852,1069876,3164.1957078821956,1000.0
974.02,,1152,,3000.1155708599995,8818,1070935,121,,,,
974.02,15.574095038414,1156,0.001,3002.8350007,8842,1074935,121,-185.69000518798828,1073876,,
,16.170262537956237,,0.001,,,1075000,,-185.54651293945312,1074876,3102.7288272093983,1000.0
976.88,15.243975595951081,1160,0.001,3012.40178357,8878,1078935,121,-185.9306395263672,1077876,,
,15.940984786510468,,0.001,,,1080000,,-186.22322988891602,1079876,2613.6725869190295,870.2
976.88,16.048304829120635,1164,0.001,3016.38333291,8913,1082935,121,-185.69754086303712,1081876,,
,15.211272553443909,,0.001,,,1085000,,-185.63584783935548,1084876,3128.6306526806206,1000.0
976.88,14.36810718011856,1168,0.001,3018.25811992,8948,1086935,121,-185.63432595825196,1085876,,
,15.334081216812134,,0.001,,,1090000,,-186.07673620605468,1089876,3088.4957490790634,1000.0
976.88,,1172,,3021.1293046999995,8984,1090935,121,,,,
976.88,13.294627229690551,1176,0.001,3021.64998248,9007,1094935,121,-186.97713201904295,1093876,,
,14.208840682506562,,0.001,,,1095000,,-187.1635173034668,1094876,2313.913558873907,896.0
976.88,13.921264020442962,1180,0.001,3028.9350367,9043,1098935,121,-187.6944358215332,1097876,,
,13.080286770635306,,0.001,,,1100000,,-188.3607683950126,1099298,2825.426606559008,880.0
962.95,13.724136200466672,1184,0.001,2983.6954540900006,9068,1101542,121,-188.27210534137228,1100483,,
,12.851603025436402,,0.001,,,1105000,,-188.86572961425782,1104483,2284.4807466600323,742.8
963.49,,1188,,2988.1884388299995,9101,1105542,121,,,,
963.49,15.224747339248657,1192,0.001,2990.32410605,9125,1109542,121,-189.238982421875,1108483,,
,13.99990386229295,,0.001,,,1110000,,-190.0413975282149,1109834,3115.3646261885297,958.9
957.0,13.652407044410706,1196,0.001,2972.6950814199995,9156,1112893,121,-189.34990350341798,1111834,,
,14.362095381259918,,0.001,,,1115000,,-189.96771231079103,1114834,3248.850492615625,1000.0
957.0,13.637716120243072,1200,0.001,2973.7944869800003,9193,1116893,121,-190.08303805541993,1115834,,
,13.379549005031585,,0.001,,,1120000,,-190.433260345459,1119834,3262.129290665593,1000.0
957.0,,1204,,2978.7729277899994,9228,1120893,121,,,,
957.0,15.740022836685181,1208,0.001,2980.3145277999997,9252,1124893,121,-191.29368688964843,1123834,,
,15.425672994613647,,0.001,,,1125000,,-191.511662109375,1124834,3032.506025444658,952.2
957.0,15.010684623241424,1212,0.001,2986.07420989,9287,1128893,121,-192.06268521118164,1127834,,
,14.744739468668548,,0.001,,,1130000,,-191.72674313397474,1129118,3039.9981079323625,955.3
949.84,14.169238259792328,1216,0.001,2962.48739865,9317,1132177,121,-191.9326167602539,1131118,,
,12.381693851947784,,0.001,,,1135000,,-192.66345443725587,1134198,3205.147393786302,1000.0
940.64,,1220,,2935.90280771,9347,1135257,121,,,,
940.64,14.229980341434478,1224,0.001,2936.49348743,9371,1139257,121,-193.16566442871093,1138198,,
,13.855278798103333,,0.001,,,1140000,,-193.2372013244629,1139198,3278.318589969864,1000.0
940.64,13.536980209350586,1228,0.001,2938.2943203900004,9407,1143257,121,-193.1916405029297,1142198,,
,15.95151191186905,,0.001,,,1145000,,-193.59981121826172,1144766,2717.349305150297,878.0
949.91,13.87740589094162,1232,0.001,2968.89363685,9438,1146825,121,-193.0694689025879,1145766,,
,14.567614873886109,,0.001,,,1150000,,-194.41364419555663,1149766,2988.7059500652367,932.1
953.76,,1236,,2984.9999324500004,9473,1150825,121,,,,
953.76,16.1949851732254,1240,0.001,2987.81452952,9498,1154825,121,-193.97450900268555,1153766,,
,15.22254640007019,,0.001,,,1155000,,-193.809705078125,1154766,3101.1382999343796,1000.0
953.76,13.703617661952972,1244,0.001,2989.3150533199996,9533,1158825,121,-194.2905023498535,1157766,,
,13.87747456598282,,0.001,,,1160000,,-194.51071041870117,1159766,3046.794975370355,1000.0
958.9,14.431117699623108,1248,0.001,3008.0351947199997,9569,1162825,121,-195.34919793701172,1161766,,
,14.667611868858337,,0.001,,,1165000,,-194.9830231323242,1164766,3272.7495454700666,1000.0
958.9,14.226889741897583,1252,0.001,3012.3747478099995,9605,1166825,121,-195.49044598388673,1165766,,
,16.15363875722885,,0.001,,,1170000,,-196.24662527465821,1169766,2971.0764619419815,919.9
958.9,,1256,,3016.7354807099996,9640,1170825,121,,,,
955.8,16.604056441265605,1260,0.001,3007.9640465999996,9662,1174515,121,-196.98462825167007,1173456,,
,14.876064412593841,,0.001,,,1175000,,-196.55935879516602,1174456,2866.7445152338246,931.9
947.49,13.347588492870331,1264,0.001,2983.361180849999,9692,1177684,121,-196.69387240600585,1176625,,
,14.949426686763763,,0.001,,,1180000,,-197.03525692749022,1179634,2362.9414658699184,768.7
937.58,,1268,,2954.9499436500005,9719,1180693,121,,,,
937.58,16.19242491531372,1272,0.001,2958.8865119300003,9743,1184693,121,-197.44622802734375,1183634,,
,14.887611031532288,,0.001,,,1185000,,-197.350157623291,1184634,3215.5042701964267,1000.0
937.58,13.458848813533782,1276,0.001,2961.9982852499998,9779,1188693,121,-197.7262749633789,1187634,,
,16.256094363212586,,0.001,,,1190000,,-197.8039613647461,1189634,3015.810158109525,953.5
937.58,17.380151077270508,1280,0.001,2965.43779815,9814,1192693,121,-198.2103645324707,1191634,,
,14.641607131004333,,0.001,,,1195000,,-199.18938751220702,1194634,2885.530773032643,909.0
951.51,12.809561291217804,1284,0.001,3015.9946875199994,9848,1196693,121,-199.13005377197265,1195634,,
,14.527159492492675,,0.001,,,1200000,,-200.03557479858398,1199634,2411.807225421816,769.5
951.51,,1288,,3017.0396206199994,9882,1200693,121,,,,
951.51,13.976842464923859,1292,0.001,3019.3815121100006,9905,1204693,121,-199.92833517456054,1203634,,
,14.66233097934723,,0.001,,,1205000,,-200.12438034057618,1204634,3267.6661508675666,1000.0
958.0,15.208311261177062,1296,0.001,3040.3577167399994,9941,1208693,121,-200.00152651977538,1207634,,
,13.333673680907955,,0.001,,,1210000,,-200.14910711533184,1209617,3165.1756208184174,1000.0
957.83,14.741808671951294,1300,0.001,3039.46611302,9976,1212676,121,-199.86879476928712,1211617,,
,11.38451217882561,,0.001,,,1215000,,-200.19723690257354,1214650,2876.0402691952886,899.2
948.16,,1304,,3010.13886145,10005,1215709,121,,,,
940.31,13.72922502708435,1308,0.001,2987.75806265,10024,1218924,121,-201.06703622436524,1217865,,
,13.09915411061254,,0.001,,,1220000,,-201.56937040877247,1219358,3340.8764753319324,1000.0
935.24,13.914588032245636,1312,0.001,2973.7318380600004,10056,1222417,121,-201.76505401611328,1221358,,
,13.506588617801667,,0.001,,,1225000,,-202.9832497253418,1224907,3058.7014432583005,948.9
937.89,,1316,,2986.4057945300005,10089,1225966,121,,,,
947.09,12.373686087369919,1320,0.001,3020.243789180001,10113,1229966,121,-203.59840090942382,1228907,,
,14.045813157796859,,0.001,,,1230000,,-203.97404107666014,1229907,2552.4761664682765,852.2
946.35,13.530767079353332,1324,0.001,2987.872002140001,10147,1233892,121,-204.4538787841797,1232833,,
,14.126656269073486,,0.001,,,1235000,,-203.99718536376952,1234833,2525.9479736857115,787.5
946.35,17.607480845451356,1328,0.001,2989.09922198,10180,1237892,121,-204.49518539428712,1236833,,
,14.037572618484496,,0.001,,,1240000,,-204.60496002197266,1239833,3237.975932089053,1000.0
950.67,14.574551999092103,1332,0.001,3006.1665223,10216,1241892,121,-204.61858416748046,1240833,,
,13.504995078086854,,0.001,,,1245000,,-205.4773883972168,1244833,3024.1024654026996,932.7
950.67,,1336,,3007.2146429500003,10251,1245892,121,,,,
950.67,16.455371845245363,1340,0.001,3012.51935251,10275,1249892,121,-206.24300027465821,1248833,,
,14.898493624210358,,0.001,,,1250000,,-206.38786639404296,1249833,3014.530414185673,918.5
950.67,13.58282689833641,1344,0.001,3019.4903525900004,10310,1253892,121,-207.26684841918944,1252833,,
,14.021625860214233,,0.001,,,1255000,,-207.27706573486327,1254833,2366.8964931127616,743.3
941.61,17.651777309468137,1348,0.001,2992.7761664599993,10338,1256986,121,-207.66762234871848,1256060,,
,13.333862673282622,,0.001,,,1260000,,-207.88145950317383,1259927,3238.3393424132837,1000.0
941.61,,1352,,2992.7165878200003,10373,1260986,121,,,,
941.61,13.863311062335969,1356,0.001,2991.2664109599996,10397,1264986,121,-208.18895733642577,1263927,,
,12.914049339294433,,0.001,,,1265000,,-208.5375311279297,1264927,2350.980122488737,712.4
934.87,14.802746874332428,1360,0.001,2973.30783635,10423,1268002,121,-208.53659991455078,1266943,,
,15.823707929134368,,0.001,,,1270000,,-208.44299298095703,1268943,2619.6145172235556,851.1
943.18,13.976989992618561,1364,0.001,3002.0002373699995,10456,1272002,121,-208.70958123779297,1270943,,
,14.52960456943512,,0.001,,,1275000,,-209.1370555419922,1273943,2477.3502164932434,770.5
953.09,15.550829605579377,1368,0.001,3039.60204309,10489,1276002,121,-208.88172457885742,1274943,,
,14.188434007644654,,0.001,,,1280000,,-208.73377416992187,1278943,3332.2309648824157,1000.0
953.09,,1372,,3043.30508663,10525,1280002,121,,,,
947.48,16.039059435367584,1376,0.001,3022.3288930999993,10546,1283441,121,-209.08828158569335,1282382,,
,19.327574699401854,,0.001,,,1285000,,-208.97053564453125,1284382,3060.0458162588066,1000.0
947.48,19.39184077692032,1380,0.001,3005.8019928200006,10581,1287441,121,-209.36039068603515,1286382,,
,22.924902849674226,,0.001,,,1290000,,-209.37418978881837,1289382,2622.527315875329,1000.0
947.48,25.259404076099397,1384,0.001,2986.98371886,10616,1291441,121,-208.99814541625977,1290382,,
,22.755803840160368,,0.001,,,1295000,,-208.44470761108397,1294382,2851.82159631839,1000.0
947.48,,1388,,2968.4911155399996,10651,1295441,121,,,,
942.43,18.10544366121292,1392,0.001,2941.68289394,10672,1298936,121,-208.26433026123047,1297877,,
,19.72472338914871,,0.001,,,1300000,,-208.00729244995117,1299877,3147.678982549999,1000.0
942.43,13.833251315593719,1396,0.001,2938.8067309599996,10708,1302936,121,-208.36222665405273,1301877,,
,15.969570231676101,,0.001,,,1305000,,-208.78626934814454,1304877,3120.9772071341986,1000.0
942.6,16.005318685531616,1400,0.001,2896.83963788,10743,1306936,121,-208.68829208374024,1305877,,
,14.897993648529052,,0.001,,,1310000,,-208.67473645019533,1309877,2917.4531572146343,888.0
952.27,,1404,,2925.3340938100005,10778,1310936,121,,,,
955.16,12.681505308264779,1408,0.001,2934.8593172300007,10799,1314440,121,-209.06351531498015,1313381,,
,14.527479053020476,,0.001,,,1315000,,-209.32598654174805,1314381,3226.0790121919476,1000.0
960.23,14.424507214069367,1412,0.001,2949.183980520001,10835,1318440,121,-209.98289361572265,1317381,,
,16.669493432044984,,0.001,,,1320000,,-210.15352297973632,1319381,2778.8022028363775,1000.0
964.74,14.491740823745728,1416,0.001,2968.2069275100007,10870,1322440,121,-210.6922378540039,1321381,,
,15.023748186588287,,0.001,,,1325000,,-211.11403021240235,1324381,3257.8026580379346,1000.0
964.74,15.26656614112854,1420,0.001,2969.00998015,10906,1326440,121,-211.23782943725587,1325381,,
,15.307577069914132,,0.001,,,1330000,,-212.2577406899971,1329293,2720.3999318500983,858.8
964.6,,1424,,3001.9244483199996,10939,1330352,121,,,,
957.04,16.839854029178618,1428,0.001,2976.539109579999,10959,1333596,121,-212.97184686279297,1332537,,
,15.108781519412995,,0.001,,,1335000,,-213.27405105590822,1334537,2831.089795478899,865.3
957.04,16.534057233810426,1432,0.001,2984.0245625499997,10993,1337596,121,-213.45122662353515,1336537,,
,15.797372552394867,,0.001,,,1340000,,-213.64733334350586,1339766,2306.915712749213,763.1
949.33,,1436,,2959.5814987000003,11022,1340825,121,,,,
940.15,15.387023813724518,1440,0.001,2928.93770486,11041,1343907,121,-214.3018291320801,1342848,,
,16.815010890960693,,0.001,,,1345000,,-214.99276605224608,1344848,2972.1148225514216,944.8
939.08,17.13785837650299,1444,0.001,2924.9042379699995,11075,1347800,121,-215.57329373168946,1346741,,
,19.06300710630417,,0.001,,,1350000,,-216.2376784362793,1349741,2895.7396837867796,892.7
948.14,21.974261239528655,1448,0.001,2959.3573647900002,11109,1351800,121,-216.527389251709,1350741,,
938.28,18.801177790641784,1452,0.001,2930.9863795200004,11127,1354814,121,-217.4700477294922,1353755,,
,19.58864512491226,,0.001,,,1355000,,-218.1819268798828,1354755,3290.0543798360973,1000.0
938.28,30.018179958820344,1456,0.001,2934.035671469999,11163,1358814,121,-219.96505142211913,1357755,,
,27.731405448436735,,0.001,,,1360000,,-220.6567573852539,1359755,2513.650157764228,848.0
948.12,35.74757217264175,1460,0.001,2960.8485340700004,11197,1362814,121,-221.78031478881837,1361755,,
929.95,162.25526744216236,1464,0.001,2793.9217640299994,11215,1364997,121,-221.9650676214873,1364889,,
,116.79252118480449,,0.001,,,1365000,,-221.87632263183593,1364938,-339.8763453418389,155.2
922.18,152.8778923103093,1468,0.001,2579.73942516,11232,1368220,121,-214.81899405814505,1367161,,
897.09,123.40035477945628,1472,0.001,2417.4114276000005,11245,1369711,121,-223.7353795786373,1369636,,
,98.01433962155012,,0.001,,,1370000,,-225.4564917714972,1369805,-1088.9920714095933,626.3
875.05,87.73302452087403,1476,0.001,2288.9946246800005,11260,1370946,121,-231.76306518554688,1370855,,
847.48,136.82684141216856,1480,0.001,2155.32969721,11263,1372189,121,-226.97788215406013,1371130,,
833.0,82.62946752548218,1484,0.001,2045.9600132199996,11279,1374741,121,-222.90799313354492,1373682,,
,85.0140049905777,,0.001,,,1375000,,-221.4790276184082,1374682,836.2204258747545,1000.0
833.0,60.4068441400528,1488,0.001,1956.42259115,11314,1378741,121,-218.94333877563477,1377682,,
,48.602276287721786,,0.001,,,1380000,,-217.61410224168822,1379093,128.39473599273478,808.7
822.16,53.10487961769104,1492,0.001,1841.1930344399996,11339,1381152,121,-216.4055945739746,1380093,,
813.39,48.891081158638,1496,0.001,1719.0637140200001,11358,1384275,121,-214.25844464111327,1383216,,
,47.54830687907007,,0.001,,,1385000,,-212.6934855779012,1384504,1785.5523981121369,941.9
797.77,45.224254830678305,1500,0.001,1663.0318921,11383,1386713,121,-211.7213604736328,1385654,,
781.45,40.599681810170665,1504,0.001,1559.6434690800002,11397,1389081,121,-210.43515405735047,1388022,,
,41.625149818103665,,0.001,,,1390000,,-209.86078580450064,1389576,38.34262328973855,635.6
770.44,43.78334246194951,1508,0.001,1462.25112485,11419,1391484,121,-209.70155142882479,1390425,,
744.88,42.38421595968851,1512,0.001,1369.39934847,11432,1392928,121,-206.79685287475587,1392815,,
,36.63655603933334,,0.001,,,1395000,,-208.52303009033204,1394869,-507.71339114784206,524.8
744.88,37.05465535068512,1516,0.001,1258.15874033,11457,1396928,121,-208.16795684814454,1395869,,
733.52,30.046339941362962,1520,0.001,1175.25762862,11474,1399792,121,-207.11455928257533,1398733,,
,33.28510058259964,,0.001,,,1400000,,-207.40800857543945,1399733,1436.947501829872,838.4
733.18,30.45486842441559,1524,0.001,1150.78756635,11508,1403670,121,-206.2630425415039,1402733,,
,27.00176949163245,,0.001,,,1405000,,-206.10230977779173,1404583,1702.6766352623235,580.2
730.46,30.602634889602662,1528,0.001,1082.08043406,11532,1406642,121,-205.55685144042968,1405583,,
,27.65436743927002,,0.001,,,1410000,,-205.17985845947265,1409194,2452.4501402031865,955.2
726.57,,1532,,1019.8985951000002,11565,1410253,121,,,,
734.28,26.00540608930588,1536,0.001,990.1853835200002,11590,1414253,122,-206.24438400268554,1413194,,
,26.975172598838807,,0.001,,,1415000,,-205.89149185180665,1414194,1994.4336867147126,690.1
742.62,23.785918812274932,1540,0.001,1006.0449065099998,11621,1418169,122,-206.38777770996094,1417110,,
,22.36171007156372,,0.001,,,1420000,,-206.29590103149414,1419110,1998.648575915338,748.8
734.52,22.427898713111876,1544,0.001,949.0932614099999,11653,1421252,121,-207.13624291992187,1421110,,
,22.428926836967467,,0.001,,,1425000,,-207.33666247558594,1424193,3027.398290351557,1000.0
734.52,,1548,,939.2689640699999,11684,1425252,121,,,,
744.38,23.239626556396484,1552,0.001,961.3722349599999,11708,1429252,122,-208.067763671875,1428193,,
,23.598867778778075,,0.001,,,1430000,,-207.87936129760743,1429193,3156.726715344191,999.6
736.02,22.061698480350216,1556,0.001,928.06060028,11738,1432416,122,-208.61260483904582,1431357,,
,21.454238875865936,,0.001,,,1435000,,-208.7970721130371,1434637,3251.1509260594844,1000.0
728.82,,1560,,906.7631527899998,11770,1435696,121,,,,
746.99,25.112078028202056,1564,0.001,1075.37073749,11794,1439696,122,-208.8985867919922,1438637,,
,23.015676191806794,,0.001,,,1440000,,-208.95647970581055,1439637,3027.0503490025526,1000.0
754.76,22.391009153366088,1568,0.001,1284.91852082,11830,1443696,122,-209.35885427856445,1442637,,
,23.625497611999513,,0.001,,,1445000,,-209.93260089111328,1444637,3232.073669664841,1000.0
779.33,23.61914188298495,1572,0.001,1446.9099827900004,11865,1447644,121,-210.08097472371935,1446585,,
,22.867871667861937,,0.001,,,1450000,,-210.1016232910156,1449585,2900.7131096720695,1000.0
806.98,20.35709168100357,1576,0.001,1599.01267654,11901,1451644,121,-209.95107083129884,1450585,,
,21.48769621515274,,0.001,,,1455000,,-210.64941592407226,1454585,3043.493963488564,958.5
834.55,,1580,,1747.7525330500002,11936,1455644,121,,,,
849.03,21.881592294692993,1584,0.001,1832.3826526399998,11960,1459644,122,-210.59722314453126,1458585,,
,23.85798040509224,,0.001,,,1460000,,-210.5552583618164,1459585,2462.036225436069,910.9
845.16,20.86106961631775,1588,0.001,1924.8133523300003,11992,1463257,122,-210.54138711547853,1462198,,
,21.481710203647612,,0.001,,,1465000,,-210.747313873291,1464198,2711.5183647735857,852.0
857.41,23.344885239811063,1592,0.001,2054.7812535100006,12023,1466893,121,-210.36638003175364,1465834,,
,22.51642385673523,,0.001,,,1470000,,-210.80649096679687,1469834,2482.3949613976756,849.1
865.4,,1596,,2176.56139648,12057,1470815,121,,,,
881.02,23.492041758537294,1600,0.001,2276.04092418,12081,1474815,122,-210.33366122436524,1473756,,
,24.66936803483963,,0.001,,,1475000,,-210.11449301147462,1474756,3299.794305174425,1000.0
897.34,21.119210371017456,1604,0.001,2375.94699937,12117,1478815,122,-210.19764642333985,1477756,,
,21.944934783935548,,0.001,,,1480000,,-210.01046423339844,1479756,2758.904800477071,1000.0
913.31,20.98210729789734,1608,0.001,2489.13701894,12152,1482815,122,-210.1141708679199,1481756,,
,21.64799901390076,,0.001,,,1485000,,-209.74164947509766,1484756,2783.353625843674,915.1
938.33,20.712410653620392,1612,0.001,2579.08892199,12186,1486761,121,-209.84830566793366,1485702,,
,19.808651981830597,,0.001,,,1490000,,-210.63781707763673,1489702,3407.939474683907,1000.0
938.33,,1616,,2689.20831206,12221,1490761,121,,,,
949.69,20.145165833950042,1620,0.001,2771.0173981999997,12246,1494761,122,-210.06502676391602,1493702,,
,20.148477145195006,,0.001,,,1495000,,-210.8102448425293,1494702,3338.7318185095673,1000.0
950.91,24.6155683965683,1624,0.001,2798.17822928,12281,1498761,122,-210.26952337646483,1497702,,
,21.910972418785096,,0.001,,,1500000,,-210.1905876159668,1499702,3245.6500616669655,1000.0
954.03,23.049754006385804,1628,0.001,2864.45287979,12317,1502045,121,-210.1020592956543,1501702,,
,22.135381746768953,,0.001,,,1505000,,-210.17089099121094,1503986,3063.3190734501504,1000.0
957.92,20.485314782619476,1632,0.001,2923.8016074399998,12354,1506045,121,-210.37553427124024,1504986,,
,22.709142277240755,,0.001,,,1510000,,-210.74035165405274,1508986,3159.005066852644,968.7
957.92,,1636,,2976.7426942300003,12398,1510045,121,,,,
958.76,22.31880291223526,1640,0.001,2989.0785648700003,12427,1514045,121,-211.52856481933594,1512986,,
,21.937743650913237,,0.001,,,1515000,,-211.56182543945312,1513986,3236.713332291832,1000.0
967.93,21.723375368595125,1644,0.001,3049.78238333,12473,1518045,121,-212.02528903198242,1516986,,
,22.23581568288803,,0.001,,,1520000,,-211.8502809753418,1518986,3127.8451952258124,933.6
967.93,20.352773113250734,1648,0.001,3058.452964219999,12518,1522045,121,-211.57612515258788,1520986,,
,21.511357825756072,,0.001,,,1525000,,-212.0467939453125,1523945,3363.4204939620568,1000.0
967.52,21.174392582893372,1652,0.001,3069.32127739,12561,1526004,121,-211.8696381225586,1524945,,
,22.482063705444336,,0.001,,,1530000,,-212.5129001159668,1528945,3228.2599061531946,1000.0
975.88,,1656,,3101.25134766,12607,1530004,121,,,,
973.29,19.94788705921173,1660,0.001,3101.5942791100006,12632,1533025,121,-211.69212478637695,1531966,,
,20.116613265991212,,0.001,,,1535000,,-211.90820855712892,1533966,3042.3156868908554,905.6
973.29,23.03963021039963,1664,0.001,3106.02128829,12676,1537025,121,-211.41593676757813,1535966,,
,21.02020172548294,,0.001,,,1540000,,-211.42631814575196,1539539,2721.8684408772738,871.5
969.02,,1668,,3095.5354257299996,12715,1540598,121,,,,
969.54,19.15518961143494,1672,0.001,3096.6880045099997,12741,1544598,121,-211.6000918273926,1543539,,
,19.377448575019837,,0.001,,,1545000,,-211.65126434326172,1544539,3416.9024164396105,1000.0
969.54,19.185609257698058,1676,0.001,3101.7298387299998,12779,1548598,121,-211.86028411865234,1547539,,
,20.97200086975098,,0.001,,,1550000,,-212.26252813720703,1549539,3181.6431487612485,1000.0
969.54,19.178556347370147,1680,0.001,3107.1801046200003,12818,1552598,121,-212.9954538269043,1551539,,
,19.750129509449007,,0.001,,,1555000,,-213.42249929809572,1554539,3125.878757646392,956.3
969.54,21.573739307880402,1684,0.001,3151.5964865000005,12856,1556598,121,-213.0977705078125,1555539,,
,20.261133426189424,,0.001,,,1560000,,-213.12621737670898,1559539,3379.9285934836603,1000.0
973.41,,1688,,3172.5281893600004,12894,1560598,121,,,,
977.05,18.816905194282533,1692,0.001,3182.67017591,12921,1564598,121,-213.02335580444336,1563539,,
,19.86174675321579,,0.001,,,1565000,,-213.5635387573242,1564539,3205.874099768861,957.4
977.83,23.517216476917266,1696,0.001,3190.310912470001,12958,1568598,121,-212.8172437133789,1567539,,
,20.94342773246765,,0.001,,,1570000,,-213.16758352661134,1569539,3407.9059694276193,1000.0
977.83,20.88130461883545,1700,0.001,3193.56364934,12996,1572598,121,-212.98329489135742,1571539,,
,20.697587174415588,,0.001,,,1575000,,-213.31210861206054,1574539,3438.0255560818127,1000.0
977.83,19.775683952331544,1704,0.001,3201.8998101800007,13034,1576598,120,-213.10936767578124,1575539,,
,22.436030125141144,,0.001,,,1580000,,-212.49702267456055,1579539,3258.9783931561396,1000.0
977.83,,1708,,3205.6946386600002,13072,1580598,120,,,,
978.37,24.760531005859374,1712,0.001,3221.70270563,13096,1584598,120,-212.44464739990235,1583539,,
,22.84153584909439,,0.001,,,1585000,,-212.49479272460937,1584539,3453.8731027725153,1000.0
978.27,22.57622378426369,1716,0.001,3224.7641147800005,13138,1588588,120,-212.4018632368608,1587529,,
,22.140233651994016,,0.001,,,1590000,,-212.4421105923403,1589255,3039.306745245308,919.7
967.19,24.369673778533937,1720,0.001,3192.1801569900003,13173,1591480,120,-212.1211096496582,1591255,,
,21.990114807128908,,0.001,,,1595000,,-212.04480807495116,1594421,3171.650596229704,935.5
967.19,,1724,,3193.8495943700004,13209,1595480,120,,,,
974.35,21.568775126457215,1728,0.001,3226.5617329300003,13237,1599480,120,-212.34361865234376,1598421,,
,19.878702118873598,,0.001,,,1600000,,-212.1807281188965,1599421,3462.9278584244194,1000.0
974.35,22.099714696407318,1732,0.001,3234.0594343899998,13277,1603480,120,-212.47061059570314,1602421,,
,22.001010039806367,,0.001,,,1605000,,-212.66357888793945,1604421,3414.8688244470395,1000.0
974.35,21.821785939693452,1736,0.001,3242.9520499299992,13316,1607480,120,-212.70042422485352,1606421,,
,22.4464788479805,,0.001,,,1610000,,-212.9863145751953,1609421,3246.230488750874,991.1
974.35,21.784207151889802,1740,0.001,3250.0097575199993,13355,1611480,120,-213.26137606811523,1610421,,
,21.134654110908507,,0.001,,,1615000,,-213.18474505615234,1614421,3365.388281906117,1000.0
974.35,,1744,,3255.88846622,13397,1615480,120,,,,
966.83,22.47077153110504,1748,0.001,3231.3434337799995,13420,1618728,120,-212.99202584838866,1617669,,
,20.95237769699097,,0.001,,,1620000,,-213.47785064697266,1619810,2631.6670663533732,788.5
951.4,21.492455423355104,1752,0.001,3179.0458897899994,13451,1621144,120,-213.71891290283205,1620810,,
,20.752227864742277,,0.001,,,1625000,,-213.74840731811523,1624085,3409.5737350601703,1000.0
951.4,,1756,,3191.1476994600002,13490,1625144,120,,,,
958.72,20.552973689556122,1760,0.001,3212.97414319,13517,1628897,120,-213.6030403137207,1628085,,
,19.90820193862915,,0.001,,,1630000,,-213.77261224365233,1629838,3384.73703443408,1000.0
958.72,21.23788425540924,1764,0.001,3213.216457430001,13557,1632897,120,-214.14341403198242,1631838,,
,22.036242099285126,,0.001,,,1635000,,-214.20903009033202,1634838,3115.8210900729523,1000.0
962.99,20.615820394039154,1768,0.001,3231.2805526900006,13600,1636897,120,-214.13786557006836,1635838,,
,21.787697936058045,,0.001,,,1640000,,-214.25559289550782,1639838,3105.428818778973,928.0
962.99,,1772,,3232.04941986,13647,1640897,120,,,,
962.99,19.390100448608397,1776,0.001,3234.8558391799997,13681,1644897,120,-213.94053430175782,1643838,,
,19.138454353809358,,0.001,,,1645000,,-214.03049011230468,1644838,3401.6561556520405,1000.0
962.99,18.757863684177398,1780,0.001,3236.5367874700005,13729,1648897,120,-214.21961688232423,1647838,,
,22.53601573948198,,0.001,,,1650000,,-214.54379203401763,1649767,2252.8036056384444,673.7
962.28,20.44864766550064,1784,0.001,3238.36938358,13771,1652826,120,-214.47409014892577,1651767,,
,21.159278875827788,,0.001,,,1655000,,-214.52591000366212,1654807,2988.9814968612045,908.3
952.68,,1788,,3209.871343099999,13816,1655866,119,,,,
952.68,19.789194262504576,1792,0.001,3218.966533239999,13853,1659866,119,-215.49078631591797,1658807,,
,20.393741364002228,,0.001,,,1660000,,-215.1462414855957,1659807,3368.190495243203,1000.0
945.14,23.004963182821506,1796,0.001,3191.83832954,13897,1663112,119,-216.02351565477323,1662053,,
,22.165114285945894,,0.001,,,1665000,,-215.76250854492187,1664053,3286.8711600560696,974.4
945.14,22.425512924194337,1800,0.001,3192.67465547,13945,1667112,119,-215.60888793945313,1666053,,
,20.10567193746567,,0.001,,,1670000,,-215.94812475585937,1669053,3212.8134821319254,942.1
945.14,19.845228494644164,1804,0.001,3194.1182524400006,13992,1671112,119,-215.9760143432617,1670053,,
932.08,19.324417264938354,1808,0.001,3151.3268691400003,14012,1673806,119,-216.23838098144532,1672747,,
,18.97830381155014,,0.001,,,1675000,,-216.34927572631835,1674747,3349.4929935819237,1000.0
932.08,19.417570719242097,1812,0.001,3146.264893729999,14053,1677806,119,-216.2524543762207,1676747,,
,21.049435577869414,,0.001,,,1680000,,-216.19623056030272,1679747,3245.8899429986254,941.1
932.18,20.73717995786667,1816,0.001,3146.6495590600007,14094,1681806,119,-216.35132247924804,1680747,,
,20.626719081401824,,0.001,,,1685000,,-216.2063372192383,1684747,3503.377180200629,1000.0
943.26,,1820,,3187.99467685,14141,1685806,119,,,,
935.17,22.711997225284577,1824,0.001,3164.90707329,14165,1688997,119,-216.36105938720704,1687938,,
,19.79942497168693,,0.001,,,1690000,,-215.91559546216192,1689861,3092.0257756058127,913.7
934.4,19.77242014312744,1828,0.001,3162.4495890199996,14204,1692920,119,-216.4297173461914,1691861,,
,19.886183111190796,,0.001,,,1695000,,-216.52405181884765,1694861,3237.2705468278377,942.0
934.4,20.850629232406614,1832,0.001,3159.525688439999,14258,1696920,119,-216.77194775390626,1695861,,
,20.08799460077286,,0.001,,,1700000,,-216.57999661254883,1699861,3018.9976942222565,949.3
927.89,,1836,,3135.6328284899996,14308,1700269,118,,,,
922.11,20.716635643959044,1840,0.001,3116.86297168,14332,1703691,118,-216.63779034423828,1702632,,
,18.78891405582428,,0.001,,,1705000,,-216.82721798706055,1704632,3067.048214781098,928.4
922.11,19.768864237308502,1844,0.001,3117.8313151099997,14376,1707691,118,-217.01432849121093,1706632,,
,21.99362880754471,,0.001,,,1710000,,-217.06443627929687,1709632,3435.2839045468018,1000.0
929.63,22.55507076883316,1848,0.001,3148.57655495,14426,1711691,118,-217.3753677368164,1710632,,
,19.70116349554062,,0.001,,,1715000,,-218.0140225830078,1714632,3179.1371113901027,923.1
945.47,,1852,,3206.6354435399994,14472,1715691,118,,,,
939.45,17.60937425119793,1856,0.001,3182.3640362199994,14500,1719089,118,-217.92931967883854,1718030,,
,22.439020480155946,,0.001,,,1720000,,-217.9850873413086,1719030,3402.1968501469178,974.0
941.92,22.7478288064003,1860,0.001,3192.0458803900005,14547,1723089,118,-218.56470901489257,1722030,,
,25.042216408252717,,0.001,,,1725000,,-217.71230627441406,1724030,3559.3301802692936,1000.0
932.67,20.794949807643892,1864,0.001,3167.6102990300005,14594,1726164,118,-217.76664547729493,1726030,,
,22.099067832946776,,0.001,,,1730000,,-217.53657946777344,1729105,3174.474967989698,913.6
932.67,,1868,,3172.07195796,14631,1730164,118,,,,
932.67,21.515503044605254,1872,0.001,3176.3343590599998,14662,1734164,118,-218.06636672973633,1733105,,
,21.911295337677004,,0.001,,,1735000,,-217.59209826660157,1734105,2919.718866481795,867.1
932.67,23.1798310585022,1876,0.001,3175.5521544599997,14707,1738164,118,-217.77408944702148,1737105,,
,19.54204675626755,,0.001,,,1740000,,-217.84426260375977,1739105,3305.543837331934,1000.0
932.67,20.454009095191957,1880,0.001,3175.8369256899996,14755,1742164,118,-218.06003482055664,1741105,,
,20.80834503221512,,0.001,,,1745000,,-218.20840698242188,1744105,3386.958901116252,988.0
933.38,20.736145442962645,1884,0.001,3180.3568508500002,14801,1746164,117,-218.1495941467285,1745105,,
,23.064270856380464,,0.001,,,1750000,,-218.22132846069337,1749105,2630.704029015565,831.5
942.98,,1888,,3210.0090125199995,14843,1750164,117,,,,
937.96,21.34478771018982,1892,0.001,3193.84509725,14867,1753662,117,-218.79592037963866,1752603,,
,22.49821223831177,,0.001,,,1755000,,-218.95954150390625,1754603,3033.2778821694255,989.8
945.5,23.44411766719818,1896,0.001,3215.68416323,14909,1757662,117,-218.44339318847656,1756603,,
,24.5396211309433,,0.001,,,1760000,,-217.05772940063477,1759603,3158.836935788393,1000.0
945.5,24.371529262542726,1900,0.001,3205.82347661,14953,1761662,117,-217.49470404052735,1760603,,
,30.32236327934265,,0.001,,,1765000,,-216.4659524230957,1764603,2524.9536602501057,1000.0
945.5,,1904,,3184.6446311199998,14997,1765662,117,,,,
958.56,22.08876722431183,1908,0.001,3198.49172957,15028,1769662,117,-215.94786654663085,1768603,,
,22.66992661523819,,0.001,,,1770000,,-215.7735919189453,1769603,2970.067028871365,1000.0
958.56,20.648573024749755,1912,0.001,3181.06458167,15075,1773662,117,-215.22935208129883,1772603,,
,19.557651688575746,,0.001,,,1775000,,-215.1245602416992,1774603,2459.371374347087,827.7
958.56,20.373142495155335,1916,0.001,3174.00286815,15119,1777662,117,-215.10956439208985,1776603,,
,19.687561603546143,,0.001,,,1780000,,-214.64234896850587,1779603,3220.421818002872,1000.0
958.56,22.820160063743593,1920,0.001,3164.66451484,15164,1781662,117,-214.60187991333007,1780603,,
,22.03189565563202,,0.001,,,1785000,,-215.15423226928712,1784603,2976.519421870448,901.1
966.65,,1924,,3187.44796353,15213,1785662,117,,,,
967.42,23.239832890987397,1928,0.001,3176.0720014999997,15240,1789662,117,-215.6743494567871,1788603,,
,19.93696183347702,,0.001,,,1790000,,-215.5304407043457,1789603,2939.004170314921,1000.0
967.42,20.8477005238533,1932,0.001,3171.3869542799994,15282,1793662,117,-216.06792041015626,1792603,,
,21.710047427654267,,0.001,,,1795000,,-216.5530785217285,1794603,3022.9518933361396,926.2
973.93,22.18525861310959,1936,0.001,3193.8514872,15325,1797662,117,-216.7574235229492,1796603,,
,20.32911038684845,,0.001,,,1800000,,-217.4757209777832,1799603,3571.1013709023596,1000.0
979.71,22.215331835746767,1940,0.001,3216.8473782599995,15370,1801662,117,-217.11408126831054,1800603,,
,22.480386895656586,,0.001,,,1805000,,-217.11910858154297,1804603,3270.7894847045654,956.3
979.71,,1944,,3214.8213557899994,15415,1805662,117,,,,
979.71,19.46551387166977,1948,0.001,3213.39912468,15445,1809662,117,-217.18678170776369,1808603,,
,22.256487971782683,,0.001,,,1810000,,-217.35304763793945,1809603,3427.8586319114083,1000.0
979.71,18.823453300476075,1952,0.001,3215.4174419999995,15490,1813662,117,-216.67981158447265,1812603,,
,21.598974657535553,,0.001,,,1815000,,-217.39607989501954,1814781,3033.894545009546,974.9
977.51,21.10706585407257,1956,0.001,3206.47969751,15528,1816840,117,-217.15515237426757,1815781,,
,20.79939881801605,,0.001,,,1820000,,-217.5513008117676,1819781,3388.2040943781963,1000.0
977.51,,1960,,3207.5456503799996,15573,1820840,116,,,,
986.76,21.72433250284195,1964,0.001,3238.15853414,15603,1824840,116,-217.24325234985352,1823781,,
,22.6681452088356,,0.001,,,1825000,,-216.73394494628906,1824781,3220.2652281779797,1000.0
986.76,24.2702747797966,1968,0.001,3237.3065562499996,15647,1828840,116,-216.76879977416993,1827781,,
,24.12725179719925,,0.001,,,1830000,,-217.0667823791504,1829781,3348.1039098232054,929.8
986.76,23.129828724384307,1972,0.001,3241.8937247400004,15691,1832840,116,-217.2143742980957,1831781,,
,20.91559550189972,,0.001,,,1835000,,-217.4280390625,1834781,3622.785521780793,1000.0
986.76,23.64790126657486,1976,0.001,3245.9672270399988,15738,1836840,116,-217.3542685852051,1835781,,
,22.13515073299408,,0.001,,,1840000,,-217.14723638916016,1839781,3566.0789184506984,1000.0
986.76,,1980,,3252.0995596,15784,1840840,116,,,,
986.76,21.71986369562149,1984,0.001,3250.6749147899995,15813,1844840,116,-216.93125985717774,1843781,,
,20.549141674995422,,0.001,,,1845000,,-217.56833749389648,1844781,3515.0777816571294,1000.0
986.76,20.70457911968231,1988,0.001,3259.934326,15859,1848840,116,-217.72130197143554,1847781,,
,21.208169052600862,,0.001,,,1850000,,-217.69009817504883,1849781,3503.3305823203177,1000.0
991.78,20.083935542583465,1992,0.001,3277.35613365,15904,1852840,116,-218.8521683959961,1851781,,
,19.69106835981812,,0.001,,,1855000,,-219.13270423966225,1854771,3335.9448397360743,1000.0
991.68,20.90830330324173,1996,0.001,3288.72486039,15948,1856830,116,-219.35322360229492,1855771,,
,22.118471179008484,,0.001,,,1860000,,-220.1719119567871,1859771,3576.3004056126347,1000.0
991.68,,2000,,3305.50036114,15993,1860830,116,,,,
991.68,18.598405725955963,2004,0.001,3331.88760328,16022,1864830,116,-221.0067210083008,1863771,,
,18.735679789543152,,0.001,,,1865000,,-220.84900106811523,1864771,3343.909724326528,950.6
990.53,18.831813346385957,2008,0.001,3365.46826924,16066,1868715,116,-221.52191091918945,1867656,,
,19.4061700129509,,0.001,,,1870000,,-221.85741735839844,1869656,3318.981470900029,938.8
990.53,22.429644941329958,2012,0.001,3390.56541448,16113,1872715,116,-221.73765286254883,1871656,,
,20.043284636497496,,0.001,,,1875000,,-221.66133181762694,1874608,3540.041477016918,1000.0
990.05,19.307564978122713,2016,0.001,3400.7522609899997,16158,1876667,116,-221.86676068115236,1875608,,
972.67,23.26545418214798,2020,0.001,3348.3180230499997,16180,1878929,116,-221.95832485961915,1878350,,
,23.16253545223138,,0.001,,,1880000,,-222.20616212825186,1879859,3266.4610398921186,916.7
962.56,21.33665259361267,2024,0.001,3318.67580571,16213,1881918,116,-222.5379644165039,1880859,,
,21.965089968965145,,0.001,,,1885000,,-222.50068405545505,1884400,3523.751828524936,1000.0
957.97,,2028,,3323.04022223,16255,1885459,115,,,,
957.97,20.50478102874756,2032,0.001,3333.0479746700003,16286,1889459,116,-222.60228344726562,1888400,,
,23.839890475749968,,0.001,,,1890000,,-222.2531950378418,1889400,3567.519718313031,1000.0
957.97,21.087267590522767,2036,0.001,3342.7861956700003,16329,1893459,115,-221.88130661010743,1892400,,
,20.515210277080534,,0.001,,,1895000,,-222.5275849914551,1894400,3300.680317094593,934.7
957.97,22.28733519220352,2040,0.001,3344.95185223,16374,1897459,115,-222.78319778442383,1896400,,
,22.53225048971176,,0.001,,,1900000,,-222.73912268066405,1899400,3310.422553554922,930.1
956.0,22.009858468532563,2044,0.001,3344.15205133,16418,1901262,115,-223.18974990844725,1900400,,
953.12,22.296034401052452,2048,0.001,3342.59917838,16445,1904974,115,-223.81164610787724,1903915,,
,22.175863616466522,,0.001,,,1905000,,-224.04956845092772,1904915,3388.3328558962794,1000.0
953.12,23.89375130033493,2052,0.001,3340.8390496800002,16489,1908974,115,-223.36408200073242,1907915,,
,21.380017305850984,,0.001,,,1910000,,-223.1574833984375,1909915,3232.787106859684,904.8
961.34,22.520484352588653,2056,0.001,3376.36789405,16528,1912974,115,-223.99078881835936,1911915,,
,20.50923479413986,,0.001,,,1915000,,-223.23360134887696,1914915,3223.2927365899086,875.6
961.34,20.2927421002388,2060,0.001,3383.91459499,16566,1916974,115,-223.17930264282228,1915915,,
,20.26286221933365,,0.001,,,1920000,,-223.18543035888672,1919420,3638.544467954757,1000.0
956.39,,2064,,3369.23845396,16607,1920479,115,,,,
956.39,23.4435771651268,2068,0.001,3375.13881109,16637,1924479,115,-224.2288332824707,1923420,,
,21.554024865627287,,0.001,,,1925000,,-224.3381167602539,1924420,3345.383809027821,935.5
956.39,22.601805280208588,2072,0.001,3376.2028384900004,16677,1928479,115,-224.60208862304688,1927420,,
,21.838000535011293,,0.001,,,1930000,,-224.58330676269532,1929420,3307.1111008686944,914.2
956.39,20.459357608318328,2076,0.001,3379.3420192599997,16722,1932479,115,-224.81434887695312,1931420,,
,20.133025221202683,,0.001,,,1935000,,-226.2414497707201,1934093,3518.2682407192888,992.6
943.12,,2080,,3332.2652277499997,16757,1935152,115,,,,
943.12,25.72771354007721,2084,0.001,3339.30639718,16785,1939152,115,-226.0111442565918,1938093,,
,22.693493663432985,,0.001,,,1940000,,-225.53325197202133,1939738,3374.333216677699,967.1
939.57,20.113626974105834,2088,0.001,3330.8389407600002,16823,1942797,115,-226.5430025024414,1941738,,
,23.87396838569641,,0.001,,,1945000,,-226.68043963623046,1944738,3306.3888580013067,949.5
939.57,21.71898439693451,2092,0.001,3333.575042520001,16866,1946797,115,-226.63205810546876,1945738,,
,19.802628855228424,,0.001,,,1950000,,-226.98475216674805,1949738,3637.176250474155,1000.0
939.67,,2096,,3339.7826954899997,16913,1950797,115,,,,
939.67,23.022119737625122,2100,0.001,3342.48608716,16943,1954797,115,-226.78384585571288,1953738,,
,21.957441393375397,,0.001,,,1955000,,-226.60251217651367,1954738,3451.5102049363777,947.0
939.67,20.536206171035765,2104,0.001,3344.53307764,16984,1958797,115,-226.13047299194335,1957738,,
,21.463942258358003,,0.001,,,1960000,,-226.50956427001952,1959738,3651.8078369580207,1000.0
940.82,25.324582387924195,2108,0.001,3348.16467254,17028,1962797,115,-226.1724384765625,1961738,,
,22.7834310631752,,0.001,,,1965000,,-226.8428156738281,1964738,3369.258864434995,985.3
940.82,21.527602867126465,2112,0.001,3348.68451829,17069,1966797,115,-226.54619274902345,1965738,,
,24.802829183578492,,0.001,,,1970000,,-226.50614627075194,1969715,3540.922497425892,1000.0
941.07,,2116,,3353.3888283599995,17109,1970774,115,,,,
958.45,21.575486886024475,2120,0.001,3422.56783428,17136,1974774,115,-226.68896823120116,1973715,,
,22.678658106803894,,0.001,,,1975000,,-226.46842861938475,1974715,3230.464005663246,915.8
961.84,24.515945972465886,2124,0.001,3438.574460389999,17173,1978102,115,-226.97308051876905,1977043,,
,19.650640993118287,,0.001,,,1980000,,-227.34660153198243,1979043,3600.439976385981,1000.0
958.73,20.462218881689985,2128,0.001,3429.2444279599995,17208,1981332,115,-226.55769931959068,1980273,,
,24.96728248882294,,0.001,,,1985000,,-227.6134841003418,1984273,3607.4427569248246,985.7
958.73,,2132,,3434.5911649399995,17250,1985332,115,,,,
958.73,20.603209595680237,2136,0.001,3435.0615230500007,17277,1989332,115,-227.90416818237304,1988273,,
,21.984774928569795,,0.001,,,1990000,,-228.12525485229492,1989273,3695.9775653066113,1000.0
958.73,21.587674457550047,2140,0.001,3434.1038060000005,17318,1993332,115,-228.5665047607422,1992273,,
,23.657349186897278,,0.001,,,1995000,,-228.8445542907715,1994273,3608.490582588501,1000.0
956.78,20.682528527259826,2144,0.001,3425.55376804,17359,1996940,115,-228.96838095092772,1996273,,
,22.04221631669998,,0.001,,,2000000,,-230.21600576782225,1999881,3680.872206507903,1000.0
959.66,,2148,,3432.7786123799992,17398,2000940,115,,,,
