rollout/ep_rew_mean,train/learning_rate,time/total_timesteps,train/actor_loss,time/fps,time/time_elapsed,train/critic_loss,rollout/ep_len_mean,train/n_updates,time/episodes,eval/mean_reward,eval/mean_ep_length
-115.1931145,0.001,400,1.6369603013992309,328,1,0.035931990393437446,100.0,200,4,,
,0.001,500,1.7750703001022339,,,0.007795864890795201,,300,,-99.9131793,100.0
-102.93558475,0.001,800,2.441524920463562,158,5,0.025232297470793127,100.0,600,8,,
,0.001,1000,2.6592041301727294,,,0.022654753839597107,,800,,-75.94525935,100.0
-91.53415516666666,0.001,1200,2.893250250816345,134,8,0.01820461203344166,100.0,1000,12,,
,0.001,1500,3.32231981754303,,,0.01600629876833409,,1300,,-75.10682479999998,100.0
-87.0105201875,0.001,1600,3.487810196876526,124,12,0.01784186496399343,100.0,1400,16,,
,0.001,2000,4.122812323570251,,,0.02034601181745529,,1800,,-71.91376160000002,100.0
-82.4468928,,2000,,120,16,,100.0,,20,,
-77.66870979166667,0.001,2400,4.684994029998779,128,18,0.019883385868743064,100.0,2200,24,,
,0.001,2500,4.839229516983032,,,0.024669837756082415,,2300,,-57.036454649999996,100.0
-74.59672828571429,0.001,2800,5.259238805770874,124,22,0.022467704517766834,100.0,2600,28,,
,0.001,3000,5.520618667602539,,,0.023558694999665022,,2800,,-60.877864550000005,100.0
-72.32162518749999,0.001,3200,5.848912487030029,122,26,0.02344954025000334,100.0,3000,32,,
,0.001,3500,6.276582822799683,,,0.02335132060572505,,3300,,-64.47936130000001,100.0
-70.99271183333332,0.001,3600,6.420927743911744,120,29,0.027346005942672492,100.0,3400,36,,
,0.001,4000,7.158116626739502,,,0.02598047927953303,,3800,,-75.813212,100.0
-70.968594375,,4000,,119,33,,100.0,,40,,
-70.13428377272727,0.001,4400,7.811934242248535,123,35,0.03022008951753378,100.0,4200,44,,
,0.001,4500,7.951862335205078,,,0.029395152125507595,,4300,,-61.52553334999999,100.0
-69.37267083333334,0.001,4800,8.485386219024658,122,39,0.03217811385169625,100.0,4600,48,,
,0.001,5000,8.810503005981445,,,0.034459215626120566,,4800,,-59.301489249999996,100.0
-68.37465530769231,0.001,5200,9.150050411224365,121,42,0.03005010385066271,100.0,5000,52,,
,0.001,5500,9.551177253723145,,,0.029782016985118388,,5300,,-59.9152893,100.0
-67.74999180357143,0.001,5600,9.728199977874755,120,46,0.031268070582300425,100.0,5400,56,,
,0.001,6000,10.388078384399414,,,0.031458870749920605,,5800,,-63.306483149999984,100.0
-67.25510253333334,,6000,,119,50,,100.0,,60,,
-66.824038796875,0.001,6400,11.025875778198243,121,52,0.03564788997173309,100.0,6200,64,,
,0.001,6500,11.149015064239501,,,0.035294982343912124,,6300,,-60.5923304,100.0
-66.28721048529411,0.001,6800,11.597378387451172,120,56,0.03485082847997546,100.0,6600,68,,
,0.001,7000,11.904506549835205,,,0.04078074401244521,,6800,,-62.24365110000001,100.0
-65.83099209722224,0.001,7200,12.2113205909729,118,60,0.04154868308454752,100.0,7000,72,,
,0.001,7500,12.693429584503173,,,0.037026242408901455,,7300,,-59.570707549999995,100.0
-65.25004123684212,0.001,7600,12.77339448928833,117,64,0.0344270877353847,100.0,7400,76,,
,0.001,8000,13.401638603210449,,,0.04082984047010541,,7800,,-55.27394889999999,100.0
-64.93895818749999,,8000,,116,68,,100.0,,80,,
-64.32566167857142,0.001,8400,13.922636318206788,117,71,0.04420506116002798,100.0,8200,84,,
,0.001,8500,14.086071300506593,,,0.03769737968221307,,8300,,-54.98997875,100.0
-64.01466151136364,0.001,8800,14.473821811676025,116,75,0.04165816430002451,100.0,8600,88,,
,0.001,9000,14.770167846679687,,,0.04629656221717596,,8800,,-54.8668902,100.0
-63.255235336956524,0.001,9200,15.049587116241455,115,79,0.048697968870401384,100.0,9000,92,,
,0.001,9500,15.418684310913086,,,0.051019159760326144,,9300,,-54.928952849999995,100.0
-62.67985555208333,0.001,9600,15.567029552459717,115,83,0.049009869676083326,100.0,9400,96,,
,0.001,10000,16.106948947906496,,,0.05020707895979285,,9800,,-55.16255470000001,100.0
-62.26174125000001,,10000,,114,87,,100.0,,100,,
-59.79511703,0.001,10400,16.59853355407715,116,89,0.06819671001285314,100.0,10200,104,,
,0.001,10500,16.719135055541994,,,0.061483956798911096,,10300,,-57.336073299999995,100.0
-58.16882137,0.001,10800,17.1124609375,115,93,0.058698956407606605,100.0,10600,108,,
,0.001,11000,17.36727554321289,,,0.06184830117970705,,10800,,-52.12391215,100.0
-57.434201750000014,0.001,11200,17.592739448547363,114,97,0.05669741004705429,100.0,11000,112,,
,0.001,11500,17.890028762817384,,,0.06478492565453052,,11300,,-57.718142799999995,100.0
-56.56046938,0.001,11600,18.01747688293457,114,101,0.05817610483616591,100.0,11400,116,,
,0.001,12000,18.523362426757814,,,0.07296022545546293,,11800,,-55.04185785,100.0
-56.125579730000005,,12000,,113,105,,100.0,,120,,
-56.16569777999999,0.001,12400,19.005580558776856,114,108,0.0636110869422555,100.0,12200,124,,
,0.001,12500,19.17711757659912,,,0.06465767052024603,,12300,,-50.880570399999996,100.0
-56.15691973,0.001,12800,19.53633834838867,114,112,0.06401718635112047,100.0,12600,128,,
,0.001,13000,19.77191162109375,,,0.06492706604301929,,12800,,-54.0999858,100.0
-56.09246532,0.001,13200,19.964855079650878,113,116,0.06401215694844722,100.0,13000,132,,
,0.001,13500,20.284775772094726,,,0.06775807876139879,,13300,,-53.9035774,100.0
-55.67280194999999,0.001,13600,20.377608833312987,112,120,0.07571446441113949,100.0,13400,136,,
,0.001,14000,20.864775009155274,,,0.06051970716565847,,13800,,-55.248029599999995,100.0
-54.81692744,,14000,,111,125,,100.0,,140,,
-54.16087925,0.001,14400,21.32617317199707,112,127,0.06501176167279482,100.0,14200,144,,
,0.001,14500,21.353158836364745,,,0.06864259470254183,,14300,,-52.11024964999999,100.0
-53.914421669999996,0.001,14800,21.657303619384766,112,131,0.0676986375451088,100.0,14600,148,,
,0.001,15000,21.91236343383789,,,0.07601654436439276,,14800,,-52.83321424999999,100.0
-53.723262170000005,0.001,15200,22.09339588165283,111,136,0.07259410955011844,100.0,15000,152,,
,0.001,15500,22.437497901916505,,,0.08266841597855092,,15300,,-53.31536485,100.0
-53.33432602,0.001,15600,22.532765159606935,111,140,0.08846181150525809,100.0,15400,156,,
,0.001,16000,22.989436645507812,,,0.07556551348417997,,15800,,-50.5874468,100.0
-52.83581488,,16000,,110,144,,100.0,,160,,
-52.27164426,0.001,16400,23.2599857711792,111,146,0.08268966440111399,100.0,16200,164,,
,0.001,16500,23.392548713684082,,,0.0811585133895278,,16300,,-50.99442405,100.0
-51.9853044,0.001,16800,23.628433647155763,111,151,0.08153943207114935,100.0,16600,168,,
,0.001,17000,23.900833740234376,,,0.08287436086684466,,16800,,-50.02857315,100.0
-51.854794629999994,0.001,17200,24.037309036254882,110,155,0.07560593035072088,100.0,17000,172,,
,0.001,17500,24.41803424835205,,,0.09076928392052651,,17300,,-49.133856099999996,100.0
-51.71264942999999,0.001,17600,24.48586338043213,110,159,0.08282130386680364,100.0,17400,176,,
,0.001,18000,24.821711807250978,,,0.08779870741069316,,17800,,-49.150946999999995,100.0
-51.18663963,,18000,,109,164,,100.0,,180,,
-50.83773494000001,0.001,18400,25.213636741638183,110,166,0.09405203804373741,100.0,18200,184,,
,0.001,18500,25.26666400909424,,,0.09802468314766884,,18300,,-51.68319004999999,100.0
-50.65118251,0.001,18800,25.64676830291748,110,170,0.08753608267754316,100.0,18600,188,,
,0.001,19000,25.780068244934082,,,0.09505323205143214,,18800,,-48.036267699999996,100.0
-50.60608174,0.001,19200,26.030760841369627,109,174,0.1109265160560608,100.0,19000,192,,
,0.001,19500,26.22252555847168,,,0.09084900073707104,,19300,,-47.9837416,100.0
-50.58372718,0.001,19600,26.320038452148438,109,179,0.09548401579260826,100.0,19400,196,,
,0.001,20000,26.720221786499025,,,0.10183779019862413,,19800,,-50.13878495000001,100.0
-50.433173400000015,,20000,,109,183,,100.0,,200,,
-50.527245429999994,0.001,20400,27.210382804870605,109,185,0.09448031730949878,100.0,20200,204,,
,0.001,20500,27.314399185180665,,,0.1020912977680564,,20300,,-58.683574650000004,100.0
-50.99783351,0.001,20800,27.617383232116698,109,189,0.10493279069662094,100.0,20600,208,,
,0.001,21000,27.796611976623534,,,0.10498812034726143,,20800,,-54.2627998,100.0
-51.57714249000001,0.001,21200,27.975729713439943,109,193,0.109923460111022,100.0,21000,212,,
,0.001,21500,28.26607624053955,,,0.1320252565294504,,21300,,-64.71083734999999,100.0
-52.434998949999994,0.001,21600,28.411005859375,109,197,0.13762644208967686,100.0,21400,216,,
,0.001,22000,28.8329288482666,,,0.11396338775753975,,21800,,-55.874990149999995,100.0
-52.29243394,,22000,,109,201,,100.0,,220,,
-52.20899046,0.001,22400,29.169627647399903,109,203,0.12241483487188816,100.0,22200,224,,
,0.001,22500,29.43595630645752,,,0.12337760396301746,,22300,,-50.76279310000001,100.0
-52.04115929,0.001,22800,29.65781475067139,109,208,0.12498876132071018,100.0,22600,228,,
,0.001,23000,29.834114723205566,,,0.11525521725416184,,22800,,-53.82504240000001,100.0
-51.93427967,0.001,23200,29.935132217407226,109,212,0.13557907931506633,100.0,23000,232,,
,0.001,23500,30.220764198303222,,,0.12333366766571999,,23300,,-50.31275545,100.0
-52.161408049999984,0.001,23600,30.45651969909668,108,217,0.14379970148205756,100.0,23400,236,,
,0.001,24000,30.821801986694336,,,0.12692188188433648,,23800,,-49.5477352,100.0
-52.07510314,,24000,,108,222,,100.0,,240,,
-52.23757694,0.001,24400,31.090570983886717,108,224,0.13975457958877086,100.0,24200,244,,
,0.001,24500,31.326835861206053,,,0.11756401062011719,,24300,,-48.8399577,100.0
-51.64929814000001,0.001,24800,31.432076148986816,107,229,0.12702336154878138,100.0,24600,248,,
,0.001,25000,31.66296875,,,0.12894777797162532,,24800,,-51.8660078,100.0
-51.63321426,0.001,25200,31.78285354614258,107,234,0.139486446082592,100.0,25000,252,,
,0.001,25500,32.025018463134764,,,0.13337014496326446,,25300,,-50.39941075,100.0
-51.84240905000001,0.001,25600,32.10864814758301,106,239,0.14500306226313114,100.0,25400,256,,
,0.001,26000,32.471678466796874,,,0.13696792840957642,,25800,,-49.0946239,100.0
-51.81681116000001,,26000,,106,244,,100.0,,260,,
-51.62538193,0.001,26400,32.8225390625,106,247,0.13316911093890668,100.0,26200,264,,
,0.001,26500,32.906960830688476,,,0.13860739283263684,,26300,,-46.7236254,100.0
-51.39307699,0.001,26800,33.19000793457031,105,252,0.1336949172616005,100.0,26600,268,,
,0.001,27000,33.35151710510254,,,0.14347002021968364,,26800,,-47.360773449999996,100.0
-50.91053582000001,0.001,27200,33.4415404510498,105,257,0.15886465780436992,100.0,27000,272,,
,0.001,27500,33.706744079589846,,,0.11947269387543201,,27300,,-47.937478500000005,100.0
-50.76135231999999,0.001,27600,33.66420211791992,105,262,0.1388098955899477,100.0,27400,276,,
,0.001,28000,34.00086120605469,,,0.14287773683667182,,27800,,-46.88566065,100.0
-50.84399599,,28000,,104,267,,100.0,,280,,
-51.24808924,0.001,28400,34.40998924255371,105,269,0.13374362722039224,100.0,28200,284,,
,0.001,28500,34.481129531860354,,,0.1247955546528101,,28300,,-48.35783955,100.0
-51.20063077,0.001,28800,34.73752227783203,105,274,0.12001345902681351,100.0,28600,288,,
,0.001,29000,34.9174861907959,,,0.14012188740074635,,28800,,-51.03969810000001,100.0
-51.32540103,0.001,29200,35.061481399536135,104,278,0.12332363553345203,100.0,29000,292,,
,0.001,29500,35.19050773620606,,,0.12319681487977505,,29300,,-49.527757949999994,100.0
-51.21324905,0.001,29600,35.348099365234376,104,282,0.14011745169758796,100.0,29400,296,,
,0.001,30000,35.59228065490723,,,0.14223257839679718,,29800,,-48.66915115,100.0
-51.129171559999996,,30000,,104,287,,100.0,,300,,
-50.67290276,0.001,30400,35.90949279785156,104,290,0.13307920686900615,100.0,30200,304,,
,0.001,30500,35.855947265625,,,0.13111140381544828,,30300,,-48.380866850000004,100.0
-50.027470089999994,0.001,30800,36.24658012390137,104,294,0.1317502464354038,100.0,30600,308,,
,0.001,31000,36.352614669799806,,,0.1187837202101946,,30800,,-50.5124809,100.0
-49.31390498,0.001,31200,36.526592330932615,104,298,0.14087095610797407,100.0,31000,312,,
,0.001,31500,36.75369728088379,,,0.13175904415547848,,31300,,-48.87341945,100.0
-48.26639847999999,0.001,31600,36.79147354125976,104,303,0.13103432148694993,100.0,31400,316,,
,0.001,32000,37.05539131164551,,,0.1316111085563898,,31800,,-49.42978479999999,100.0
-48.151859789999996,,32000,,104,307,,100.0,,320,,
-47.98811131999999,0.001,32400,37.32573417663574,104,310,0.1304490940272808,100.0,32200,324,,
,0.001,32500,37.39830963134766,,,0.11692609488964081,,32300,,-48.266821,100.0
-47.96618969999999,0.001,32800,37.679966049194334,103,315,0.15589535780251026,100.0,32600,328,,
,0.001,33000,37.75807632446289,,,0.11991862140595913,,32800,,-48.0772318,100.0
-48.00072218000001,0.001,33200,37.920009994506835,103,320,0.1466536583006382,100.0,33000,332,,
,0.001,33500,38.21488128662109,,,0.13374480500817298,,33300,,-52.13810975000001,100.0
-47.673856369999996,0.001,33600,38.24018615722656,103,325,0.16870006859302522,100.0,33400,336,,
,0.001,34000,38.631142578125,,,0.13798465192317963,,33800,,-58.12714509999999,100.0
-47.716471649999995,,34000,,103,329,,100.0,,340,,
-47.670452590000004,0.001,34400,38.82979118347168,103,332,0.1421228538453579,100.0,34200,344,,
,0.001,34500,38.78989395141602,,,0.14022062823176384,,34300,,-50.1609513,100.0
-47.995125,0.001,34800,39.04956077575684,103,336,0.15007285438477994,100.0,34600,348,,
,0.001,35000,39.23070945739746,,,0.13710773177444935,,34800,,-50.40321585,100.0
-47.77286311999999,0.001,35200,39.3383576965332,103,340,0.15670528143644333,100.0,35000,352,,
,0.001,35500,39.52649238586426,,,0.14380651861429214,,35300,,-50.90647920000001,100.0
-47.50533469,0.001,35600,39.5303532409668,103,344,0.13167572624981402,100.0,35400,356,,
,0.001,36000,39.91409912109375,,,0.1305747552961111,,35800,,-48.0991298,100.0
-47.374130889999996,,36000,,103,348,,100.0,,360,,
-47.32969664,0.001,36400,40.14881149291992,103,351,0.13163778267800808,100.0,36200,364,,
,0.001,36500,40.19379920959473,,,0.14564185455441475,,36300,,-49.556881450000006,100.0
-47.253998980000006,0.001,36800,40.38299697875976,103,355,0.13374583497643472,100.0,36600,368,,
,0.001,37000,40.51991523742676,,,0.16370104640722274,,36800,,-50.52254155,100.0
-47.63124895999999,0.001,37200,40.67059432983398,103,359,0.13615984603762626,100.0,37000,372,,
,0.001,37500,40.85351119995117,,,0.12929718099534512,,37300,,-48.65085225,100.0
-47.63200634,0.001,37600,40.93986045837402,103,363,0.13448756732046604,100.0,37400,376,,
,0.001,38000,41.25354530334473,,,0.16994310140609742,,37800,,-48.4937886,100.0
-47.640395119999994,,38000,,103,367,,100.0,,380,,
-48.10244640999999,0.001,38400,41.52526252746582,103,370,0.16906943038105965,100.0,38200,384,,
,0.001,38500,41.56437034606934,,,0.16087223440408707,,38300,,-63.28246049999999,100.0
-48.30947429999999,0.001,38800,41.81008186340332,103,374,0.143975972160697,100.0,38600,388,,
,0.001,39000,42.0100520324707,,,0.1356101766228676,,38800,,-55.7936276,100.0
-48.43789737,0.001,39200,42.03048927307129,103,378,0.1563874001055956,100.0,39000,392,,
,0.001,39500,42.23612197875977,,,0.16265270456671715,,39300,,-46.32360105,100.0
-48.26440014,0.001,39600,42.29829086303711,103,382,0.13593852669000625,100.0,39400,396,,
,0.001,40000,42.53960235595703,,,0.15001635298132895,,39800,,-47.82982665,100.0
-48.27424031,,40000,,103,386,,100.0,,400,,
-48.503001440000006,0.001,40400,42.803532638549804,103,388,0.13991268813610078,100.0,40200,404,,
,0.001,40500,42.90842872619629,,,0.14295790031552313,,40300,,-47.4505888,100.0
-48.415107830000004,0.001,40800,43.04271072387695,103,392,0.14615655928850174,100.0,40600,408,,
,0.001,41000,43.18358818054199,,,0.16187901385128498,,40800,,-46.0367946,100.0
-48.27006837,0.001,41200,43.40108009338379,103,396,0.14739199459552765,100.0,41000,412,,
,0.001,41500,43.580301437377926,,,0.13952433437108994,,41300,,-55.84927750000001,100.0
-48.452982060000004,0.001,41600,43.543638458251955,103,400,0.14016311220824718,100.0,41400,416,,
,0.001,42000,43.76534210205078,,,0.1252572076022625,,41800,,-45.38465165,100.0
-48.33387079000001,,42000,,103,404,,100.0,,420,,
-47.905564729999995,0.001,42400,43.91419242858887,104,406,0.13248157650232315,100.0,42200,424,,
,0.001,42500,44.04119682312012,,,0.1586046052724123,,42300,,-46.62134569999999,100.0
-47.50569892000001,0.001,42800,44.18247833251953,104,410,0.1239144328981638,100.0,42600,428,,
,0.001,43000,44.27565673828125,,,0.1188026351481676,,42800,,-46.066623199999995,100.0
-47.125735330000005,0.001,43200,44.4601131439209,104,414,0.14964581802487373,100.0,43000,432,,
,0.001,43500,44.675890350341795,,,0.11985447399318218,,43300,,-45.38236025,100.0
-47.21694316000001,0.001,43600,44.62877372741699,104,418,0.13868320629000663,100.0,43400,436,,
,0.001,44000,44.957150344848635,,,0.1270989841222763,,43800,,-45.841429149999996,100.0
-47.19112298,,44000,,103,423,,100.0,,440,,
-47.031021769999995,0.001,44400,45.10933219909668,104,426,0.12214331701397896,100.0,44200,444,,
,0.001,44500,45.263145446777344,,,0.12580027267336846,,44300,,-44.845576550000004,100.0
-46.64779738,0.001,44800,45.262864379882814,104,430,0.13909757532179357,100.0,44600,448,,
,0.001,45000,45.399215927124025,,,0.12897624529898166,,44800,,-53.30151545,100.0
-46.75151351,0.001,45200,45.46521469116211,104,434,0.1318362322449684,100.0,45000,452,,
,0.001,45500,45.7133194732666,,,0.13820264793932438,,45300,,-47.37810865,100.0
-46.51653186000001,0.001,45600,45.6229842376709,103,438,0.11100771471858024,100.0,45400,456,,
,0.001,46000,45.870181198120115,,,0.13090258441865443,,45800,,-47.1667413,100.0
-46.395000040000006,,46000,,103,443,,100.0,,460,,
-46.345230969999996,0.001,46400,46.004774017333986,104,445,0.13061845421791077,100.0,46200,464,,
,0.001,46500,45.97336921691895,,,0.1215028478205204,,46300,,-47.09956960000001,100.0
-46.363840839999995,0.001,46800,46.22742660522461,104,449,0.12106877751648426,100.0,46600,468,,
,0.001,47000,46.196143341064456,,,0.14160792231559755,,46800,,-46.916906850000004,100.0
-45.93497437999999,0.001,47200,46.37744506835938,103,454,0.12417790219187737,100.0,47000,472,,
,0.001,47500,46.44197883605957,,,0.12289851315319539,,47300,,-47.169130749999994,100.0
-45.842070480000004,0.001,47600,46.47129402160645,103,458,0.10842839516699314,100.0,47400,476,,
,0.001,48000,46.73595947265625,,,0.14187834970653057,,47800,,-45.83301315,100.0
-45.64099206,,48000,,103,462,,100.0,,480,,
-44.695892199999996,0.001,48400,46.889377670288084,104,465,0.12814284294843672,100.0,48200,484,,
,0.001,48500,46.95822525024414,,,0.1288386619091034,,48300,,-46.647938950000004,100.0
-44.46151184,0.001,48800,47.07716728210449,103,469,0.1375604175031185,100.0,48600,488,,
,0.001,49000,47.196847915649414,,,0.14644261300563813,,48800,,-49.350829749999995,100.0
-44.42341542,0.001,49200,47.2764111328125,103,474,0.1769296645373106,100.0,49000,492,,
,0.001,49500,47.40851379394531,,,0.11183077566325665,,49300,,-47.16549015,100.0
-44.928634689999996,0.001,49600,47.44981491088867,103,480,0.11417519576847553,100.0,49400,496,,
,0.001,50000,47.552940139770506,,,0.12841956868767737,,49800,,-46.963913700000006,100.0
-44.742068569999994,,50000,,103,484,,100.0,,500,,
-44.41451293,0.001,50400,47.79815879821777,103,487,0.1307813774049282,100.0,50200,504,,
,0.001,50500,47.79285339355469,,,0.11259707801043987,,50300,,-45.30182975,100.0
-44.54568737,0.001,50800,47.95817092895508,103,491,0.11733740836381912,100.0,50600,508,,
,0.001,51000,48.046246643066404,,,0.15014913536608218,,50800,,-49.91200265,100.0
-44.44566696,0.001,51200,48.151994400024414,102,497,0.10920803282409906,100.0,51000,512,,
,0.001,51500,48.191384658813476,,,0.12617176942527294,,51300,,-49.03226649999999,100.0
-44.104203240000004,0.001,51600,48.12671371459961,102,502,0.10590160980820656,100.0,51400,516,,
,0.001,52000,48.46288528442383,,,0.11549051135778426,,51800,,-47.42563635,100.0
-44.12780197,,52000,,102,507,,100.0,,520,,
-44.453941300000004,0.001,52400,48.605677108764645,102,510,0.11206291951239108,100.0,52200,524,,
,0.001,52500,48.578577575683596,,,0.12214047841727733,,52300,,-49.530317800000006,100.0
-44.68537152000001,0.001,52800,48.719171142578126,102,514,0.12070650592446328,100.0,52600,528,,
,0.001,53000,48.82838302612305,,,0.11258799761533737,,52800,,-49.86389990000001,100.0
-44.99499608000001,0.001,53200,48.81955696105957,102,519,0.10669408328831195,100.0,53000,532,,
,0.001,53500,49.010129318237304,,,0.1163240771740675,,53300,,-51.47069245,100.0
-45.053552769999996,0.001,53600,48.99002433776855,102,524,0.09219594921916724,100.0,53400,536,,
,0.001,54000,49.10423187255859,,,0.10421025775372982,,53800,,-46.791550599999994,100.0
-44.983767530000016,,54000,,102,528,,100.0,,540,,
-44.99182245,0.001,54400,49.25581832885742,102,531,0.09408482991158962,100.0,54200,544,,
,0.001,54500,49.29149444580078,,,0.09125974711030721,,54300,,-45.92503584999999,100.0
-45.36017817000001,0.001,54800,49.46554557800293,102,536,0.11386054273694754,100.0,54600,548,,
,0.001,55000,49.44471580505371,,,0.10594416826963425,,54800,,-46.676245400000006,100.0
-45.3445042,0.001,55200,49.60149055480957,102,541,0.09635694071650505,100.0,55000,552,,
,0.001,55500,49.656403350830075,,,0.12851967625319957,,55300,,-50.5567791,100.0
-45.50389276000001,0.001,55600,49.56590171813965,101,545,0.09905954033136367,100.0,55400,556,,
,0.001,56000,49.88564292907715,,,0.09812514953315259,,55800,,-48.2660678,100.0
-45.567282350000006,,56000,,101,550,,100.0,,560,,
-45.641501790000014,0.001,56400,49.972598495483396,102,552,0.11714938543736934,100.0,56200,564,,
,0.001,56500,49.877856674194334,,,0.10991783849895001,,56300,,-46.53199465,100.0
-45.465237989999984,0.001,56800,49.94127456665039,101,557,0.10080613348633051,100.0,56600,568,,
,0.001,57000,50.045718612670896,,,0.09447083186358213,,56800,,-47.1665565,100.0
-45.591331610000005,0.001,57200,50.13321304321289,101,562,0.10694742754101753,100.0,57000,572,,
,0.001,57500,50.21749099731446,,,0.10720761887729167,,57300,,-53.47608449999999,100.0
-45.505255860000005,0.001,57600,50.13849586486816,101,566,0.09036071319133043,100.0,57400,576,,
,0.001,58000,50.2976488494873,,,0.10486318580806256,,57800,,-46.072052000000006,100.0
-45.646376120000006,,58000,,101,571,,100.0,,580,,
-45.977413309999996,0.001,58400,50.54953285217285,101,573,0.09918461740016937,100.0,58200,584,,
,0.001,58500,50.56612693786621,,,0.11481439009308815,,58300,,-46.431536650000005,100.0
-45.78932751,0.001,58800,50.62651039123535,101,578,0.10761784754693508,100.0,58600,588,,
,0.001,59000,50.704498291015625,,,0.09850028529763222,,58800,,-45.76429195,100.0
-45.62303415,0.001,59200,50.74572525024414,101,582,0.10132795877754688,100.0,59000,592,,
,0.001,59500,50.86387214660645,,,0.10270073018968105,,59300,,-47.054318499999994,100.0
-45.23194212000001,0.001,59600,50.92156723022461,101,586,0.11449008516967296,100.0,59400,596,,
,0.001,60000,50.95504936218262,,,0.09574881128966808,,59800,,-46.3259125,100.0
-45.1716034,,60000,,101,591,,100.0,,600,,
-45.46719231000001,0.001,60400,51.07961082458496,101,593,0.1205979698896408,100.0,60200,604,,
,0.001,60500,51.109719314575194,,,0.11334144249558449,,60300,,-46.38470035,100.0
-45.39363966000002,0.001,60800,51.14338989257813,101,598,0.09935177333652973,100.0,60600,608,,
,0.001,61000,51.193265991210936,,,0.09910440929234028,,60800,,-46.081600849999994,100.0
-45.29427405999999,0.001,61200,51.36244247436523,101,603,0.13915853947401047,100.0,61000,612,,
,0.001,61500,51.42110282897949,,,0.13532088413834573,,61300,,-47.96796255,100.0
-45.43417555999999,0.001,61600,51.42639419555664,101,607,0.14047473587095738,100.0,61400,616,,
,0.001,62000,51.5353971862793,,,0.10772747024893761,,61800,,-45.58257450000001,100.0
-45.58939961,,62000,,101,612,,100.0,,620,,
-45.47744492999999,0.001,62400,51.639900588989256,101,614,0.11015459336340427,100.0,62200,624,,
,0.001,62500,51.66603294372558,,,0.12169358499348164,,62300,,-45.650280300000006,100.0
-45.17260439,0.001,62800,51.77174919128418,101,619,0.11559157967567443,100.0,62600,628,,
,0.001,63000,51.79121780395508,,,0.10094568494707346,,62800,,-45.6471652,100.0
-44.81775685999999,0.001,63200,51.862232513427735,101,623,0.10479071363806725,100.0,63000,632,,
,0.001,63500,52.044160766601564,,,0.09690643027424813,,63300,,-46.26425145,100.0
-44.425063679999994,0.001,63600,51.97612762451172,101,627,0.10539497368037701,100.0,63400,636,,
,0.001,64000,52.104169006347654,,,0.1321486909687519,,63800,,-47.06727565,100.0
-44.349949020000004,,64000,,101,632,,100.0,,640,,
-44.37260179,0.001,64400,52.08436378479004,101,634,0.1175557840615511,100.0,64200,644,,
,0.001,64500,52.120326080322265,,,0.09488527666777373,,64300,,-48.26817775000001,100.0
-44.11265365000001,0.001,64800,52.102840728759766,101,638,0.10812768213450909,100.0,64600,648,,
,0.001,65000,52.35788787841797,,,0.1376062322407961,,64800,,-46.763337299999996,100.0
-44.059531320000005,0.001,65200,52.391178131103516,101,643,0.11636878035962582,100.0,65000,652,,
,0.001,65500,52.39842643737793,,,0.12179473467171192,,65300,,-48.75095265,100.0
-43.997414000000006,0.001,65600,52.34259880065918,101,647,0.10146770134568214,100.0,65400,656,,
,0.001,66000,52.459243621826175,,,0.11289766557514667,,65800,,-47.59036594999999,100.0
-44.12504884,,66000,,101,651,,100.0,,660,,
-44.40511970000001,0.001,66400,52.54982414245605,101,654,0.11187020629644394,100.0,66200,664,,
,0.001,66500,52.52721405029297,,,0.10224990610033274,,66300,,-48.0196344,100.0
-44.461719839999994,0.001,66800,52.58410278320312,101,658,0.10067138079553843,100.0,66600,668,,
,0.001,67000,52.675098190307615,,,0.12726092725992202,,66800,,-47.744684500000005,100.0
-44.748582020000015,0.001,67200,52.70941230773926,101,662,0.1082785465568304,100.0,67000,672,,
,0.001,67500,52.88280158996582,,,0.12021961137652397,,67300,,-45.32586865,100.0
-44.78937088000001,0.001,67600,52.82569633483887,101,666,0.1172933804988861,100.0,67400,676,,
,0.001,68000,52.88577461242676,,,0.1243016443401575,,67800,,-46.22522065,100.0
-44.84364145000001,,68000,,101,671,,100.0,,680,,
-44.81077365999999,0.001,68400,53.03873054504395,101,673,0.10245446622371673,100.0,68200,684,,
,0.001,68500,53.10492599487305,,,0.09987624812871218,,68300,,-47.67775425000001,100.0
-44.67769436,0.001,68800,53.156225051879886,101,677,0.09632948230952025,100.0,68600,688,,
,0.001,69000,53.14543922424316,,,0.10764418333768845,,68800,,-46.13890010000001,100.0
-44.562536099999996,0.001,69200,53.087722320556644,101,681,0.12678740575909614,100.0,69000,692,,
,0.001,69500,53.25172286987305,,,0.11490023281425238,,69300,,-47.30333415,100.0
-44.50373544000001,0.001,69600,53.22999069213867,101,686,0.1306467553973198,100.0,69400,696,,
,0.001,70000,53.36108009338379,,,0.10020191594958305,,69800,,-46.9247152,100.0
-44.75960395000001,,70000,,101,691,,100.0,,700,,
-44.547748309999996,0.001,70400,53.55343818664551,101,693,0.11245282035320997,100.0,70200,704,,
,0.001,70500,53.43684349060059,,,0.09851302944123745,,70300,,-45.56441050000001,100.0
-44.405072470000015,0.001,70800,53.522019119262694,101,698,0.12300771430134773,100.0,70600,708,,
,0.001,71000,53.55385116577148,,,0.09445352867245674,,70800,,-46.323686200000004,100.0
-44.55880244,0.001,71200,53.53356979370117,101,703,0.0912765959277749,100.0,71000,712,,
,0.001,71500,53.61372550964356,,,0.10231676392257213,,71300,,-46.01792825000001,100.0
-44.708482610000004,0.001,71600,53.70204948425293,101,707,0.09531855322420597,100.0,71400,716,,
,0.001,72000,53.75235336303711,,,0.11925413936376572,,71800,,-46.8452688,100.0
-44.48807647999999,,72000,,101,711,,100.0,,720,,
-44.56721527,0.001,72400,53.87387825012207,101,714,0.10388439252972603,100.0,72200,724,,
,0.001,72500,53.882249908447264,,,0.09958149388432502,,72300,,-46.11914039999999,100.0
-44.720100490000014,0.001,72800,53.94614151000977,101,718,0.10569286279380322,100.0,72600,728,,
,0.001,73000,54.025741806030275,,,0.09213237311691046,,72800,,-46.46168725,100.0
-44.99051167,0.001,73200,53.987920989990236,101,723,0.11161026746034622,100.0,73000,732,,
,0.001,73500,53.94238067626953,,,0.09955566424876451,,73300,,-46.1435472,100.0
-44.861625569999994,0.001,73600,54.093027877807614,101,727,0.10363855004310608,100.0,73400,736,,
,0.001,74000,54.19586936950684,,,0.10738864645361901,,73800,,-46.77401355,100.0
-45.32552826999999,,74000,,101,732,,100.0,,740,,
-45.36985219000001,0.001,74400,54.29010116577148,101,734,0.12165454126894475,100.0,74200,744,,
,0.001,74500,54.37359588623047,,,0.09845367472618818,,74300,,-47.096828450000004,100.0
-45.57367979,0.001,74800,54.37643730163574,101,738,0.13804799605160953,100.0,74600,748,,
,0.001,75000,54.569504776000976,,,0.09800750799477101,,74800,,-47.25093689999999,100.0
-45.37189830000001,0.001,75200,54.464967575073246,101,742,0.0987978831678629,100.0,75000,752,,
,0.001,75500,54.46381790161133,,,0.09379236534237861,,75300,,-45.088493299999996,100.0
-45.140266010000005,0.001,75600,54.48071472167969,101,746,0.11969422869384289,100.0,75400,756,,
,0.001,76000,54.53200843811035,,,0.08939370762556792,,75800,,-46.967410400000006,100.0
-45.22936689000001,,76000,,101,750,,100.0,,760,,
-45.0817509,0.001,76400,54.56737678527832,101,752,0.09535145983099938,100.0,76200,764,,
,0.001,76500,54.666655654907224,,,0.09692477531731129,,76300,,-45.646999949999994,100.0
-45.232760010000014,0.001,76800,54.695573806762695,101,756,0.09392175570130348,100.0,76600,768,,
,0.001,77000,54.73203292846679,,,0.12232931070029736,,76800,,-49.32913275,100.0
-45.08218412999999,0.001,77200,54.78727386474609,101,760,0.08354550674557686,100.0,77000,772,,
,0.001,77500,54.873318099975585,,,0.09736182454973459,,77300,,-47.89250510000001,100.0
-45.041835169999985,0.001,77600,54.792962341308595,101,764,0.10384229548275471,100.0,77400,776,,
,0.001,78000,54.893752365112306,,,0.08640744194388389,,77800,,-45.6706132,100.0
-44.90389208999999,,78000,,101,768,,100.0,,780,,
-44.74487104000001,0.001,78400,54.949095458984374,101,770,0.09200465507805347,100.0,78200,784,,
,0.001,78500,54.981327819824216,,,0.0803678685799241,,78300,,-47.08547845,100.0
-44.65811238000002,0.001,78800,55.13588722229004,101,775,0.08197183810174465,100.0,78600,788,,
,0.001,79000,55.113035888671874,,,0.08868335623294116,,78800,,-45.161963449999995,100.0
-44.55276936,0.001,79200,55.13874778747559,101,779,0.11058785885572434,100.0,79000,792,,
,0.001,79500,55.10919006347656,,,0.10514294590801,,79300,,-46.6147994,100.0
-44.49815862000001,0.001,79600,55.07895248413086,101,783,0.08595286216586828,100.0,79400,796,,
,0.001,80000,55.207115478515625,,,0.08737371660768986,,79800,,-47.91468415000001,100.0
-44.34817072,,80000,,101,788,,100.0,,800,,
-44.501883849999984,0.001,80400,55.30004051208496,101,790,0.07839071482419968,100.0,80200,804,,
,0.001,80500,55.34057563781738,,,0.09701264973729849,,80300,,-46.68401065,100.0
-44.68569232,0.001,80800,55.24766731262207,101,794,0.07529955625534057,100.0,80600,808,,
,0.001,81000,55.344356079101566,,,0.09800363302230836,,80800,,-45.728396749999995,100.0
-44.901332809999985,0.001,81200,55.30743515014648,101,798,0.09236796729266644,100.0,81000,812,,
,0.001,81500,55.34825614929199,,,0.08755405142903327,,81300,,-45.9937241,100.0
-44.72459184,0.001,81600,55.368045501708984,101,802,0.09066174507141113,100.0,81400,816,,
,0.001,82000,55.4792520904541,,,0.07850735526531935,,81800,,-48.45267905,100.0
-44.81723313,,82000,,101,807,,100.0,,820,,
-44.83145321,0.001,82400,55.50741676330566,101,809,0.0851566096022725,100.0,82200,824,,
,0.001,82500,55.59238243103027,,,0.1023842854052782,,82300,,-48.732926000000006,100.0
-45.0449784,0.001,82800,55.57783851623535,101,814,0.10190395094454288,100.0,82600,828,,
,0.001,83000,55.50364189147949,,,0.08264390803873539,,82800,,-46.17663385,100.0
-44.66021456000001,0.001,83200,55.59279342651367,101,818,0.08479202467948198,100.0,83000,832,,
,0.001,83500,55.62783493041992,,,0.09936685182154179,,83300,,-50.44161584999999,100.0
-44.810774460000005,0.001,83600,55.57053276062012,101,822,0.0926883227750659,100.0,83400,836,,
,0.001,84000,55.698699417114256,,,0.11312745347619056,,83800,,-47.920052049999995,100.0
-44.28462242,,84000,,101,826,,100.0,,840,,
-44.10035675,0.001,84400,55.645875778198246,101,829,0.07627299200743437,100.0,84200,844,,
,0.001,84500,55.7200513458252,,,0.10442933306097985,,84300,,-47.63869095,100.0
-43.94036016,0.001,84800,55.662959289550784,101,833,0.0756176121160388,100.0,84600,848,,
,0.001,85000,55.65182487487793,,,0.08405044160783291,,84800,,-45.714221450000004,100.0
-44.01966681,0.001,85200,55.70124740600586,101,838,0.10141306858509778,100.0,85000,852,,
,0.001,85500,55.796524658203126,,,0.08701424591243268,,85300,,-45.8859781,100.0
-44.27078995,0.001,85600,55.802962112426755,101,843,0.08996180959045887,100.0,85400,856,,
,0.001,86000,55.83679649353027,,,0.08418257091194391,,85800,,-46.228742499999996,100.0
-44.032978799999995,,86000,,101,847,,100.0,,860,,
-44.12221055999999,0.001,86400,55.84912826538086,101,850,0.12912428308278323,100.0,86200,864,,
,0.001,86500,55.886699523925785,,,0.10657315708696842,,86300,,-49.241315099999994,100.0
-44.04905933,0.001,86800,55.91787940979004,101,854,0.09245555996894836,100.0,86600,868,,
,0.001,87000,55.939077911376955,,,0.09287780709564686,,86800,,-46.59790355,100.0
-43.855083430000015,0.001,87200,55.94547073364258,101,858,0.08594029448926449,100.0,87000,872,,
,0.001,87500,55.90263977050781,,,0.10722023382782936,,87300,,-47.877154399999995,100.0
-43.83156578999999,0.001,87600,55.8847452545166,101,862,0.11639224421232938,100.0,87400,876,,
,0.001,88000,56.05193725585937,,,0.10195050202310085,,87800,,-46.99632595,100.0
-43.706674480000004,,88000,,101,867,,100.0,,880,,
-43.562543610000006,0.001,88400,55.99423454284668,101,869,0.10226893290877342,100.0,88200,884,,
,0.001,88500,56.03074905395508,,,0.09854584563523532,,88300,,-46.32302095,100.0
-43.719193970000006,0.001,88800,56.15856910705566,101,873,0.10185314550995826,100.0,88600,888,,
,0.001,89000,56.106166458129884,,,0.09451787546277046,,88800,,-46.41557525,100.0
-43.5673287,0.001,89200,55.940488967895504,101,878,0.08596464838832617,100.0,89000,892,,
,0.001,89500,56.13124855041504,,,0.09896737612783908,,89300,,-47.09263965,100.0
-43.738578180000005,0.001,89600,55.988029403686525,101,882,0.10864018630236387,100.0,89400,896,,
,0.001,90000,56.058205184936526,,,0.09825899612158537,,89800,,-47.50455434999999,100.0
-43.861295229999996,,90000,,101,886,,100.0,,900,,
-43.86744988,0.001,90400,56.136481857299806,101,888,0.10636225827038288,100.0,90200,904,,
,0.001,90500,56.01226615905762,,,0.1049303499609232,,90300,,-47.480724349999996,100.0
-43.97312183,0.001,90800,56.114809112548826,101,892,0.13028592020273208,100.0,90600,908,,
,0.001,91000,56.11339614868164,,,0.10807716347277165,,90800,,-47.588768550000005,100.0
-43.83620444,0.001,91200,55.99458183288574,101,896,0.11020976707339286,100.0,91000,912,,
,0.001,91500,56.117381439208984,,,0.09936414442956448,,91300,,-47.6285215,100.0
-43.795324790000016,0.001,91600,56.09914131164551,101,900,0.097559247687459,100.0,91400,916,,
,0.001,92000,56.07047485351563,,,0.10801303371787072,,91800,,-46.8509859,100.0
-43.83310567,,92000,,101,904,,100.0,,920,,
-43.89793555999999,0.001,92400,56.20480453491211,101,907,0.09974031388759613,100.0,92200,924,,
,0.001,92500,56.15085777282715,,,0.10887114726006984,,92300,,-48.497979099999995,100.0
-43.45594153,0.001,92800,56.21246047973633,101,911,0.12214074477553367,100.0,92600,928,,
,0.001,93000,56.208237686157226,,,0.10484176531434058,,92800,,-47.028935350000005,100.0
-43.62355618000001,0.001,93200,56.10718055725098,101,915,0.11831147607415915,100.0,93000,932,,
,0.001,93500,56.271028671264645,,,0.09754023086279631,,93300,,-46.14024539999999,100.0
-43.88601668000001,0.001,93600,56.20054244995117,101,919,0.09454435344785452,100.0,93400,936,,
,0.001,94000,56.232963943481444,,,0.10787404600530863,,93800,,-47.95228265,100.0
-44.069090859999996,,94000,,101,923,,100.0,,940,,
-44.49977122999999,0.001,94400,56.275845794677736,101,926,0.09166542544960976,100.0,94200,944,,
,0.001,94500,56.32414222717285,,,0.09545142218470573,,94300,,-48.7302899,100.0
-44.60246919,0.001,94800,56.27343589782715,101,930,0.09682412099093199,100.0,94600,948,,
,0.001,95000,56.17890678405762,,,0.09674879048019648,,94800,,-49.1457525,100.0
-44.63972716,0.001,95200,56.30662544250488,101,934,0.10817364975810051,100.0,95000,952,,
,0.001,95500,56.29881591796875,,,0.08984150335192681,,95300,,-47.91834145,100.0
-44.82084351,0.001,95600,56.18700813293457,101,939,0.09731398679316045,100.0,95400,956,,
,0.001,96000,56.229542922973636,,,0.1159911896660924,,95800,,-47.526207649999996,100.0
-44.763626169999995,,96000,,101,943,,100.0,,960,,
-44.460076,0.001,96400,56.26602058410644,101,945,0.09396804559975863,100.0,96200,964,,
,0.001,96500,56.35305595397949,,,0.10182270959019661,,96300,,-47.519120300000004,100.0
-44.47171933,0.001,96800,56.30893646240234,101,949,0.12250099264085293,100.0,96600,968,,
,0.001,97000,56.27375244140625,,,0.092366016022861,,96800,,-47.01998835,100.0
-44.62794954,0.001,97200,56.24228408813477,101,953,0.08772441785782575,100.0,97000,972,,
,0.001,97500,56.21018257141113,,,0.08899009723216295,,97300,,-45.49289685,100.0
-44.44710589,0.001,97600,56.20595642089844,101,956,0.09913282606750727,100.0,97400,976,,
,0.001,98000,56.29953880310059,,,0.0881759350001812,,97800,,-45.77687035000001,100.0
-44.710689529999996,,98000,,101,960,,100.0,,980,,
-45.10558203000001,0.001,98400,56.29110527038574,102,963,0.10510773658752441,100.0,98200,984,,
,0.001,98500,56.19669197082519,,,0.09896102108061314,,98300,,-45.77844085,100.0
-45.31910157,0.001,98800,56.20229736328125,102,967,0.08909400381147861,100.0,98600,988,,
,0.001,99000,56.14002182006836,,,0.11341148197650909,,98800,,-45.59577645,100.0
-45.57012066,0.001,99200,56.25710105895996,102,971,0.09473849106580019,100.0,99000,992,,
,0.001,99500,56.273332061767576,,,0.0875312177836895,,99300,,-44.52337155,100.0
-45.38043802999999,0.001,99600,56.171712951660155,102,975,0.11280113097280264,100.0,99400,996,,
,0.001,100000,56.15353034973145,,,0.09109798096120357,,99800,,-47.663505900000004,100.0
-45.440827690000006,,100000,,102,979,,100.0,,1000,,
-45.132209460000006,0.001,100400,56.09185371398926,102,982,0.08960602156817914,100.0,100200,1004,,
,0.001,100500,56.1380493927002,,,0.08165714047849178,,100300,,-45.7497981,100.0
-44.85616357999999,0.001,100800,56.153655242919925,102,986,0.08902624979615212,100.0,100600,1008,,
,0.001,101000,56.32511772155762,,,0.07865515198558569,,100800,,-46.204012600000006,100.0
-44.856884709999996,0.001,101200,56.24974090576172,102,990,0.11412182480096816,100.0,101000,1012,,
,0.001,101500,56.085102005004885,,,0.0881394498795271,,101300,,-45.1117972,100.0
-44.70594282000001,0.001,101600,56.23300743103027,102,993,0.08963192109018564,100.0,101400,1016,,
,0.001,102000,56.1299250793457,,,0.08976092483848333,,101800,,-47.571960100000005,100.0
-44.79161715,,102000,,102,997,,100.0,,1020,,
-44.54654539999999,0.001,102400,56.118143768310546,102,1000,0.08304390989243984,100.0,102200,1024,,
,0.001,102500,56.0948518371582,,,0.08670665752142667,,102300,,-46.224152499999995,100.0
-44.807631500000014,0.001,102800,56.14762382507324,102,1004,0.08944814581423997,100.0,102600,1028,,
,0.001,103000,56.13103454589844,,,0.08021050017327071,,102800,,-45.11238629999999,100.0
-44.61566792000001,0.001,103200,56.134600143432614,102,1008,0.08783633049577474,100.0,103000,1032,,
,0.001,103500,56.03066192626953,,,0.07890824798494578,,103300,,-45.236352200000006,100.0
-44.20988685000001,0.001,103600,56.075986328125,102,1011,0.09248645886778832,100.0,103400,1036,,
,0.001,104000,56.04565841674805,,,0.07834008242934942,,103800,,-44.923915150000006,100.0
-44.20586711,,104000,,102,1015,,100.0,,1040,,
-43.78477668000001,0.001,104400,56.065183792114254,102,1017,0.11130580075085163,100.0,104200,1044,,
,0.001,104500,56.09608291625977,,,0.0751147073879838,,104300,,-46.17055965,100.0
-43.50428763000001,0.001,104800,56.01254028320312,102,1021,0.09480160053819418,100.0,104600,1048,,
,0.001,105000,56.1172346496582,,,0.07985711749643087,,104800,,-45.3318857,100.0
-43.41925037000001,0.001,105200,56.00052253723145,102,1025,0.10180969923734665,100.0,105000,1052,,
,0.001,105500,56.07043670654297,,,0.08795848038047552,,105300,,-45.063530400000005,100.0
-43.40794037,0.001,105600,55.89551124572754,102,1028,0.07726981412619352,100.0,105400,1056,,
,0.001,106000,55.95243797302246,,,0.09143526814877986,,105800,,-44.91975645,100.0
-43.42340675,,106000,,102,1032,,100.0,,1060,,
-43.42949711999999,0.001,106400,55.98770805358887,102,1035,0.078782819211483,100.0,106200,1064,,
,0.001,106500,55.996864013671875,,,0.09816052690148354,,106300,,-44.9179996,100.0
-43.512017439999994,0.001,106800,55.94570434570313,102,1039,0.08379399109631777,100.0,106600,1068,,
,0.001,107000,55.792416687011716,,,0.08535111770033836,,106800,,-44.70023260000001,100.0
-43.53974109999999,0.001,107200,56.04915870666504,102,1042,0.07550761308521033,100.0,107000,1072,,
,0.001,107500,55.96616226196289,,,0.08554538082331418,,107300,,-45.09769180000001,100.0
-43.901699629999996,0.001,107600,55.9557088470459,102,1046,0.07959705632179975,100.0,107400,1076,,
,0.001,108000,55.93895851135254,,,0.07774405758827925,,107800,,-45.348755449999985,100.0
-43.601803939999996,,108000,,102,1050,,100.0,,1080,,
-43.362602360000004,0.001,108400,55.9457682800293,102,1053,0.08671770513057708,100.0,108200,1084,,
,0.001,108500,55.91236839294434,,,0.08230419032275677,,108300,,-45.96919555000001,100.0
-43.242608710000006,0.001,108800,56.01317565917969,102,1057,0.09131053160876036,100.0,108600,1088,,
,0.001,109000,55.95814460754394,,,0.09215153317898511,,108800,,-46.31034364999999,100.0
-43.396846800000006,0.001,109200,55.96507850646972,102,1061,0.0821366659924388,100.0,109000,1092,,
,0.001,109500,55.89957847595215,,,0.10020377643406392,,109300,,-45.126321049999994,100.0
-43.43012059000001,0.001,109600,55.8936264038086,102,1064,0.10388173036277294,100.0,109400,1096,,
,0.001,110000,55.97163009643555,,,0.07905036311596632,,109800,,-45.57191174999999,100.0
-43.17115383,,110000,,102,1068,,100.0,,1100,,
-43.15080252999999,0.001,110400,55.91618774414062,103,1071,0.07431988969445229,100.0,110200,1104,,
,0.001,110500,55.90485466003418,,,0.08470241520553827,,110300,,-47.04785595,100.0
-43.31404771,0.001,110800,55.97271041870117,103,1074,0.12106789745390416,100.0,110600,1108,,
,0.001,111000,55.872694396972655,,,0.10536205030977726,,110800,,-45.769453350000006,100.0
-43.373765459999994,0.001,111200,56.01302467346191,103,1078,0.09965947292745113,100.0,111000,1112,,
,0.001,111500,55.939601821899416,,,0.0900053795054555,,111300,,-45.86353785,100.0
-43.32631275000001,0.001,111600,55.85993881225586,103,1081,0.08550389595329762,100.0,111400,1116,,
,0.001,112000,55.94815994262695,,,0.08739721443504095,,111800,,-44.889824999999995,100.0
-43.27404438000001,,112000,,103,1085,,100.0,,1120,,
-43.56405882999999,0.001,112400,55.935206451416015,103,1087,0.10280288882553577,100.0,112200,1124,,
,0.001,112500,55.940338897705075,,,0.08809401929378509,,112300,,-44.91021289999999,100.0
-43.500294219999994,0.001,112800,55.87188095092773,103,1091,0.11029719904065133,100.0,112600,1128,,
,0.001,113000,55.861659927368166,,,0.09218143302947283,,112800,,-46.1168366,100.0
-43.69141924999999,0.001,113200,55.84979530334473,103,1095,0.10140328358858824,100.0,113000,1132,,
,0.001,113500,55.95542755126953,,,0.08110309284180403,,113300,,-44.622440299999994,100.0
-43.895768589999996,0.001,113600,55.86045417785645,103,1099,0.09124565951526165,100.0,113400,1136,,
,0.001,114000,55.82769721984863,,,0.09365958876907826,,113800,,-44.554976499999995,100.0
-43.536108649999996,,114000,,103,1103,,100.0,,1140,,
-43.933142159999996,0.001,114400,55.815249862670896,103,1105,0.0834703654423356,100.0,114200,1144,,
,0.001,114500,55.82873725891113,,,0.09169766124337912,,114300,,-48.219737050000006,100.0
-44.18489242,0.001,114800,55.76030342102051,103,1109,0.0867937332764268,100.0,114600,1148,,
,0.001,115000,55.707458877563475,,,0.09162534311413766,,114800,,-46.726713849999996,100.0
-44.21223167,0.001,115200,55.93036094665527,103,1114,0.08188748501241207,100.0,115000,1152,,
,0.001,115500,55.816476821899414,,,0.11783087879419327,,115300,,-47.524816,100.0
-44.118254050000004,0.001,115600,55.882328796386716,103,1118,0.11117783404886722,100.0,115400,1156,,
,0.001,116000,55.84980606079102,,,0.09455109238624573,,115800,,-45.42206185,100.0
-44.251684659999995,,116000,,103,1121,,100.0,,1160,,
-44.53070580000001,0.001,116400,55.900878829956056,103,1124,0.0901769283041358,100.0,116200,1164,,
,0.001,116500,55.933239135742184,,,0.10132092222571373,,116300,,-45.8309073,100.0
-44.57014395999999,0.001,116800,55.86799034118653,103,1127,0.11062034543603659,100.0,116600,1168,,
,0.001,117000,55.70369178771973,,,0.1001397904753685,,116800,,-46.1141213,100.0
-44.235889439999994,0.001,117200,55.93043098449707,103,1131,0.10166932284832,100.0,117000,1172,,
,0.001,117500,56.01882011413574,,,0.08953547608107329,,117300,,-45.4578456,100.0
-44.15604335999999,0.001,117600,55.941363677978515,103,1135,0.09843633528798819,100.0,117400,1176,,
,0.001,118000,55.91877792358398,,,0.09948349125683308,,117800,,-44.716006349999994,100.0
-44.05132188999999,,118000,,103,1139,,100.0,,1180,,
-43.867917340000005,0.001,118400,55.77848518371582,103,1142,0.10742545925080776,100.0,118200,1184,,
,0.001,118500,55.92762847900391,,,0.10109925411641597,,118300,,-45.232473850000005,100.0
-43.689023660000004,0.001,118800,56.01737754821777,103,1146,0.09038647696375847,100.0,118600,1188,,
,0.001,119000,55.96831047058105,,,0.11818283524364233,,118800,,-45.6948472,100.0
-43.46306858999999,0.001,119200,55.90507331848144,103,1150,0.10826608158648014,100.0,119000,1192,,
,0.001,119500,55.83205078125,,,0.1204814288765192,,119300,,-46.18590805000001,100.0
-43.51181041999999,0.001,119600,56.057506790161135,103,1154,0.11940431416034698,100.0,119400,1196,,
,0.001,120000,55.90765625,,,0.10718598701059819,,119800,,-45.69506750000001,100.0
-43.54531228,,120000,,103,1158,,100.0,,1200,,
-43.42242072,0.001,120400,55.912348403930665,103,1161,0.09841373339295387,100.0,120200,1204,,
,0.001,120500,55.904672622680664,,,0.11102193295955658,,120300,,-44.74785704999999,100.0
-43.37274089999999,0.001,120800,56.062293243408206,103,1165,0.13020676024258138,100.0,120600,1208,,
,0.001,121000,55.97146072387695,,,0.1165927642211318,,120800,,-49.119321799999994,100.0
-43.236132519999984,0.001,121200,55.92002700805664,103,1168,0.12197889775037765,100.0,121000,1212,,
,0.001,121500,56.06290260314941,,,0.11431262161582709,,121300,,-45.53339675,100.0
-43.42791733999999,0.001,121600,55.91767623901367,103,1172,0.10175854660570621,100.0,121400,1216,,
,0.001,122000,56.04484703063965,,,0.10947932843118906,,121800,,-45.42217684999999,100.0
-43.18386214,,122000,,103,1176,,100.0,,1220,,
-42.94527306999999,0.001,122400,55.91622825622559,103,1179,0.11959762871265411,100.0,122200,1224,,
,0.001,122500,55.96247749328613,,,0.11972123995423317,,122300,,-45.583702800000005,100.0
-43.08803236,0.001,122800,55.965085372924804,103,1183,0.12011548783630133,100.0,122600,1228,,
,0.001,123000,55.9134545135498,,,0.10448622316122055,,122800,,-51.302810750000006,100.0
-43.244326169999994,0.001,123200,56.00517509460449,103,1187,0.10433687280863524,100.0,123000,1232,,
,0.001,123500,56.059424591064456,,,0.10315155908465386,,123300,,-45.65341984999999,100.0
-43.12888275,0.001,123600,56.09686408996582,103,1192,0.09817049738019705,100.0,123400,1236,,
,0.001,124000,56.02630172729492,,,0.10986067596822977,,123800,,-48.03773975,100.0
-43.21980255,,124000,,103,1197,,100.0,,1240,,
-43.074821990000004,0.001,124400,55.90404144287109,103,1199,0.1197855880111456,100.0,124200,1244,,
,0.001,124500,55.982458877563474,,,0.0959128987789154,,124300,,-46.58901469999999,100.0
-42.84781201999999,0.001,124800,55.99019012451172,103,1203,0.09478003587573766,100.0,124600,1248,,
,0.001,125000,56.00957328796387,,,0.09907417878508568,,124800,,-45.258707,100.0
-42.55163581,0.001,125200,55.95710334777832,103,1207,0.09801683615893125,100.0,125000,1252,,
,0.001,125500,56.06402137756348,,,0.12189474210143089,,125300,,-44.1255225,100.0
-42.528421900000005,0.001,125600,55.996477127075195,103,1211,0.10848793901503086,100.0,125400,1256,,
,0.001,126000,56.13060386657715,,,0.1074735314771533,,125800,,-44.32331129999999,100.0
-42.37264115999999,,126000,,103,1214,,100.0,,1260,,
-42.13953832999999,0.001,126400,56.00667427062988,103,1217,0.08905333783477545,100.0,126200,1264,,
,0.001,126500,56.02506706237793,,,0.09687140330672264,,126300,,-43.2632864,100.0
-41.99763991,0.001,126800,56.04803565979004,103,1221,0.09746961530297994,100.0,126600,1268,,
,0.001,127000,56.010331802368164,,,0.09327637508511544,,126800,,-43.963850850000014,100.0
-41.91753995000001,0.001,127200,56.12899078369141,103,1224,0.10486419700086116,100.0,127000,1272,,
,0.001,127500,55.963966369628906,,,0.09723585158586502,,127300,,-47.870971850000004,100.0
-41.87412346,0.001,127600,55.90990058898926,103,1228,0.09845087308436633,100.0,127400,1276,,
,0.001,128000,56.14045463562012,,,0.13445047214627265,,127800,,-45.973201749999994,100.0
-42.04795542,,128000,,103,1232,,100.0,,1280,,
-42.20283658,0.001,128400,55.969711227416994,103,1234,0.10115996703505516,100.0,128200,1284,,
,0.001,128500,56.049934768676756,,,0.11813302483409643,,128300,,-45.5171509,100.0
-42.22996792,0.001,128800,56.05112411499024,103,1238,0.09014356397092342,100.0,128600,1288,,
,0.001,129000,56.03947845458984,,,0.10824714485555888,,128800,,-45.362964149999996,100.0
-42.22483792,0.001,129200,56.01874824523926,103,1242,0.09202552292495966,100.0,129000,1292,,
,0.001,129500,56.10313980102539,,,0.08778988640755415,,129300,,-44.39365995,100.0
-42.138471009999996,0.001,129600,56.05533294677734,104,1245,0.08584918893873691,100.0,129400,1296,,
,0.001,130000,56.08735733032226,,,0.09313291385769844,,129800,,-42.98656545,100.0
-42.12890136000001,,130000,,104,1249,,100.0,,1300,,
-42.27691114,0.001,130400,56.06408851623535,104,1251,0.10871492963284254,100.0,130200,1304,,
,0.001,130500,56.1536799621582,,,0.16843626011162996,,130300,,-43.2349395,100.0
-42.27148655,0.001,130800,56.064890747070315,104,1255,0.09988400734961032,100.0,130600,1308,,
,0.001,131000,56.0721443939209,,,0.08641400575637817,,130800,,-43.27420085,100.0
-42.08392512,0.001,131200,55.97036857604981,104,1259,0.09256880037486553,100.0,131000,1312,,
,0.001,131500,56.22157035827637,,,0.09773943345993757,,131300,,-43.7633116,100.0
-42.04998268,0.001,131600,56.121280364990234,104,1263,0.08433685481548309,100.0,131400,1316,,
,0.001,132000,56.03759971618652,,,0.10073481328785419,,131800,,-44.891290299999994,100.0
-42.10170746,,132000,,104,1267,,100.0,,1320,,
-42.07576058000001,0.001,132400,56.03111381530762,104,1269,0.10019935205578805,100.0,132200,1324,,
,0.001,132500,56.105225524902345,,,0.10012337420135736,,132300,,-43.8029922,100.0
-41.92595856,0.001,132800,56.13608901977539,104,1273,0.10089076548814774,100.0,132600,1328,,
,0.001,133000,56.14085662841797,,,0.09394576381891966,,132800,,-44.55717014999999,100.0
-41.54868158,0.001,133200,56.15089073181152,104,1277,0.09868703357875347,100.0,133000,1332,,
,0.001,133500,56.10497596740723,,,0.08646622601896524,,133300,,-45.10462,100.0
-41.67724612000001,0.001,133600,56.12652488708496,104,1281,0.10849371582269668,100.0,133400,1336,,
,0.001,134000,56.23303764343262,,,0.09488154903054237,,133800,,-45.1571713,100.0
-41.71617085,,134000,,104,1285,,100.0,,1340,,
-41.58661394000001,0.001,134400,56.096867904663085,104,1288,0.11102767534554005,100.0,134200,1344,,
,0.001,134500,56.090762252807615,,,0.11872681558132171,,134300,,-43.91794484999999,100.0
-41.79480366999999,0.001,134800,56.09691047668457,104,1291,0.10073121417313814,100.0,134600,1348,,
,0.001,135000,56.04668479919434,,,0.11172416806221008,,134800,,-45.03063355,100.0
-42.11951587000001,0.001,135200,56.133268661499024,104,1295,0.12320247385650873,100.0,135000,1352,,
,0.001,135500,56.10457489013672,,,0.11096944950520993,,135300,,-44.39539729999999,100.0
-41.67120143,0.001,135600,56.03507431030273,104,1299,0.11397219780832529,100.0,135400,1356,,
,0.001,136000,56.070863037109376,,,0.10551531296223401,,135800,,-43.8382386,100.0
-41.47723315,,136000,,104,1304,,100.0,,1360,,
-41.59461298,0.001,136400,56.18445404052734,104,1306,0.10400192268192768,100.0,136200,1364,,
,0.001,136500,56.05732765197754,,,0.09542652580887079,,136300,,-46.85846479999999,100.0
-41.66705927000001,0.001,136800,55.94775856018067,104,1310,0.08898502074182034,100.0,136600,1368,,
,0.001,137000,56.00241989135742,,,0.09720590125769377,,136800,,-44.26085024999999,100.0
-41.95319734,0.001,137200,56.08654518127442,104,1314,0.11987557798624039,100.0,137000,1372,,
,0.001,137500,55.99943321228027,,,0.09785184986889363,,137300,,-46.497775450000006,100.0
-41.89260102,0.001,137600,56.18181564331055,104,1318,0.1218742036819458,100.0,137400,1376,,
,0.001,138000,55.967744750976564,,,0.1052320209890604,,137800,,-48.3943111,100.0
-41.92208402999999,,138000,,104,1322,,100.0,,1380,,
-41.94685997,0.001,138400,56.16291877746582,104,1324,0.10313730902969837,100.0,138200,1384,,
,0.001,138500,56.28549438476563,,,0.10536102253943681,,138300,,-45.4571001,100.0
-41.78019823,0.001,138800,56.145089111328126,104,1328,0.09692220222204924,100.0,138600,1388,,
,0.001,139000,56.03885124206543,,,0.10993395477533341,,138800,,-45.72407775,100.0
-41.85635560000001,0.001,139200,56.1228719329834,104,1332,0.09879932586103678,100.0,139000,1392,,
,0.001,139500,56.229007415771484,,,0.09930072855204344,,139300,,-45.34589425,100.0
-41.80490316999999,0.001,139600,56.04095771789551,104,1336,0.10329589765518904,100.0,139400,1396,,
,0.001,140000,56.12871002197266,,,0.12060061547905207,,139800,,-46.3693033,100.0
-41.77225279,,140000,,104,1341,,100.0,,1400,,
-41.896448119999995,0.001,140400,56.10653747558594,104,1343,0.10079426068812608,100.0,140200,1404,,
,0.001,140500,56.153062438964845,,,0.10584589466452599,,140300,,-45.34794105,100.0
-41.740615049999995,0.001,140800,56.09790306091308,104,1347,0.09222201503813267,100.0,140600,1408,,
,0.001,141000,56.129629669189455,,,0.10501563109457493,,140800,,-44.64098465,100.0
-41.92032175,0.001,141200,56.145782928466794,104,1351,0.09599613230675459,100.0,141000,1412,,
,0.001,141500,56.08857719421387,,,0.0989113773033023,,141300,,-45.01706895,100.0
-42.267014370000005,0.001,141600,56.12094421386719,104,1355,0.12220541387796402,100.0,141400,1416,,
,0.001,142000,56.1525375366211,,,0.11743702828884124,,141800,,-45.19133480000001,100.0
-42.20752041,,142000,,104,1359,,100.0,,1420,,
-42.38883664,0.001,142400,56.159115371704104,104,1361,0.09059403780847788,100.0,142200,1424,,
,0.001,142500,56.12617874145508,,,0.09680836483836174,,142300,,-45.70464305,100.0
-42.3087924,0.001,142800,56.19510551452637,104,1365,0.10965768322348594,100.0,142600,1428,,
,0.001,143000,56.23754417419433,,,0.09848273184150458,,142800,,-45.141859749999995,100.0
-42.59476368,0.001,143200,56.21856185913086,104,1369,0.11662570044398307,100.0,143000,1432,,
,0.001,143500,56.24985931396484,,,0.09554916147142649,,143300,,-45.18727425,100.0
-42.4081235,0.001,143600,56.35833641052246,104,1373,0.09918281070888042,100.0,143400,1436,,
,0.001,144000,56.152620544433596,,,0.09296254508197307,,143800,,-45.50634935,100.0
-42.416322120000004,,144000,,104,1378,,100.0,,1440,,
-42.254197160000004,0.001,144400,56.062680587768554,104,1380,0.10099183820188046,100.0,144200,1444,,
,0.001,144500,56.168315200805665,,,0.09936595935374498,,144300,,-44.8414733,100.0
-41.94475027000001,0.001,144800,56.03023284912109,104,1384,0.1220808606594801,100.0,144600,1448,,
,0.001,145000,56.206754760742186,,,0.10264888979494571,,144800,,-45.265777400000005,100.0
-41.8071582,0.001,145200,56.130694732666015,104,1388,0.08391986574977636,100.0,145000,1452,,
,0.001,145500,56.169573593139646,,,0.08996529616415501,,145300,,-45.327257900000006,100.0
-42.07544545,0.001,145600,56.06671096801758,104,1392,0.11325607001781464,100.0,145400,1456,,
,0.001,146000,56.14445320129394,,,0.09110970567911864,,145800,,-45.31306445,100.0
-42.454769940000006,,146000,,104,1396,,100.0,,1460,,
-42.47713849000001,0.001,146400,56.18197395324707,104,1398,0.08312195140868425,100.0,146200,1464,,
,0.001,146500,56.062775497436526,,,0.08977712534368038,,146300,,-45.21654925,100.0
-42.223622410000004,0.001,146800,56.20361175537109,104,1402,0.08977202340960502,100.0,146600,1468,,
,0.001,147000,56.05129669189453,,,0.09966387942433358,,146800,,-45.24069754999999,100.0
-42.212109520000006,0.001,147200,56.102337951660154,104,1406,0.09729187179356813,100.0,147000,1472,,
,0.001,147500,56.17488243103028,,,0.08566868834197522,,147300,,-44.91878625,100.0
-42.144498969999994,0.001,147600,56.23083724975586,104,1410,0.13304764673113822,100.0,147400,1476,,
,0.001,148000,56.19007606506348,,,0.10880072921514511,,147800,,-44.847060049999996,100.0
-41.97846117,,148000,,104,1414,,100.0,,1480,,
-41.873911449999994,0.001,148400,56.20373725891113,104,1416,0.09685509368777274,100.0,148200,1484,,
,0.001,148500,56.04679588317871,,,0.08140405263751745,,148300,,-46.42618295,100.0
-42.11247061,0.001,148800,56.08937324523926,104,1421,0.09184240270406008,100.0,148600,1488,,
,0.001,149000,55.98173477172852,,,0.10661929707974195,,148800,,-49.458124399999996,100.0
-42.012228990000004,0.001,149200,56.15913940429687,104,1425,0.09878766231238842,100.0,149000,1492,,
,0.001,149500,55.95326126098633,,,0.08252344582229852,,149300,,-45.091488850000005,100.0
-42.077892160000005,0.001,149600,55.96533103942871,104,1429,0.09332290399819612,100.0,149400,1496,,
,0.001,150000,55.94711708068848,,,0.0985518466681242,,149800,,-48.8857981,100.0
-42.13795288,,150000,,104,1433,,100.0,,1500,,
-42.2266064,0.001,150400,56.12813453674316,104,1436,0.09343464195728302,100.0,150200,1504,,
,0.001,150500,55.9156615447998,,,0.11073374088853598,,150300,,-48.05855330000001,100.0
-42.48603523999999,0.001,150800,56.117049102783206,104,1440,0.1222809524834156,100.0,150600,1508,,
,0.001,151000,55.98922370910645,,,0.09846824645996094,,150800,,-46.58752225,100.0
-42.48638193,0.001,151200,56.14538993835449,104,1444,0.1011573750153184,100.0,151000,1512,,
,0.001,151500,56.05437210083008,,,0.10554204881191254,,151300,,-46.126209349999996,100.0
-42.027377109999996,0.001,151600,56.067792434692386,104,1448,0.0957210873439908,100.0,151400,1516,,
,0.001,152000,55.97391967773437,,,0.10240126214921474,,151800,,-47.549334900000005,100.0
-42.010790289999996,,152000,,104,1452,,100.0,,1520,,
-41.81889451999999,0.001,152400,56.02192420959473,104,1454,0.10214408256113529,100.0,152200,1524,,
,0.001,152500,56.01002601623535,,,0.11915872510522604,,152300,,-46.0312442,100.0
-41.92691623,0.001,152800,55.93992515563965,104,1458,0.10607197616249323,100.0,152600,1528,,
,0.001,153000,56.121001739501956,,,0.11721210800111294,,152800,,-45.6152345,100.0
-41.66771538000001,0.001,153200,55.97562705993652,104,1462,0.10327674068510533,100.0,153000,1532,,
,0.001,153500,56.01099601745605,,,0.11767555736005306,,153300,,-46.398031450000005,100.0
-41.93606501,0.001,153600,56.01050651550293,104,1467,0.13161580204963685,100.0,153400,1536,,
,0.001,154000,55.94384078979492,,,0.12476971238851547,,153800,,-47.62140635,100.0
-42.094990929999994,,154000,,104,1471,,100.0,,1540,,
-42.350372539999995,0.001,154400,56.034135513305664,104,1473,0.13430840469896793,100.0,154200,1544,,
,0.001,154500,56.078994522094725,,,0.139824646897614,,154300,,-45.0170797,100.0
-42.804242380000005,0.001,154800,56.13840728759766,104,1477,0.1252214203774929,100.0,154600,1548,,
,0.001,155000,56.01611328125,,,0.11629463881254196,,154800,,-42.65622659999999,100.0
-42.72134454,0.001,155200,56.02424224853516,104,1481,0.11761670842766762,100.0,155000,1552,,
,0.001,155500,56.09117767333984,,,0.11101305574178695,,155300,,-45.293803049999994,100.0
-43.031804150000006,0.001,155600,56.1537572479248,104,1485,0.13370124325156213,100.0,155400,1556,,
,0.001,156000,56.11206192016601,,,0.13705738067626952,,155800,,-44.8918173,100.0
-43.181656780000004,,156000,,104,1489,,100.0,,1560,,
-43.1480662,0.001,156400,55.94783798217773,104,1492,0.15826988629996777,100.0,156200,1564,,
,0.001,156500,55.973936767578124,,,0.12020649034529925,,156300,,-44.0849376,100.0
-43.18255589999999,0.001,156800,55.987553100585934,104,1497,0.11067111056298018,100.0,156600,1568,,
,0.001,157000,56.01062850952148,,,0.10887214377522468,,156800,,-44.37058225,100.0
-43.09436259999998,0.001,157200,55.94645614624024,104,1501,0.12527064479887484,100.0,157000,1572,,
,0.001,157500,56.064959030151364,,,0.1344227571040392,,157300,,-45.3140894,100.0
-43.13842044,0.001,157600,56.03889961242676,104,1505,0.13064524136483668,100.0,157400,1576,,
,0.001,158000,56.17031608581543,,,0.11755248114466667,,157800,,-45.251261750000005,100.0
-43.59625961,,158000,,104,1509,,100.0,,1580,,
-43.45355232,0.001,158400,56.07634628295899,104,1511,0.14555406272411348,100.0,158200,1584,,
,0.001,158500,56.03665626525879,,,0.11983540218323468,,158300,,-44.9541689,100.0
-43.339318510000005,0.001,158800,56.06812210083008,104,1515,0.13054931093007327,100.0,158600,1588,,
,0.001,159000,56.085673828125,,,0.10491328991949558,,158800,,-47.83769975,100.0
-43.69294858999999,0.001,159200,56.216979064941405,104,1519,0.1079677514359355,100.0,159000,1592,,
,0.001,159500,56.149657821655275,,,0.10582535274326801,,159300,,-46.72495930000001,100.0
-43.75169994000001,0.001,159600,56.115436477661135,104,1523,0.12013582028448581,100.0,159400,1596,,
,0.001,160000,56.08660202026367,,,0.11567516595125199,,159800,,-46.4331003,100.0
-43.60479082,,160000,,104,1527,,100.0,,1600,,
-43.779875629999985,0.001,160400,56.11141716003418,104,1530,0.11334794256836175,100.0,160200,1604,,
,0.001,160500,56.08963371276855,,,0.10622364033013582,,160300,,-44.70223835,100.0
-43.38207859000001,0.001,160800,56.05526901245117,104,1534,0.11145206429064274,100.0,160600,1608,,
,0.001,161000,56.12717185974121,,,0.10011040583252907,,160800,,-46.6854885,100.0
-43.355173650000005,0.001,161200,56.084412841796876,104,1538,0.10010121006518602,100.0,161000,1612,,
,0.001,161500,55.98398445129394,,,0.09152020521461963,,161300,,-44.92626915,100.0
-43.34825903,0.001,161600,56.14537322998047,104,1542,0.09099979531019926,100.0,161400,1616,,
,0.001,162000,55.95588081359863,,,0.08645624928176403,,161800,,-47.36929345,100.0
-43.29830077,,162000,,104,1547,,100.0,,1620,,
-43.47233617,0.001,162400,56.057815322875975,104,1549,0.08972641669213771,100.0,162200,1624,,
,0.001,162500,55.89146125793457,,,0.11061319313943387,,162300,,-45.49130875,100.0
-43.48534679,0.001,162800,56.00513870239258,104,1553,0.09397730737924576,100.0,162600,1628,,
,0.001,163000,55.89894775390625,,,0.08780528582632542,,162800,,-45.16111305,100.0
-43.64714859000001,0.001,163200,55.98772689819336,104,1557,0.11933899428695441,100.0,163000,1632,,
,0.001,163500,56.00598686218262,,,0.09342369083315134,,163300,,-45.359899500000004,100.0
-43.666919560000004,0.001,163600,55.95187393188476,104,1561,0.10256866596639157,100.0,163400,1636,,
,0.001,164000,55.91701820373535,,,0.07902158971875906,,163800,,-45.8890205,100.0
-43.79690558,,164000,,104,1565,,100.0,,1640,,
-43.866737060000005,0.001,164400,55.91182258605957,104,1568,0.08439445991069078,100.0,164200,1644,,
,0.001,164500,55.90168365478516,,,0.11652175310999155,,164300,,-46.0240666,100.0
-43.73000664999999,0.001,164800,55.70986640930176,104,1572,0.09433376710861921,100.0,164600,1648,,
,0.001,165000,55.88393913269043,,,0.08974216133356094,,164800,,-46.34014900000001,100.0
-44.093162359999994,0.001,165200,55.854079742431644,104,1576,0.10196228463202715,100.0,165000,1652,,
,0.001,165500,55.84032066345215,,,0.0816756609454751,,165300,,-44.56207425,100.0
-43.943969689999996,0.001,165600,55.86488929748535,104,1580,0.09185198314487934,100.0,165400,1656,,
,0.001,166000,55.747460479736326,,,0.08353422183543444,,165800,,-45.31666789999999,100.0
-43.78799246999999,,166000,,104,1585,,100.0,,1660,,
-43.81899462000001,0.001,166400,55.80711364746094,104,1588,0.07624637562781572,100.0,166200,1664,,
,0.001,166500,55.680206756591794,,,0.07982551656663418,,166300,,-45.1062135,100.0
-44.12074704,0.001,166800,55.696134414672855,104,1592,0.08754930078983307,100.0,166600,1668,,
,0.001,167000,55.76881935119629,,,0.09756882213056088,,166800,,-44.26776415,100.0
-43.99079565,0.001,167200,55.67178588867188,104,1596,0.07775305472314357,100.0,167000,1672,,
,0.001,167500,55.674209136962894,,,0.08765967302024365,,167300,,-45.28946889999999,100.0
-44.14435246,0.001,167600,55.732201461791995,104,1600,0.10603923283517361,100.0,167400,1676,,
,0.001,168000,55.6655687713623,,,0.10433579728007317,,167800,,-46.4398044,100.0
-43.81242104999999,,168000,,104,1605,,100.0,,1680,,
-43.97093929999999,0.001,168400,55.442338104248044,104,1607,0.08408972430974244,100.0,168200,1684,,
,0.001,168500,55.59601829528808,,,0.0786424557864666,,168300,,-45.35509090000001,100.0
-44.093555970000004,0.001,168800,55.67971626281738,104,1611,0.08100422784686089,100.0,168600,1688,,
,0.001,169000,55.71804557800293,,,0.09372936151921749,,168800,,-45.4070363,100.0
-43.853835509999996,0.001,169200,55.564462203979495,104,1615,0.0988016664236784,100.0,169000,1692,,
,0.001,169500,55.56359580993652,,,0.09725829258561135,,169300,,-45.7040455,100.0
-44.023533869999994,0.001,169600,55.64404457092285,104,1620,0.09091848120093346,100.0,169400,1696,,
,0.001,170000,55.59815185546875,,,0.0913495472818613,,169800,,-47.479751400000005,100.0
-44.542566609999994,,170000,,104,1625,,100.0,,1700,,
-44.20256125000001,0.001,170400,55.454315185546875,104,1628,0.1957648519426584,100.0,170200,1704,,
,0.001,170500,55.39270942687988,,,0.12060972183942795,,170300,,-45.2034913,100.0
-44.42382172000001,0.001,170800,55.557612075805665,104,1632,0.08810380272567273,100.0,170600,1708,,
,0.001,171000,55.46283164978027,,,0.09480072516947985,,170800,,-48.33592159999999,100.0
-44.27169785999999,0.001,171200,55.397975845336916,104,1636,0.10279116608202457,100.0,171000,1712,,
,0.001,171500,55.51108879089355,,,0.10398415729403496,,171300,,-48.91185324999999,100.0
-44.47882619999999,0.001,171600,55.441880264282226,104,1640,0.12289037346839905,100.0,171400,1716,,
,0.001,172000,55.27017929077149,,,0.10329001560807229,,171800,,-46.27393385,100.0
-44.84816427999999,,172000,,104,1645,,100.0,,1720,,
-45.04229605999999,0.001,172400,55.36569885253906,104,1647,0.10254652619361877,100.0,172200,1724,,
,0.001,172500,55.38394958496094,,,0.10104091282933951,,172300,,-46.565759650000004,100.0
-45.09053253000002,0.001,172800,55.42981025695801,104,1651,0.09650052178651095,100.0,172600,1728,,
,0.001,173000,55.36826393127441,,,0.10375944301486015,,172800,,-45.98237985,100.0
-45.187262989999994,0.001,173200,55.45666290283203,104,1655,0.14732208531349897,100.0,173000,1732,,
,0.001,173500,55.391579666137694,,,0.11067080315202475,,173300,,-47.3128147,100.0
-45.21610278999999,0.001,173600,55.42735855102539,104,1660,0.12497740320861339,100.0,173400,1736,,
,0.001,174000,55.46975532531738,,,0.11784068301320076,,173800,,-48.70166985000001,100.0
-45.27479375,,174000,,104,1664,,100.0,,1740,,
-45.0683389,0.001,174400,55.28513084411621,104,1666,0.13795826505869627,100.0,174200,1744,,
,0.001,174500,55.468643798828126,,,0.12528876449912787,,174300,,-47.2830632,100.0
-44.93842992999999,0.001,174800,55.42115829467773,104,1670,0.10395152308046818,100.0,174600,1748,,
,0.001,175000,55.341973876953126,,,0.11710344653576613,,174800,,-45.9671806,100.0
-44.75572156000001,0.001,175200,55.20609878540039,104,1675,0.12689301036298276,100.0,175000,1752,,
,0.001,175500,55.14101707458496,,,0.10624264813959598,,175300,,-47.710038950000005,100.0
-44.65588230000001,0.001,175600,55.19274040222168,104,1679,0.10501066960394383,100.0,175400,1756,,
,0.001,176000,55.19202735900879,,,0.1180938521027565,,175800,,-48.6625578,100.0
-44.53809261000001,,176000,,104,1683,,100.0,,1760,,
-44.41322466,0.001,176400,55.145144577026365,104,1685,0.10524380512535572,100.0,176200,1764,,
,0.001,176500,55.21973808288574,,,0.10436361085623502,,176300,,-46.61883815,100.0
-44.09109262,0.001,176800,55.14792533874512,104,1690,0.10456024620682002,100.0,176600,1768,,
,0.001,177000,55.196413116455076,,,0.10296843063086271,,176800,,-46.825293949999995,100.0
-44.19343377999999,0.001,177200,55.12896011352539,104,1694,0.1261155355721712,100.0,177000,1772,,
,0.001,177500,55.10057250976563,,,0.10197935976088048,,177300,,-47.83084905,100.0
-44.11385962,0.001,177600,55.1180184173584,104,1698,0.08521349739283324,100.0,177400,1776,,
,0.001,178000,55.078224639892575,,,0.09557144548743964,,177800,,-46.66213319999999,100.0
-44.35175505,,178000,,104,1703,,100.0,,1780,,
-44.19602314000001,0.001,178400,54.97719841003418,104,1705,0.09655866146087647,100.0,178200,1784,,
,0.001,178500,55.15768531799316,,,0.1352689479291439,,178300,,-49.3702563,100.0
-44.24784908999999,0.001,178800,55.13354385375977,104,1709,0.11167371019721031,100.0,178600,1788,,
,0.001,179000,55.13255844116211,,,0.10976849146187305,,178800,,-45.2577289,100.0
-43.974616770000004,0.001,179200,55.038903350830076,104,1714,0.1157636608555913,100.0,179000,1792,,
,0.001,179500,55.092314910888675,,,0.08288503129035235,,179300,,-45.62713674999999,100.0
-44.06229247,0.001,179600,54.94944900512695,104,1718,0.10436867754906416,100.0,179400,1796,,
,0.001,180000,55.053724975585936,,,0.1382963377982378,,179800,,-46.43585904999999,100.0
-43.707836069999985,,180000,,104,1722,,100.0,,1800,,
-44.330077370000005,0.001,180400,55.04292213439941,104,1725,0.09983606744557619,100.0,180200,1804,,
,0.001,180500,54.955318450927734,,,0.12550932236015797,,180300,,-48.033594650000005,100.0
-44.69609978000001,0.001,180800,54.96618370056152,104,1730,0.10923923213034868,100.0,180600,1808,,
,0.001,181000,55.15404739379883,,,0.09505731005221606,,180800,,-45.049387249999995,100.0
-45.004958849999994,0.001,181200,54.99731712341308,104,1734,0.10237690899521112,100.0,181000,1812,,
,0.001,181500,54.95073028564453,,,0.10203127756714821,,181300,,-48.09019875,100.0
-45.06526801,0.001,181600,54.963854751586915,104,1739,0.08690925780683756,100.0,181400,1816,,
,0.001,182000,54.943605270385746,,,0.08514777883887291,,181800,,-43.965004949999994,100.0
-44.866230879999996,,182000,,104,1743,,100.0,,1820,,
-44.35808539,0.001,182400,54.81802345275879,104,1746,0.0925460735335946,100.0,182200,1824,,
,0.001,182500,55.07390365600586,,,0.08869372580200434,,182300,,-44.386170050000004,100.0
-44.3229576,0.001,182800,55.01318405151367,104,1750,0.10339920785278083,100.0,182600,1828,,
,0.001,183000,54.93644371032715,,,0.08338526830077171,,182800,,-44.04704434999999,100.0
-44.069100260000006,0.001,183200,54.90273277282715,104,1754,0.09430217653512955,100.0,183000,1832,,
,0.001,183500,54.86707885742187,,,0.09269883248955012,,183300,,-45.430156950000004,100.0
-44.05768887,0.001,183600,54.944456558227536,104,1759,0.07444949015974998,100.0,183400,1836,,
,0.001,184000,54.99705932617187,,,0.09692758113145829,,183800,,-45.53000125,100.0
-43.76502660999999,,184000,,104,1763,,100.0,,1840,,
-43.72548215,0.001,184400,54.91673286437988,104,1766,0.07597106508910656,100.0,184200,1844,,
,0.001,184500,54.928503799438474,,,0.081793914437294,,184300,,-45.770230600000005,100.0
-43.602386450000004,0.001,184800,54.906953201293945,104,1770,0.07923987995833158,100.0,184600,1848,,
,0.001,185000,54.971562194824216,,,0.08712260857224464,,184800,,-45.549983999999995,100.0
-43.61715706999999,0.001,185200,54.84718811035156,104,1774,0.07445278782397509,100.0,185000,1852,,
,0.001,185500,54.91985374450684,,,0.08649998046457767,,185300,,-44.7472871,100.0
-43.66703573000001,0.001,185600,54.84860160827637,104,1779,0.07954347562044858,100.0,185400,1856,,
,0.001,186000,54.87801956176758,,,0.11572716176509858,,185800,,-45.69996035,100.0
-43.61575349000002,,186000,,104,1783,,100.0,,1860,,
-43.917771650000006,0.001,186400,54.798777465820315,104,1786,0.07808309409767389,100.0,186200,1864,,
,0.001,186500,54.71280319213867,,,0.06299107499420643,,186300,,-45.46032515,100.0
-44.01279535,0.001,186800,54.78269500732422,104,1790,0.09920529007911683,100.0,186600,1868,,
,0.001,187000,54.74777328491211,,,0.089989003688097,,186800,,-46.8177458,100.0
-44.177614649999995,0.001,187200,54.8450447845459,104,1794,0.07188236720860004,100.0,187000,1872,,
,0.001,187500,54.842151184082034,,,0.07823300089687109,,187300,,-45.8728591,100.0
-44.44242805,0.001,187600,54.78265480041504,104,1799,0.0818702707067132,100.0,187400,1876,,
,0.001,188000,54.95326454162598,,,0.07987172298133373,,187800,,-43.90435229999999,100.0
-44.14372990000001,,188000,,104,1803,,100.0,,1880,,
-44.19478532,0.001,188400,54.78751251220703,104,1805,0.08368973594158888,100.0,188200,1884,,
,0.001,188500,54.92438453674316,,,0.09561397299170495,,188300,,-44.35356,100.0
-43.993071230000005,0.001,188800,54.87686592102051,104,1810,0.07703665494918824,100.0,188600,1888,,
,0.001,189000,54.82032211303711,,,0.07781866353005171,,188800,,-44.286420549999995,100.0
-44.394491280000004,0.001,189200,54.723469467163085,104,1815,0.11638145741075277,100.0,189000,1892,,
,0.001,189500,54.75374626159668,,,0.09086355477571488,,189300,,-45.486213899999996,100.0
-44.33698345,0.001,189600,54.80051567077637,104,1819,0.07375008288770914,100.0,189400,1896,,
,0.001,190000,54.85951148986816,,,0.0669700613245368,,189800,,-45.2339588,100.0
-44.164220490000005,,190000,,104,1824,,100.0,,1900,,
-43.507352280000006,0.001,190400,54.69304634094238,104,1826,0.1036256692558527,100.0,190200,1904,,
,0.001,190500,54.81262565612793,,,0.0772769332677126,,190300,,-45.92429750000001,100.0
-42.884329830000006,0.001,190800,54.833227920532224,104,1830,0.07838734198361635,100.0,190600,1908,,
,0.001,191000,54.69839813232422,,,0.08784734319895506,,190800,,-48.27214905,100.0
-42.768959009999996,0.001,191200,54.8260538482666,104,1834,0.09292249754071236,100.0,191000,1912,,
,0.001,191500,54.75615203857422,,,0.10934253603219986,,191300,,-44.6619834,100.0
-42.549067990000005,0.001,191600,54.61837127685547,104,1838,0.06646282631903887,100.0,191400,1916,,
,0.001,192000,54.64948852539062,,,0.07693409588187933,,191800,,-46.7226413,100.0
-42.547451110000004,,192000,,104,1842,,100.0,,1920,,
-42.73758159000001,0.001,192400,54.766703033447264,104,1844,0.07961365338414908,100.0,192200,1924,,
,0.001,192500,54.73573532104492,,,0.08163315515965223,,192300,,-46.3312208,100.0
-42.68266232,0.001,192800,54.69654754638672,104,1848,0.08201176960021257,100.0,192600,1928,,
,0.001,193000,54.71529457092285,,,0.09051937002688647,,192800,,-46.33725534999999,100.0
-42.777885539999986,0.001,193200,54.75824913024903,104,1852,0.08626338828355073,100.0,193000,1932,,
,0.001,193500,54.75686317443848,,,0.07073458332568407,,193300,,-47.7701983,100.0
-42.589152379999994,0.001,193600,54.755695495605465,104,1856,0.06876708909869195,100.0,193400,1936,,
,0.001,194000,54.63889709472656,,,0.07444968789815903,,193800,,-46.521541,100.0
-42.850169189999995,,194000,,104,1860,,100.0,,1940,,
-42.72015781000001,0.001,194400,54.680099182128906,104,1862,0.0726213363558054,100.0,194200,1944,,
,0.001,194500,54.59559066772461,,,0.07563189510256052,,194300,,-46.454220150000005,100.0
-42.97107151,0.001,194800,54.66645957946778,104,1866,0.07533244214951992,100.0,194600,1948,,
,0.001,195000,54.68632469177246,,,0.08945056814700365,,194800,,-46.971849750000004,100.0
-43.23031989000001,0.001,195200,54.6469393157959,104,1871,0.07348056860268116,100.0,195000,1952,,
,0.001,195500,54.61389083862305,,,0.07882993884384631,,195300,,-45.8805582,100.0
-43.23490889,0.001,195600,54.64957725524902,104,1875,0.0797974220663309,100.0,195400,1956,,
,0.001,196000,54.62094703674316,,,0.06311751004308462,,195800,,-46.66210295,100.0
-43.33024312,,196000,,104,1879,,100.0,,1960,,
-43.07000633,0.001,196400,54.62799514770508,104,1881,0.06987625669687986,100.0,196200,1964,,
,0.001,196500,54.60144401550293,,,0.08371049337089062,,196300,,-45.4898309,100.0
-43.13216488999999,0.001,196800,54.83718208312988,104,1886,0.07415826234966516,100.0,196600,1968,,
,0.001,197000,54.71173027038574,,,0.066785988509655,,196800,,-47.69152045,100.0
-42.89681563999999,0.001,197200,54.664530181884764,104,1890,0.06872567694634199,100.0,197000,1972,,
,0.001,197500,54.52673324584961,,,0.09094970557838679,,197300,,-48.4435585,100.0
-42.64633718,0.001,197600,54.632087554931644,104,1894,0.13254950307309626,100.0,197400,1976,,
,0.001,198000,54.699625701904296,,,0.06667121674865484,,197800,,-46.555523699999995,100.0
-43.0720665,,198000,,104,1898,,100.0,,1980,,
-43.46197942999999,0.001,198400,54.69059074401856,104,1901,0.08229135062545538,100.0,198200,1984,,
,0.001,198500,54.620227584838865,,,0.0693263266608119,,198300,,-44.559926,100.0
-43.30582973,0.001,198800,54.687028121948245,104,1905,0.07052789863198995,100.0,198600,1988,,
,0.001,199000,54.63667167663574,,,0.08345979772508144,,198800,,-44.372694149999994,100.0
-43.30970515,0.001,199200,54.650173568725585,104,1910,0.06382595732808113,100.0,199000,1992,,
,0.001,199500,54.734508209228515,,,0.08007776554673911,,199300,,-45.16792515,100.0
-43.12900379,0.001,199600,54.735423736572265,104,1914,0.06563711237162352,100.0,199400,1996,,
,0.001,200000,54.62979835510254,,,0.08012549370527268,,199800,,-44.258882650000004,100.0
-43.072924329999985,,200000,,104,1918,,100.0,,2000,,
