rollout/ep_rew_mean,time/time_elapsed,time/episodes,time/fps,rollout/ep_len_mean,time/total_timesteps,train/learning_rate,train/n_updates,train/actor_loss,train/critic_loss,eval/mean_ep_length,eval/mean_reward
6.5,0,4,6490,6.5,26,,,,,,
5.75,0,8,6523,5.75,46,,,,,,
6.0,0,12,6539,6.0,72,,,,,,
6.1875,0,16,6626,6.1875,99,,,,,,
5.6,0,20,1436,5.6,112,0.001,10,-0.8367199599742889,0.12230376899242401,,
5.166666666666667,0,24,827,5.166666666666667,124,0.001,22,-1.0588324666023254,0.022336476172010105,,
4.857142857142857,0,28,597,4.857142857142857,136,0.001,34,-1.0791841745376587,0.011060839518904686,,
4.625,0,32,487,4.625,148,0.001,46,-1.0641567707061768,0.009147501240173975,,
4.444444444444445,0,36,425,4.444444444444445,160,0.001,58,-1.102267861366272,0.005155439488589764,,
4.3,0,40,384,4.3,172,0.001,70,-1.1512229442596436,0.004546827170997858,,
4.181818181818182,0,44,354,4.181818181818182,184,0.001,82,-1.1909282803535461,0.0058866236358881,,
4.083333333333333,0,48,329,4.083333333333333,196,0.001,94,-1.1946004629135132,0.005609308990339438,,
4.0,0,52,308,4.0,208,0.001,106,-1.247080385684967,0.005397795078655084,,
3.9285714285714284,0,56,292,3.9285714285714284,220,0.001,118,-1.26659095287323,0.005363964786132176,,
3.8666666666666667,0,60,281,3.8666666666666667,232,0.001,130,-1.268528699874878,0.010270150223126015,,
3.8125,0,64,269,3.8125,244,0.001,142,-1.2930996417999268,0.011938114340106646,,
3.764705882352941,0,68,258,3.764705882352941,256,0.001,154,-1.3209410905838013,0.009815648198127747,,
3.7222222222222223,1,72,251,3.7222222222222223,268,0.001,166,-1.34078449010849,0.008162298860649267,,
3.6842105263157894,1,76,245,3.6842105263157894,280,0.001,178,-1.3298830389976501,0.009864792538185915,,
3.65,1,80,239,3.65,292,0.001,190,-1.3487739562988281,0.0071664404434462385,,
3.619047619047619,1,84,234,3.619047619047619,304,0.001,202,-1.357057511806488,0.010337209018568197,,
3.590909090909091,1,88,231,3.590909090909091,316,0.001,214,-1.3800125122070312,0.011161332329114279,,
3.5652173913043477,1,92,228,3.5652173913043477,328,0.001,226,-1.3908430337905884,0.012922657964130243,,
3.5416666666666665,1,96,225,3.5416666666666665,340,0.001,238,-1.3798081874847412,0.01848492957651615,,
3.52,1,100,222,3.52,352,0.001,250,-1.4029855132102966,0.019703712935249012,,
3.38,1,104,220,3.38,364,0.001,262,-1.4483605027198792,0.014605882965649167,,
3.3,1,108,217,3.3,376,0.001,274,-1.4457948207855225,0.012397644886126121,,
3.16,1,112,214,3.16,388,0.001,286,-1.4352493286132812,0.01103455200791359,,
3.01,1,116,212,3.01,400,0.001,298,-1.4685897827148438,0.01210235059261322,,
3.0,1,120,209,3.0,412,0.001,310,-1.4677658677101135,0.012296997010707855,,
3.0,2,124,207,3.0,424,0.001,322,-1.507254958152771,0.012556216369072596,,
3.0,2,128,206,3.0,436,0.001,334,-1.5148549675941467,0.019702676683664322,,
3.0,2,132,204,3.0,448,0.001,346,-1.4925431609153748,0.014696747375031313,,
3.0,2,136,202,3.0,460,0.001,358,-1.529797911643982,0.011693133817364773,,
3.0,2,140,201,3.0,472,0.001,370,-1.5579044222831726,0.0126154157333076,,
3.0,2,144,200,3.0,484,0.001,382,-1.544193685054779,0.021133785446484882,,
3.0,2,148,199,3.0,496,0.001,394,-1.5509085059165955,0.012772655114531517,,
3.0,2,152,198,3.0,508,0.001,406,-1.608841598033905,0.0150125902146101,,
3.0,2,156,198,3.0,520,0.001,418,-1.5764011144638062,0.022353993107875187,,
3.0,2,160,197,3.0,532,0.001,430,-1.6161211133003235,0.00887263286858797,,
3.0,2,164,195,3.0,544,0.001,442,-1.5860832333564758,0.008930425625294447,,
3.0,2,168,194,3.0,556,0.001,454,-1.543326199054718,0.014229844945172468,,
3.0,2,172,193,3.0,568,0.001,466,-1.6167611479759216,0.013072467253853878,,
3.0,3,176,192,3.0,580,0.001,478,-1.6340453028678894,0.01541922086228927,,
3.0,3,180,191,3.0,592,0.001,490,-1.6559466123580933,0.007973285391926765,,
3.0,3,184,189,3.0,604,0.001,502,-1.6881858110427856,0.011868207405010859,,
3.0,3,188,188,3.0,616,0.001,514,-1.6326687335968018,0.028824198991060257,,
3.0,3,192,187,3.0,628,0.001,526,-1.655263066291809,0.02143927477300167,,
3.0,3,196,187,3.0,640,0.001,538,-1.6775023341178894,0.01662239556511243,,
3.0,3,200,187,3.0,652,0.001,550,-1.6303353309631348,0.015002467669546604,,
3.0,3,204,186,3.0,664,0.001,562,-1.654407799243927,0.02255771216005087,,
3.0,3,208,185,3.0,676,0.001,574,-1.677448332309723,0.01633843795085947,,
3.0,3,212,184,3.0,688,0.001,586,-1.7094510793685913,0.010659284889698029,,
3.0,3,216,183,3.0,700,0.001,598,-1.7127548456192017,0.0354284072915713,,
3.0,3,220,182,3.0,712,0.001,610,-1.75204199552536,0.015693812320629757,,
3.0,3,224,181,3.0,724,0.001,622,-1.6632641553878784,0.027283765375614166,,
3.0,4,228,180,3.0,736,0.001,634,-1.7693756222724915,0.025667022603253525,,
3.0,4,232,180,3.0,748,0.001,646,-1.7247996926307678,0.030978275773425896,,
3.0,4,236,179,3.0,760,0.001,658,-1.7295363545417786,0.027803622807065647,,
3.0,4,240,179,3.0,772,0.001,670,-1.7589203119277954,0.020460375274221104,,
3.0,4,244,178,3.0,784,0.001,682,-1.6873536109924316,0.023764340517421562,,
3.0,4,248,178,3.0,796,0.001,694,-1.787839114665985,0.019335924337307613,,
3.0,4,252,178,3.0,808,0.001,706,-1.7247341871261597,0.0233020077769955,,
3.0,4,256,177,3.0,820,0.001,718,-1.863703429698944,0.015025202184915543,,
3.0,4,260,177,3.0,832,0.001,730,-1.7722613215446472,0.015764285810291767,,
3.0,4,264,177,3.0,844,0.001,742,-1.7169825434684753,0.015306338046987852,,
3.0,4,268,176,3.0,856,0.001,754,-1.762492060661316,0.020289121195673943,,
3.0,4,272,175,3.0,868,0.001,766,-1.7559974193572998,0.021096371114253998,,
3.0,5,276,175,3.0,880,0.001,778,-1.7994337677955627,0.009949731330076853,,
3.0,5,280,175,3.0,892,0.001,790,-1.8228545784950256,0.008554163854569197,,
3.0,5,284,174,3.0,904,0.001,802,-1.8418817520141602,0.02455079338202874,,
3.0,5,288,173,3.0,916,0.001,814,-1.832728922367096,0.024416331201791763,,
3.0,5,292,173,3.0,928,0.001,826,-1.8161729574203491,0.03192491581042608,,
3.0,5,296,173,3.0,940,0.001,838,-1.9049575924873352,0.011314074198404947,,
3.0,5,300,173,3.0,952,0.001,850,-1.8298690915107727,0.034133683890104294,,
3.0,5,304,173,3.0,964,0.001,862,-1.8388572335243225,0.0302969035692513,,
3.0,5,308,173,3.0,976,0.001,874,-1.762548565864563,0.05554267205297947,,
3.0,5,312,172,3.0,988,0.001,886,-1.8612111806869507,0.030381614963213604,,
,,,,,1000,0.001,898,-1.783672034740448,0.04107795966168245,3.0,3.0
3.0,5,316,171,3.0,1000,,,,,,
3.0,5,320,171,3.0,1012,0.001,910,-1.8532406091690063,0.024742344704767067,,
3.0,5,324,170,3.0,1024,0.001,922,-1.903452217578888,0.010013526305556297,,
3.0,6,328,170,3.0,1036,0.001,934,-1.7620460987091064,0.019378279335796833,,
3.0,6,332,170,3.0,1048,0.001,946,-1.7756170630455017,0.03251857993503412,,
3.0,6,336,169,3.0,1060,0.001,958,-1.93912672996521,0.042247699573636055,,
3.0,6,340,169,3.0,1072,0.001,970,-1.838408648967743,0.020195687810579937,,
3.0,6,344,169,3.0,1084,0.001,982,-1.8193086385726929,0.03221779502928257,,
3.0,6,348,169,3.0,1096,0.001,994,-1.8595355153083801,0.02767893361548583,,
3.0,6,352,169,3.0,1108,0.001,1006,-1.897729516029358,0.03238622657954693,,
3.0,6,356,168,3.0,1120,0.001,1018,-1.9763484597206116,0.01183916007479032,,
3.0,6,360,168,3.0,1132,0.001,1030,-1.860789954662323,0.028486308952172596,,
3.0,6,364,168,3.0,1144,0.001,1042,-1.8900839686393738,0.03973680424193541,,
3.0,6,368,168,3.0,1156,0.001,1054,-1.9747745394706726,0.029443221166729927,,
3.0,6,372,168,3.0,1168,0.001,1066,-1.8426240682601929,0.012629764464994272,,
3.0,7,376,167,3.0,1180,0.001,1078,-1.9163390398025513,0.019417591392993927,,
3.04,7,380,167,3.04,1196,0.001,1092,-1.974577267964681,0.01307921316474676,,
3.13,7,384,167,3.13,1217,0.001,1112,-2.0933489004770913,0.02813969776034355,,
3.56,7,388,169,3.56,1272,0.001,1148,-2.160328686237335,0.04374096333049238,,
4.17,8,392,166,4.17,1345,0.001,1231,-2.296767897076077,0.04962885550533732,,
4.54,8,396,165,4.54,1394,0.001,1283,-2.4243020670754567,0.0452704413660935,,
4.75,8,400,164,4.75,1427,0.001,1320,-2.5148537158966064,0.07611722871661186,,
4.94,8,404,164,4.94,1458,0.001,1352,-2.633530557155609,0.07471876335330307,,
5.11,9,408,164,5.11,1487,0.001,1379,-2.520386298497518,0.07754810154438019,,
5.25,9,412,163,5.25,1513,0.001,1408,-2.648624897003174,0.09266364425420762,,
5.42,9,416,163,5.42,1542,0.001,1433,-2.6091835498809814,0.09562199097126722,,
5.6,9,420,162,5.6,1572,0.001,1466,-2.6319419145584106,0.11954864114522934,,
6.45,10,424,162,6.45,1669,0.001,1555,-3.4030341148376464,0.112082262608138,,
7.48,10,428,163,7.48,1784,0.001,1654,-3.7824351354078813,0.14562420772258625,,
8.67,11,432,161,8.67,1915,0.001,1785,-3.8408963521321615,0.2122809261083603,,
,,,,,2000,0.001,1889,-4.051141902020103,0.1955274379788301,33.7,33.7
9.99,12,436,159,9.99,2059,0.001,1924,-4.153436594539219,0.21914005087954658,,
11.68,13,440,160,11.68,2240,0.001,2093,-4.4683706977150655,0.27809639156542043,,
13.99,15,444,160,13.99,2483,0.001,2325,-5.009981498122215,0.2332609969836015,,
16.05,16,448,159,16.05,2701,0.001,2554,-5.5535397365175445,0.2433356028376964,,
18.0,18,452,159,18.0,2908,0.001,2754,-6.023895226992094,0.265827008164846,,
,,,,,3000,0.001,2859,-6.175660095214844,0.2795727679133415,54.1,54.1
20.06,19,456,158,20.06,3126,0.001,2970,-6.47691351791908,0.2714895561598895,,
22.35,21,460,157,22.35,3367,0.001,3199,-7.013541408947536,0.24803460611585984,,
25.0,23,464,157,25.0,3644,0.001,3473,-7.565187767573765,0.3045845060071475,,
27.48,24,468,157,27.48,3904,0.001,3753,-8.23276937007904,0.33537514321506023,,
,,,,,4000,0.001,3874,-8.38097643171038,0.3847545053863871,64.1,64.1
29.97,26,472,156,29.97,4165,0.001,4016,-8.671126474652972,0.3328618016363918,,
31.93,28,476,155,31.93,4373,0.001,4218,-9.070146964146542,0.3127712289301249,,
33.99,29,480,155,33.99,4595,0.001,4436,-9.521069015775408,0.33474858369339594,,
36.04,31,484,154,36.04,4821,0.001,4672,-9.837261256049661,0.513306357733467,,
,,,,,5000,0.001,4897,-10.325753650149784,0.3765625866254171,52.4,52.4
37.75,32,488,154,37.75,5047,,,,,,
39.11,34,492,153,39.11,5256,0.001,5106,-10.762465476989746,0.44637531632522365,,
40.73,35,496,153,40.73,5467,0.001,5313,-11.05851334791917,0.4017449143127753,,
42.78,37,500,153,42.78,5705,0.001,5553,-11.361811814484772,0.5091525549238378,,
44.7,38,504,153,44.7,5928,0.001,5777,-11.693145292776602,0.3775860479584447,,
,,,,,6000,0.001,5879,-12.020022773742676,0.44166702285408976,52.3,52.3
46.63,40,508,152,46.63,6150,0.001,5988,-12.1256215484054,0.5378541538008937,,
48.73,42,512,152,48.73,6386,0.001,6230,-12.51900863647461,0.4722578589772356,,
50.75,43,516,151,50.75,6617,0.001,6464,-12.955600602286202,0.5682888561859727,,
53.06,45,520,151,53.06,6878,0.001,6720,-13.167122807996027,0.47961900317878053,,
,,,,,7000,0.001,6884,-13.623580473440665,0.45321129824755324,61.9,61.9
54.3,47,524,150,54.3,7099,0.001,6944,-13.589694531758626,0.4730543168882529,,
55.45,48,528,150,55.45,7329,0.001,7173,-13.787728595733643,0.42100467630585686,,
56.69,50,532,150,56.69,7584,0.001,7424,-14.14589306967599,0.4218334535402911,,
57.83,51,536,151,57.83,7842,0.001,7675,-14.963093295241848,0.31320074589839625,,
,,,,,8000,0.001,7873,-15.125527739524841,0.5271775173453185,59.7,59.7
58.48,54,540,149,58.48,8088,0.001,7929,-14.903564214706421,0.4446574194090707,,
58.83,55,544,150,58.83,8366,0.001,8179,-15.435969689313103,0.5074313919552985,,
60.07,58,548,150,60.07,8708,0.001,8493,-15.79509080780877,0.3785644176684014,,
,,,,,9000,0.001,8860,-16.591944590481845,0.5715672148222273,61.8,61.8
61.15,60,552,148,61.15,9023,,,,,,
62.46,62,556,149,62.46,9372,0.001,9137,-16.837805485725404,0.3888245087582618,,
62.67,64,560,148,62.67,9634,0.001,9459,-17.404187715970554,0.518800748177828,,
63.02,66,564,148,63.02,9946,0.001,9757,-17.98461506817792,0.38424663668548736,,
,,,,,10000,0.001,9847,-18.09918064541287,0.41579542482892673,81.6,81.6
63.25,69,568,147,63.25,10229,0.001,10055,-18.43691958803119,0.3498634059927357,,
62.99,70,572,147,62.99,10464,0.001,10307,-18.868549346923828,0.4613343132659793,,
63.62,72,576,147,63.62,10735,0.001,10561,-19.071555455525715,0.49317931094721185,,
63.9,74,580,147,63.9,10985,0.001,10831,-19.405395235334122,0.5251824108132145,,
,,,,,11000,0.001,10886,-19.689549922943115,0.5348305639895525,54.7,54.7
64.11,76,584,147,64.11,11232,0.001,11069,-19.65284652709961,0.36278173645011713,,
64.23,77,588,147,64.23,11470,0.001,11315,-20.092586320022058,0.5366473494697426,,
64.48,79,592,147,64.48,11704,0.001,11547,-20.577886036464147,0.5001870680012201,,
64.83,80,596,147,64.83,11950,0.001,11780,-20.430574285572973,0.6518678108328267,,
,,,,,12000,0.001,11851,-20.534867586408343,0.39328851960074734,65.6,65.6
64.95,82,600,147,64.95,12200,0.001,12043,-21.150090217590332,0.6496786699863151,,
65.11,84,604,147,65.11,12439,0.001,12284,-21.17994706770953,0.4415433461319155,,
65.21,85,608,147,65.21,12671,0.001,12514,-21.354298909505207,0.5141619638850291,,
65.3,87,612,148,65.3,12916,0.001,12755,-21.636780560016632,0.4259371798252687,,
,,,,,13000,0.001,12881,-22.000043630599976,0.5685084116412327,60.0,60.0
65.48,88,616,148,65.48,13165,0.001,13005,-22.168310991923015,0.489837498938451,,
65.38,90,620,148,65.38,13416,0.001,13255,-22.19034844636917,0.49744094014167783,,
65.72,91,624,148,65.72,13671,0.001,13510,-22.623626093710623,0.7425005847557646,,
66.28,93,628,148,66.28,13957,0.001,13785,-22.86253057943808,0.510907199737188,,
,,,,,14000,0.001,13858,-22.496365572955156,0.5699114536177622,66.5,66.5
66.5,95,632,148,66.5,14234,0.001,14066,-23.25784000597502,0.5235829510291418,,
66.79,97,636,148,66.79,14521,0.001,14351,-23.297820065472578,0.6034942142168681,,
67.35,99,640,148,67.35,14823,0.001,14646,-24.073526329464382,0.7008598034440632,,
,,,,,15000,0.001,14883,-23.95978802128842,0.47428393886460884,79.0,79.0
67.82,101,644,148,67.82,15148,0.001,14964,-23.840305514451934,0.507078343519458,,
68.15,103,648,149,68.15,15523,0.001,15312,-24.696238584296648,0.5274170999263608,,
68.64,106,652,149,68.64,15887,0.001,15696,-25.071470856666565,0.4214899023063481,,
,,,,,16000,0.001,15872,-25.134318442571733,0.5292771552645025,96.2,96.2
68.86,108,656,149,68.86,16258,0.001,16060,-25.406700797702957,0.5839599516693053,,
70.31,111,660,149,70.31,16665,0.001,16454,-25.891557330176944,0.620522956532168,,
,,,,,17000,0.001,16803,-26.257651571500098,0.5630531999744287,117.2,117.2
71.94,114,664,149,71.94,17140,0.001,16919,-26.292853059439825,0.6775396484239348,,
74.47,118,668,149,74.47,17676,0.001,17469,-26.988032392553382,0.5597130614239098,,
,,,,,18000,0.001,17763,-27.594426247381396,0.7112465781229799,201.6,201.6
80.46,123,672,150,80.46,18510,0.001,18150,-27.95963389223272,0.4913183861327442,,
,,,,,19000,0.001,18892,-29.07479178905487,0.6021010185789875,169.9,169.9
84.97,128,676,149,84.97,19232,,,,,,
87.93,132,680,149,87.93,19778,0.001,19569,-30.251641878267613,0.6268365826570627,,
,,,,,20000,0.001,19791,-30.367857388087682,0.6803318896064801,128.3,128.3
,,,,,21000,0.001,19918,-30.468254655599594,0.5715006124081574,916.5,916.5
99.17,144,684,146,99.17,21149,0.001,20918,-31.52836236190796,0.799489796936512,,
,,,,,22000,0.001,21219,-32.32214341844831,0.87559566686492,1000.0,1000.0
,,,,,23000,0.001,22219,-33.29534130477905,0.9225186040401459,1000.0,1000.0
,,,,,24000,0.001,23219,-34.853013408660885,1.0585563524365424,1000.0,1000.0
128.48,167,688,145,128.48,24318,,,,,,
,,,,,25000,0.001,24706,-37.33747615188849,1.0857796534681712,263.6,263.6
,,,,,26000,0.001,25007,-37.81859937032064,0.9763907965433558,1000.0,1000.0
,,,,,27000,0.001,26007,-39.358115264892575,1.161137704849243,1000.0,1000.0
154.02,191,692,141,154.02,27106,,,,,,
,,,,,28000,0.001,27007,-41.2475408782959,1.2040321248024701,1000.0,1000.0
,,,,,29000,0.001,28007,-43.16642441558838,1.113642537921667,1000.0,1000.0
,,,,,30000,0.001,29007,-44.83067034912109,1.2869474744945764,1000.0,1000.0
,,,,,31000,0.001,30007,-46.65543978118897,1.2199591435194015,1000.0,1000.0
191.56,228,696,136,191.56,31106,,,,,,
,,,,,32000,0.001,31007,-48.298622581481936,1.2826921543776988,1000.0,1000.0
,,,,,33000,0.001,32007,-49.94074848175049,1.4805921802967787,1000.0,1000.0
,,,,,34000,0.001,33007,-51.7828716506958,1.4598335860222578,1000.0,1000.0
,,,,,35000,0.001,34007,-53.98697350311279,1.432150846198201,1000.0,1000.0
229.06,265,700,132,229.06,35106,,,,,,
,,,,,36000,0.001,35007,-56.135892723083494,1.331446562319994,1000.0,1000.0
,,,,,37000,0.001,36007,-58.179178146362304,1.8313007178902625,1000.0,1000.0
,,,,,38000,0.001,37007,-60.38197631072998,1.8753453281074763,1000.0,1000.0
,,,,,39000,0.001,38007,-62.35419895935058,1.8135170235335827,1000.0,1000.0
266.67,301,704,129,266.67,39106,,,,,,
,,,,,40000,0.001,39007,-64.28256861877442,2.380723623201251,1000.0,1000.0
,,,,,41000,0.001,40007,-66.28520049285889,3.1830664324760436,1000.0,1000.0
,,,,,42000,0.001,41007,-68.41716720581054,2.6810252110362054,1000.0,1000.0
,,,,,43000,0.001,42007,-70.43473356628418,2.660932285130024,1000.0,1000.0
304.35,338,708,127,304.35,43106,,,,,,
,,,,,44000,0.001,43007,-72.37904298400879,3.1935864975750445,1000.0,1000.0
,,,,,45000,0.001,44007,-74.75546409606933,2.652502790868282,1000.0,1000.0
,,,,,46000,0.001,45007,-76.76453623962402,3.2524028135836125,1000.0,1000.0
,,,,,47000,0.001,46007,-79.20524418640137,2.6411939791440964,1000.0,1000.0
341.9,374,712,125,341.9,47106,,,,,,
,,,,,48000,0.001,47007,-81.39586500549316,3.22614243632555,1000.0,1000.0
,,,,,49000,0.001,48007,-82.98467468261718,3.838257609754801,1000.0,1000.0
,,,,,50000,0.001,49007,-85.36469439697265,4.228615574002266,1000.0,1000.0
,,,,,51000,0.001,50007,-87.4850252532959,4.828285994172096,1000.0,1000.0
379.41,411,716,124,379.41,51106,,,,,,
,,,,,52000,0.001,51007,-89.56886334228516,5.513581885039806,1000.0,1000.0
,,,,,53000,0.001,52007,-91.83264093017578,5.577955772161483,1000.0,1000.0
,,,,,54000,0.001,53007,-93.22509646606446,5.180336858808994,1000.0,1000.0
,,,,,55000,0.001,54007,-95.23096812438965,5.518807665705681,1000.0,1000.0
416.9,446,720,123,416.9,55106,,,,,,
,,,,,56000,0.001,55007,-97.11762365722656,6.343358264625072,1000.0,1000.0
,,,,,57000,0.001,56007,-99.67239593505859,6.1470285898447035,1000.0,1000.0
,,,,,58000,0.001,57007,-101.94198815917969,6.013356145262718,1000.0,1000.0
,,,,,59000,0.001,58007,-103.80594679260254,6.134195792853832,1000.0,1000.0
454.35,484,724,122,454.35,59106,,,,,,
,,,,,60000,0.001,59007,-105.67504693603516,6.236273095846176,1000.0,1000.0
,,,,,61000,0.001,60007,-108.19498344421386,6.923298523247242,1000.0,1000.0
,,,,,62000,0.001,61007,-110.00688972473145,8.84927254807949,1000.0,1000.0
,,,,,63000,0.001,62007,-112.34487989807128,9.233569229364395,1000.0,1000.0
491.49,520,728,121,491.49,63106,,,,,,
,,,,,64000,0.001,63007,-114.34298994445801,12.431525824427604,1000.0,1000.0
,,,,,65000,0.001,64007,-116.75343014526368,13.482068849682808,1000.0,1000.0
,,,,,66000,0.001,65007,-118.51887776184083,14.800639909923076,1000.0,1000.0
,,,,,67000,0.001,66007,-119.91008415222169,11.1925362123847,1000.0,1000.0
528.72,566,732,118,528.72,67106,,,,,,
,,,,,68000,0.001,67007,-121.75032772827149,15.02848155760765,1000.0,1000.0
,,,,,69000,0.001,68007,-124.18772518920899,12.138887557864189,1000.0,1000.0
,,,,,70000,0.001,69007,-126.49682167053223,10.791252650618553,1000.0,1000.0
,,,,,71000,0.001,70007,-128.8242538757324,8.385757881760597,1000.0,1000.0
565.85,614,736,115,565.85,71106,,,,,,
,,,,,72000,0.001,71007,-130.91066651916503,12.376929282665253,1000.0,1000.0
,,,,,73000,0.001,72007,-132.646611618042,20.18383282828331,1000.0,1000.0
,,,,,74000,0.001,73007,-134.48977362060546,18.009993163347243,1000.0,1000.0
,,,,,75000,0.001,74007,-136.51711219787597,14.767625447630882,1000.0,1000.0
602.83,661,740,113,602.83,75106,,,,,,
,,,,,76000,0.001,75007,-138.75614013671876,10.576595529198647,1000.0,1000.0
,,,,,77000,0.001,76007,-141.15194703674317,11.560472480654717,1000.0,1000.0
,,,,,78000,0.001,77007,-143.80893965148925,11.511883571088314,1000.0,1000.0
,,,,,79000,0.001,78007,-145.8221604309082,14.606902204275132,1000.0,1000.0
639.58,705,744,112,639.58,79106,,,,,,
,,,,,80000,0.001,79007,-149.32876278686524,19.056439691066743,1000.0,1000.0
,,,,,81000,0.001,80007,-151.6596967163086,19.75953981268406,1000.0,1000.0
,,,,,82000,0.001,81007,-153.68435446166993,18.75062220835686,1000.0,1000.0
,,,,,83000,0.001,82007,-155.56733822631836,28.65866931927204,1000.0,1000.0
675.83,745,748,111,675.83,83106,,,,,,
,,,,,84000,0.001,83007,-155.33121197509766,74.92571756267547,1000.0,1000.0
,,,,,85000,0.001,84007,-157.31027169799805,48.150170797824856,1000.0,1000.0
,,,,,86000,0.001,85007,-159.1201566772461,50.98423314809799,1000.0,1000.0
,,,,,87000,0.001,86007,-159.72491415405273,64.37626481151581,1000.0,1000.0
712.19,787,752,110,712.19,87106,,,,,,
,,,,,88000,0.001,87007,-159.3923666687012,70.42811283016205,1000.0,1000.0
,,,,,89000,0.001,88007,-159.50709823608398,79.06709981536865,1000.0,1000.0
,,,,,90000,0.001,89007,-158.34808432006835,89.20202785396576,1000.0,1000.0
,,,,,91000,0.001,90007,-159.28080801391602,101.62604409790039,1000.0,1000.0
748.48,827,756,110,748.48,91106,,,,,,
,,,,,92000,0.001,91007,-158.10129885864256,96.16624906921386,1000.0,1000.0
,,,,,93000,0.001,92007,-157.18482873535157,75.1295824022293,1000.0,1000.0
,,,,,94000,0.001,93007,-160.5046937866211,73.2046482219696,1000.0,1000.0
,,,,,95000,0.001,94007,-162.02812075805664,77.11636782073974,1000.0,1000.0
784.41,866,760,109,784.41,95106,,,,,,
,,,,,96000,0.001,95007,-165.30883081054688,75.5633518333435,1000.0,1000.0
,,,,,97000,0.001,96007,-167.26872744750978,74.49785863637925,1000.0,1000.0
,,,,,98000,0.001,97007,-168.06317193603516,83.69259905338288,1000.0,1000.0
,,,,,99000,0.001,98007,-168.04263967895508,98.09334553909302,1000.0,1000.0
819.66,907,764,109,819.66,99106,,,,,,
,,,,,100000,0.001,99007,-167.19183950805663,100.63125724220276,1000.0,1000.0
,,,,,101000,0.001,100007,-169.78013372802735,100.82345992183686,1000.0,1000.0
,,,,,102000,0.001,101007,-172.23246740722655,111.5507335357666,1000.0,1000.0
,,,,,103000,0.001,102007,-177.97050070190429,100.5980800743103,1000.0,1000.0
854.3,948,768,108,854.3,103106,,,,,,
,,,,,104000,0.001,103007,-184.10939385986327,114.77419962692261,1000.0,1000.0
,,,,,105000,0.001,104007,-186.86156771850585,78.51796640014649,1000.0,1000.0
,,,,,106000,0.001,105007,-189.8151869506836,44.23714413404465,1000.0,1000.0
,,,,,107000,0.001,106007,-193.00750177001953,25.581910958528518,1000.0,1000.0
885.96,989,772,108,885.96,107106,,,,,,
,,,,,108000,0.001,107007,-196.92697436523437,26.174841598510742,1000.0,1000.0
,,,,,109000,0.001,108007,-198.48160342407226,45.50246872091294,1000.0,1000.0
,,,,,110000,0.001,109007,-197.1084326477051,99.95861035823822,1000.0,1000.0
,,,,,111000,0.001,110007,-200.12023483276369,107.6173891878128,1000.0,1000.0
918.74,1030,776,107,918.74,111106,,,,,,
,,,,,112000,0.001,111007,-198.47641436767577,136.3403061389923,1000.0,1000.0
,,,,,113000,0.001,112007,-200.26024768066407,125.70556375122071,1000.0,1000.0
,,,,,114000,0.001,113007,-201.53048541259767,120.36460335540771,1000.0,1000.0
,,,,,115000,0.001,114007,-203.29148608398438,156.15799677467345,1000.0,1000.0
953.28,1073,780,107,953.28,115106,,,,,,
,,,,,116000,0.001,115007,-208.5372077636719,136.54406686401367,1000.0,1000.0
,,,,,117000,0.001,116007,-211.0380003967285,109.5443126039505,1000.0,1000.0
,,,,,118000,0.001,117007,-213.173083984375,91.1343676686287,1000.0,1000.0
,,,,,119000,0.001,118007,-215.28043557739258,79.91735009098053,1000.0,1000.0
979.57,1115,784,106,979.57,119106,,,,,,
,,,,,120000,0.001,119007,-217.8480203552246,89.22902396678924,1000.0,1000.0
,,,,,121000,0.001,120007,-219.67273880004882,124.92752962779998,1000.0,1000.0
,,,,,122000,0.001,121007,-221.3998950805664,131.9284218826294,1000.0,1000.0
,,,,,123000,0.001,122007,-223.19665704345704,152.4547954826355,1000.0,1000.0
987.88,1155,788,106,987.88,123106,,,,,,
,,,,,124000,0.001,123007,-224.90076818847658,159.595920463562,1000.0,1000.0
,,,,,125000,0.001,124007,-226.3769176940918,176.0091824016571,1000.0,1000.0
,,,,,126000,0.001,125007,-229.7690203552246,140.8017638092041,1000.0,1000.0
,,,,,127000,0.001,126007,-232.6409375305176,153.25752425956725,1000.0,1000.0
1000.0,1198,792,106,1000.0,127106,,,,,,
,,,,,128000,0.001,127007,-233.01032632446288,179.95686446762085,1000.0,1000.0
,,,,,129000,0.001,128007,-236.51185067749023,141.90664711856843,1000.0,1000.0
,,,,,130000,0.001,129007,-238.8905941772461,134.28827680778502,1000.0,1000.0
,,,,,131000,0.001,130007,-243.28253170776367,107.69328915786743,1000.0,1000.0
1000.0,1238,796,105,1000.0,131106,,,,,,
,,,,,132000,0.001,131007,-242.81745031738282,117.97645175933837,1000.0,1000.0
,,,,,133000,0.001,132007,-243.60205838012695,124.46366283798218,1000.0,1000.0
,,,,,134000,0.001,133007,-244.1518159790039,110.84101414966584,1000.0,1000.0
,,,,,135000,0.001,134007,-245.33044213867188,100.70526071643829,1000.0,1000.0
1000.0,1281,800,105,1000.0,135106,,,,,,
,,,,,136000,0.001,135007,-248.84198709106445,102.99910814857483,1000.0,1000.0
,,,,,137000,0.001,136007,-250.82083541870117,81.8989314417839,1000.0,1000.0
,,,,,138000,0.001,137007,-257.996370513916,33.0926574280262,1000.0,1000.0
,,,,,139000,0.001,138007,-259.39785040283203,27.873831857204436,1000.0,1000.0
1000.0,1323,804,105,1000.0,139106,,,,,,
,,,,,140000,0.001,139007,-260.19861279296873,49.752533724308016,1000.0,1000.0
,,,,,141000,0.001,140007,-258.8374744567871,72.49688691282272,1000.0,1000.0
,,,,,142000,0.001,141007,-259.2935950317383,93.62086887216569,1000.0,1000.0
,,,,,143000,0.001,142007,-260.2132365722656,116.09583474922181,1000.0,1000.0
1000.0,1365,808,104,1000.0,143106,,,,,,
,,,,,144000,0.001,143007,-258.77043518066404,180.29298931503297,1000.0,1000.0
,,,,,145000,0.001,144007,-265.0669263000488,114.41449413490295,1000.0,1000.0
,,,,,146000,0.001,145007,-270.06007669067384,84.9564518198967,1000.0,1000.0
,,,,,147000,0.001,146007,-269.30385925292967,104.80328996181488,1000.0,1000.0
1000.0,1406,812,104,1000.0,147106,,,,,,
,,,,,148000,0.001,147007,-270.0997244262695,140.46940277099608,1000.0,1000.0
,,,,,149000,0.001,148007,-271.66446365356444,188.73541928100585,1000.0,1000.0
,,,,,150000,0.001,149007,-272.41548876953124,196.94366377449035,1000.0,1000.0
,,,,,151000,0.001,150007,-271.62577807617185,168.2356895427704,1000.0,1000.0
1000.0,1449,816,104,1000.0,151106,,,,,,
,,,,,152000,0.001,151007,-272.7046423034668,146.6276165752411,1000.0,1000.0
,,,,,153000,0.001,152007,-271.9957132873535,162.09264789772033,1000.0,1000.0
,,,,,154000,0.001,153007,-276.49367953491213,140.78732987785338,1000.0,1000.0
,,,,,155000,0.001,154007,-277.67332803344726,131.60907632541657,1000.0,1000.0
1000.0,1491,820,103,1000.0,155106,,,,,,
,,,,,156000,0.001,155007,-278.1894764099121,137.73594130706786,1000.0,1000.0
,,,,,157000,0.001,156007,-279.27191696166994,129.19979844379424,1000.0,1000.0
,,,,,158000,0.001,157007,-279.2301694946289,211.68754051589966,1000.0,1000.0
,,,,,159000,0.001,158007,-278.87829083251955,240.90275604629517,1000.0,1000.0
1000.0,1533,824,103,1000.0,159106,,,,,,
,,,,,160000,0.001,159007,-281.75984088134766,203.84202461242677,1000.0,1000.0
,,,,,161000,0.001,160007,-285.6135628051758,187.59765875434874,1000.0,1000.0
,,,,,162000,0.001,161007,-284.46528436279294,165.2636773662567,1000.0,1000.0
,,,,,163000,0.001,162007,-280.7723186035156,199.05587886619568,1000.0,1000.0
1000.0,1576,828,103,1000.0,163106,,,,,,
,,,,,164000,0.001,163007,-284.3310364074707,233.28730289840698,1000.0,1000.0
,,,,,165000,0.001,164007,-291.1296561279297,183.00779267501832,1000.0,1000.0
,,,,,166000,0.001,165007,-293.72625006103516,185.74465301799773,1000.0,1000.0
,,,,,167000,0.001,166007,-296.34978247070313,199.80042707633973,1000.0,1000.0
1000.0,1618,832,103,1000.0,167106,,,,,,
,,,,,168000,0.001,167007,-300.2358673095703,212.82230282211304,1000.0,1000.0
,,,,,169000,0.001,168007,-307.4099837646484,170.9981308364868,1000.0,1000.0
,,,,,170000,0.001,169007,-310.95783123779296,193.86654168319703,1000.0,1000.0
,,,,,171000,0.001,170007,-313.45913153076174,217.75744528198243,1000.0,1000.0
1000.0,1659,836,103,1000.0,171106,,,,,,
,,,,,172000,0.001,171007,-317.361033203125,181.7022818660736,1000.0,1000.0
,,,,,173000,0.001,172007,-320.3412537231445,240.7388924369812,1000.0,1000.0
,,,,,174000,0.001,173007,-321.5243834838867,224.88568858909608,1000.0,1000.0
,,,,,175000,0.001,174007,-326.7847763671875,194.32979079818725,1000.0,1000.0
1000.0,1701,840,102,1000.0,175106,,,,,,
,,,,,176000,0.001,175007,-326.66454974365234,232.05872129440309,1000.0,1000.0
,,,,,177000,0.001,176007,-325.3499588623047,255.90124464988708,1000.0,1000.0
,,,,,178000,0.001,177007,-328.12724731445314,195.57807238006592,1000.0,1000.0
,,,,,179000,0.001,178007,-331.20331072998044,133.52732026863097,1000.0,1000.0
1000.0,1745,844,102,1000.0,179106,,,,,,
,,,,,180000,0.001,179007,-333.99746490478515,108.762837474823,1000.0,1000.0
,,,,,181000,0.001,180007,-333.86086181640627,141.21306941890717,1000.0,1000.0
,,,,,182000,0.001,181007,-332.7852055053711,132.74744767665862,1000.0,1000.0
,,,,,183000,0.001,182007,-338.791825012207,99.94688896751404,1000.0,1000.0
1000.0,1796,848,101,1000.0,183106,,,,,,
,,,,,184000,0.001,183007,-339.95803198242186,121.34185596847534,1000.0,1000.0
,,,,,185000,0.001,184007,-337.52699127197263,257.58674658966066,1000.0,1000.0
,,,,,186000,0.001,185007,-340.64955865478515,242.99056931304932,1000.0,1000.0
,,,,,187000,0.001,186007,-344.8480357055664,207.2716648349762,1000.0,1000.0
1000.0,1847,852,101,1000.0,187106,,,,,,
,,,,,188000,0.001,187007,-346.85791009521483,302.627516046524,1000.0,1000.0
,,,,,189000,0.001,188007,-349.29463958740234,317.04023237609863,1000.0,1000.0
,,,,,190000,0.001,189007,-352.9595111694336,265.3929543800354,1000.0,1000.0
,,,,,191000,0.001,190007,-352.9132038574219,256.09358728408813,1000.0,1000.0
1000.0,1897,856,100,1000.0,191106,,,,,,
,,,,,192000,0.001,191007,-355.1526997680664,293.4363036193848,1000.0,1000.0
,,,,,193000,0.001,192007,-363.31734344482425,267.8308308010101,1000.0,1000.0
,,,,,194000,0.001,193007,-366.6827395019531,279.4047019805908,1000.0,1000.0
,,,,,195000,0.001,194007,-366.7021260986328,234.88312067604065,1000.0,1000.0
1000.0,1945,860,100,1000.0,195106,,,,,,
,,,,,196000,0.001,195007,-367.77652142333983,269.96861513519286,1000.0,1000.0
,,,,,197000,0.001,196007,-371.8325114135742,237.94511076927185,1000.0,1000.0
,,,,,198000,0.001,197007,-375.57221783447267,149.82279194259644,1000.0,1000.0
,,,,,199000,0.001,198007,-378.27882781982424,138.84118755245208,1000.0,1000.0
1000.0,1995,864,99,1000.0,199106,,,,,,
,,,,,200000,0.001,199007,-376.63241815185546,170.15055926704406,1000.0,1000.0
,,,,,201000,0.001,200007,-377.39648077392576,161.64665178489685,1000.0,1000.0
,,,,,202000,0.001,201007,-378.4182999267578,224.01476075172425,1000.0,1000.0
,,,,,203000,0.001,202007,-380.1557008056641,234.0549038066864,1000.0,1000.0
1000.0,2046,868,99,1000.0,203106,,,,,,
,,,,,204000,0.001,203007,-382.8219715576172,246.65431701660157,1000.0,1000.0
,,,,,205000,0.001,204007,-383.17245697021485,246.92048980903627,1000.0,1000.0
,,,,,206000,0.001,205007,-390.7346116333008,149.02457938575745,1000.0,1000.0
,,,,,207000,0.001,206007,-392.3510103149414,148.93843234348296,1000.0,1000.0
1000.0,2092,872,98,1000.0,207106,,,,,,
,,,,,208000,0.001,207007,-391.4407923583984,221.11834629249572,1000.0,1000.0
,,,,,209000,0.001,208007,-391.63929772949217,262.87156031036375,1000.0,1000.0
,,,,,210000,0.001,209007,-394.8583734741211,255.63813976478576,1000.0,1000.0
,,,,,211000,0.001,210007,-397.11456494140623,274.1427043828964,1000.0,1000.0
1000.0,2141,876,98,1000.0,211106,,,,,,
,,,,,212000,0.001,211007,-398.2523291625977,309.55821126556395,1000.0,1000.0
,,,,,213000,0.001,212007,-399.70220526123046,226.94537731742858,1000.0,1000.0
,,,,,214000,0.001,213007,-403.6757484741211,164.16709971046447,1000.0,1000.0
,,,,,215000,0.001,214007,-406.37727880859376,172.25814755630492,1000.0,1000.0
1000.0,2191,880,98,1000.0,215106,,,,,,
,,,,,216000,0.001,215007,-407.33865869140624,192.56494552230836,1000.0,1000.0
,,,,,217000,0.001,216007,-407.5821129760742,237.62019048595428,1000.0,1000.0
,,,,,218000,0.001,217007,-408.02901135253904,249.38077710533142,1000.0,1000.0
,,,,,219000,0.001,218007,-410.7037384033203,344.1222392463684,1000.0,1000.0
1000.0,2242,884,97,1000.0,219106,,,,,,
,,,,,220000,0.001,219007,-411.04396850585937,348.9637852058411,1000.0,1000.0
,,,,,221000,0.001,220007,-412.35381103515624,379.66594764709475,1000.0,1000.0
,,,,,222000,0.001,221007,-415.37127288818357,314.11790293884275,1000.0,1000.0
,,,,,223000,0.001,222007,-418.5562333374023,279.6918105430603,1000.0,1000.0
1000.0,2292,888,97,1000.0,223106,,,,,,
,,,,,224000,0.001,223007,-421.3695601196289,231.54372514247893,1000.0,1000.0
,,,,,225000,0.001,224186,-423.30802035861547,114.81194124807858,1000.0,1000.0
,,,,,226000,0.001,225186,-423.5315394287109,158.6897279715538,1000.0,1000.0
991.79,2330,892,97,991.79,226285,,,,,,
,,,,,227000,0.001,226186,-427.40057397460936,228.271764588356,1000.0,1000.0
,,,,,228000,0.001,227186,-429.4230831298828,219.18837248897552,1000.0,1000.0
,,,,,229000,0.001,228186,-433.32307403564454,141.13417072963713,1000.0,1000.0
,,,,,230000,0.001,229186,-433.8298377685547,177.5856449289322,1000.0,1000.0
991.79,2384,896,96,991.79,230285,,,,,,
,,,,,231000,0.001,230186,-434.0259375,222.37065087223053,1000.0,1000.0
,,,,,232000,0.001,231186,-436.22699365234377,134.50733611297608,1000.0,1000.0
,,,,,233000,0.001,232186,-439.15564141845704,113.65234731960297,1000.0,1000.0
,,,,,234000,0.001,233186,-441.6202366333008,173.7870486717224,1000.0,1000.0
991.79,2442,900,95,991.79,234285,,,,,,
,,,,,235000,0.001,234186,-443.04355908203127,230.94533292388917,1000.0,1000.0
,,,,,236000,0.001,235186,-444.1400228881836,335.22943767738343,1000.0,1000.0
,,,,,237000,0.001,236186,-454.89713989257814,249.7239993171692,1000.0,1000.0
,,,,,238000,0.001,237186,-462.34303314208984,182.70045307540894,1000.0,1000.0
991.79,2496,904,95,991.79,238285,,,,,,
,,,,,239000,0.001,238186,-465.8101215209961,139.2734428386688,1000.0,1000.0
,,,,,240000,0.001,239186,-468.2682017822266,79.89987363433838,1000.0,1000.0
,,,,,241000,0.001,240186,-468.6696307373047,42.3834142575264,1000.0,1000.0
,,,,,242000,0.001,241186,-470.08261627197265,45.658765935897826,1000.0,1000.0
991.79,2545,908,95,991.79,242285,,,,,,
,,,,,243000,0.001,242186,-470.6602601928711,64.05329736232757,1000.0,1000.0
,,,,,244000,0.001,243186,-470.94675549316406,99.97445823860168,1000.0,1000.0
,,,,,245000,0.001,244186,-468.80563500976564,134.97187858581543,1000.0,1000.0
,,,,,246000,0.001,245186,-465.3606440429688,181.91294964408874,1000.0,1000.0
991.79,2592,912,95,991.79,246285,,,,,,
,,,,,247000,0.001,246186,-463.6337965087891,255.63821586608887,1000.0,1000.0
,,,,,248000,0.001,247186,-468.8636724853516,200.3691770839691,1000.0,1000.0
,,,,,249000,0.001,248186,-467.5014613037109,226.25883116722108,1000.0,1000.0
,,,,,250000,0.001,249186,-463.47831353759767,300.2058886299133,1000.0,1000.0
991.79,2638,916,94,991.79,250285,,,,,,
,,,,,251000,0.001,250186,-466.1508712158203,261.54313949966433,1000.0,1000.0
,,,,,252000,0.001,251186,-467.3165001220703,268.35685627365115,1000.0,1000.0
,,,,,253000,0.001,252186,-468.41540771484375,267.3752616233826,1000.0,1000.0
,,,,,254000,0.001,253186,-468.59309869384765,287.73480139160154,1000.0,1000.0
991.79,2685,920,94,991.79,254285,,,,,,
,,,,,255000,0.001,254186,-470.26509649658203,267.5027821979523,1000.0,1000.0
,,,,,256000,0.001,255186,-472.3072712402344,209.36597583198548,1000.0,1000.0
,,,,,257000,0.001,256186,-471.8474005126953,302.44228231048584,1000.0,1000.0
,,,,,258000,0.001,257186,-473.39188452148437,225.67614632797242,1000.0,1000.0
991.79,2737,924,94,991.79,258285,,,,,,
,,,,,259000,0.001,258186,-472.1013143310547,321.2565741691589,1000.0,1000.0
,,,,,260000,0.001,259186,-473.4447791748047,353.3794399261475,1000.0,1000.0
,,,,,261000,0.001,260186,-477.952751953125,354.5312021827698,1000.0,1000.0
,,,,,262000,0.001,261186,-479.09974389648437,385.64615785980226,1000.0,1000.0
991.79,2785,928,94,991.79,262285,,,,,,
,,,,,263000,0.001,262186,-476.58839953613284,350.76946642494204,1000.0,1000.0
,,,,,264000,0.001,263186,-483.6444860229492,256.4189764328003,1000.0,1000.0
,,,,,265000,0.001,264186,-484.054296875,206.42284354782103,1000.0,1000.0
,,,,,266000,0.001,265186,-485.1505180053711,211.630002035141,1000.0,1000.0
991.79,2836,932,93,991.79,266285,,,,,,
,,,,,267000,0.001,266186,-484.72879461669925,301.8891764526367,1000.0,1000.0
,,,,,268000,0.001,267186,-482.5399766845703,339.6776384124756,1000.0,1000.0
,,,,,269000,0.001,268186,-486.11445794677735,221.83149311828612,1000.0,1000.0
,,,,,270000,0.001,269186,-487.51999536132814,178.61059223937988,1000.0,1000.0
991.79,2890,936,93,991.79,270285,,,,,,
,,,,,271000,0.001,270186,-489.46181677246096,136.6210793094635,1000.0,1000.0
,,,,,272000,0.001,271186,-490.5827606201172,117.22893863868714,1000.0,1000.0
,,,,,273000,0.001,272186,-489.76133862304687,136.79601595306397,1000.0,1000.0
,,,,,274000,0.001,273186,-490.23632403564454,136.79779535865785,1000.0,1000.0
991.79,2943,940,93,991.79,274285,,,,,,
,,,,,275000,0.001,274186,-489.5307593383789,114.638825340271,1000.0,1000.0
,,,,,276000,0.001,275186,-489.93525048828127,112.23837120819091,1000.0,1000.0
,,,,,277000,0.001,276186,-489.1065879516602,146.40569697761535,1000.0,1000.0
,,,,,278000,0.001,277186,-485.12355395507814,214.53668762016295,1000.0,1000.0
991.79,3001,944,92,991.79,278285,,,,,,
,,,,,279000,0.001,278186,-478.89305505371095,362.2849767837524,1000.0,1000.0
,,,,,280000,0.001,279186,-471.5772222290039,336.7130928077698,923.3,923.3
,,,,,281000,0.001,280186,-465.88466235351564,269.1478984909058,1000.0,1000.0
,,,,,282000,0.001,281186,-460.66705487060545,346.9011911087036,1000.0,1000.0
991.79,3051,948,92,991.79,282285,,,,,,
,,,,,283000,0.001,282313,-466.2384062267485,225.19000679676927,1000.0,1000.0
,,,,,284000,0.001,283417,-468.8106918334961,73.41405703471257,1000.0,1000.0
974.1,3079,952,92,974.1,284516,,,,,,
,,,,,285000,0.001,284417,-470.0963981323242,123.81243542098998,1000.0,1000.0
,,,,,286000,0.001,285417,-472.075513671875,136.84189476490022,1000.0,1000.0
,,,,,287000,0.001,286417,-472.0175881347656,179.31412083816528,1000.0,1000.0
,,,,,288000,0.001,287417,-471.37573114013674,274.7516021156311,1000.0,1000.0
974.1,3129,956,92,974.1,288516,,,,,,
,,,,,289000,0.001,288498,-469.1593784239234,259.3148426008813,981.9,981.9
,,,,,290000,0.001,289498,-471.43475549316406,241.14163144874573,1000.0,1000.0
957.02,3162,960,91,957.02,290808,0.001,290498,-471.8851678466797,251.25823635292053,,
,,,,,291000,0.001,290709,-471.85758812313986,326.4540566900895,320.0,320.0
,,,,,292000,0.001,290917,-469.22400958721454,354.5850996237535,1000.0,1000.0
,,,,,293000,0.001,291917,-472.4589957885742,304.58977944374084,1000.0,1000.0
,,,,,294000,0.001,292917,-476.42630462646486,150.95233238983155,1000.0,1000.0
949.1,3196,964,91,949.1,294016,,,,,,
,,,,,295000,0.001,293917,-478.2908489990234,101.46853764724732,1000.0,1000.0
,,,,,296000,0.001,294917,-478.62572229003905,105.52021433258057,1000.0,1000.0
,,,,,297000,0.001,295917,-480.90990844726565,99.18517351913452,1000.0,1000.0
,,,,,298000,0.001,296917,-481.8460590209961,159.52676723861694,1000.0,1000.0
949.1,3244,968,91,949.1,298016,,,,,,
,,,,,299000,0.001,297917,-480.74203149414063,208.50580637168883,1000.0,1000.0
,,,,,300000,0.001,298917,-481.95382275390625,336.45164077186587,1000.0,1000.0
,,,,,301000,0.001,299917,-480.6470980224609,306.02918022537233,1000.0,1000.0
,,,,,302000,0.001,300917,-484.41586840820315,225.4407557811737,1000.0,1000.0
949.1,3299,972,91,949.1,302016,,,,,,
,,,,,303000,0.001,301917,-485.62669580078125,196.715484875679,1000.0,1000.0
,,,,,304000,0.001,302917,-486.68964434814455,122.25006720256805,1000.0,1000.0
,,,,,305000,0.001,303917,-488.1304471435547,88.26646026706696,1000.0,1000.0
,,,,,306000,0.001,304917,-489.3338587646484,121.43902570056915,1000.0,1000.0
949.1,3346,976,91,949.1,306016,,,,,,
,,,,,307000,0.001,305917,-492.14395001220703,72.98352853536606,1000.0,1000.0
,,,,,308000,0.001,307056,-490.8907104492188,89.46015551470327,815.8,815.8
930.49,3369,980,91,930.49,308155,,,,,,
,,,,,309000,0.001,308056,-492.2530627441406,86.280761302948,1000.0,1000.0
,,,,,310000,0.001,309056,-491.32367767333983,115.80557086277008,1000.0,1000.0
,,,,,311000,0.001,310056,-490.9115595703125,137.1529755868912,1000.0,1000.0
,,,,,312000,0.001,311056,-490.8754793701172,164.03306657600402,1000.0,1000.0
930.49,3414,984,91,930.49,312155,,,,,,
,,,,,313000,0.001,312056,-492.2276605834961,198.38478110313415,1000.0,1000.0
,,,,,314000,0.001,313056,-496.57638348388673,113.76590706920624,1000.0,1000.0
,,,,,315000,0.001,314056,-497.38696069335936,97.23465503883362,1000.0,1000.0
,,,,,316000,0.001,315056,-496.51252545166017,90.02855299663544,1000.0,1000.0
930.49,3459,988,91,930.49,316155,,,,,,
,,,,,317000,0.001,316056,-495.36996630859375,68.82756884670258,1000.0,1000.0
,,,,,318000,0.001,317056,-495.8523077392578,78.51048088932038,1000.0,1000.0
,,,,,319000,0.001,318056,-496.7383305053711,115.71773558235168,1000.0,1000.0
,,,,,320000,0.001,319056,-497.2776165771484,129.83856194782257,1000.0,1000.0
938.7,3503,992,91,938.7,320155,,,,,,
,,,,,321000,0.001,320056,-500.775413269043,118.1006608543396,1000.0,1000.0
,,,,,322000,0.001,321056,-502.05009356689453,123.55763508224487,1000.0,1000.0
,,,,,323000,0.001,322056,-503.36300427246096,108.46458015155793,1000.0,1000.0
,,,,,324000,0.001,323056,-504.6968719482422,118.44108788490296,1000.0,1000.0
938.7,3548,996,91,938.7,324155,,,,,,
,,,,,325000,0.001,324056,-505.5541793823242,115.81156350135804,1000.0,1000.0
,,,,,326000,0.001,325056,-509.72162707519533,83.53368920898437,1000.0,1000.0
,,,,,327000,0.001,326056,-511.97935949707033,126.54231713294983,1000.0,1000.0
,,,,,328000,0.001,327056,-514.1770924072266,82.67047787714004,1000.0,1000.0
938.7,3594,1000,91,938.7,328155,,,,,,
,,,,,329000,0.001,328056,-516.6217254638672,96.17311232328414,1000.0,1000.0
,,,,,330000,0.001,329056,-516.8705393676757,107.47714743328095,1000.0,1000.0
,,,,,331000,0.001,330056,-519.0509987792968,103.50326543807984,1000.0,1000.0
,,,,,332000,0.001,331056,-521.9783265991211,76.45492936086654,1000.0,1000.0
938.7,3639,1004,91,938.7,332155,,,,,,
,,,,,333000,0.001,332056,-523.7532832641601,108.06282894563675,1000.0,1000.0
,,,,,334000,0.001,333056,-526.307394104004,127.4844217467308,1000.0,1000.0
,,,,,335000,0.001,334056,-528.8013363647461,123.0077244772911,1000.0,1000.0
,,,,,336000,0.001,335056,-531.8436727905273,110.30568390226364,1000.0,1000.0
938.7,3684,1008,91,938.7,336155,,,,,,
,,,,,337000,0.001,336056,-534.2689506835937,109.42826844787598,1000.0,1000.0
,,,,,338000,0.001,337056,-535.9388553466797,151.92032051563262,1000.0,1000.0
,,,,,339000,0.001,338056,-538.1301491088867,184.49599389839173,1000.0,1000.0
,,,,,340000,0.001,339056,-540.9830554199219,155.58567476081848,1000.0,1000.0
938.7,3729,1012,91,938.7,340155,,,,,,
,,,,,341000,0.001,340056,-539.8468803710938,148.8868654651642,1000.0,1000.0
,,,,,342000,0.001,341056,-540.5826395263672,150.34078460025788,1000.0,1000.0
,,,,,343000,0.001,342056,-540.0025576782226,250.73844395160674,1000.0,1000.0
,,,,,344000,0.001,343056,-541.2297261962891,359.3811878852844,1000.0,1000.0
938.7,3773,1016,91,938.7,344155,,,,,,
,,,,,345000,0.001,344056,-544.0741564941407,330.96372636413577,1000.0,1000.0
,,,,,346000,0.001,345056,-546.6828292236328,207.80099613952638,1000.0,1000.0
,,,,,347000,0.001,346056,-546.9073641357422,232.94273896980286,1000.0,1000.0
,,,,,348000,0.001,347056,-546.2980195922852,240.87535977649688,1000.0,1000.0
938.7,3818,1020,91,938.7,348155,,,,,,
,,,,,349000,0.001,348056,-548.2792283935547,212.5293617925644,1000.0,1000.0
,,,,,350000,0.001,349056,-553.3381815795899,185.62437369537355,1000.0,1000.0
,,,,,351000,0.001,350056,-554.7061989746094,185.33207463169097,1000.0,1000.0
,,,,,352000,0.001,351056,-558.0857095947266,226.98688407993316,1000.0,1000.0
938.7,3863,1024,91,938.7,352155,,,,,,
,,,,,353000,0.001,352056,-557.510074584961,203.29511458778381,1000.0,1000.0
,,,,,354000,0.001,353056,-561.8315750732422,176.93584114074707,1000.0,1000.0
,,,,,355000,0.001,354056,-564.2519227294922,179.45983434867858,1000.0,1000.0
,,,,,356000,0.001,355056,-568.2705502929688,118.97799017333985,1000.0,1000.0
938.7,3909,1028,91,938.7,356155,,,,,,
,,,,,357000,0.001,356056,-570.0034680175781,141.17780869293213,1000.0,1000.0
,,,,,358000,0.001,357056,-571.9340708007812,165.28367141819,1000.0,1000.0
,,,,,359000,0.001,358056,-573.3330579833985,173.13251549625397,1000.0,1000.0
,,,,,360000,0.001,359056,-577.669435913086,169.64906415176392,1000.0,1000.0
938.7,3953,1032,91,938.7,360155,,,,,,
,,,,,361000,0.001,360056,-579.9840794677734,170.18385958766936,1000.0,1000.0
,,,,,362000,0.001,361056,-578.9735063476562,257.65624015235903,1000.0,1000.0
,,,,,363000,0.001,362056,-582.8513696289062,216.49401826190947,1000.0,1000.0
,,,,,364000,0.001,363056,-585.8778991699219,155.17896421432496,1000.0,1000.0
938.7,3998,1036,91,938.7,364155,,,,,,
,,,,,365000,0.001,364056,-587.1511864013672,194.11670717811583,1000.0,1000.0
,,,,,366000,0.001,365056,-587.5968757324218,211.59090005588533,1000.0,1000.0
,,,,,367000,0.001,366056,-591.041176147461,153.26020420837403,1000.0,1000.0
,,,,,368000,0.001,367056,-594.2149542236328,149.28069493484497,1000.0,1000.0
938.7,4043,1040,91,938.7,368155,,,,,,
,,,,,369000,0.001,368056,-597.8134405517578,108.98561913490295,1000.0,1000.0
,,,,,370000,0.001,369056,-597.6369577636718,94.45890719223023,1000.0,1000.0
,,,,,371000,0.001,370056,-600.605779296875,61.70622321176529,1000.0,1000.0
,,,,,372000,0.001,371056,-600.60073828125,135.70582113552092,1000.0,1000.0
938.7,4087,1044,91,938.7,372155,,,,,,
,,,,,373000,0.001,372056,-602.720951538086,177.8052989654541,1000.0,1000.0
,,,,,374000,0.001,373056,-604.3369366455078,215.78132147312164,1000.0,1000.0
,,,,,375000,0.001,374056,-605.0144757080078,208.0690076122284,1000.0,1000.0
,,,,,376000,0.001,375056,-609.3881845703125,203.75964025878906,1000.0,1000.0
938.7,4132,1048,91,938.7,376155,,,,,,
,,,,,377000,0.001,376056,-612.8247900390625,108.47070924663544,1000.0,1000.0
,,,,,378000,0.001,377056,-614.9933905029297,82.63920068979263,1000.0,1000.0
,,,,,379000,0.001,378056,-617.1734829101563,110.19771787261963,1000.0,1000.0
,,,,,380000,0.001,379056,-617.7453338623047,123.02042319583893,1000.0,1000.0
956.39,4178,1052,90,956.39,380155,,,,,,
,,,,,381000,0.001,380056,-620.6889362792969,71.6098127875328,1000.0,1000.0
,,,,,382000,0.001,381056,-623.2057896728516,89.12360702085495,1000.0,1000.0
,,,,,383000,0.001,382056,-624.3284033203125,93.98092438220978,1000.0,1000.0
,,,,,384000,0.001,383056,-626.4246262207031,152.12333567905426,1000.0,1000.0
956.39,4224,1056,90,956.39,384155,,,,,,
,,,,,385000,0.001,384056,-625.831420288086,195.24759571170807,1000.0,1000.0
,,,,,386000,0.001,385056,-624.4722182617187,309.8525376205444,1000.0,1000.0
,,,,,387000,0.001,386056,-622.2449686279297,374.22011519432067,1000.0,1000.0
,,,,,388000,0.001,387056,-625.4875427246094,153.11320404148103,1000.0,1000.0
973.47,4268,1060,90,973.47,388155,,,,,,
,,,,,389000,0.001,388056,-628.3047658691406,134.73229209423064,1000.0,1000.0
,,,,,390000,0.001,389056,-630.5020952148437,117.09719216156006,1000.0,1000.0
,,,,,391000,0.001,390056,-631.8488244628907,94.15344162464142,1000.0,1000.0
,,,,,392000,0.001,391056,-630.9413411865235,119.02573740768433,1000.0,1000.0
981.39,4313,1064,90,981.39,392155,,,,,,
,,,,,393000,0.001,392056,-631.918601196289,144.24753293800353,1000.0,1000.0
,,,,,394000,0.001,393056,-630.2082106933593,140.808744096756,1000.0,1000.0
,,,,,395000,0.001,394056,-631.7206025390625,143.73602236557008,1000.0,1000.0
,,,,,396000,0.001,395056,-632.2006864013672,92.20491659832001,1000.0,1000.0
981.39,4356,1068,90,981.39,396155,,,,,,
,,,,,397000,0.001,396056,-631.9986286621094,96.41471145248413,1000.0,1000.0
,,,,,398000,0.001,397056,-633.8784287109376,104.30908547115325,1000.0,1000.0
,,,,,399000,0.001,398056,-635.9001997070312,137.74722044181823,1000.0,1000.0
,,,,,400000,0.001,399056,-636.9233474121094,120.31236934280396,1000.0,1000.0
981.39,4400,1072,90,981.39,400155,,,,,,
