train/n_updates,rollout/ep_len_mean,train/actor_loss,time/time_elapsed,time/episodes,time/fps,time/total_timesteps,train/learning_rate,train/critic_loss,rollout/ep_rew_mean,eval/mean_reward,eval/mean_ep_length
200,100.0,1.5310377168655396,1,4,329,400,0.001,0.04354624635539949,-106.851929,,
300,,1.6363636231422425,,,,500,0.001,0.008256866920273751,,-72.33133224999999,100.0
600,100.0,2.0990271592140197,5,8,158,800,0.001,0.006970365485176444,-90.34404225,,
800,,2.379286699295044,,,,1000,0.001,0.009509380171075464,,-61.8735033,100.0
1000,100.0,2.6353239822387695,8,12,135,1200,0.001,0.008142864806577563,-82.21448108333333,,
1300,,3.045429997444153,,,,1500,0.001,0.009089119038544596,,-59.59064815000001,100.0
1400,100.0,3.182782139778137,12,16,125,1600,0.001,0.008431449504569173,-77.213994625,,
1800,,3.752206645011902,,,,2000,0.001,0.010458694216795265,,-59.523897399999996,100.0
,100.0,,16,20,120,2000,,,-75.31121675,,
2200,100.0,4.331582040786743,18,24,127,2400,0.001,0.011382478354498744,-72.65740429166667,,
2300,,4.458410425186157,,,,2500,0.001,0.011864744755439461,,-66.37358945000001,100.0
2600,100.0,4.865685529708863,22,28,121,2800,0.001,0.015225458526983857,-70.63132707142857,,
2800,,5.137799797058105,,,,3000,0.001,0.014881493165157736,,-53.01460485,100.0
3000,100.0,5.4298071193695066,27,32,118,3200,0.001,0.013404949870891868,-68.37856903125,,
3300,,5.829472208023072,,,,3500,0.001,0.013869509627111256,,-55.36625975,100.0
3400,100.0,5.9591907787322995,31,36,116,3600,0.001,0.01575075260363519,-66.79772447222221,,
3800,,6.54463942527771,,,,4000,0.001,0.015272047528997064,,-57.48836235,100.0
,100.0,,34,40,115,4000,,,-66.007520625,,
4200,100.0,7.1224439907073975,36,44,119,4400,0.001,0.020154223898425697,-65.12298204545455,,
4300,,7.263091583251953,,,,4500,0.001,0.022000294076278806,,-51.88126155,100.0
4600,100.0,7.679858064651489,40,48,117,4800,0.001,0.018004861744120717,-64.00676291666667,,
4800,,7.956922464370727,,,,5000,0.001,0.022042590025812388,,-56.36777045,100.0
5000,100.0,8.269142742156982,44,52,116,5200,0.001,0.020446497667580842,-63.1468601923077,,
5300,,8.653910808563232,,,,5500,0.001,0.02767602731473744,,-49.440926250000004,100.0
5400,100.0,8.794560775756835,48,56,115,5600,0.001,0.02249113120138645,-62.62054274999999,,
5800,,9.357821063995361,,,,6000,0.001,0.02167328433133662,,-51.21470355,100.0
,100.0,,52,60,114,6000,,,-61.955464516666666,,
6200,100.0,9.881794567108154,54,64,117,6400,0.001,0.023487108778208494,-60.947476890625,,
6300,,10.039049701690674,,,,6500,0.001,0.02323104185052216,,-51.99709865,100.0
6600,100.0,10.430783004760743,58,68,116,6800,0.001,0.02857132850214839,-60.27425588235293,,
6800,,10.67795986175537,,,,7000,0.001,0.03108283443376422,,-61.74363695000001,100.0
7000,100.0,10.971214351654053,62,72,115,7200,0.001,0.027498912531882524,-60.00077658333333,,
7300,,11.377936763763428,,,,7500,0.001,0.026723272250965237,,-56.90007489999999,100.0
7400,100.0,11.506912746429443,66,76,115,7600,0.001,0.030422030948102474,-59.52761590789473,,
7800,,12.045171585083008,,,,8000,0.001,0.02970200967974961,,-51.06754845,100.0
,100.0,,69,80,114,8000,,,-59.175076562499996,,
8200,100.0,12.567302322387695,71,84,116,8400,0.001,0.025854881294071673,-58.931514285714286,,
8300,,12.733923988342285,,,,8500,0.001,0.026957958107814192,,-53.8847602,100.0
8600,100.0,13.14540512084961,75,88,116,8800,0.001,0.029685767199844122,-58.66423055681818,,
8800,,13.425153274536132,,,,9000,0.001,0.02921793995425105,,-47.5218998,100.0
9000,100.0,13.687536907196044,79,92,116,9200,0.001,0.0315227784588933,-58.26681576086958,,
9300,,14.066658458709718,,,,9500,0.001,0.02964003533124924,,-47.9706352,100.0
9400,100.0,14.185663528442383,83,96,115,9600,0.001,0.03995985822752118,-57.948273364583336,,
9800,,14.72545648574829,,,,10000,0.001,0.04007381493225694,,-50.729939800000004,100.0
,100.0,,86,100,114,10000,,,-57.64822926,,
10200,100.0,15.233475341796876,89,104,116,10400,0.001,0.03577825538814068,-55.42353995999999,,
10300,,15.335151596069336,,,,10500,0.001,0.035925339572131634,,-50.153446849999995,100.0
10600,100.0,15.760239219665527,92,108,116,10800,0.001,0.03738221073523164,-54.41765522,,
10800,,16.00978021621704,,,,11000,0.001,0.036576237101107835,,-50.028058349999995,100.0
11000,100.0,16.270936012268066,96,112,115,11200,0.001,0.03744933743029833,-53.913936140000004,,
11300,,16.626083984375,,,,11500,0.001,0.03467813577502966,,-53.98107695,100.0
11400,100.0,16.765048828125,100,116,115,11600,0.001,0.036391223333776,-53.49214566,,
11800,,17.273975410461425,,,,12000,0.001,0.040068456754088405,,-47.921606399999995,100.0
,100.0,,104,120,115,12000,,,-52.72678182,,
12200,100.0,17.708540267944336,106,124,116,12400,0.001,0.04069741291925311,-52.23911659,,
12300,,17.880538749694825,,,,12500,0.001,0.04329539403319359,,-48.3443405,100.0
12600,100.0,18.21341777801514,110,128,116,12800,0.001,0.040642679315060375,-51.824543090000006,,
12800,,18.46806396484375,,,,13000,0.001,0.04145264590159058,,-45.38183395,100.0
13000,100.0,18.681038551330566,114,132,115,13200,0.001,0.043807960934937,-51.564954019999995,,
13300,,19.04677547454834,,,,13500,0.001,0.04006993504241109,,-44.65618884999999,100.0
13400,100.0,19.123615493774412,117,136,115,13600,0.001,0.03931509245187044,-51.157285580000014,,
13800,,19.587753143310547,,,,14000,0.001,0.045478920228779314,,-45.541532450000005,100.0
,100.0,,121,140,115,14000,,,-50.79076202,,
14200,100.0,20.070569496154786,123,144,116,14400,0.001,0.04209870619699359,-50.26900656,,
14300,,20.13901439666748,,,,14500,0.001,0.041865003164857625,,-48.72754134999999,100.0
14600,100.0,20.447555961608888,127,148,116,14800,0.001,0.04536464307457209,-50.03956678,,
14800,,20.6904789352417,,,,15000,0.001,0.04301064794883132,,-47.202729899999994,100.0
15000,100.0,20.898057479858398,130,152,116,15200,0.001,0.05582699075341225,-49.80704780999999,,
15300,,21.203091888427736,,,,15500,0.001,0.04532885488122702,,-51.517695950000004,100.0
15400,100.0,21.323854942321777,134,156,115,15600,0.001,0.045196838174015284,-49.431923940000004,,
15800,,21.783025093078614,,,,16000,0.001,0.0561129792407155,,-44.278762500000006,100.0
,100.0,,138,160,115,16000,,,-49.212853159999995,,
16200,100.0,22.158787345886232,140,164,116,16400,0.001,0.05111702036112547,-49.044589939999994,,
16300,,22.233041801452636,,,,16500,0.001,0.04744271630421281,,-43.7960996,100.0
16600,100.0,22.55711452484131,144,168,116,16800,0.001,0.053618837427347896,-48.81775575999999,,
16800,,22.78076747894287,,,,17000,0.001,0.049199432730674744,,-49.23327085,100.0
17000,100.0,22.99372631072998,147,172,116,17200,0.001,0.06147370353341103,-48.57472233999999,,
17300,,23.355933265686033,,,,17500,0.001,0.049583737403154374,,-46.24293529999999,100.0
17400,100.0,23.33902515411377,151,176,115,17600,0.001,0.046961704865098,-48.48405450000001,,
17800,,23.87206470489502,,,,18000,0.001,0.05413996446877718,,-43.14011144999999,100.0
,100.0,,155,180,115,18000,,,-48.169645149999994,,
18200,100.0,24.23854766845703,157,184,116,18400,0.001,0.060978859923779966,-47.605749829999986,,
18300,,24.281292266845703,,,,18500,0.001,0.054824046045541766,,-44.190370949999995,100.0
18600,100.0,24.64849796295166,161,188,116,18800,0.001,0.05666448410600424,-47.31206608999999,,
18800,,24.79261119842529,,,,19000,0.001,0.05547687731683254,,-45.24630085,100.0
19000,100.0,24.985188674926757,165,192,116,19200,0.001,0.05842298112809658,-47.09753424,,
19300,,25.268114471435545,,,,19500,0.001,0.05725152887403965,,-44.717344600000004,100.0
19400,100.0,25.37952377319336,168,196,116,19600,0.001,0.061907186023890975,-46.87804472,,
19800,,25.800162620544434,,,,20000,0.001,0.07455810502171517,,-44.198419550000004,100.0
,100.0,,172,200,115,20000,,,-46.639168039999994,,
20200,100.0,26.122795181274412,174,204,116,20400,0.001,0.06323365192860365,-46.43452061,,
20300,,26.264129333496093,,,,20500,0.001,0.0668659844622016,,-40.727905299999996,100.0
20600,100.0,26.555380325317383,178,208,116,20800,0.001,0.06134569402784109,-46.16541321,,
20800,,26.699941558837892,,,,21000,0.001,0.05894172128289938,,-44.21052245,100.0
21000,100.0,26.976041793823242,182,212,116,21200,0.001,0.06268077321350575,-45.86769216,,
21300,,27.16447681427002,,,,21500,0.001,0.060359240137040616,,-44.66987965,100.0
21400,100.0,27.22001194000244,186,216,116,21600,0.001,0.06925851989537478,-45.65747351,,
21800,,27.643186187744142,,,,22000,0.001,0.06422197949141265,,-47.8136285,100.0
,100.0,,190,220,115,22000,,,-45.61850253000001,,
22200,100.0,27.952284469604493,192,224,116,22400,0.001,0.07398757938295603,-45.61726799,,
22300,,28.099165420532227,,,,22500,0.001,0.0640834579989314,,-45.6202875,100.0
22600,100.0,28.32321517944336,196,228,116,22800,0.001,0.06430168956518173,-45.471149569999994,,
22800,,28.481039962768556,,,,23000,0.001,0.060494556091725826,,-41.88986084999999,100.0
23000,100.0,28.656375808715822,199,232,116,23200,0.001,0.06403672888875007,-45.32687367999999,,
23300,,28.901067085266114,,,,23500,0.001,0.06294210962951183,,-43.65677295,100.0
23400,100.0,29.02366954803467,203,236,115,23600,0.001,0.06966165583580733,-45.286430229999986,,
23800,,29.274440460205078,,,,24000,0.001,0.058213270492851736,,-41.420738799999995,100.0
,100.0,,207,240,115,24000,,,-44.977641289999994,,
24200,100.0,29.527552337646483,209,244,116,24400,0.001,0.06988719522953034,-44.87305515,,
24300,,29.74417346954346,,,,24500,0.001,0.06522975306957961,,-46.7549077,100.0
24600,100.0,29.871541023254395,213,248,116,24800,0.001,0.06176760878413916,-44.470953,,
24800,,30.057300720214844,,,,25000,0.001,0.057489293739199636,,-41.46625015000001,100.0
25000,100.0,30.11748722076416,217,252,116,25200,0.001,0.06514499261975289,-44.25015227,,
25300,,30.394428176879885,,,,25500,0.001,0.05504021774977445,,-42.20785490000001,100.0
25400,100.0,30.49307472229004,220,256,115,25600,0.001,0.05728067018091679,-44.13630476,,
25800,,30.680997352600098,,,,26000,0.001,0.07147032346576453,,-41.1268163,100.0
,100.0,,224,260,115,26000,,,-43.94631469,,
26200,100.0,31.10279640197754,226,264,116,26400,0.001,0.060336809270083905,-43.78928546999999,,
26300,,31.146026916503907,,,,26500,0.001,0.07138509824872016,,-43.67443025,100.0
26600,100.0,31.37218360900879,230,268,116,26800,0.001,0.07042598441243171,-43.64914167,,
26800,,31.50484878540039,,,,27000,0.001,0.05763382229954004,,-41.11085870000001,100.0
27000,100.0,31.671323127746582,233,272,116,27200,0.001,0.06099724240601063,-43.17291141999999,,
27300,,31.80327724456787,,,,27500,0.001,0.06079658266156912,,-42.416622350000004,100.0
27400,100.0,31.8706782913208,237,276,116,27600,0.001,0.059560975059866905,-42.857098670000006,,
27800,,32.092232131958006,,,,28000,0.001,0.0625529607012868,,-39.85122859999999,100.0
,100.0,,241,280,116,28000,,,-42.65842996000001,,
28200,100.0,32.44211559295654,243,284,116,28400,0.001,0.060297560319304465,-42.858291980000004,,
28300,,32.455429000854494,,,,28500,0.001,0.07226500824093819,,-42.6277678,100.0
28600,100.0,32.677838439941404,247,288,116,28800,0.001,0.06348214942961931,-42.723972780000004,,
28800,,32.866969985961916,,,,29000,0.001,0.058638356029987335,,-42.54904085,100.0
29000,100.0,33.033035125732425,251,292,116,29200,0.001,0.06626627381891012,-42.64268166,,
29300,,33.042011489868166,,,,29500,0.001,0.07976061791181564,,-45.05043719999999,100.0
29400,100.0,33.18997230529785,254,296,116,29600,0.001,0.06250598765909672,-42.48919533,,
29800,,33.437380447387696,,,,30000,0.001,0.06883372347801923,,-47.97074695,100.0
,100.0,,258,300,115,30000,,,-42.52981492000001,,
30200,100.0,33.782931594848634,260,304,116,30400,0.001,0.06646954223513603,-42.263566710000006,,
30300,,33.733339385986326,,,,30500,0.001,0.07263625346124172,,-44.956511750000004,100.0
30600,100.0,34.01893188476563,264,308,116,30800,0.001,0.07298951763659715,-42.21437594000001,,
30800,,34.13042678833008,,,,31000,0.001,0.06915835406631231,,-42.05925955,100.0
31000,100.0,34.2497371673584,268,312,116,31200,0.001,0.07609097670763731,-42.25443646000001,,
31300,,34.48327033996582,,,,31500,0.001,0.07374118749052286,,-39.753901400000004,100.0
31400,100.0,34.49328323364258,272,316,116,31600,0.001,0.08342568073421716,-42.00640364,,
31800,,34.786035690307614,,,,32000,0.001,0.0776342973858118,,-55.428637800000004,100.0
,100.0,,276,320,115,32000,,,-41.81871624,,
32200,100.0,35.04820030212402,278,324,116,32400,0.001,0.0841509797051549,-42.14536408,,
32300,,35.152837905883786,,,,32500,0.001,0.09272244945168495,,-49.5731895,100.0
32600,100.0,35.37829170227051,281,328,116,32800,0.001,0.08628598380833864,-42.542176440000006,,
32800,,35.50977561950683,,,,33000,0.001,0.08158872451633215,,-51.2797454,100.0
33000,100.0,35.57803619384766,285,332,116,33200,0.001,0.09307822912931442,-42.73866228000001,,
33300,,35.87518043518067,,,,33500,0.001,0.09525701344013214,,-55.999721550000004,100.0
33400,100.0,35.93945022583008,289,336,116,33600,0.001,0.0985742724314332,-43.08813520999999,,
33800,,36.194833297729495,,,,34000,0.001,0.0898576345667243,,-48.725014,100.0
,100.0,,293,340,115,34000,,,-43.2343255,,
34200,100.0,36.49652786254883,295,344,116,34400,0.001,0.10683682452887297,-43.74936867999999,,
34300,,36.51126953125,,,,34500,0.001,0.0989113212376833,,-55.6122218,100.0
34600,100.0,36.69861846923828,299,348,116,34800,0.001,0.10068793930113315,-44.35863517000001,,
34800,,36.86610481262207,,,,35000,0.001,0.10455175451934337,,-63.4315979,100.0
35000,100.0,36.86264060974121,303,352,116,35200,0.001,0.09243315674364566,-44.30710394,,
35300,,37.10951248168945,,,,35500,0.001,0.10087612707167865,,-50.82521469999999,100.0
35400,100.0,37.157723617553714,306,356,116,35600,0.001,0.10203816350549459,-44.847429139999996,,
35800,,37.47625648498535,,,,36000,0.001,0.09488949559628963,,-43.89962465,100.0
,100.0,,310,360,115,36000,,,-44.937573199999996,,
36200,100.0,37.76557151794434,312,364,116,36400,0.001,0.12247418023645879,-45.042758299999996,,
36300,,37.762338943481446,,,,36500,0.001,0.11698380213230848,,-47.271574550000004,100.0
36600,100.0,37.90356735229492,317,368,116,36800,0.001,0.10230194929987192,-45.12710859999999,,
36800,,38.07824836730957,,,,37000,0.001,0.1006578490883112,,-45.191756500000004,100.0
37000,100.0,38.27164779663086,321,372,115,37200,0.001,0.1114438870549202,-45.50348858999999,,
37300,,38.346392440795896,,,,37500,0.001,0.10492229171097278,,-44.8746675,100.0
37400,100.0,38.45006271362305,325,376,115,37600,0.001,0.10219794034957885,-45.644976820000004,,
37800,,38.68128311157226,,,,38000,0.001,0.10805951967835427,,-44.37081055,100.0
,100.0,,329,380,115,38000,,,-45.74993335,,
38200,100.0,38.84929168701172,331,384,115,38400,0.001,0.11089489497244358,-45.822090679999995,,
38300,,38.94421669006348,,,,38500,0.001,0.11504948250949383,,-47.03029435,100.0
38600,100.0,39.07845771789551,335,388,115,38800,0.001,0.10761729929596185,-46.14612335999999,,
38800,,39.22065223693848,,,,39000,0.001,0.1070435531437397,,-45.25046640000001,100.0
39000,100.0,39.187123184204104,338,392,115,39200,0.001,0.10798192068934441,-46.181790819999996,,
39300,,39.39585876464844,,,,39500,0.001,0.11516061149537564,,-43.7619273,100.0
39400,100.0,39.47736801147461,342,396,115,39600,0.001,0.11578419744968414,-46.072345940000005,,
39800,,39.656490631103516,,,,40000,0.001,0.10385018482804298,,-47.832695,100.0
,100.0,,346,400,115,40000,,,-46.05457712000001,,
40200,100.0,39.904424896240236,348,404,115,40400,0.001,0.12231043726205826,-46.54099386,,
40300,,39.98038703918457,,,,40500,0.001,0.12251872204244137,,-53.687803800000005,100.0
40600,100.0,40.06559112548828,352,408,115,40800,0.001,0.11019482307136058,-46.59974286999999,,
40800,,40.210068206787106,,,,41000,0.001,0.11165394261479378,,-51.3675569,100.0
41000,100.0,40.373023223876956,356,412,115,41200,0.001,0.1036683701723814,-46.35991037999998,,
41300,,40.622683410644534,,,,41500,0.001,0.11842978700995445,,-47.6922356,100.0
41400,100.0,40.54061592102051,360,416,115,41600,0.001,0.1150345291942358,-46.641570789999996,,
41800,,40.68659408569336,,,,42000,0.001,0.11522154457867145,,-49.464007450000004,100.0
,100.0,,363,420,115,42000,,,-46.559781629999996,,
42200,100.0,40.82265022277832,366,424,115,42400,0.001,0.10159082792699337,-46.04449380999999,,
42300,,40.8885880279541,,,,42500,0.001,0.11702689051628112,,-55.299309300000004,100.0
42600,100.0,41.01649765014648,370,428,115,42800,0.001,0.11274227313697338,-45.703081390000015,,
42800,,41.09634246826172,,,,43000,0.001,0.10660188108682632,,-48.097436550000005,100.0
43000,100.0,41.20033721923828,373,432,115,43200,0.001,0.10219111278653145,-45.66964413000001,,
43300,,41.351008377075196,,,,43500,0.001,0.1076544800400734,,-50.13367600000001,100.0
43400,100.0,41.39395286560059,377,436,115,43600,0.001,0.10820833593606949,-45.782922830000004,,
43800,,41.535215072631836,,,,44000,0.001,0.12045840047299862,,-47.37291325,100.0
,100.0,,381,440,115,44000,,,-46.206259919999994,,
44200,100.0,41.733382568359374,383,444,115,44400,0.001,0.11105899043381214,-46.09428101999999,,
44300,,41.79183036804199,,,,44500,0.001,0.10838035330176353,,-47.132991600000004,100.0
44600,100.0,41.85185501098633,387,448,115,44800,0.001,0.10474811185151339,-45.67150718,,
44800,,41.95436149597168,,,,45000,0.001,0.11286655850708485,,-56.932273050000006,100.0
45000,100.0,42.07559059143066,391,452,115,45200,0.001,0.11795523017644882,-46.36262346,,
45300,,42.287315368652344,,,,45500,0.001,0.10775537736713886,,-44.5977902,100.0
45400,100.0,42.2148112487793,395,456,115,45600,0.001,0.11364673055708409,-45.74280855,,
45800,,42.46265594482422,,,,46000,0.001,0.10660784363746643,,-45.6805859,100.0
,100.0,,398,460,115,46000,,,-45.605685030000004,,
46200,100.0,42.59783882141113,401,464,115,46400,0.001,0.10792282953858376,-45.58339915,,
46300,,42.60739639282227,,,,46500,0.001,0.10498284205794334,,-44.53302420000001,100.0
46600,100.0,42.84804962158203,404,468,115,46800,0.001,0.11331233382225037,-45.60008875,,
46800,,42.8093978881836,,,,47000,0.001,0.11410905748605728,,-44.3866491,100.0
47000,100.0,43.0541788482666,408,472,115,47200,0.001,0.12342271842062473,-45.28456389,,
47300,,43.19040458679199,,,,47500,0.001,0.11756469786167145,,-43.8479419,100.0
47400,100.0,43.15065231323242,412,476,115,47600,0.001,0.11757184222340583,-45.24367416,,
47800,,43.41669921875,,,,48000,0.001,0.11096235699951648,,-47.509159249999996,100.0
,100.0,,416,480,115,48000,,,-45.28898314999999,,
48200,100.0,43.59013236999512,418,484,115,48400,0.001,0.11615931391716003,-45.11670021,,
48300,,43.6221102142334,,,,48500,0.001,0.10591720275580883,,-47.11754495,100.0
48600,100.0,43.788052825927736,422,488,115,48800,0.001,0.12985713355243206,-45.0517938,,
48800,,43.906565780639646,,,,49000,0.001,0.13627196356654167,,-44.35502215,100.0
49000,100.0,43.95347625732422,425,492,115,49200,0.001,0.12267123214900494,-45.12236704,,
49300,,44.10971130371094,,,,49500,0.001,0.12272819250822067,,-45.0373575,100.0
49400,100.0,44.17091804504395,429,496,115,49600,0.001,0.1203097029030323,-45.60769658000001,,
49800,,44.34459159851074,,,,50000,0.001,0.11099943906068802,,-46.074520250000006,100.0
,100.0,,433,500,115,50000,,,-45.473524850000004,,
50200,100.0,44.561423797607425,435,504,115,50400,0.001,0.12800824262201785,-45.07264989,,
50300,,44.60422546386719,,,,50500,0.001,0.11477571994066238,,-47.622547850000004,100.0
50600,100.0,44.68006629943848,439,508,115,50800,0.001,0.14026390686631202,-45.256180010000016,,
50800,,44.84441825866699,,,,51000,0.001,0.12211499217897653,,-47.2848327,100.0
51000,100.0,44.83268310546875,443,512,115,51200,0.001,0.11910236194729805,-45.15588214,,
51300,,44.91636894226074,,,,51500,0.001,0.10967043034732342,,-47.2335273,100.0
51400,100.0,44.90121810913086,447,516,115,51600,0.001,0.1130199608951807,-44.939100989999986,,
51800,,45.21382316589356,,,,52000,0.001,0.09902199491858482,,-46.0311118,100.0
,100.0,,451,520,115,52000,,,-44.932685420000006,,
52200,100.0,45.2795320892334,453,524,115,52400,0.001,0.1146365699917078,-44.94461983,,
52300,,45.27974021911621,,,,52500,0.001,0.11988582640886307,,-46.954652849999995,100.0
52600,100.0,45.32778297424316,457,528,115,52800,0.001,0.10354773804545403,-44.91522978,,
52800,,45.4047021484375,,,,53000,0.001,0.09049230732023716,,-43.39421405,100.0
53000,100.0,45.413878479003905,461,532,115,53200,0.001,0.09484067246317864,-44.88185135999999,,
53300,,45.52793197631836,,,,53500,0.001,0.0890243536233902,,-43.60470295,100.0
53400,100.0,45.51523063659668,465,536,115,53600,0.001,0.09843110769987107,-44.58604799,,
53800,,45.6557657623291,,,,54000,0.001,0.1525252839177847,,-45.7538863,100.0
,100.0,,469,540,115,54000,,,-43.98916434999999,,
54200,100.0,45.773898391723634,471,544,115,54400,0.001,0.10159854039549827,-43.71280967,,
54300,,45.77427726745606,,,,54500,0.001,0.0928716441988945,,-45.042294549999994,100.0
54600,100.0,45.919725036621095,475,548,115,54800,0.001,0.08719392769038677,-43.82083947,,
54800,,45.91499320983887,,,,55000,0.001,0.0932192050665617,,-45.8812062,100.0
55000,100.0,46.064110107421875,478,552,115,55200,0.001,0.10831825263798237,-43.23088517,,
55300,,46.000249252319335,,,,55500,0.001,0.11328480690717697,,-45.15053389999999,100.0
55400,100.0,45.98539901733398,482,556,115,55600,0.001,0.09839350759983062,-43.19715727,,
55800,,46.241839218139646,,,,56000,0.001,0.13032162725925445,,-59.8274224,100.0
,100.0,,486,560,115,56000,,,-43.26865601999999,,
56200,100.0,46.163690338134764,488,564,115,56400,0.001,0.17974230349063874,-44.19450047,,
56300,,46.10183471679687,,,,56500,0.001,0.15337904587388038,,-80.41041385,100.0
56600,100.0,46.191060638427736,492,568,115,56800,0.001,0.1783885634317994,-44.59019076,,
56800,,46.21640899658203,,,,57000,0.001,0.12608435995876788,,-60.02874395,100.0
57000,100.0,46.242380981445315,496,572,115,57200,0.001,0.13869765393435954,-45.12853574000002,,
57300,,46.3589289855957,,,,57500,0.001,0.09917913898825645,,-60.2353918,100.0
57400,100.0,46.279593811035156,499,576,115,57600,0.001,0.1061135996133089,-45.32606455999999,,
57800,,46.378220062255856,,,,58000,0.001,0.10005357649177313,,-52.31953659999999,100.0
,100.0,,503,580,115,58000,,,-45.713604610000004,,
58200,100.0,46.58918930053711,505,584,115,58400,0.001,0.09387196268886328,-46.007434810000014,,
58300,,46.56233467102051,,,,58500,0.001,0.10103369727730752,,-45.54938715,100.0
58600,100.0,46.619441223144534,509,588,115,58800,0.001,0.10581866696476937,-45.71127539,,
58800,,46.70938720703125,,,,59000,0.001,0.09918235551565885,,-41.8819049,100.0
59000,100.0,46.73166122436523,512,592,115,59200,0.001,0.10178726632148027,-45.624252899999995,,
59300,,46.828866424560545,,,,59500,0.001,0.09516756497323513,,-43.69674679999999,100.0
59400,100.0,46.81794158935547,516,596,115,59600,0.001,0.1014001253247261,-45.32141584,,
59800,,46.85694145202637,,,,60000,0.001,0.08299605932086707,,-43.980907099999996,100.0
,100.0,,520,600,115,60000,,,-45.15107871000001,,
60200,100.0,46.91104431152344,522,604,115,60400,0.001,0.08893498070538045,-45.440147270000004,,
60300,,46.898841094970706,,,,60500,0.001,0.09550219215452671,,-44.23280549999999,100.0
60600,100.0,46.913586654663085,525,608,115,60800,0.001,0.09790345173329115,-45.350102080000006,,
60800,,47.049034881591794,,,,61000,0.001,0.08703631110489368,,-44.04893545,100.0
61000,100.0,47.096003189086915,529,612,115,61200,0.001,0.0994342277944088,-45.32197655,,
61300,,47.168053512573245,,,,61500,0.001,0.09447329744696617,,-44.42297675,100.0
61400,100.0,47.14884132385254,533,616,115,61600,0.001,0.08980039715766906,-45.458145880000004,,
61800,,47.25420799255371,,,,62000,0.001,0.10015423480421305,,-46.8784324,100.0
,100.0,,537,620,115,62000,,,-45.680811219999995,,
62200,100.0,47.29314170837402,539,624,115,62400,0.001,0.09511031180620194,-45.60592193,,
62300,,47.324113006591794,,,,62500,0.001,0.0917277991771698,,-43.58883605000001,100.0
62600,100.0,47.41249374389648,543,628,115,62800,0.001,0.09914518609642982,-45.408253159999994,,
62800,,47.390351638793945,,,,63000,0.001,0.08681631572544575,,-46.046827199999996,100.0
63000,100.0,47.5776343536377,546,632,115,63200,0.001,0.17762757997959852,-45.231896379999995,,
63300,,47.572123260498046,,,,63500,0.001,0.08485468607395888,,-48.6473865,100.0
63400,100.0,47.48497535705567,550,636,115,63600,0.001,0.09749058313667774,-44.99088756000001,,
63800,,47.577321243286136,,,,64000,0.001,0.10458807688206434,,-49.768430450000004,100.0
,100.0,,554,640,115,64000,,,-45.16881184999999,,
64200,100.0,47.607759704589846,556,644,115,64400,0.001,0.12316131703555584,-45.15449946,,
64300,,47.64041313171387,,,,64500,0.001,0.11918614268302917,,-51.40712135000001,100.0
64600,100.0,47.610340957641604,559,648,115,64800,0.001,0.09509489908814431,-45.143704959999994,,
64800,,47.73921020507812,,,,65000,0.001,0.09147153340280056,,-43.6341565,100.0
65000,100.0,47.795570602416994,563,652,115,65200,0.001,0.10515149798244237,-45.27676077,,
65300,,47.87715354919433,,,,65500,0.001,0.0976152677461505,,-49.43721624999999,100.0
65400,100.0,47.80612724304199,567,656,115,65600,0.001,0.09879010759294032,-45.39919784999999,,
65800,,47.95675651550293,,,,66000,0.001,0.088299117423594,,-44.91875935,100.0
,100.0,,570,660,115,66000,,,-45.28804114999999,,
66200,100.0,48.02915824890137,572,664,115,66400,0.001,0.09134103886783124,-44.70226227,,
66300,,48.080109176635744,,,,66500,0.001,0.08704047825187444,,-54.7304405,100.0
66600,100.0,48.0659504699707,576,668,115,66800,0.001,0.10389674808830023,-44.27358023000001,,
66800,,48.11344551086426,,,,67000,0.001,0.09335395604372025,,-45.931284950000006,100.0
67000,100.0,48.21245239257812,579,672,115,67200,0.001,0.09839101865887642,-44.251378800000005,,
67300,,48.27079040527344,,,,67500,0.001,0.08634450707584619,,-43.0180394,100.0
67400,100.0,48.30878005981445,583,676,115,67600,0.001,0.0884463343769312,-44.08569338000001,,
67800,,48.37212661743164,,,,68000,0.001,0.10163664311170578,,-48.37070250000001,100.0
,100.0,,587,680,115,68000,,,-43.69570573999999,,
68200,100.0,48.51399139404297,589,684,116,68400,0.001,0.09516036309301854,-43.527118910000006,,
68300,,48.55900993347168,,,,68500,0.001,0.09654017828404904,,-45.263247799999995,100.0
68600,100.0,48.579895401000975,593,688,115,68800,0.001,0.09266717709600926,-43.49510555,,
68800,,48.670655212402345,,,,69000,0.001,0.09653332561254502,,-45.851386500000004,100.0
69000,100.0,48.65400062561035,597,692,115,69200,0.001,0.09666214145720005,-43.50273904999998,,
69300,,48.77988441467285,,,,69500,0.001,0.113367082439363,,-43.3487459,100.0
69400,100.0,48.78504158020019,600,696,115,69600,0.001,0.09842703014612197,-43.41734753000001,,
69800,,48.89654586791992,,,,70000,0.001,0.10187219839543105,,-46.07428155,100.0
,100.0,,604,700,115,70000,,,-43.81186013999999,,
70200,100.0,49.07911552429199,606,704,116,70400,0.001,0.08832170605659485,-43.583765840000005,,
70300,,48.977723846435545,,,,70500,0.001,0.14190209191292524,,-41.57556415,100.0
70600,100.0,49.05527671813965,610,708,116,70800,0.001,0.08086485106498004,-43.4452646,,
70800,,49.10596435546875,,,,71000,0.001,0.07966711584478617,,-44.54916175,100.0
71000,100.0,49.07180534362793,613,712,115,71200,0.001,0.08752591304481029,-43.637861789999995,,
71300,,49.15342247009277,,,,71500,0.001,0.08602692242711782,,-44.25909645,100.0
71400,100.0,49.21934616088867,617,716,115,71600,0.001,0.0962642103433609,-43.70873114999999,,
71800,,49.29846694946289,,,,72000,0.001,0.09296774342656136,,-42.72782325000001,100.0
,100.0,,621,720,115,72000,,,-43.739911279999994,,
72200,100.0,49.42411842346191,623,724,116,72400,0.001,0.0950021444633603,-43.909835580000006,,
72300,,49.43387634277344,,,,72500,0.001,0.09475463327020407,,-44.99110075,100.0
72600,100.0,49.485868225097654,627,728,116,72800,0.001,0.10714428558945656,-43.89377148999998,,
72800,,49.484489593505856,,,,73000,0.001,0.12057317454367876,,-42.32977155,100.0
73000,100.0,49.526972732543946,631,732,115,73200,0.001,0.09407203555107117,-44.025461400000005,,
73300,,49.534751892089844,,,,73500,0.001,0.09184631679207086,,-43.681273999999995,100.0
73400,100.0,49.57535804748535,634,736,115,73600,0.001,0.0993439558148384,-43.90527499000001,,
73800,,49.6493187713623,,,,74000,0.001,0.09729035094380378,,-44.018585400000006,100.0
,100.0,,638,740,115,74000,,,-44.12595435,,
74200,100.0,49.757617492675784,640,744,116,74400,0.001,0.10908516354858876,-44.098026290000014,,
74300,,49.8717847442627,,,,74500,0.001,0.11366379469633102,,-44.17337585,100.0
74600,100.0,49.909150466918945,643,748,116,74800,0.001,0.11805246450006962,-44.13791659,,
74800,,50.02059242248535,,,,75000,0.001,0.11292588301002979,,-45.96122344999999,100.0
75000,100.0,49.986047897338864,647,752,116,75200,0.001,0.10894920293241739,-43.98121725000001,,
75300,,49.94099334716797,,,,75500,0.001,0.13461993560194968,,-46.93739600000001,100.0
75400,100.0,50.045527877807615,651,756,116,75600,0.001,0.1507515262812376,-43.88098502,,
75800,,50.05816551208496,,,,76000,0.001,0.10479464598000049,,-62.96335764999999,100.0
,100.0,,655,760,115,76000,,,-44.132179070000014,,
76200,100.0,50.207781600952146,657,764,116,76400,0.001,0.11758598774671554,-44.062611079999996,,
76300,,50.24673561096191,,,,76500,0.001,0.13174293503165246,,-46.7580036,100.0
76600,100.0,50.27539840698242,661,768,116,76800,0.001,0.11973807886242867,-44.29457554999998,,
76800,,50.30460159301758,,,,77000,0.001,0.12531504325568676,,-51.35798665,100.0
77000,100.0,50.346527557373044,665,772,116,77200,0.001,0.12619045801460743,-44.423990829999994,,
77300,,50.39418243408203,,,,77500,0.001,0.13834039077162744,,-46.0219232,100.0
77400,100.0,50.39343803405762,669,776,115,77600,0.001,0.1223197903484106,-44.316909239999994,,
77800,,50.50855628967285,,,,78000,0.001,0.12276506908237934,,-44.1161999,100.0
,100.0,,673,780,115,78000,,,-44.30002269,,
78200,100.0,50.538119888305665,675,784,116,78400,0.001,0.14026121936738492,-44.24268785000001,,
78300,,50.615547256469725,,,,78500,0.001,0.12623622581362726,,-46.21958695,100.0
78600,100.0,50.69872207641602,678,788,116,78800,0.001,0.1376678965985775,-44.11228050000002,,
78800,,50.72954879760742,,,,79000,0.001,0.13897812761366368,,-45.378258800000005,100.0
79000,100.0,50.77846305847168,682,792,116,79200,0.001,0.13283282920718192,-43.97470683,,
79300,,50.73277969360352,,,,79500,0.001,0.14708664797246457,,-47.332946150000005,100.0
79400,100.0,50.68175720214844,686,796,115,79600,0.001,0.13698177680373191,-44.01799153000001,,
79800,,50.84836097717285,,,,80000,0.001,0.1648047363013029,,-43.14881965,100.0
,100.0,,690,800,115,80000,,,-43.82892854000001,,
80200,100.0,50.933896713256836,692,804,116,80400,0.001,0.12756020933389664,-43.943093499999996,,
80300,,50.89664268493652,,,,80500,0.001,0.13192887708544732,,-45.55185255,100.0
80600,100.0,50.806211700439455,696,808,116,80800,0.001,0.12642077691853046,-44.055984470000006,,
80800,,50.930048599243165,,,,81000,0.001,0.11737313248217106,,-43.5737291,100.0
81000,100.0,50.840493545532226,699,812,116,81200,0.001,0.1534789115935564,-44.112798579999996,,
81300,,50.93166793823242,,,,81500,0.001,0.13706449925899505,,-43.9724748,100.0
81400,100.0,50.988414916992184,703,816,116,81600,0.001,0.11250484608113766,-43.980415810000004,,
81800,,51.0001791381836,,,,82000,0.001,0.12692465469241143,,-44.694315700000004,100.0
,100.0,,706,820,115,82000,,,-43.79624113999999,,
82200,100.0,51.073735046386716,709,824,116,82400,0.001,0.14553027972579002,-43.61086591,,
82300,,51.07057342529297,,,,82500,0.001,0.12736374892294408,,-46.5713719,100.0
82600,100.0,51.07632141113281,713,828,116,82800,0.001,0.11837262965738773,-43.9241541,,
82800,,51.0120288848877,,,,83000,0.001,0.11225948132574558,,-45.188388599999996,100.0
83000,100.0,51.15594551086426,716,832,116,83200,0.001,0.11558332592248917,-43.70691266000001,,
83300,,51.1873698425293,,,,83500,0.001,0.11676560662686825,,-47.02817854999999,100.0
83400,100.0,51.1743879699707,720,836,116,83600,0.001,0.13517483852803708,-43.73619018999999,,
83800,,51.29559532165527,,,,84000,0.001,0.13407735355198383,,-45.887639400000005,100.0
,100.0,,724,840,116,84000,,,-43.24039016,,
84200,100.0,51.31369926452637,726,844,116,84400,0.001,0.11434175670146943,-43.173302959999994,,
84300,,51.335252380371095,,,,84500,0.001,0.12376984842121601,,-44.579489300000006,100.0
84600,100.0,51.360871124267575,730,848,116,84800,0.001,0.13428659908473492,-43.076316779999985,,
84800,,51.30000984191894,,,,85000,0.001,0.1536071649938822,,-43.60074279999999,100.0
85000,100.0,51.47813491821289,733,852,116,85200,0.001,0.11882872879505157,-42.98970727,,
85300,,51.54222984313965,,,,85500,0.001,0.1157645545899868,,-42.32602465000001,100.0
85400,100.0,51.47836936950684,737,856,116,85600,0.001,0.17012033611536026,-43.130990749999995,,
85800,,51.575094833374024,,,,86000,0.001,0.11883540540933608,,-41.7061486,100.0
,100.0,,741,860,116,86000,,,-42.786206,,
86200,100.0,51.599602127075194,743,864,116,86400,0.001,0.1250562097132206,-42.447176340000006,,
86300,,51.610122985839844,,,,86500,0.001,0.12641371719539166,,-41.6192332,100.0
86600,100.0,51.58047729492188,746,868,116,86800,0.001,0.11450409829616547,-42.13144014999999,,
86800,,51.62878997802734,,,,87000,0.001,0.10398191958665848,,-41.40770705,100.0
87000,100.0,51.68219772338867,750,872,116,87200,0.001,0.11457537911832333,-41.66054595000001,,
87300,,51.62475608825684,,,,87500,0.001,0.10446645855903626,,-41.6061828,100.0
87400,100.0,51.60653091430664,754,876,116,87600,0.001,0.10313930310308933,-41.569466389999995,,
87800,,51.758503112792965,,,,88000,0.001,0.12730210863053798,,-44.54179235,100.0
,100.0,,757,880,116,88000,,,-41.613416230000006,,
88200,100.0,51.7531706237793,759,884,116,88400,0.001,0.11806134402751922,-41.364016170000006,,
88300,,51.70880027770996,,,,88500,0.001,0.1094154418259859,,-45.810725000000005,100.0
88600,100.0,51.87449005126953,763,888,116,88800,0.001,0.11518017508089542,-41.570482940000005,,
88800,,51.82868751525879,,,,89000,0.001,0.12625635452568532,,-44.74788315,100.0
89000,100.0,51.75958168029785,767,892,116,89200,0.001,0.11123796656727791,-41.44811783,,
89300,,51.94500289916992,,,,89500,0.001,0.11297586284577847,,-42.0131645,100.0
89400,100.0,51.888467712402345,770,896,116,89600,0.001,0.11595425859093667,-41.40515119,,
89800,,51.92457527160644,,,,90000,0.001,0.1188151879236102,,-42.60034175,100.0
,100.0,,775,900,116,90000,,,-41.32736836,,
90200,100.0,51.98221519470215,777,904,116,90400,0.001,0.11550070822238923,-41.184038439999995,,
90300,,51.85590957641602,,,,90500,0.001,0.1584011210501194,,-41.677202199999996,100.0
90600,100.0,52.02183448791504,781,908,116,90800,0.001,0.15368378832936286,-41.112035999999996,,
90800,,52.04302947998047,,,,91000,0.001,0.11083474233746529,,-41.591404849999996,100.0
91000,100.0,51.93982780456543,785,912,116,91200,0.001,0.11303929600864648,-40.865180450000004,,
91300,,52.0294896697998,,,,91500,0.001,0.09546998403966427,,-41.264183,100.0
91400,100.0,52.04642120361328,790,916,115,91600,0.001,0.09852553263306618,-40.669662859999995,,
91800,,52.10725273132324,,,,92000,0.001,0.10534769013524055,,-41.679542299999994,100.0
,100.0,,794,920,115,92000,,,-40.63852403,,
92200,100.0,52.165068817138675,796,924,115,92400,0.001,0.10195029959082604,-40.67422688,,
92300,,52.249398956298826,,,,92500,0.001,0.11015382464975118,,-48.42269950000001,100.0
92600,100.0,52.2410238647461,800,928,115,92800,0.001,0.09504900179803372,-40.123900920000004,,
92800,,52.26409782409668,,,,93000,0.001,0.12209955841302872,,-46.870176949999994,100.0
93000,100.0,52.25160140991211,804,932,115,93200,0.001,0.105376450791955,-40.21987472,,
93300,,52.27891174316406,,,,93500,0.001,0.09335520964115858,,-42.3642573,100.0
93400,100.0,52.326745223999026,808,936,115,93600,0.001,0.0939746717736125,-40.54343876,,
93800,,52.37328651428223,,,,94000,0.001,0.09234727595001459,,-52.122836649999996,100.0
,100.0,,812,940,115,94000,,,-40.712318849999996,,
94200,100.0,52.44846061706543,815,944,115,94400,0.001,0.11870261624455453,-40.89673695,,
94300,,52.5075008392334,,,,94500,0.001,0.11392851330339909,,-50.705055349999995,100.0
94600,100.0,52.486818084716795,818,948,115,94800,0.001,0.1165515061467886,-41.026992209999996,,
94800,,52.434352798461916,,,,95000,0.001,0.10527112565934658,,-47.77081555,100.0
95000,100.0,52.520246810913086,822,952,115,95200,0.001,0.09590182669460773,-41.189828750000004,,
95300,,52.567009658813475,,,,95500,0.001,0.09125784810632467,,-44.5562386,100.0
95400,100.0,52.479211959838864,826,956,115,95600,0.001,0.09706216961145402,-41.203670679999995,,
95800,,52.55679679870605,,,,96000,0.001,0.10710616525262594,,-51.21280375,100.0
,100.0,,830,960,115,96000,,,-41.40341797999999,,
96200,100.0,52.55204833984375,833,964,115,96400,0.001,0.10939396694302558,-41.55749223,,
96300,,52.602080078125,,,,96500,0.001,0.10300260171294212,,-47.543063000000004,100.0
96600,100.0,52.57109596252442,836,968,115,96800,0.001,0.09452629003673792,-41.60378695,,
96800,,52.54724586486817,,,,97000,0.001,0.11464601907879114,,-46.2785776,100.0
97000,100.0,52.558109283447266,840,972,115,97200,0.001,0.09262053955346346,-41.780178709999994,,
97300,,52.59484329223633,,,,97500,0.001,0.09828322391957045,,-49.195529650000005,100.0
97400,100.0,52.587455139160156,844,976,115,97600,0.001,0.1092122970893979,-41.73940739,,
97800,,52.679724044799805,,,,98000,0.001,0.09716559447348118,,-64.7366108,100.0
,100.0,,848,980,115,98000,,,-42.17011418999999,,
98200,100.0,52.69456092834473,851,984,115,98400,0.001,0.09448951441794634,-42.82435981,,
98300,,52.671036376953126,,,,98500,0.001,0.11295492872595787,,-45.10287235,100.0
98600,100.0,52.68253616333008,855,988,115,98800,0.001,0.1254634178429842,-43.08489864999999,,
98800,,52.651300506591795,,,,99000,0.001,0.10488537073135376,,-41.95041855000001,100.0
99000,100.0,52.72017158508301,859,992,115,99200,0.001,0.10465598434209823,-43.499868240000005,,
99300,,52.76919090270996,,,,99500,0.001,0.09393420848995447,,-55.91642559999999,100.0
99400,100.0,52.780087051391604,863,996,115,99600,0.001,0.09653507724404335,-43.66392194,,
99800,,52.79326950073242,,,,100000,0.001,0.10772315796464682,,-44.289916350000006,100.0
,100.0,,867,1000,115,100000,,,-43.828463680000006,,
100200,100.0,52.774729843139646,869,1004,115,100400,0.001,0.08963201269507408,-43.85073765,,
100300,,52.779465179443356,,,,100500,0.001,0.10045927274972201,,-45.207291299999994,100.0
100600,100.0,52.82166366577148,873,1008,115,100800,0.001,0.11717361338436603,-43.898551069999996,,
100800,,52.99313026428223,,,,101000,0.001,0.10777877468615771,,-42.590896900000004,100.0
101000,100.0,52.93248237609863,877,1012,115,101200,0.001,0.09417916420847178,-44.149611410000006,,
101300,,52.89547950744629,,,,101500,0.001,0.10262197494506836,,-41.549523199999996,100.0
101400,100.0,52.9915633392334,881,1016,115,101600,0.001,0.09553346879780293,-44.13127907000001,,
101800,,52.935213241577145,,,,102000,0.001,0.11020524337887765,,-43.273594749999994,100.0
,100.0,,885,1020,115,102000,,,-44.17842803999999,,
102200,100.0,52.95509101867676,888,1024,115,102400,0.001,0.1027663053944707,-44.04843850000001,,
102300,,52.9835009765625,,,,102500,0.001,0.10683582607656718,,-43.40795485000001,100.0
102600,100.0,53.03298210144043,892,1028,115,102800,0.001,0.1562235227227211,-44.41373981000001,,
102800,,53.08890609741211,,,,103000,0.001,0.1062535062432289,,-49.009891200000006,100.0
103000,100.0,53.02974754333496,896,1032,115,103200,0.001,0.10754024311900139,-44.31191809,,
103300,,52.92560478210449,,,,103500,0.001,0.13882387474179267,,-43.14037284999999,100.0
103400,100.0,53.04695991516113,900,1036,115,103600,0.001,0.11387351930141448,-43.976507090000005,,
103800,,53.05066452026367,,,,104000,0.001,0.10653281457722187,,-43.65888615,100.0
,100.0,,905,1040,114,104000,,,-44.083417610000005,,
104200,100.0,53.059155044555666,907,1044,114,104400,0.001,0.11760080739855766,-43.84246451,,
104300,,53.103242263793945,,,,104500,0.001,0.11512659538537263,,-43.24798175,100.0
104600,100.0,53.08068862915039,911,1048,114,104800,0.001,0.12136328861117363,-43.54652878999998,,
104800,,53.16318527221679,,,,105000,0.001,0.1323168382421136,,-44.31872545,100.0
105000,100.0,53.12899925231934,915,1052,114,105200,0.001,0.1298499037325382,-43.37483714000001,,
105300,,53.14435363769531,,,,105500,0.001,0.13221003785729407,,-42.884678900000004,100.0
105400,100.0,53.053362350463864,920,1056,114,105600,0.001,0.15005649030208587,-43.52746228,,
105800,,53.102483978271486,,,,106000,0.001,0.11987366080284119,,-43.0216066,100.0
,100.0,,924,1060,114,106000,,,-43.29082153,,
106200,100.0,53.13331901550293,926,1064,114,106400,0.001,0.11708502233028412,-43.08039546,,
106300,,53.12246765136719,,,,106500,0.001,0.09886703506112099,,-41.522921049999994,100.0
106600,100.0,53.11550811767578,930,1068,114,106800,0.001,0.10280627332627773,-43.03041029,,
106800,,53.02687515258789,,,,107000,0.001,0.11706427000463009,,-41.625442199999995,100.0
107000,100.0,53.17136451721191,934,1072,114,107200,0.001,0.10973506189882755,-42.755821180000005,,
107300,,53.10486656188965,,,,107500,0.001,0.10149975791573525,,-41.42736684999999,100.0
107400,100.0,53.10474838256836,938,1076,114,107600,0.001,0.11752746790647507,-42.98431058,,
107800,,53.05921936035156,,,,108000,0.001,0.10150336045771838,,-42.617397700000005,100.0
,100.0,,942,1080,114,108000,,,-42.25651453999999,,
108200,100.0,53.096808166503905,944,1084,114,108400,0.001,0.09390303038060666,-41.68002445,,
108300,,53.066903610229495,,,,108500,0.001,0.10132953070104123,,-42.3696166,100.0
108600,100.0,53.21664627075195,948,1088,114,108800,0.001,0.12900673519819975,-41.44207358,,
108800,,53.10882827758789,,,,109000,0.001,0.09183362334966659,,-41.02970370000001,100.0
109000,100.0,53.09589012145996,952,1092,114,109200,0.001,0.09113239169120789,-41.38037871,,
109300,,53.047864532470705,,,,109500,0.001,0.08921173263341188,,-43.39837289999999,100.0
109400,100.0,53.04562309265137,956,1096,114,109600,0.001,0.09404594149440527,-40.991110389999996,,
109800,,53.100860137939456,,,,110000,0.001,0.11972294643521308,,-46.0353287,100.0
,100.0,,961,1100,114,110000,,,-40.81910546,,
110200,100.0,53.07314231872559,963,1104,114,110400,0.001,0.10022046253085136,-40.50787071999999,,
110300,,53.10451690673828,,,,110500,0.001,0.09492714498192072,,-43.2697815,100.0
110600,100.0,53.09710708618164,968,1108,114,110800,0.001,0.10219926878809929,-40.3173266,,
110800,,53.14177688598633,,,,111000,0.001,0.10761572547256947,,-43.03120345000001,100.0
111000,100.0,53.119401092529294,972,1112,114,111200,0.001,0.10102591082453728,-40.1268447,,
111300,,53.11199722290039,,,,111500,0.001,0.11472939535975456,,-42.87197474999999,100.0
111400,100.0,53.1081494140625,976,1116,114,111600,0.001,0.10839634381234646,-40.03238582,,
111800,,53.09457290649414,,,,112000,0.001,0.1274248070269823,,-43.810324349999995,100.0
,100.0,,980,1120,114,112000,,,-39.93126138,,
112200,100.0,53.14909553527832,982,1124,114,112400,0.001,0.13716937616467476,-40.21366468,,
112300,,53.175430374145506,,,,112500,0.001,0.13462729323655367,,-43.26161445,100.0
112600,100.0,53.07897422790527,986,1128,114,112800,0.001,0.11286279521882533,-40.109598010000006,,
112800,,53.081764450073244,,,,113000,0.001,0.1112510896474123,,-45.851627300000004,100.0
113000,100.0,53.05168937683106,990,1132,114,113200,0.001,0.13365552321076393,-40.29305207,,
113300,,53.25493766784668,,,,113500,0.001,0.1253163977712393,,-46.695923449999995,100.0
113400,100.0,53.06617523193359,994,1136,114,113600,0.001,0.12111857011914254,-40.8357919,,
113800,,53.07714530944824,,,,114000,0.001,0.1261169683933258,,-43.932374249999995,100.0
,100.0,,998,1140,114,114000,,,-40.504407220000004,,
114200,100.0,53.1078328704834,1001,1144,114,114400,0.001,0.139036430940032,-42.09093645,,
114300,,53.171849746704105,,,,114500,0.001,0.12401153571903706,,-55.145525449999994,100.0
114600,100.0,53.087716064453126,1005,1148,114,114800,0.001,0.16266992911696435,-42.28000730000001,,
114800,,52.971135177612304,,,,115000,0.001,0.14594878315925597,,-40.83339975,100.0
115000,100.0,53.16153678894043,1009,1152,114,115200,0.001,0.15335295528173445,-42.33057398000001,,
115300,,53.08896499633789,,,,115500,0.001,0.13470249891281127,,-40.58586565,100.0
115400,100.0,53.18715469360352,1013,1156,114,115600,0.001,0.13948465645313263,-42.01277794,,
115800,,53.138674087524414,,,,116000,0.001,0.1369759201258421,,-41.3818267,100.0
,100.0,,1017,1160,114,116000,,,-42.12425615,,
116200,100.0,53.15630760192871,1019,1164,114,116400,0.001,0.12830725833773612,-42.290447629999996,,
116300,,53.12772308349609,,,,116500,0.001,0.11958659678697586,,-44.043627300000004,100.0
116600,100.0,53.06622444152832,1024,1168,114,116800,0.001,0.12327281497418881,-42.397845509999996,,
116800,,52.96554733276367,,,,117000,0.001,0.1581509965658188,,-45.1940747,100.0
117000,100.0,53.125008239746094,1028,1172,113,117200,0.001,0.12464973762631416,-42.37159943000002,,
117300,,53.18513236999512,,,,117500,0.001,0.11753168880939484,,-43.51420285,100.0
117400,100.0,53.14418098449707,1032,1176,113,117600,0.001,0.11645906634628772,-42.396134970000006,,
117800,,53.072213897705076,,,,118000,0.001,0.12917484059929848,,-43.925064500000005,100.0
,100.0,,1036,1180,113,118000,,,-42.3513569,,
118200,100.0,52.93873901367188,1039,1184,113,118400,0.001,0.12455746106803417,-42.305673619999986,,
118300,,53.014329986572264,,,,118500,0.001,0.1269725388288498,,-41.71222655,100.0
118600,100.0,53.09096054077148,1043,1188,113,118800,0.001,0.1364269433170557,-42.2393936,,
118800,,53.05664428710938,,,,119000,0.001,0.16383716344833374,,-42.7223017,100.0
119000,100.0,53.0637003326416,1047,1192,113,119200,0.001,0.13446644362062216,-42.04234219,,
119300,,52.93007934570313,,,,119500,0.001,0.11399598069489002,,-42.918490799999994,100.0
119400,100.0,53.140908203125,1052,1196,113,119600,0.001,0.15804210387170314,-42.286339080000005,,
119800,,52.96537864685059,,,,120000,0.001,0.11732839852571487,,-44.325861950000004,100.0
,100.0,,1057,1200,113,120000,,,-42.330332479999996,,
120200,100.0,52.96304260253906,1059,1204,113,120400,0.001,0.11066035740077496,-42.47332920000001,,
120300,,52.943757705688476,,,,120500,0.001,0.12258778132498264,,-43.32597095,100.0
120600,100.0,53.06421875,1064,1208,113,120800,0.001,0.11356526132673025,-42.66949415999999,,
120800,,53.00161376953125,,,,121000,0.001,0.11389259353280068,,-43.1560316,100.0
121000,100.0,52.94685592651367,1068,1212,113,121200,0.001,0.10983213931322097,-42.676027500000004,,
121300,,53.018779602050785,,,,121500,0.001,0.10887449137866496,,-42.660159549999996,100.0
121400,100.0,52.94964828491211,1072,1216,113,121600,0.001,0.11008674718439579,-42.89698439000001,,
121800,,53.101937789916995,,,,122000,0.001,0.17412600331008435,,-45.09708565,100.0
,100.0,,1077,1220,113,122000,,,-42.78759510999999,,
122200,100.0,52.903422088623046,1079,1224,113,122400,0.001,0.14131769880652428,-42.510392519999996,,
122300,,52.99415428161621,,,,122500,0.001,0.12073838975280524,,-44.6678383,100.0
122600,100.0,52.96191276550293,1083,1228,113,122800,0.001,0.10172674022614955,-42.52790448999999,,
122800,,52.91418090820312,,,,123000,0.001,0.11445117261260748,,-39.8806755,100.0
123000,100.0,53.02291694641113,1087,1232,113,123200,0.001,0.13142429694533347,-42.35386884,,
123300,,53.05619888305664,,,,123500,0.001,0.12422642782330513,,-42.538847100000005,100.0
123400,100.0,53.02276298522949,1092,1236,113,123600,0.001,0.09728819083422423,-41.73763083,,
123800,,52.97926429748535,,,,124000,0.001,0.11156908966600895,,-42.29903375000001,100.0
,100.0,,1096,1240,113,124000,,,-41.66848927,,
124200,100.0,52.86157691955567,1099,1244,113,124400,0.001,0.11111222207546234,-40.12495885,,
124300,,52.894946060180665,,,,124500,0.001,0.13734050437808037,,-42.03480555,100.0
124600,100.0,52.80290023803711,1103,1248,113,124800,0.001,0.10265599578619003,-40.02395107,,
124800,,52.809085311889646,,,,125000,0.001,0.13439326398074627,,-44.58248605000001,100.0
125000,100.0,52.73649467468262,1108,1252,112,125200,0.001,0.1000168040022254,-39.77446857,,
125300,,52.810670394897464,,,,125500,0.001,0.10798795312643052,,-41.13946584999999,100.0
125400,100.0,52.69218154907227,1112,1256,112,125600,0.001,0.09500097636133432,-39.815083660000006,,
125800,,52.76065757751465,,,,126000,0.001,0.12422805238515139,,-44.35074465,100.0
,100.0,,1117,1260,112,126000,,,-39.697091660000005,,
126200,100.0,52.58492576599121,1120,1264,112,126400,0.001,0.10820439640432596,-39.819804790000006,,
126300,,52.62463439941406,,,,126500,0.001,0.12173531599342823,,-52.29882739999999,100.0
126600,100.0,52.69111595153809,1124,1268,112,126800,0.001,0.11766167066991329,-39.55880228,,
126800,,52.642799072265625,,,,127000,0.001,0.10614973299205303,,-42.15491885,100.0
127000,100.0,52.66347854614258,1128,1272,112,127200,0.001,0.1043775026500225,-39.608548150000004,,
127300,,52.54841407775879,,,,127500,0.001,0.15158411405980587,,-44.24234205,100.0
127400,100.0,52.50057373046875,1133,1276,112,127600,0.001,0.1017246924713254,-39.33093449,,
127800,,52.61147094726562,,,,128000,0.001,0.11907033860683441,,-43.6819311,100.0
,100.0,,1137,1280,112,128000,,,-39.78093977,,
128200,100.0,52.498984832763675,1140,1284,112,128400,0.001,0.1034383738040924,-40.130739590000005,,
128300,,52.61105278015137,,,,128500,0.001,0.11471231780946255,,-44.012812499999995,100.0
128600,100.0,52.64567222595215,1144,1288,112,128800,0.001,0.10321538157761097,-40.05135264000001,,
128800,,52.50566139221191,,,,129000,0.001,0.1008350370824337,,-42.20857535,100.0
129000,100.0,52.55237098693848,1149,1292,112,129200,0.001,0.11139512281864881,-39.96484126,,
129300,,52.569182586669925,,,,129500,0.001,0.10089817099273204,,-43.01990665,100.0
129400,100.0,52.582582244873045,1153,1296,112,129600,0.001,0.10266800314188003,-39.99087103,,
129800,,52.56485870361328,,,,130000,0.001,0.10151560753583908,,-44.21887015,100.0
,100.0,,1158,1300,112,130000,,,-39.868115960000004,,
130200,100.0,52.55797554016113,1161,1304,112,130400,0.001,0.11593819573521615,-39.91481682,,
130300,,52.68229385375977,,,,130500,0.001,0.10512257624417544,,-41.969034900000004,100.0
130600,100.0,52.61808410644531,1165,1308,112,130800,0.001,0.1566653310880065,-39.790030550000004,,
130800,,52.66766860961914,,,,131000,0.001,0.10280203625559807,,-42.96585725,100.0
131000,100.0,52.505586853027346,1170,1312,112,131200,0.001,0.09693797014653682,-39.59308393,,
131300,,52.62296745300293,,,,131500,0.001,0.13281877160072328,,-42.962230600000005,100.0
131400,100.0,52.6593433380127,1174,1316,112,131600,0.001,0.12099451474845409,-39.62152574,,
131800,,52.5065234375,,,,132000,0.001,0.11247047021985054,,-49.412875,100.0
,100.0,,1178,1320,111,132000,,,-39.92411864,,
132200,100.0,52.597100524902345,1181,1324,112,132400,0.001,0.10885038040578365,-40.276266490000005,,
132300,,52.61482444763183,,,,132500,0.001,0.11610999077558518,,-53.17318615000001,100.0
132600,100.0,52.60676483154297,1185,1328,111,132800,0.001,0.12023985520005226,-40.51197388,,
132800,,52.699270248413086,,,,133000,0.001,0.13621045812964439,,-50.2676584,100.0
133000,100.0,52.64965286254883,1190,1332,111,133200,0.001,0.12449300892651081,-40.91877743,,
133300,,52.69760581970215,,,,133500,0.001,0.1419163127988577,,-50.5855357,100.0
133400,100.0,52.73947372436523,1194,1336,111,133600,0.001,0.14625782608985902,-41.267180339999996,,
133800,,52.88408905029297,,,,134000,0.001,0.18390831634402274,,-48.292796550000006,100.0
,100.0,,1198,1340,111,134000,,,-41.66208724,,
134200,100.0,52.793297576904294,1200,1344,111,134400,0.001,0.15936019234359264,-41.867467239999996,,
134300,,52.807387313842774,,,,134500,0.001,0.16391175292432308,,-48.09028325,100.0
134600,100.0,52.89265747070313,1205,1348,111,134800,0.001,0.1570264095813036,-42.04313364999999,,
134800,,52.82901756286621,,,,135000,0.001,0.16551129937171935,,-49.81575765,100.0
135000,100.0,52.91081291198731,1209,1352,111,135200,0.001,0.1787097428739071,-42.43324933000001,,
135300,,52.979733276367185,,,,135500,0.001,0.26820244573056695,,-55.284482749999995,100.0
135400,100.0,53.00435371398926,1213,1356,111,135600,0.001,0.30855653263628485,-42.451679299999995,,
135800,,53.00134124755859,,,,136000,0.001,0.19339449509978293,,-54.21965415,100.0
,100.0,,1217,1360,111,136000,,,-42.479326920000005,,
136200,100.0,53.10352798461914,1219,1364,111,136400,0.001,0.20557113699615,-42.35091113000001,,
136300,,53.12310775756836,,,,136500,0.001,0.22836016111075877,,-53.920403,100.0
136600,100.0,52.99849586486816,1224,1368,111,136800,0.001,0.33388241395354273,-42.76416581,,
136800,,53.012898483276366,,,,137000,0.001,0.2550714825093746,,-46.8506006,100.0
137000,100.0,53.07862045288086,1228,1372,111,137200,0.001,0.23334649071097374,-42.740019909999994,,
137300,,52.94673751831055,,,,137500,0.001,0.23628835812211035,,-45.363892899999996,100.0
137400,100.0,53.25150146484375,1232,1376,111,137600,0.001,0.2400099030137062,-42.86823086,,
137800,,52.85977684020996,,,,138000,0.001,0.2282271821051836,,-48.97593585,100.0
,100.0,,1236,1380,111,138000,,,-42.60354646,,
138200,100.0,52.95417953491211,1239,1384,111,138400,0.001,0.21715958699584006,-42.443853849999996,,
138300,,53.09779083251953,,,,138500,0.001,0.22450460106134415,,-43.91885990000001,100.0
138600,100.0,52.89175918579102,1243,1388,111,138800,0.001,0.20306422919034958,-42.325943450000004,,
138800,,52.693575897216796,,,,139000,0.001,0.18204622350633146,,-50.187935249999995,100.0
139000,100.0,52.722470397949216,1248,1392,111,139200,0.001,0.20130797520279883,-42.49858731000001,,
139300,,52.701587982177735,,,,139500,0.001,0.1910419099777937,,-55.5312089,100.0
139400,100.0,52.619912719726564,1252,1396,111,139600,0.001,0.17151092529296874,-42.92937710000001,,
139800,,52.613666458129885,,,,140000,0.001,0.1905212891101837,,-49.6370682,100.0
,100.0,,1257,1400,111,140000,,,-42.826223260000006,,
140200,100.0,52.540071411132814,1259,1404,111,140400,0.001,0.1916656932234764,-42.84304572999999,,
140300,,52.5595157623291,,,,140500,0.001,0.17247809939086436,,-52.40033155,100.0
140600,100.0,52.45513496398926,1263,1408,111,140800,0.001,0.16359933249652386,-42.78735188,,
140800,,52.513308181762696,,,,141000,0.001,0.19090971626341344,,-51.50704685000001,100.0
141000,100.0,52.56326057434082,1267,1412,111,141200,0.001,0.15451618909835815,-43.27238907,,
141300,,52.46927055358887,,,,141500,0.001,0.14583382293581962,,-52.100235250000004,100.0
141400,100.0,52.430422973632815,1271,1416,111,141600,0.001,0.16382787965238094,-43.829938219999995,,
141800,,52.510600357055665,,,,142000,0.001,0.20533649571239948,,-47.541131199999995,100.0
,100.0,,1275,1420,111,142000,,,-43.69616204999999,,
142200,100.0,52.51735153198242,1277,1424,111,142400,0.001,0.17008941680192946,-43.54388284999999,,
142300,,52.408939056396484,,,,142500,0.001,0.14600502990186215,,-46.90704855,100.0
142600,100.0,52.53606155395508,1282,1428,111,142800,0.001,0.14665458992123603,-43.36177820000001,,
142800,,52.533554306030275,,,,143000,0.001,0.14199454076588153,,-42.28957185,100.0
143000,100.0,52.554784545898436,1286,1432,111,143200,0.001,0.15562855511903761,-43.00263021999999,,
143300,,52.55753280639649,,,,143500,0.001,0.1535949404537678,,-43.83154385,100.0
143400,100.0,52.57817886352539,1290,1436,111,143600,0.001,0.1374679520726204,-42.88522765000002,,
143800,,52.46018249511719,,,,144000,0.001,0.1290132723748684,,-43.41065085,100.0
,100.0,,1295,1440,111,144000,,,-42.65516579999999,,
144200,100.0,52.44719909667969,1297,1444,111,144400,0.001,0.12019313842058182,-42.514219350000005,,
144300,,52.49095268249512,,,,144500,0.001,0.14483781285583974,,-45.5411197,100.0
144600,100.0,52.385457839965824,1302,1448,111,144800,0.001,0.11499041207134723,-42.27455790000001,,
144800,,52.54417198181152,,,,145000,0.001,0.11323208697140216,,-46.29501520000001,100.0
145000,100.0,52.47791366577148,1307,1452,111,145200,0.001,0.11541876867413521,-42.28618563,,
145300,,52.524218521118165,,,,145500,0.001,0.13367799766361713,,-43.911122500000005,100.0
145400,100.0,52.46856575012207,1311,1456,110,145600,0.001,0.11629212595522403,-42.14126696,,
145800,,52.55953079223633,,,,146000,0.001,0.16662132419645787,,-50.64207280000001,100.0
,100.0,,1316,1460,110,146000,,,-42.340879779999995,,
146200,100.0,52.541259841918944,1318,1464,111,146400,0.001,0.10447335600852967,-42.41475558,,
146300,,52.43285079956055,,,,146500,0.001,0.09267801187932491,,-43.544809599999994,100.0
146600,100.0,52.54834823608398,1322,1468,110,146800,0.001,0.10263807613402605,-42.29193343,,
146800,,52.45574813842774,,,,147000,0.001,0.11393701128661632,,-46.2133181,100.0
147000,100.0,52.479120101928714,1327,1472,110,147200,0.001,0.10222330361604691,-42.42731532,,
147300,,52.46920974731445,,,,147500,0.001,0.10267518192529679,,-44.876196050000004,100.0
147400,100.0,52.555335693359375,1331,1476,110,147600,0.001,0.10404562406241893,-42.21965012,,
147800,,52.45822807312012,,,,148000,0.001,0.1145556852221489,,-45.60066114999999,100.0
,100.0,,1334,1480,110,148000,,,-42.05183009,,
148200,100.0,52.49063591003418,1337,1484,110,148400,0.001,0.11510423608124257,-41.849312420000004,,
148300,,52.332765350341795,,,,148500,0.001,0.12704650133848192,,-44.12598659999999,100.0
148600,100.0,52.39839347839356,1340,1488,110,148800,0.001,0.10592441134154797,-42.02753011000001,,
148800,,52.301395416259766,,,,149000,0.001,0.11351954139769077,,-43.66371425,100.0
149000,100.0,52.42468315124512,1344,1492,110,149200,0.001,0.12471357233822346,-41.97252168,,
149300,,52.26789344787598,,,,149500,0.001,0.10833652008324862,,-51.7323271,100.0
149400,100.0,52.28796752929688,1349,1496,110,149600,0.001,0.11337334819138051,-41.342201970000005,,
149800,,52.17338249206543,,,,150000,0.001,0.12440960317850112,,-43.36266015,100.0
,100.0,,1353,1500,110,150000,,,-41.44406524000001,,
150200,100.0,52.27604675292969,1355,1504,110,150400,0.001,0.11585125356912612,-41.42661519,,
150300,,52.123924255371094,,,,150500,0.001,0.12691510789096355,,-43.94582025,100.0
150600,100.0,52.30311508178711,1359,1508,110,150800,0.001,0.12494267567992211,-41.560801520000005,,
150800,,52.20714317321777,,,,151000,0.001,0.1182838749140501,,-42.70180505,100.0
151000,100.0,52.3799690246582,1363,1512,110,151200,0.001,0.11899518579244614,-41.18431361,,
151300,,52.36850776672363,,,,151500,0.001,0.14763801597058773,,-42.190031,100.0
151400,100.0,52.26145233154297,1367,1516,110,151600,0.001,0.1063566879555583,-40.44215888000001,,
151800,,52.22822822570801,,,,152000,0.001,0.13042232520878316,,-45.9892597,100.0
,100.0,,1370,1520,110,152000,,,-40.266009409999995,,
152200,100.0,52.25454833984375,1373,1524,110,152400,0.001,0.13101990640163422,-40.1443432,,
152300,,52.21255340576172,,,,152500,0.001,0.14426866859197618,,-44.79324195,100.0
152600,100.0,52.111252822875976,1376,1528,110,152800,0.001,0.13047100119292737,-40.096041320000005,,
152800,,52.36923095703125,,,,153000,0.001,0.1362524987757206,,-41.1161913,100.0
153000,100.0,52.283632888793946,1380,1532,110,153200,0.001,0.12540038250386715,-39.92658099,,
153300,,52.30016822814942,,,,153500,0.001,0.13055880241096018,,-45.033207250000004,100.0
153400,100.0,52.252685623168944,1384,1536,110,153600,0.001,0.13814160227775574,-39.87388237,,
153800,,52.24735549926758,,,,154000,0.001,0.14137976787984372,,-46.09659315,100.0
,100.0,,1388,1540,110,154000,,,-39.92045829999999,,
154200,100.0,52.28389465332031,1390,1544,111,154400,0.001,0.16182363756000995,-39.90222656,,
154300,,52.341302185058595,,,,154500,0.001,0.12738090723752976,,-47.396090199999996,100.0
154600,100.0,52.38140716552734,1393,1548,111,154800,0.001,0.13906953506171704,-40.12849560000001,,
154800,,52.39763832092285,,,,155000,0.001,0.14441700614988803,,-44.51021365,100.0
155000,100.0,52.34914855957031,1397,1552,111,155200,0.001,0.16501415334641933,-39.81413908,,
155300,,52.40122337341309,,,,155500,0.001,0.13350009836256505,,-42.42950420000001,100.0
155400,100.0,52.36674873352051,1401,1556,111,155600,0.001,0.1288618666678667,-39.990928649999994,,
155800,,52.219805221557614,,,,156000,0.001,0.15013700030744076,,-43.0654929,100.0
,100.0,,1405,1560,111,156000,,,-40.18195961,,
156200,100.0,52.11481262207031,1407,1564,111,156400,0.001,0.1395089341700077,-40.14487832,,
156300,,52.09168525695801,,,,156500,0.001,0.13430923640727996,,-46.25238425,100.0
156600,100.0,52.06551284790039,1412,1568,111,156800,0.001,0.12980007290840148,-39.82223622000001,,
156800,,52.111083068847655,,,,157000,0.001,0.11468705400824547,,-41.738354900000004,100.0
157000,100.0,52.06062789916992,1417,1572,110,157200,0.001,0.12909724086523056,-39.560490040000005,,
157300,,51.94216728210449,,,,157500,0.001,0.11650970824062824,,-44.49819565000001,100.0
157400,100.0,51.840130996704104,1422,1576,110,157600,0.001,0.1283587074279785,-39.73095114,,
157800,,52.01376220703125,,,,158000,0.001,0.1367314348369837,,-41.9141582,100.0
,100.0,,1427,1580,110,158000,,,-39.96866423,,
158200,100.0,51.87097351074219,1430,1584,110,158400,0.001,0.12888170190155507,-40.12222291999999,,
158300,,51.69528785705566,,,,158500,0.001,0.12791079305112363,,-43.7934,100.0
158600,100.0,51.805112991333004,1434,1588,110,158800,0.001,0.13513778679072858,-40.04753831,,
158800,,51.83722465515137,,,,159000,0.001,0.11520359188318252,,-41.611918200000005,100.0
159000,100.0,51.86342498779297,1438,1592,110,159200,0.001,0.12919123113155365,-40.30018565,,
159300,,51.82791366577148,,,,159500,0.001,0.1304640205204487,,-44.55121665,100.0
159400,100.0,51.68650085449219,1442,1596,110,159600,0.001,0.13709461007267237,-40.44236847,,
159800,,51.67203063964844,,,,160000,0.001,0.29186847418546674,,-51.23622109999999,100.0
,100.0,,1446,1600,110,160000,,,-40.402525669999996,,
160200,100.0,51.65374694824219,1449,1604,110,160400,0.001,0.11807005174458027,-40.701153049999995,,
160300,,51.597213668823244,,,,160500,0.001,0.11700969088822603,,-43.51611685,100.0
160600,100.0,51.650964889526364,1453,1608,110,160800,0.001,0.12880648169666528,-40.40253909,,
160800,,51.598258590698244,,,,161000,0.001,0.1370806857198477,,-47.31685985,100.0
161000,100.0,51.53077880859375,1457,1612,110,161200,0.001,0.12456060282886028,-40.35901339,,
161300,,51.52908363342285,,,,161500,0.001,0.1462725292891264,,-51.536621249999996,100.0
161400,100.0,51.590267715454104,1461,1616,110,161600,0.001,0.16001987986266614,-40.58285925999999,,
161800,,51.45771858215332,,,,162000,0.001,0.14700092650949956,,-58.86807635,100.0
,100.0,,1465,1620,110,162000,,,-40.8680517,,
162200,100.0,51.50666938781738,1468,1624,110,162400,0.001,0.14327537328004836,-41.03957892,,
162300,,51.3646728515625,,,,162500,0.001,0.15444896683096887,,-58.802083249999995,100.0
162600,100.0,51.633628387451175,1473,1628,110,162800,0.001,0.1588305250555277,-41.009911089999996,,
162800,,51.42140625,,,,163000,0.001,0.15179155416786672,,-51.32380905000001,100.0
163000,100.0,51.54205680847168,1477,1632,110,163200,0.001,0.15823260627686977,-41.34319831999999,,
163300,,51.4705753326416,,,,163500,0.001,0.1800528048723936,,-66.03536445,100.0
163400,100.0,51.51303741455078,1482,1636,110,163600,0.001,0.17396424256265164,-41.75308384,,
163800,,51.496698150634764,,,,164000,0.001,0.18088097050786017,,-44.370667499999996,100.0
,100.0,,1486,1640,110,164000,,,-41.97539989,,
164200,100.0,51.48279586791992,1489,1644,110,164400,0.001,0.1693494512885809,-42.21770347999999,,
164300,,51.554388275146486,,,,164500,0.001,0.17963241390883922,,-48.59727255,100.0
164600,100.0,51.300033798217775,1494,1648,110,164800,0.001,0.21958880566060543,-42.32741744999999,,
164800,,51.642001419067384,,,,165000,0.001,0.19542223915457727,,-58.40813429999999,100.0
165000,100.0,51.64943756103516,1499,1652,110,165200,0.001,0.18039500378072262,-42.544901949999996,,
165300,,51.527764892578126,,,,165500,0.001,0.18077229589223862,,-50.910745,100.0
165400,100.0,51.58166191101074,1503,1656,110,165600,0.001,0.16981225945055484,-42.664637039999995,,
165800,,51.601259078979496,,,,166000,0.001,0.16610724791884424,,-52.07685175,100.0
,100.0,,1507,1660,110,166000,,,-42.819941099999994,,
166200,100.0,51.721731719970705,1510,1664,110,166400,0.001,0.2485183572769165,-43.21616925,,
166300,,51.595184860229494,,,,166500,0.001,0.15470293030142784,,-47.063935750000006,100.0
166600,100.0,51.53357902526855,1514,1668,110,166800,0.001,0.15522034510970115,-43.51545306,,
166800,,51.5079467010498,,,,167000,0.001,0.14229140304028987,,-42.54144755,100.0
167000,100.0,51.45575706481934,1518,1672,110,167200,0.001,0.13446934036910535,-43.61285627,,
167300,,51.53754753112793,,,,167500,0.001,0.16472952790558337,,-50.355874449999995,100.0
167400,100.0,51.467025680541994,1523,1676,110,167600,0.001,0.13936476312577725,-43.7534251,,
167800,,51.388345642089845,,,,168000,0.001,0.14198993310332297,,-43.046663249999995,100.0
,100.0,,1527,1680,109,168000,,,-43.71799071000001,,
168200,100.0,51.197805099487304,1529,1684,110,168400,0.001,0.12350787311792373,-43.67608177,,
168300,,51.257084884643554,,,,168500,0.001,0.1334576377272606,,-46.1553665,100.0
168600,100.0,51.36661163330078,1533,1688,110,168800,0.001,0.12688926108181475,-43.7617406,,
168800,,51.42034973144531,,,,169000,0.001,0.12027378804981709,,-40.669128,100.0
169000,100.0,51.228842391967774,1538,1692,109,169200,0.001,0.11611401960253716,-43.46314995999999,,
169300,,51.220864868164064,,,,169500,0.001,0.10510722532868386,,-40.382084449999994,100.0
169400,100.0,51.27039924621582,1542,1696,109,169600,0.001,0.11522137813270092,-43.550478010000006,,
169800,,51.262686767578124,,,,170000,0.001,0.12710002668201922,,-40.235134200000005,100.0
,100.0,,1546,1700,109,170000,,,-43.68816622,,
170200,100.0,51.07574234008789,1549,1704,110,170400,0.001,0.11109991118311882,-43.35371332,,
170300,,51.050443496704105,,,,170500,0.001,0.11188702970743179,,-40.782691549999996,100.0
170600,100.0,51.120435333251955,1553,1708,109,170800,0.001,0.11536130268126726,-43.45703570999999,,
170800,,51.06497337341309,,,,171000,0.001,0.10629348181188107,,-43.125773550000005,100.0
171000,100.0,51.058662033081056,1557,1712,109,171200,0.001,0.10444709524512291,-43.52985794,,
171300,,51.10518867492676,,,,171500,0.001,0.11236873522400856,,-42.43225830000001,100.0
171400,100.0,51.04970909118652,1562,1716,109,171600,0.001,0.10284405462443828,-43.349657109999995,,
171800,,50.970054397583006,,,,172000,0.001,0.10534265346825122,,-40.7538152,100.0
,100.0,,1566,1720,109,172000,,,-43.15579273,,
172200,100.0,51.06142051696777,1569,1724,109,172400,0.001,0.09776987101882696,-42.959784209999995,,
172300,,51.028506393432615,,,,172500,0.001,0.08978019576519727,,-38.46131269999999,100.0
172600,100.0,51.06741683959961,1573,1728,109,172800,0.001,0.09197362255305051,-42.87477778,,
172800,,50.98222221374512,,,,173000,0.001,0.11132829390466213,,-40.1802525,100.0
173000,100.0,51.04971176147461,1578,1732,109,173200,0.001,0.1091564429551363,-42.563096239999986,,
173300,,50.976485137939456,,,,173500,0.001,0.09834910962730646,,-38.50925675,100.0
173400,100.0,51.07245872497558,1582,1736,109,173600,0.001,0.10997624382376671,-41.95893353,,
173800,,51.04832710266113,,,,174000,0.001,0.10405605204403401,,-42.749273450000004,100.0
,100.0,,1586,1740,109,174000,,,-41.706756989999995,,
174200,100.0,50.890760040283205,1588,1744,109,174400,0.001,0.1105694480985403,-41.40034646,,
174300,,51.09180206298828,,,,174500,0.001,0.12019871834665537,,-41.46006824999999,100.0
174600,100.0,51.03794090270996,1593,1748,109,174800,0.001,0.10273922726511955,-40.98994082,,
174800,,50.967310180664064,,,,175000,0.001,0.10370921421796084,,-39.40644379999999,100.0
175000,100.0,50.90376167297363,1597,1752,109,175200,0.001,0.10942956060171127,-40.84612719999999,,
175300,,50.874983673095706,,,,175500,0.001,0.08689112685620785,,-40.8761082,100.0
175400,100.0,50.915061721801756,1601,1756,109,175600,0.001,0.09136103793978691,-40.54205508,,
175800,,50.8838159942627,,,,176000,0.001,0.09923386801034212,,-40.3158485,100.0
,100.0,,1605,1760,109,176000,,,-39.99958663,,
176200,100.0,50.825631103515626,1608,1764,109,176400,0.001,0.09672988813370466,-39.32531898,,
176300,,50.81393676757813,,,,176500,0.001,0.09275119796395302,,-39.448667,100.0
176600,100.0,50.7556566619873,1612,1768,109,176800,0.001,0.0981841952726245,-39.008449230000004,,
176800,,50.780251541137694,,,,177000,0.001,0.0961514324694872,,-40.482693749999996,100.0
177000,100.0,50.72404335021972,1616,1772,109,177200,0.001,0.08606889117509127,-38.89929099,,
177300,,50.68624366760254,,,,177500,0.001,0.08603455785661936,,-40.2283614,100.0
177400,100.0,50.74475196838379,1621,1776,109,177600,0.001,0.10542167145758867,-38.69677641,,
177800,,50.66160957336426,,,,178000,0.001,0.11302968427538872,,-43.204719600000004,100.0
,100.0,,1625,1780,109,178000,,,-38.74783487,,
178200,100.0,50.560557174682614,1628,1784,109,178400,0.001,0.083474989682436,-38.67828191,,
178300,,50.672241287231444,,,,178500,0.001,0.08576506000012159,,-42.6317983,100.0
178600,100.0,50.684198989868165,1633,1788,109,178800,0.001,0.09654882341623307,-38.64300298999999,,
178800,,50.55595848083496,,,,179000,0.001,0.08864436872303486,,-41.707253800000004,100.0
179000,100.0,50.412693634033204,1637,1792,109,179200,0.001,0.07967182606458664,-38.49427323,,
179300,,50.44830795288086,,,,179500,0.001,0.13528812255710362,,-45.62388274999999,100.0
179400,100.0,50.32633163452149,1641,1796,109,179600,0.001,0.1328884418681264,-38.70701572,,
179800,,50.30188430786133,,,,180000,0.001,0.08587581165134907,,-43.5385577,100.0
,100.0,,1645,1800,109,180000,,,-38.58681101,,
180200,100.0,50.38852279663086,1648,1804,109,180400,0.001,0.10718368895351887,-38.55419746,,
180300,,50.281592483520505,,,,180500,0.001,0.0914726221933961,,-41.3876869,100.0
180600,100.0,50.26970573425293,1652,1808,109,180800,0.001,0.07779441025108098,-38.75005962000001,,
180800,,50.33752708435058,,,,181000,0.001,0.08279077064245939,,-40.55665845,100.0
181000,100.0,50.206041717529295,1656,1812,109,181200,0.001,0.07971399996429682,-38.89738220000001,,
181300,,50.21683494567871,,,,181500,0.001,0.0844072264060378,,-43.700980900000005,100.0
181400,100.0,50.17844093322754,1660,1816,109,181600,0.001,0.09385418273508549,-39.09741345,,
181800,,50.246663894653324,,,,182000,0.001,0.08788172483444213,,-42.46807845000001,100.0
,100.0,,1664,1820,109,182000,,,-39.12522746,,
182200,100.0,50.146725463867185,1667,1824,109,182400,0.001,0.07879972089082003,-39.03497736,,
182300,,50.2384056854248,,,,182500,0.001,0.07852528519928455,,-41.6520995,100.0
182600,100.0,50.184814071655275,1671,1828,109,182800,0.001,0.07631292883306742,-39.14275374,,
182800,,50.10132881164551,,,,183000,0.001,0.07735607478767634,,-45.3320505,100.0
183000,100.0,50.088979721069336,1675,1832,109,183200,0.001,0.08433325871825219,-39.23488181,,
183300,,50.07406631469726,,,,183500,0.001,0.0875411044806242,,-42.816460400000004,100.0
183400,100.0,50.13782867431641,1679,1836,109,183600,0.001,0.0818724287673831,-39.48650886,,
183800,,50.12233718872071,,,,184000,0.001,0.08861340638250112,,-48.8202086,100.0
,100.0,,1683,1840,109,184000,,,-39.36521973000001,,
184200,100.0,50.15080169677734,1685,1844,109,184400,0.001,0.08878775369375944,-39.40750953,,
184300,,50.14473564147949,,,,184500,0.001,0.08097297430038453,,-42.6068308,100.0
184600,100.0,50.095130615234375,1689,1848,109,184800,0.001,0.08722215998917818,-39.518336,,
184800,,50.08327575683594,,,,185000,0.001,0.07305611185729503,,-45.9396907,100.0
185000,100.0,49.9562483215332,1693,1852,109,185200,0.001,0.07542209908366203,-39.60861683,,
185300,,50.02787094116211,,,,185500,0.001,0.08635373000055552,,-43.0193947,100.0
185400,100.0,49.97688995361328,1697,1856,109,185600,0.001,0.08153673157095909,-39.77228954,,
185800,,50.00021385192871,,,,186000,0.001,0.0742525989934802,,-50.3057649,100.0
,100.0,,1701,1860,109,186000,,,-39.75898696000001,,
186200,100.0,49.95326782226562,1703,1864,109,186400,0.001,0.10517444383352995,-40.140062050000004,,
186300,,49.85194686889648,,,,186500,0.001,0.08289263978600502,,-43.63359680000001,100.0
186600,100.0,49.93513999938965,1707,1868,109,186800,0.001,0.08251389373093844,-40.14451719000001,,
186800,,49.8779256439209,,,,187000,0.001,0.07792314544320106,,-43.345145599999995,100.0
187000,100.0,49.90314392089844,1711,1872,109,187200,0.001,0.07498101640492677,-40.3902609,,
187300,,49.86295860290527,,,,187500,0.001,0.09632719960063696,,-40.395581750000005,100.0
187400,100.0,49.86841766357422,1715,1876,109,187600,0.001,0.09457778934389353,-40.46655894,,
187800,,49.93565223693847,,,,188000,0.001,0.08646520841866731,,-39.0551421,100.0
,100.0,,1719,1880,109,188000,,,-40.24106042,,
188200,100.0,49.837916412353515,1722,1884,109,188400,0.001,0.09345859743654727,-40.083048739999995,,
188300,,49.85432472229004,,,,188500,0.001,0.07910442631691694,,-39.3141243,100.0
188600,100.0,49.90047218322754,1726,1888,109,188800,0.001,0.07418610394001007,-40.00543202,,
188800,,49.82881362915039,,,,189000,0.001,0.08552695907652379,,-38.17929925,100.0
189000,100.0,49.72299659729004,1730,1892,109,189200,0.001,0.07797532301396132,-40.069122029999996,,
189300,,49.74425178527832,,,,189500,0.001,0.07840557157993316,,-38.490230399999994,100.0
189400,100.0,49.815121536254885,1734,1896,109,189600,0.001,0.09567966371774674,-39.82608387,,
189800,,49.848062896728514,,,,190000,0.001,0.09954452436417341,,-42.02358045,100.0
,100.0,,1737,1900,109,190000,,,-39.6734222,,
190200,100.0,49.66343673706055,1740,1904,109,190400,0.001,0.08520256206393242,-39.59051763,,
190300,,49.785712814331056,,,,190500,0.001,0.07782334286719561,,-41.71594705,100.0
190600,100.0,49.74154777526856,1744,1908,109,190800,0.001,0.11772856667637825,-39.44881898,,
190800,,49.620659255981444,,,,191000,0.001,0.09264775577932596,,-42.6427865,100.0
191000,100.0,49.668623275756836,1748,1912,109,191200,0.001,0.07446254026144743,-39.34114871,,
191300,,49.7267032623291,,,,191500,0.001,0.08365549374371767,,-38.1914638,100.0
191400,100.0,49.60148132324219,1753,1916,109,191600,0.001,0.0854480791836977,-39.00468011,,
191800,,49.598366775512694,,,,192000,0.001,0.08101034194231033,,-44.425848450000004,100.0
,100.0,,1757,1920,109,192000,,,-39.1453382,,
192200,100.0,49.669784240722656,1759,1924,109,192400,0.001,0.09500450219959021,-39.19193740000001,,
192300,,49.68277465820312,,,,192500,0.001,0.10338235791772604,,-42.692501199999995,100.0
192600,100.0,49.684759063720705,1764,1928,109,192800,0.001,0.09546990443021058,-39.00244953,,
192800,,49.70852592468262,,,,193000,0.001,0.08701735895127058,,-42.31253975,100.0
193000,100.0,49.80148796081543,1768,1932,109,193200,0.001,0.0977917080000043,-39.03091078,,
193300,,49.7373161315918,,,,193500,0.001,0.1052048147469759,,-46.345669900000004,100.0
193400,100.0,49.80377487182617,1773,1936,109,193600,0.001,0.10564166180789471,-39.30504771,,
193800,,49.626629943847654,,,,194000,0.001,0.10123559277504683,,-48.75591675,100.0
,100.0,,1777,1940,109,194000,,,-39.58742112,,
194200,100.0,49.813065948486326,1779,1944,109,194400,0.001,0.10164215318858623,-39.52285849,,
194300,,49.75504570007324,,,,194500,0.001,0.12489859059453011,,-44.75691085,100.0
194600,100.0,49.85918663024902,1784,1948,109,194800,0.001,0.11597298860549926,-39.59395398000001,,
194800,,49.83857086181641,,,,195000,0.001,0.11889558367431163,,-43.8953963,100.0
195000,100.0,49.806962966918945,1788,1952,109,195200,0.001,0.11633050747215748,-39.65930751,,
195300,,49.79668212890625,,,,195500,0.001,0.11458600804209709,,-41.096749,100.0
195400,100.0,49.82110496520996,1792,1956,109,195600,0.001,0.12170021884143352,-39.778015849999996,,
195800,,49.76664108276367,,,,196000,0.001,0.11845800176262855,,-49.5751093,100.0
,100.0,,1796,1960,109,196000,,,-39.999012300000004,,
196200,100.0,49.833865051269534,1799,1964,109,196400,0.001,0.11032001636922359,-39.72499202,,
196300,,49.82739959716797,,,,196500,0.001,0.10468968391418457,,-41.34484735000001,100.0
196600,100.0,49.9849047088623,1803,1968,109,196800,0.001,0.10765592895448207,-40.0415098,,
196800,,49.829467391967775,,,,197000,0.001,0.11223658718168736,,-49.676406400000005,100.0
197000,100.0,49.86762657165527,1807,1972,109,197200,0.001,0.1109963808581233,-39.92006714,,
197300,,49.78424545288086,,,,197500,0.001,0.13856436215341092,,-43.21445899999999,100.0
197400,100.0,49.82438697814941,1811,1976,109,197600,0.001,0.11237071447074413,-40.41185635,,
197800,,49.90973449707031,,,,198000,0.001,0.10997108682990074,,-46.66451845,100.0
,100.0,,1816,1980,109,198000,,,-41.05197732,,
198200,100.0,49.90619079589844,1818,1984,109,198400,0.001,0.113373047336936,-41.407996329999996,,
198300,,49.88513389587402,,,,198500,0.001,0.12267772011458873,,-41.8392109,100.0
198600,100.0,49.87753837585449,1822,1988,109,198800,0.001,0.10168578997254371,-41.310996290000006,,
198800,,49.92797485351562,,,,199000,0.001,0.122745968028903,,-48.6996623,100.0
199000,100.0,49.964373092651364,1826,1992,109,199200,0.001,0.11514372263103724,-41.46869755000001,,
199300,,49.91275161743164,,,,199500,0.001,0.11031649485230446,,-44.562424449999995,100.0
199400,100.0,49.91663650512695,1831,1996,109,199600,0.001,0.10234178587794304,-41.427422740000004,,
199800,,50.02146621704102,,,,200000,0.001,0.11386587269604206,,-44.578233950000005,100.0
,100.0,,1835,2000,108,200000,,,-41.81129644,,
