train/actor_loss,rollout/ep_len_mean,time/time_elapsed,train/learning_rate,time/episodes,rollout/ep_rew_mean,time/fps,train/n_updates,time/total_timesteps,train/critic_loss,eval/mean_reward,eval/mean_ep_length
1.095876879155636,763.75,11,0.001,4,-1214.6621192500002,265,2000,3055,0.05636408687196672,,
2.9901092798709867,,,0.001,,,,4000,5000,0.17951854142732918,-2927.112160587311,1000.0
5.057324525356293,798.25,40,0.001,8,-1748.422335125,156,6000,6386,0.13478312924131752,,
7.739744186401367,623.5833333333334,47,0.001,12,-1437.3163727500003,155,7402,7483,0.6979511582425663,,
8.486986668904622,480.125,48,0.001,16,-1107.514049375,157,7575,7682,0.8777139832576116,,
7.342532777786255,442.4,54,0.001,20,-1019.4204877500002,161,8703,8848,0.6922657233549327,,
8.440605401992798,377.1666666666667,56,0.001,24,-870.4767607916668,160,8984,9052,0.9866783049973574,,
8.862500940050397,,,0.001,,,,9037,10000,1.1491569181283314,-355.6928826192394,154.7
9.205409655570984,361.7857142857143,63,0.001,28,-837.9815813214285,160,10037,10130,1.588160516947508,,
9.66762389755249,380.03125,74,0.001,32,-782.40724178125,163,12095,12161,0.6895425571650267,,
9.855814456939697,340.80555555555554,74,0.001,36,-698.8759090555556,163,12192,12269,1.070005389777097,,
9.510061831474305,361.025,82,0.001,40,-614.008552375,175,13386,14441,0.9918032288253308,,
9.372016466988457,,,0.001,,,,14566,15000,1.3763183368576897,-72.84860492209263,610.2
8.477181402206421,400.47727272727275,104,0.001,44,-543.0140943409091,169,16566,17621,0.9743462874293327,,
5.889931522716175,,,0.001,,,,19787,20000,1.063406743884626,240.58987398242462,565.2
,434.2083333333333,126,,48,-463.99549404166675,165,,20842,,,
3.9093002049922942,456.40384615384613,141,0.001,52,-401.7546726153847,167,22678,23733,0.9761934785246849,,
3.007326828956604,,,0.001,,,,24678,25000,0.9252285915911198,545.7461649948542,1000.0
1.7043454044535755,495.23214285714283,172,0.001,56,-335.5947445178572,160,26678,27733,0.8215951634049415,,
-0.47712518887461297,,,0.001,,,,29238,30000,0.7654936637197222,661.9995255424867,927.5
-1.0735838427934796,521.55,199,0.001,60,-270.70998219999996,156,30238,31293,0.7916033309996128,,
-4.568456033706665,,,0.001,,,,34238,35000,0.7880668533742428,763.5639447717928,920.3
,551.453125,228,,64,-207.10296010937503,154,,35293,,,
-8.022411755561828,577.8382352941177,250,0.001,68,-147.82381088235297,157,38238,39293,0.8054718035459518,,
-8.907234681129456,,,0.001,,,,39238,40000,0.7859667691290378,685.674812673172,1000.0
-11.53569896888733,601.2916666666666,279,0.001,72,-96.65893893055558,154,42238,43293,0.7791744702458382,,
-13.272538076400757,,,0.001,,,,44238,45000,0.7979641514718533,798.5679864952224,1000.0
-15.100157455444336,622.2763157894736,310,0.001,76,-46.97328784210528,152,46238,47293,0.7900852662324905,,
-18.79614121573312,617.3125,325,0.001,80,-24.220932250000025,151,49252,49385,0.7536473529679435,,
-18.010676114987103,,,0.001,,,,49330,50000,0.8212342522083185,583.1105276263145,901.3
-20.018849273681642,635.5357142857143,351,0.001,84,14.122996214285692,151,52330,53385,0.8692231177985669,,
-21.638554016113282,,,0.001,,,,54330,55000,0.8542859129309655,843.4252194001805,1000.0
-23.257974208831786,652.1022727272727,381,0.001,88,53.21625949999998,150,56330,57385,0.8449157367050648,,
-25.7136455116272,,,0.001,,,,59330,60000,0.8574331203103065,1005.2711205638946,1000.0
-26.490696071624757,667.2282608695652,411,0.001,92,92.40447299999997,149,60330,61385,0.8780307931900024,,
-29.897338329315186,,,0.001,,,,64330,65000,0.907682307779789,1121.7627707948209,1000.0
,681.09375,440,,96,133.88504342708333,148,,65385,,,
-33.38835293579102,693.85,462,0.001,100,172.071226,150,68330,69385,0.9780904486179351,,
-34.22163447189331,,,0.001,,,,69330,70000,1.000009430140257,1075.499941689195,1000.0
-36.79114884948731,703.3,491,0.001,104,265.36127543999993,149,72330,73385,1.0248143604397775,,
-38.41885348510742,,,0.001,,,,74330,75000,1.0489503241181373,1158.5217285342515,1000.0
-40.12752897644043,709.99,521,0.001,108,404.12229935999994,148,76330,77385,1.0978273028731347,,
-42.696881240844725,,,0.001,,,,79330,80000,1.1211750071942805,1292.7071415370096,1000.0
-43.587436256408694,739.02,551,0.001,112,486.73713814999996,147,80330,81385,1.1560014912486076,,
-46.98381864929199,,,0.001,,,,84330,85000,1.2449567666053771,1069.6309049443662,1000.0
,777.03,580,,116,543.50252521,147,,85385,,,
-50.04484758069438,797.85,598,0.001,120,614.5783591200001,148,87578,88633,1.5925897487228917,,
-51.47829973602295,,,0.001,,,,89586,90000,1.5238297256231308,1156.50863776122,1000.0
-52.32615237426758,825.89,622,0.001,124,661.0019949,147,90586,91641,1.490095852315426,,
-56.366323616027834,,,0.001,,,,94586,95000,1.6639339024424553,1436.793346221326,1000.0
,855.11,652,,128,744.1873424600001,146,,95641,,,
-60.529645385742185,874.8,673,0.001,132,821.1726987400001,147,98586,99641,1.9149447997808458,,
-61.658328414916994,,,0.001,,,,99586,100000,2.0020773958563804,1169.987234155205,1000.0
-65.22136818695068,913.72,703,0.001,136,882.8882803100001,147,102586,103641,2.377535986304283,,
-67.8488208847046,,,0.001,,,,104586,105000,2.618415277004242,1574.5714492972825,1000.0
-70.17209039306641,932.0,733,0.001,140,941.6094852000001,146,106586,107641,2.898883257627487,,
-74.45762899780273,,,0.001,,,,109602,110000,3.8861757278442384,1296.155600328627,831.4
,930.36,756,,144,982.07188236,146,,110657,,,
-78.29534951378318,923.42,770,0.001,148,987.8177399899998,146,112129,113184,5.2377594008165245,,
-78.86554600885795,,,0.001,,,,114092,115000,4.8542252439823725,1134.806268993742,997.2
-79.67831543953189,925.39,795,0.001,152,976.5042609200002,146,115217,116272,5.096583108901978,,
-82.79953425598144,,,0.001,,,,119217,120000,4.793405549407005,-223.46570611416536,852.5
,925.39,824,,156,961.19534455,145,,120272,,,
-84.27113766140408,911.7,836,0.001,160,960.3560440800002,146,121408,122463,4.521885354563875,,
-84.2738872680664,,,0.001,,,,124857,125000,4.515412088751793,15.597289293352514,922.7
,906.19,862,,164,969.99008324,145,,125912,,,
-84.95452462768554,896.94,883,0.001,168,957.6998035200002,146,128857,128987,4.217073170304299,,
-85.1151484222412,,,0.001,,,,129932,130000,4.22482366001606,1574.0518554020673,1000.0
-85.67570722542133,894.01,907,0.001,172,978.3078880400001,146,131639,132694,4.535877662467147,,
-87.21336238098145,,,0.001,,,,134639,135000,4.4534295791387555,1064.5974300521316,930.7
-87.39348139953613,894.01,936,0.001,176,999.80935818,145,135639,136694,4.646123751401901,,
-88.52182260131836,899.01,952,0.001,180,1027.30798909,146,138654,139286,4.690766250014305,,
-88.68009164598253,,,0.001,,,,139231,140000,4.5529152272685565,838.2128017651606,954.9
-89.15955020141601,899.01,980,0.001,184,1042.0606340600002,146,142231,143286,4.960401759147644,,
-89.98794723510743,,,0.001,,,,144231,145000,5.342929187297821,-53.58268323430384,1000.0
-90.41567373657226,899.01,1009,0.001,188,1049.26010464,145,146231,147286,5.397182113647461,,
-90.96500277709961,880.63,1025,0.001,192,1027.26083612,145,149316,149448,5.583146119594574,,
-91.64826644094367,,,0.001,,,,149393,150000,5.111699655458525,1156.6808064006823,1000.0
-91.18673443603515,880.63,1050,0.001,196,991.7490069999999,146,152393,153448,5.547196380853653,,
-91.2854317932129,,,0.001,,,,154393,155000,6.137366003870964,696.1498859159299,860.4
-91.84316206359863,880.63,1079,0.001,200,1012.8484041499999,145,156393,157448,5.929987614393235,,
-92.77639825439454,,,0.001,,,,159393,160000,5.594420361757279,1599.1708979923744,1000.0
-92.62782887268067,880.63,1108,0.001,204,1032.7288361099997,145,160393,161448,6.0817683606147765,,
-93.6855757598877,,,0.001,,,,164393,165000,6.103901289939881,1120.4865290477464,819.3
,880.63,1136,,208,1048.09407569,145,,165448,,,
-94.27973908996582,874.35,1158,0.001,212,1024.68927251,145,168393,168820,6.0709423577785495,,
-94.14229769897462,,,0.001,,,,169765,170000,6.1973988075256345,1397.4828572957601,722.7
-94.6282866973877,874.35,1182,0.001,216,1022.3443758599999,146,171765,172820,5.976496590852737,,
-95.04603480529785,,,0.001,,,,174765,175000,6.463042499542237,1305.243706301914,726.1
-95.24697859191895,881.87,1210,0.001,220,1046.52653696,146,175765,176820,6.5033470959663395,,
-96.35735173034668,,,0.001,,,,179765,180000,7.133348728179931,1580.7024726917384,855.1
,891.79,1238,,224,1083.9277752599999,146,,180820,,,
-97.3533623046875,891.79,1259,0.001,228,1095.4839112599998,146,183765,184820,7.179705534219742,,
-97.94232987976075,,,0.001,,,,184765,185000,7.39827097439766,1717.9220936702332,944.3
-98.07366909790039,883.83,1284,0.001,232,1067.5283286699998,146,186969,188024,7.539615726709366,,
-98.55416564941406,,,0.001,,,,189028,190000,8.419335284475553,1687.0125565670664,824.6
-98.55160971069336,874.42,1307,0.001,236,1073.12292934,146,190028,191083,7.80151186132431,,
-99.18329660034179,867.29,1325,0.001,240,1061.81247468,146,193315,194370,8.068691963434219,,
-99.56158778381348,,,0.001,,,,194315,195000,8.119739206790925,1948.3234366966412,835.4
-100.36108619689941,874.88,1354,0.001,244,1099.9181003500003,146,197315,198145,8.41051973772049,,
-101.61090839235254,,,0.001,,,,199532,200000,8.502320470056272,2300.9450701497494,1000.0
-101.7570079650879,881.25,1380,0.001,248,1146.16571463,145,200532,201309,8.264301319122314,,
-103.24291677732725,883.33,1396,0.001,252,1222.21996569,146,203550,204605,8.322931094749555,,
-104.12661741638183,,,0.001,,,,204550,205000,8.997161359548569,1375.9304785873042,599.9
-103.94926844416437,874.07,1417,0.001,256,1274.53360051,146,206624,207679,9.72061051226951,,
-105.44235122680664,,,0.001,,,,209624,210000,9.387666412830352,1649.3680350980198,991.2
-106.27123526000976,892.16,1446,0.001,260,1339.00461522,146,210624,211679,9.4201600689888,,
-107.86840213012695,887.92,1463,0.001,264,1375.06962653,146,213649,214704,9.56842821931839,,
-108.2935799255371,,,0.001,,,,214649,215000,9.790112406253815,1429.5931485709734,562.9
-108.12737773132324,878.79,1484,0.001,268,1369.597326,146,216801,216866,10.129825078010558,,
-109.14285484313965,866.12,1492,0.001,272,1376.6171862,146,218251,219306,10.457371159791947,,
-109.98843809509277,,,0.001,,,,219251,220000,10.213123826026916,707.2069419883192,477.4
-111.01362640380859,866.12,1518,0.001,276,1397.5418788600002,147,222251,223306,11.415245888710022,,
-112.71969848632813,,,0.001,,,,224251,225000,11.575924230575561,1892.2614632250043,869.1
-113.8445121307373,870.29,1545,0.001,280,1426.5277069499998,146,226251,226315,11.87949657535553,,
-114.9787740020752,863.03,1558,0.001,284,1447.91626319,147,228534,229589,12.093604315280915,,
-118.01974814278739,,,0.001,,,,229548,230000,10.310609783445086,1425.7321445430396,683.7
-115.5489619293213,853.17,1580,0.001,288,1458.08829864,147,231548,232603,11.622434987068177,,
-116.50587898254395,,,0.001,,,,234623,235000,11.884370698451995,1492.0462800367154,848.9
,862.3,1604,,292,1481.8262714799996,146,,235678,,,
-118.72691192626954,852.59,1620,0.001,296,1551.96402267,147,237652,238707,10.744889177125076,,
-118.10507243347168,,,0.001,,,,239652,240000,12.338619354248047,2562.28197682146,1000.0
-118.5105948638916,852.59,1649,0.001,300,1579.91058523,147,241652,242707,12.644975744724274,,
-120.62409753417968,,,0.001,,,,244652,245000,11.932770080566407,1886.318646388888,812.6
-120.84115881347657,852.59,1677,0.001,304,1598.33564103,147,245652,246707,12.235270826339722,,
-122.76058265686035,844.27,1697,0.001,308,1609.7977592899997,147,249480,249875,12.671770709991454,,
-123.23755327112535,,,0.001,,,,249820,250000,13.247198710722081,1850.630206750473,787.1
-123.68436199951172,850.55,1722,0.001,312,1672.2185827,147,252820,253875,12.522279069900513,,
-125.35625990295411,,,0.001,,,,254820,255000,12.122796419143677,1272.7230565366335,917.4
-125.83965185546874,850.55,1751,0.001,316,1682.4458112000002,147,256820,257875,12.567445798873901,,
-126.34537767028809,,,0.001,,,,259820,260000,12.578706336975097,1929.2004819562542,867.1
-126.47841513061523,842.02,1779,0.001,320,1658.5231165700002,146,260820,261022,13.387914325714112,,
-128.46274632263183,841.46,1797,0.001,324,1682.04281555,147,263967,264966,14.246083958625793,,
-128.62383646884206,,,0.001,,,,264911,265000,13.393930166454638,1583.9636929663552,740.0
-130.3307748260498,832.02,1823,0.001,328,1692.4770484200003,147,267911,268022,13.56565498304367,,
-130.10364521789552,,,0.001,,,,268967,270000,13.516280540943146,2352.175706878491,969.5
-130.48106614254309,830.1,1844,0.001,332,1697.5793667899998,146,270384,271034,13.212476045393544,,
-131.45828659057617,,,0.001,,,,273979,275000,15.372420563220977,2363.577018598467,1000.0
,839.51,1871,,336,1731.6565794200003,146,,275034,,,
-132.5798874053955,844.29,1893,0.001,340,1773.37971548,147,277979,278799,15.806906412124635,,
-132.91323376464842,,,0.001,,,,279919,280000,14.687961420536041,540.7742161716917,507.7
-133.08365266973323,829.15,1908,0.001,344,1739.92070039,147,280094,281060,14.10390403202602,,
-133.82104055786132,834.48,1929,0.001,348,1750.7889119,147,284005,284757,15.164223581790925,,
-134.72655189754627,,,0.001,,,,284702,285000,15.646925436372907,2226.611257091726,864.3
-135.366912689209,841.52,1956,0.001,352,1779.89881369,147,287702,288757,16.711274833202364,,
-135.6409825897217,,,0.001,,,,289702,290000,17.392028932094576,1719.2487760254414,698.9
-135.98391642761231,850.78,1982,0.001,356,1831.7790606899998,147,291702,292757,17.193061136245728,,
-137.37041296386718,,,0.001,,,,294702,295000,16.9688111743927,2719.928538954072,992.1
-138.4256886291504,850.78,2012,0.001,360,1853.5557120499998,147,295702,296757,16.735393270015717,,
-139.0791243133545,,,0.001,,,,299687,300000,17.536918201446532,2610.4267165777273,931.3
,860.38,2041,,364,1888.54879579,147,,300742,,,
-140.72834338378905,878.76,2062,0.001,368,1967.21209773,147,303687,304742,17.875923461914063,,
-140.577877822876,,,0.001,,,,304687,305000,17.203175164222717,2208.3994590952293,843.8
-141.66279051208497,892.6,2090,0.001,372,2005.1699216600005,147,307511,308566,15.909719373226165,,
-142.26494520091782,,,0.001,,,,309562,310000,18.760960143669248,2070.6433296313508,914.3
-142.0486240386963,868.94,2110,0.001,376,1973.5674810099997,146,310042,310200,17.990231263637543,,
-143.80550007629395,870.92,2123,0.001,380,1993.33140787,147,312352,313407,19.670677510261534,,
-144.2635814666748,,,0.001,,,,314352,315000,17.39838347816467,2689.584849297581,944.9
-145.32494903564452,878.18,2153,0.001,384,2038.1580262599998,147,316352,317407,17.906953926086427,,
-146.76220948791504,,,0.001,,,,319352,320000,18.37581226348877,2329.2701369605957,819.8
-147.00838653564452,888.04,2181,0.001,388,2099.2401256799994,147,320352,321407,18.532714060783388,,
-148.0965069732666,,,0.001,,,,324352,325000,18.70354154920578,1942.4530179285678,935.0
,897.29,2210,,392,2171.11593009,147,,325407,,,
-149.69081530761719,897.63,2230,0.001,396,2178.5986318899995,147,328352,328470,18.34135003042221,,
-149.730512008667,,,0.001,,,,329415,330000,18.766895020961762,2793.326846261919,1000.0
-150.16873240661621,896.21,2255,0.001,400,2195.22190147,147,331415,332328,18.0175824341774,,
-151.1208115234375,,,0.001,,,,334518,335000,18.126338404178618,2460.6740400845183,986.2
,888.66,2280,,404,2203.9524431500004,147,,335573,,,
-152.5413652648926,896.98,2302,0.001,408,2251.68559647,147,338518,339573,18.390318427562715,,
-153.04198666381836,,,0.001,,,,339518,340000,18.88669569301605,2649.011159101501,1000.0
-153.40126080745904,894.76,2330,0.001,412,2269.96986232,147,342296,343351,21.1797354227473,,
-155.0025028935185,,,0.001,,,,344566,345000,18.18946975072225,1851.4760305063683,704.5
-155.1553080994406,877.8,2351,0.001,416,2278.48270396,147,345214,345655,18.407427499323717,,
-156.82860696411132,886.33,2369,0.001,420,2357.7562872700005,147,348600,349655,18.752083762168883,,
-156.12847885131836,,,0.001,,,,349600,350000,20.40758745765686,2939.961401059013,971.0
-156.9196848449707,886.89,2398,0.001,424,2372.44975232,147,352600,353655,20.734301842212677,,
-158.4406408996582,,,0.001,,,,354600,355000,18.49611093902588,2816.5115977644105,1000.0
-158.98032385253907,889.42,2427,0.001,428,2391.4316125600003,147,356600,356964,17.4846593503952,,
-159.53522299194336,,,0.001,,,,359826,360000,18.94415385723114,2560.0934477524834,847.3
,890.57,2450,,432,2444.23806629,146,,360091,,,
-161.0192894667722,884.49,2465,0.001,436,2448.73204467,147,362428,363483,21.09729041328913,,
-161.96973193359375,,,0.001,,,,364428,365000,20.919747070789338,2530.991494414746,910.3
-161.510796875,886.84,2493,0.001,440,2445.71197013,147,366428,367483,21.982103796005248,,
-162.71590719604492,,,0.001,,,,369428,370000,20.971547070026396,2516.8786725421996,866.8
-163.378935546875,904.23,2522,0.001,444,2493.05287124,147,370428,371483,21.514509418964387,,
-166.80389462984525,897.79,2538,0.001,448,2509.90060145,147,373481,374536,30.040990325639832,,
-164.86702325439452,,,0.001,,,,374481,375000,28.329700186729433,482.10115319825707,769.9
-170.2916002807617,897.79,2566,0.001,452,2366.6852345,147,377481,378536,46.34081741333008,,
-169.9967696533203,,,0.001,,,,379481,380000,36.788300455093385,-743.0356117213502,754.9
-170.7849856567383,897.79,2593,0.001,456,2201.55114798,147,381481,382536,33.343085874557495,,
-169.7374123869271,,,0.001,,,,384787,385000,27.934712165388568,-305.4916683363437,1000.0
,890.85,2619,,460,2072.0180269599996,147,,385842,,,
-168.8544972229004,891.0,2641,0.001,464,1976.2713725899998,147,388787,389842,26.021062203407286,,
-168.59316223144532,,,0.001,,,,389787,390000,23.394289940834046,1010.1959395584302,786.6
-167.80467779541016,888.81,2668,0.001,468,1969.5152293400001,147,392787,393623,23.62562248325348,,
-168.13691499129587,,,0.001,,,,394799,395000,21.34231777521439,2634.885229682636,988.6
-167.6116452026367,882.88,2693,0.001,472,1971.2782586900003,147,395799,396854,23.733022963523865,,
-169.1938726196289,896.65,2713,0.001,476,2017.91089332,147,399799,399865,27.597381949424744,,
-170.0772705078125,,,0.001,,,,399810,400000,23.210143175992098,3090.2074216519773,966.4
-169.94186706542968,904.58,2738,0.001,480,2049.42377763,147,402810,403865,23.059566997528076,,
-169.713802734375,,,0.001,,,,404810,405000,23.75833329296112,3017.665219180053,980.6
-171.4715770374645,892.73,2761,0.001,484,2023.5450042899997,147,405625,406680,20.210934721905254,,
-170.76590069580078,883.82,2782,0.001,488,1997.06195408,147,409625,409789,25.254402720451356,,
-171.00010986328124,,,0.001,,,,409734,410000,23.777854910684287,2127.724977485731,806.6
-171.6066398946648,875.96,2801,0.001,492,1978.57479051,147,411948,413003,28.261463809217144,,
-171.34641665649414,,,0.001,,,,413948,415000,25.546394613265992,3036.2969216885976,983.3
-171.91025634765626,885.33,2831,0.001,496,2013.7289843,147,415948,417003,25.756950635910034,,
-172.86851065063476,,,0.001,,,,419419,420000,24.559944791793825,2578.7493673220742,825.5
,881.46,2856,,500,2013.8999052199997,147,,420474,,,
-173.68940850830077,889.01,2878,0.001,504,2023.6596709500002,147,423419,424474,25.064608373641967,,
-173.53191494750976,,,0.001,,,,424419,425000,23.792814797401427,3125.111187913036,1000.0
-173.96073635864258,889.01,2907,0.001,508,1982.1261078200007,147,427419,428474,22.843298904895782,,
-173.94175317382812,,,0.001,,,,429419,430000,23.035176027297975,2753.842545822449,897.3
-174.74774890136717,891.23,2936,0.001,512,1983.5987976300003,147,431419,432474,25.6488567237854,,
-175.4649677734375,,,0.001,,,,434419,435000,24.503356667518617,3055.6526045431383,1000.0
-175.80334643554687,906.5,2965,0.001,516,2037.4307555800003,147,435419,436305,24.510665807724,,
-177.19716467285156,,,0.001,,,,439112,440000,26.753686354637146,2863.4716735797933,957.2
,905.12,2993,,520,2034.43533169,147,,440167,,,
-177.58630700683594,905.12,3014,0.001,524,2046.2041120600002,147,443112,444167,28.468851405620576,,
-178.28006944444445,,,0.001,,,,444562,445000,24.475054189893935,3155.8662303773917,999.8
-179.17556814575195,904.02,3041,0.001,528,2048.89728117,147,446562,447366,27.950097705841063,,
-179.57805087280275,,,0.001,,,,449311,450000,24.048300665855407,3232.9051886217667,1000.0
-180.44506311035155,912.75,3069,0.001,532,2086.63435835,147,450311,451366,25.806170874595644,,
-180.71646432495118,913.0,3088,0.001,536,2087.0058300799997,147,453728,454783,25.943322845458983,,
-180.49126681518555,,,0.001,,,,454728,455000,23.546882581710815,2977.0714478870386,948.7
-181.441820892334,907.77,3116,0.001,540,2070.07097797,147,457728,458260,24.107943775177002,,
-182.15677243041992,,,0.001,,,,459205,460000,25.8022780418396,2922.1909482689575,1000.0
-182.01116110229492,907.77,3143,0.001,544,2099.3395942300003,147,461205,462260,24.831528305053713,,
-183.2505184020996,,,0.001,,,,464205,465000,25.81287537574768,2739.873759482335,861.3
-183.1730986022949,917.24,3172,0.001,548,2132.59268541,146,465205,466260,25.453852414131166,,
-184.5068433227539,,,0.001,,,,469205,470000,25.08352828645706,2728.075613413309,831.3
,917.24,3200,,552,2302.5192866200005,146,,470260,,,
-186.14578970336913,917.24,3221,0.001,556,2490.12275166,147,473205,474260,23.849284363746644,,
-186.71442819213868,,,0.001,,,,474205,475000,23.455700999736784,3276.9396247039085,1000.0
-186.41877792358397,924.18,3250,0.001,560,2638.86005879,147,477205,478260,22.326756324768066,,
-188.59685781860352,,,0.001,,,,479205,480000,24.695995462417603,2465.1325549894013,772.7
-187.59186434936524,924.18,3278,0.001,564,2718.3756751799997,147,481205,482260,23.247308022499084,,
-188.29242920053417,913.1,3292,0.001,568,2721.0441379699996,147,483878,484933,26.12734936587633,,
-188.46706924438476,,,0.001,,,,484878,485000,25.687087213516236,2826.476965885766,919.0
-189.64413715880593,910.7,3315,0.001,572,2716.56475273,147,486869,487924,24.453536269105513,,
-188.06797416842713,,,0.001,,,,489064,490000,25.202888439863155,2940.780029011611,944.4
-189.35293542480468,912.54,3340,0.001,576,2729.1607530900005,147,490064,491119,27.438723403930663,,
-190.1206512145996,,,0.001,,,,494064,495000,27.49004421901703,3270.072885371582,991.6
,912.54,3370,,580,2735.6290678299997,146,,495119,,,
-191.27499227320894,911.36,3384,0.001,584,2739.9960666099996,147,496761,497816,25.83773493259511,,
-190.85358193196964,,,0.001,,,,499693,500000,25.580424363009406,3251.8746692427435,1000.0
-192.08736264038086,919.59,3414,0.001,588,2781.4482891599996,146,500693,501748,26.946773959159852,,
-192.60494012451173,,,0.001,,,,504693,505000,25.98324855709076,3055.6429032629358,916.3
,923.46,3442,,592,2809.35751487,146,,505349,,,
-192.93860470581055,923.46,3462,0.001,596,2799.4135155999998,147,508294,509349,27.220050044059754,,
-192.85875256347657,,,0.001,,,,509294,510000,26.5852863111496,3176.44783501029,1000.0
-193.20662966918945,928.75,3492,0.001,600,2824.468619070001,147,512294,513349,25.479580555438996,,
-194.22943878173828,,,0.001,,,,514294,515000,27.8932798871994,3026.8223702082296,981.1
-194.4903851623535,928.75,3521,0.001,604,2857.7853673400004,146,516294,517349,25.738549201011658,,
-195.6608607788086,,,0.001,,,,519294,520000,23.545429175376892,3165.2596341189173,972.1
-195.3247225341797,928.75,3551,0.001,608,2915.4413229599995,146,520294,521349,24.538849493980408,,
-196.37410250854492,,,0.001,,,,524294,525000,26.30954506397247,3225.52918118923,1000.0
,925.32,3580,,612,2931.20700367,146,,525006,,,
-197.42117712402344,927.01,3600,0.001,616,2911.6584475699997,146,527951,529006,25.179098600387572,,
-196.90582348632813,,,0.001,,,,528951,530000,26.20667545700073,2751.553954148386,822.3
-198.04012701416016,928.39,3628,0.001,620,2895.0080281900005,146,531951,533006,25.429758511543273,,
-197.43601907348634,,,0.001,,,,534760,535000,27.161737637519835,3365.854011113383,1000.0
,916.48,3651,,624,2860.8876916199997,146,,535815,,,
-198.3545714416504,916.07,3668,0.001,628,2871.1017776199997,146,537918,538973,30.498323850631714,,
-198.90925491333007,,,0.001,,,,539918,540000,27.61929128265381,2662.7770782970592,867.0
-199.28629721069336,916.07,3697,0.001,632,2876.52857758,146,541918,542973,27.583473484992982,,
-199.34885900878905,,,0.001,,,,544415,545000,27.970050104141237,3042.5183489646324,1000.0
-200.67078524780274,916.87,3724,0.001,636,2892.053990320001,146,545415,546470,27.576441832542418,,
-200.5466152038574,,,0.001,,,,549415,550000,28.300747871398926,2834.195479829004,829.8
,922.1,3752,,640,2954.61620617,146,,550470,,,
-201.13851693725587,922.1,3774,0.001,644,2962.95949663,146,553415,554470,28.442842540740966,,
-201.8013357849121,,,0.001,,,,554415,555000,31.98798381614685,3334.6756367401917,1000.0
-202.2623324584961,922.1,3803,0.001,648,2963.2069832500006,146,557415,558470,27.68499825191498,,
-201.75943865966798,,,0.001,,,,559415,560000,30.073287378311157,3283.59128077738,1000.0
-202.85724240112305,922.1,3833,0.001,652,2965.4725292100006,146,561415,562470,26.66153806400299,,
-203.37624731445314,,,0.001,,,,564415,565000,25.9841798620224,3496.234212166746,994.8
-203.07243850708008,922.1,3862,0.001,656,2978.863321580001,146,565415,566470,28.018255564689635,,
-204.25109317016603,,,0.001,,,,569415,570000,29.29413605594635,3464.9389230999163,984.4
,922.1,3892,,660,2988.6618690199994,146,,570470,,,
-205.22817911486845,906.19,3910,0.001,664,2980.6374908400007,146,572808,572879,26.594857383151872,,
-205.63081695556642,,,0.001,,,,574098,575000,29.556963541030886,3471.5111205193216,973.4
-205.70489517211914,905.43,3930,0.001,668,2979.83075853,146,575098,575476,31.706009870529176,,
-206.01537603759766,915.52,3948,0.001,672,3029.9174334199993,146,578421,579476,30.018546675682067,,
-206.42029138183594,,,0.001,,,,579421,580000,28.612850461959837,3118.0740839043633,931.0
-206.51718478393553,923.57,3977,0.001,676,3069.3612379499996,146,582421,583476,26.558323875427245,,
-206.9554556274414,,,0.001,,,,584921,585000,27.097478534698485,3349.27980591869,925.5
-207.21429354858398,918.57,4003,0.001,680,3018.3438678899997,146,585921,586976,29.515645572662354,,
-208.59966848754883,,,0.001,,,,589087,590000,28.23131038570404,3139.2215108789505,853.2
,923.26,4027,,684,3041.2893721200003,146,,590142,,,
-208.21908230590822,923.94,4049,0.001,688,3035.3504956400006,146,593087,594142,32.48197704601288,,
-209.04608428955078,,,0.001,,,,594087,595000,28.88084517097473,3403.3723315845114,1000.0
-209.29620974731446,927.93,4078,0.001,692,3051.2753570600007,146,597087,598142,27.087352803230285,,
-209.46621868896483,,,0.001,,,,599087,600000,26.536605301856994,2123.3835125255164,642.8
-210.13448956298828,927.93,4105,0.001,696,3080.055211769999,146,601087,602142,26.378665257453918,,
-211.38066696539158,,,0.001,,,,603989,605000,28.7519754750237,2171.1196189525635,778.6
-211.4648202819824,926.95,4132,0.001,700,3072.1330371500003,146,604989,606044,28.53114774608612,,
-212.05808374023437,,,0.001,,,,608989,610000,27.103137075424193,3455.9263067860156,988.8
,926.95,4162,,704,3080.7595118,146,,610044,,,
-213.1581588745117,916.73,4178,0.001,708,3046.18156662,146,611967,613022,29.139654525756836,,
-211.82232089233398,,,0.001,,,,613967,615000,32.464453364372254,3224.1648608280348,867.1
-212.8684611816406,920.16,4207,0.001,712,3064.5707215600005,146,615967,617022,29.84604800224304,,
-213.8037310180664,,,0.001,,,,619798,620000,31.138147170066834,3316.9263192786834,1000.0
,918.47,4235,,716,3098.17033178,146,,620853,,,
-214.4991742248535,908.9,4256,0.001,720,3102.7917203800007,146,623798,623896,29.76779703617096,,
-213.2626865271366,,,0.001,,,,624336,625000,31.234916585351005,3205.332364292117,900.2
-214.29168927001953,900.98,4272,0.001,724,3078.3251126999994,146,625336,625913,30.703156717300416,,
-214.72072637939453,909.4,4291,0.001,728,3109.28413044,146,628858,629913,32.02017780590057,,
-214.4972007446289,,,0.001,,,,629858,630000,30.840081413269044,3512.8453188495478,1000.0
-214.32949157383132,903.09,4317,0.001,732,3059.7482898900007,146,632227,633282,35.514863513026455,,
-215.21984313964845,,,0.001,,,,634227,635000,30.756225121498108,3008.652466429211,866.7
-215.36338925170898,908.12,4346,0.001,736,3085.08085794,146,636227,637282,32.00084083557129,,
-215.58161029052735,,,0.001,,,,639227,640000,30.86281249523163,3720.0545000087614,1000.0
-215.29285278320313,901.18,4375,0.001,740,3065.9425859000003,146,640227,640588,30.22173429965973,,
-215.2527799987793,894.95,4390,0.001,744,3054.1466420399997,146,642910,643965,28.494209451675417,,
-215.84537292480468,,,0.001,,,,644910,645000,29.794705953598022,1506.9211518984114,509.3
-216.04941317749024,886.7,4414,0.001,748,3004.9354855,146,646545,647140,32.15988055801392,,
-216.67628814697267,,,0.001,,,,649085,650000,31.145754724502563,2970.2144070900977,807.4
-216.86940182495118,886.7,4440,0.001,752,3009.5939196599998,146,650085,651140,34.41664345359802,,
-216.921284576416,,,0.001,,,,654085,655000,29.846957147598268,3736.272446672502,1000.0
,886.7,4469,,756,3009.7928033099997,146,,655140,,,
-216.67530490112304,886.7,4491,0.001,760,3017.400843589999,146,658085,659140,32.23146174621582,,
-217.68685974121092,,,0.001,,,,659085,660000,33.410907028198245,3267.292472115718,850.8
-217.6718687133789,893.31,4514,0.001,764,3043.10863367,146,661155,662210,32.63595702838898,,
-217.1415881347656,,,0.001,,,,664155,665000,34.01878098869324,3656.790546516422,1000.0
-216.80617840576173,907.34,4544,0.001,768,3100.2001669699994,146,665155,666210,33.910372952461245,,
-217.98248712158204,,,0.001,,,,669104,670000,30.880614956855773,2339.2715041007846,709.6
,906.83,4570,,772,3099.9454164100007,146,,670159,,,
-217.98449661254884,906.83,4592,0.001,776,3101.35022595,146,673104,674159,34.50447051715851,,
-218.64581735229493,,,0.001,,,,674104,675000,33.55617108249664,3537.5308413027788,1000.0
-218.6429171142578,911.83,4622,0.001,780,3167.19884399,146,677104,678159,36.12385471916199,,
-218.43097802466087,,,0.001,,,,679014,680000,37.89855247539478,3578.410064911237,1000.0
-218.72897079467774,919.27,4651,0.001,784,3194.6151051699994,146,681014,682069,34.79936591720581,,
-219.61235080830937,,,0.001,,,,684901,685000,38.758942758889184,3529.599394408986,978.4
,918.14,4680,,788,3218.81351814,146,,685956,,,
-220.00103677368165,918.14,4701,0.001,792,3230.7876309000007,146,688901,689956,31.68765765285492,,
-219.1121767883301,,,0.001,,,,689901,690000,37.41755721950531,3799.36370484326,1000.0
-220.5941569213867,909.26,4726,0.001,796,3204.73345797,146,692013,693068,36.60745604038239,,
-219.35457788085938,,,0.001,,,,694013,695000,33.065834499359134,3612.5785316194406,1000.0
-220.82168124389648,910.24,4755,0.001,800,3228.5801871500003,146,696013,697068,32.842415839195255,,
-221.0656151123047,,,0.001,,,,699013,700000,34.39722513961792,3575.7792088621763,1000.0
-221.0594996948242,910.24,4785,0.001,804,3228.6299885,146,700013,701068,32.12517735671997,,
-221.79751284790038,,,0.001,,,,704013,705000,30.962462691307067,3805.471291636117,1000.0
,920.46,4815,,808,3271.8151217100008,146,,705068,,,
-223.21557321166992,912.98,4836,0.001,812,3250.02780273,146,708013,708320,34.58801985836029,,
-222.85456481933593,,,0.001,,,,709265,710000,33.40628672409058,3710.5955272449182,1000.0
-222.16265447998046,914.67,4862,0.001,816,3261.3737802099995,146,711265,712320,32.726789641857145,,
-223.42608123779297,,,0.001,,,,714265,715000,36.905403072357174,3708.9229576584185,1000.0
-224.20464379882813,924.24,4892,0.001,820,3303.6031291399995,146,715265,716320,32.08887669372559,,
-223.91303842163086,,,0.001,,,,719265,720000,32.65348076057434,3650.0960126348773,983.3
,944.07,4920,,824,3381.79801193,146,,720320,,,
-225.26850018310546,944.07,4942,0.001,828,3390.53078686,146,723265,724320,31.930044189453124,,
-225.47378341674803,,,0.001,,,,724265,725000,31.743573237419128,3750.144425377622,1000.0
-225.19078988647462,950.38,4972,0.001,832,3454.28377355,146,727265,728320,31.66282602405548,,
-225.57927151489258,,,0.001,,,,729265,730000,32.84388792610169,3665.7484891788104,1000.0
-225.3382674560547,950.38,5002,0.001,836,3459.5605874999997,146,731265,732320,31.74250384902954,,
-225.29818481445312,,,0.001,,,,734265,735000,32.900088935852054,3812.209655227326,1000.0
-225.11751351928712,957.32,5032,0.001,840,3462.75569118,146,735265,736320,29.74478698730469,,
-225.05401953125,,,0.001,,,,739265,740000,32.626033834457395,3729.4502019547626,994.4
,963.55,5061,,844,3491.5454353000005,146,,740320,,,
-225.74770318603515,971.8,5083,0.001,848,3552.8991501600003,146,743265,744320,36.08489464664459,,
-225.2509714050293,,,0.001,,,,744265,745000,30.90246258163452,3841.7257132981786,1000.0
-226.23201333618164,962.43,5107,0.001,852,3526.51978988,146,746328,747383,34.15760204410553,,
-226.72924954223632,,,0.001,,,,749328,750000,30.3758436832428,3725.297514708247,998.2
-226.5908847351074,962.43,5137,0.001,856,3528.3288062099996,146,750328,751383,31.903568326950072,,
-228.20160748291016,,,0.001,,,,754328,755000,31.33235971069336,3480.535615754174,982.3
,962.43,5165,,860,3530.1510272200003,146,,755383,,,
-227.9595087890625,969.0,5186,0.001,864,3555.9708739700004,146,758055,759110,30.99747899055481,,
-228.9555485534668,,,0.001,,,,759055,760000,35.79799070453644,3209.7258129797874,918.5
-229.18644482421874,969.0,5214,0.001,868,3557.5607247399994,146,762055,763110,31.871692385673523,,
-229.25419107055663,,,0.001,,,,764055,765000,31.880901716232298,3703.9478495813905,1000.0
-229.62094500732422,969.51,5244,0.001,872,3561.59114426,146,766055,767110,31.784523056030274,,
-229.68791513061524,,,0.001,,,,769055,770000,29.872164556503296,3802.995101834601,991.4
-229.85070993041992,969.51,5275,0.001,876,3570.52092786,146,770055,771110,33.01554502391815,,
-230.88928442382812,967.24,5296,0.001,880,3569.21587071,146,774055,774883,32.44758044910431,,
-230.81352549313883,,,0.001,,,,774828,775000,33.532551988747265,1608.3918339255852,531.0
-230.53654107666014,960.74,5317,0.001,884,3541.6085441700006,146,777088,778143,34.81599441146851,,
-230.76056982421875,,,0.001,,,,779088,780000,31.485100516319275,3336.3749858757483,898.3
-231.6709927368164,952.0,5344,0.001,888,3507.9379399200006,146,781088,781156,33.22930710315704,,
-231.94011102294922,,,0.001,,,,784101,785000,34.61952467250824,3541.4862556409557,933.7
,952.0,5369,,892,3511.26219058,146,,785156,,,
-232.4628562011719,960.88,5391,0.001,896,3543.0790928700003,146,788101,789156,31.312461213111877,,
-232.57511206971648,,,0.001,,,,789526,790000,30.96224239012774,1429.2034824461239,666.8
-233.39970071411133,955.13,5415,0.001,900,3519.6254577600007,146,791526,792581,31.211392972946168,,
-233.97495498657227,,,0.001,,,,794526,795000,29.85677250289917,2986.3433812153116,914.0
-233.39820205688477,955.13,5443,0.001,904,3522.5012831500003,146,795526,796581,31.333258198738097,,
-233.89336630249022,,,0.001,,,,799526,800000,30.06854628562927,3853.128187459777,1000.0
,955.13,5472,,908,3529.847122540001,146,,800581,,,
-234.16271005249024,962.61,5494,0.001,912,3558.96680682,146,803526,804581,34.03645234012604,,
-236.2142464022331,,,0.001,,,,804932,805000,32.27505158438471,3745.8311652760954,968.3
-234.2550005493164,956.67,5520,0.001,916,3540.8733391699993,146,806932,807987,31.739697642326355,,
-236.10374932861328,,,0.001,,,,809932,810000,37.86804971790314,2790.524782795733,838.5
-235.94820521428034,937.4,5542,0.001,920,3470.7029999799997,146,809984,810060,36.67266587110666,,
-236.59975705446897,918.76,5549,0.001,924,3402.87608947,146,811141,812196,36.484262076291174,,
-236.13597729492187,,,0.001,,,,814141,815000,32.39068057155609,3924.9734139760026,1000.0
-235.81167572021485,917.33,5579,0.001,928,3394.8363302400003,146,815141,816053,30.357019969940186,,
-236.95860916137696,,,0.001,,,,818998,820000,32.959451840400696,3638.3480773495976,1000.0
,917.33,5608,,932,3397.0911065399996,146,,820053,,,
-237.87711691284179,917.33,5630,0.001,936,3401.988485510001,146,822998,824053,35.8841936416626,,
-238.08391674804687,,,0.001,,,,823998,825000,32.393336047172546,3746.975983287208,940.9
-237.41902669270834,907.11,5653,0.001,940,3396.4876086900013,146,825976,827031,31.167455933000024,,
-238.77028680419923,,,0.001,,,,828976,830000,37.46461281967163,3711.2874216713944,1000.0
-238.58668395996094,907.11,5683,0.001,944,3398.31100051,146,829976,831031,33.023008893966676,,
-241.9254184299045,897.29,5699,0.001,948,3371.8151803100004,146,832994,834049,35.61813794242011,,
-239.3030507507324,,,0.001,,,,833994,835000,35.887977526664734,3942.0618668358775,1000.0
-239.91219174194336,906.66,5728,0.001,952,3371.6974374200004,146,836994,838049,35.07756617069244,,
-239.23412414550782,,,0.001,,,,838994,840000,38.84808185768127,3339.2154715604147,903.4
-238.72645767211915,906.66,5757,0.001,956,3374.81715548,146,840994,842049,35.55290626049042,,
-239.23358606409144,,,0.001,,,,844210,845000,32.724025037553574,3592.790040722127,948.5
,898.82,5782,,960,3351.35700902,146,,845265,,,
-239.8453011779785,901.55,5804,0.001,964,3363.5112291299993,146,848210,849265,36.42938114452362,,
-239.8066655883789,,,0.001,,,,849210,850000,36.907374384880065,3947.8420078700874,1000.0
-239.6091356201172,901.55,5834,0.001,968,3367.6247732099996,146,852210,853265,34.72722383022308,,
-240.21477014160158,,,0.001,,,,854210,855000,32.99163319587708,3739.701150560082,1000.0
-239.46507482910155,901.55,5864,0.001,972,3372.7700875299993,146,856210,857265,32.39365131855011,,
-240.25286294555664,,,0.001,,,,859210,860000,36.75332449054718,3890.2759518299486,1000.0
-240.39659957885743,901.55,5894,0.001,976,3373.243225519999,146,860210,861265,37.109579715728756,,
-240.2474658203125,896.33,5911,0.001,980,3353.2509891099994,146,863461,864516,39.90142343528717,,
-239.9737164001465,,,0.001,,,,864461,865000,34.60687181282044,3482.830762604065,981.0
-240.48904360961913,903.73,5941,0.001,984,3393.2707568299993,146,867461,868516,37.06000557899475,,
-240.91858364868165,,,0.001,,,,869461,870000,36.31755894184113,3957.7830211747437,1000.0
-240.38011669921875,906.26,5969,0.001,988,3403.8894561499997,146,871461,871782,35.95132365322113,,
-240.4022593383789,,,0.001,,,,874727,875000,33.18474957561493,3898.481070814002,963.7
,906.26,5995,,992,3406.7596891,146,,875782,,,
-241.86543786621093,906.26,6017,0.001,996,3414.573707480001,146,878727,879782,31.142682354927064,,
-241.78878228759766,,,0.001,,,,879727,880000,34.92545326519012,3591.789754571044,1000.0
-241.32542684936524,912.01,6046,0.001,1000,3445.03671524,146,882727,883782,33.53513739490509,,
-242.28820028686525,,,0.001,,,,884727,885000,37.26277891921997,3089.0424362916965,862.6
-242.12253619384765,912.01,6075,0.001,1004,3454.8442958199994,146,886727,887782,36.148054222106936,,
-242.45080618286133,,,0.001,,,,889727,890000,30.746963245391846,3898.849152085185,1000.0
-242.94690158081056,912.01,6104,0.001,1008,3457.74195906,146,890727,891782,32.759862513542174,,
-242.72427389526368,,,0.001,,,,894091,895000,32.59502118301391,3913.391444307193,1000.0
,905.65,6131,,1012,3437.34629401,145,,895146,,,
-243.08727438354492,911.59,6152,0.001,1016,3466.06297338,146,898091,899146,31.66522545146942,,
-243.33188201904298,,,0.001,,,,899091,900000,32.89992068576813,3544.604302486917,911.8
-243.44285363769532,930.86,6180,0.001,1020,3542.2259631100005,146,902091,903146,34.341924781799314,,
-244.5664567871094,,,0.001,,,,904091,905000,33.746270842552185,4054.255655195896,1000.0
-245.100361328125,949.5,6209,0.001,1024,3617.5600482200007,146,906091,907146,33.60975604248047,,
-245.03979988098143,,,0.001,,,,909331,910000,39.76715571880341,3508.47593204258,930.7
,943.33,6234,,1028,3599.35495649,146,,910386,,,
-244.83964920043945,937.57,6252,0.001,1032,3576.6452986099994,146,912755,913810,32.85813423822511,,
-246.43231704711914,,,0.001,,,,914755,915000,35.859582038879395,3969.410633151885,1000.0
-246.31823257446288,931.97,6280,0.001,1036,3554.50135992,146,916755,917250,32.97650214385986,,
-246.76781130981445,,,0.001,,,,919195,920000,32.83945903873444,3797.3281338821166,956.6
-246.6008001098633,942.19,6307,0.001,1040,3599.684719310001,146,920195,921250,37.823574237823486,,
-246.56493106079103,,,0.001,,,,924195,925000,33.21010088253021,3609.313533397298,924.0
,942.19,6336,,1044,3596.5294354899997,146,,925250,,,
-247.1173439025879,952.01,6358,0.001,1048,3632.862969380001,146,928195,929250,33.048963104248045,,
-247.16304315185548,,,0.001,,,,929195,930000,34.323227643966675,3541.446541917417,913.1
-246.9618497619629,952.01,6386,0.001,1052,3673.84816675,146,932195,933250,33.61956378459931,,
-247.04986206054687,,,0.001,,,,934195,935000,35.82295248126984,3873.313793774042,995.5
-246.39019686889648,952.01,6416,0.001,1056,3679.81187195,146,936195,937250,33.52192925453186,,
-247.4887183227539,,,0.001,,,,939195,940000,33.433382649421695,3047.0657827039017,899.1
-247.20006463623048,959.85,6444,0.001,1060,3716.30776074,146,940195,941250,31.139638088226317,,
-248.06855969238282,,,0.001,,,,944195,945000,35.220871825218204,3668.55968365185,927.8
,959.85,6473,,1064,3724.99099501,146,,945250,,,
-247.94352597045898,959.85,6495,0.001,1068,3685.67926777,146,948195,949250,33.54630773735046,,
-247.7967802734375,,,0.001,,,,949195,950000,32.45017560195923,3513.9153960486874,920.4
-248.73957653808594,959.85,6524,0.001,1072,3690.2086228899993,146,952195,953250,33.196955513954165,,
-248.90326062011718,,,0.001,,,,954195,955000,33.25735027217865,3840.150438901363,1000.0
-248.22658459472657,952.52,6552,0.001,1076,3665.7448057400006,145,956195,956517,34.19627944755554,,
-249.42611520385742,,,0.001,,,,959462,960000,32.291320877075194,3842.8163633793592,1000.0
,960.01,6578,,1080,3698.7925229400003,146,,960517,,,
-249.40532763671874,960.01,6600,0.001,1084,3704.3725312200004,146,963462,964517,37.186201288223266,,
-249.29210018920898,,,0.001,,,,964462,965000,38.69432308864594,3137.0387401293965,781.8
-250.2127078857422,967.35,6627,0.001,1088,3737.83946675,146,967462,968517,34.532958989143374,,
-249.7737243652344,,,0.001,,,,969462,970000,36.17475245571136,3956.3323828106745,1000.0
-249.5075362854004,960.49,6656,0.001,1092,3714.0796054099997,146,971462,971831,33.94242138576507,,
-250.41247091674805,,,0.001,,,,974776,975000,35.15411142349243,3901.0117207374424,1000.0
,960.49,6682,,1096,3721.8048057200003,146,,975831,,,
-250.98132708740235,954.89,6701,0.001,1100,3704.72216455,146,978216,979271,34.144607006072995,,
-250.19378192138672,,,0.001,,,,979216,980000,33.359286636352536,4022.3928306437097,1000.0
-250.8204825744629,954.89,6731,0.001,1104,3707.33452638,146,982216,983271,34.312784315109255,,
-251.25815621948243,,,0.001,,,,984216,985000,34.343881348609926,3133.6098094059635,913.5
-251.61254806518554,954.89,6760,0.001,1108,3706.52884277,146,986216,987271,34.260009805679324,,
-251.99005661010742,,,0.001,,,,989216,990000,33.98476303768158,3525.6652884578334,895.3
-252.50462173461915,961.25,6788,0.001,1112,3734.82833715,146,990216,991271,34.094838854789735,,
-252.4022723083496,,,0.001,,,,994216,995000,36.21565559673309,3944.8152688764035,1000.0
,961.25,6818,,1116,3692.5901218300005,145,,995271,,,
-252.5402993774414,961.25,6839,0.001,1120,3693.479209939999,146,998216,999271,32.705404545784,,
-253.02741256713867,,,0.001,,,,999216,1000000,34.91368760108948,3554.007570391055,922.6
-252.97985952758788,961.25,6868,0.001,1124,3672.14942176,146,1002216,1003271,35.28521430110931,,
-252.79901727294921,,,0.001,,,,1004216,1005000,34.760404118537906,3942.647010081261,1000.0
-253.9398652038574,968.85,6897,0.001,1128,3710.38893171,146,1006216,1007271,33.732193214416505,,
-254.9566834076591,,,0.001,,,,1009846,1010000,36.77815842498904,3918.869613075163,945.2
,970.91,6924,,1132,3730.38367704,145,,1010901,,,
-255.76517202758788,976.26,6945,0.001,1136,3754.66558335,146,1013821,1014876,36.421523052215576,,
-256.79513739013674,,,0.001,,,,1014821,1015000,33.06328062057495,3971.9868440872524,968.0
-258.07391870117186,972.29,6973,0.001,1140,3737.0858135099993,146,1017424,1018479,31.705310565948487,,
-257.9296938171387,,,0.001,,,,1019424,1020000,37.27274384689331,2997.0212291096336,772.0
-257.678963470459,972.29,7000,0.001,1144,3740.8497168400004,146,1021424,1022479,39.557848023414614,,
-258.21629959106446,,,0.001,,,,1024424,1025000,35.10236577129364,2990.224076566193,749.4
-258.7885713384393,971.2,7027,0.001,1148,3746.29649591,146,1025315,1026370,42.69670874877142,,
-258.19749771118165,966.86,7046,0.001,1152,3729.5883761600003,146,1028881,1029936,40.12199780273438,,
-257.8813917541504,,,0.001,,,,1029881,1030000,36.489332560539246,3846.664059319999,1000.0
-258.9171936645508,960.74,7075,0.001,1156,3706.3509865200003,146,1032881,1033324,36.3479267244339,,
-258.7635556030273,,,0.001,,,,1034269,1035000,37.56454980278015,4037.052160054399,1000.0
-258.6387367248535,960.74,7101,0.001,1160,3705.96904051,146,1036269,1037324,40.54249665164947,,
-259.28010415649413,,,0.001,,,,1039269,1040000,36.83799571704864,4077.1999074216465,1000.0
-259.0316750793457,960.74,7131,0.001,1164,3709.4500985200007,146,1040269,1041324,39.559364577293394,,
-259.507298034668,,,0.001,,,,1044269,1045000,37.11355229568481,3677.6964284846094,916.5
,960.74,7159,,1168,3757.8088514499996,146,,1045324,,,
-258.88752108764646,960.74,7181,0.001,1172,3758.7228846699995,146,1048269,1049324,35.49445598983765,,
-259.7487741394043,,,0.001,,,,1049269,1050000,36.73501697063446,4194.354337113351,1000.0
-257.66362758282105,961.73,7207,0.001,1176,3762.7142098099994,146,1051635,1052690,38.86985318126574,,
-259.37377377319336,,,0.001,,,,1054635,1055000,42.042407477378845,4050.0242754193487,1000.0
-260.12046875,961.73,7237,0.001,1180,3765.59707312,146,1055635,1056690,39.610349990844725,,
-259.3800786132812,,,0.001,,,,1059635,1060000,35.537484771728515,3698.975480542181,1000.0
,961.73,7266,,1184,3763.81507565,145,,1060690,,,
-259.63066677856443,961.73,7287,0.001,1188,3766.0958194099994,146,1063635,1064690,33.798436271667484,,
-259.57893106079104,,,0.001,,,,1064635,1065000,35.8337915725708,3411.175885711092,848.6
-260.005181640625,959.63,7315,0.001,1192,3765.4285027200003,145,1067635,1067794,36.961695683479306,,
-261.01349484252927,,,0.001,,,,1069739,1070000,38.37092703819275,4113.444946437121,1000.0
-260.6827763977051,950.56,7340,0.001,1196,3730.93735349,145,1070739,1070887,39.64655648231506,,
-261.11725134277344,956.16,7357,0.001,1200,3749.8386200299997,146,1073832,1074887,38.332564156532285,,
-260.0487742004394,,,0.001,,,,1074832,1075000,40.84933206081391,3732.239832738042,903.5
-260.60815744018555,949.64,7385,0.001,1204,3724.2841395899995,145,1077832,1078235,39.484635746955874,,
-260.2163557434082,,,0.001,,,,1079180,1080000,38.47283410358429,3860.4801030758535,1000.0
-260.64389810180666,949.64,7412,0.001,1208,3729.67554176,146,1081180,1082235,43.48884531402588,,
-261.17658074951174,,,0.001,,,,1084180,1085000,38.81851512432098,3989.330773662962,1000.0
-261.25567602539064,940.13,7441,0.001,1212,3689.0591298100003,145,1085180,1085284,43.59432839775086,,
-261.73595690917966,940.13,7458,0.001,1216,3734.4440001199996,146,1088229,1089284,35.78763511657715,,
-261.27468844604493,,,0.001,,,,1089229,1090000,36.42622067546844,3926.6413694461808,958.6
-261.27163507080076,940.13,7488,0.001,1220,3739.22898977,146,1092229,1093284,36.942535655021665,,
-261.6848168029785,,,0.001,,,,1094881,1095000,40.35377209091187,3478.4113577344224,839.5
-262.47666528320315,936.65,7514,0.001,1224,3750.0787193900005,145,1095881,1096936,38.33164790439606,,
-262.7008641052246,921.26,7531,0.001,1228,3682.89828889,145,1099020,1099397,42.274942749977114,,
-261.7815039498465,,,0.001,,,,1099454,1100000,37.28786165373666,3422.351088920003,868.0
-263.81768385708074,910.66,7548,0.001,1232,3634.3978005900008,145,1100912,1101967,33.62662273931711,,
-262.3423719482422,,,0.001,,,,1104411,1105000,39.75856053447723,3322.6423979757355,875.9
,905.9,7574,,1236,3613.62367259,145,,1105466,,,
-262.7403508911133,909.87,7596,0.001,1240,3629.9982307600003,146,1108411,1109466,45.91872979164123,,
-262.6053653259277,,,0.001,,,,1109411,1110000,37.96309239768982,3991.8191116424277,1000.0
-263.49518756103515,909.87,7625,0.001,1244,3639.6538751099997,146,1112411,1113466,37.46835710906982,,
-263.25399063110353,,,0.001,,,,1114411,1115000,43.888271599769595,2994.083946572989,734.1
-263.93449462890624,910.96,7652,0.001,1248,3648.70274115,146,1116411,1117466,40.497231013298034,,
-264.36947024536136,,,0.001,,,,1119411,1120000,38.03732050609589,3098.0557055018844,792.1
-265.516498840332,915.3,7680,0.001,1252,3670.8751534899993,146,1120411,1121466,38.27205206680298,,
-265.76589239501953,,,0.001,,,,1124411,1125000,39.14003365039825,2779.474436454731,785.7
,918.39,7708,,1256,3685.1870693099995,145,,1125163,,,
-265.75412503051757,914.66,7728,0.001,1260,3663.9253308899993,146,1128108,1128790,40.55338620948792,,
-266.84134411621096,,,0.001,,,,1129735,1130000,39.001135338783264,3333.153238633182,837.5
-267.50988922119143,914.66,7754,0.001,1264,3663.573425839999,146,1131735,1132790,44.57878058338165,,
-268.2835467224121,,,0.001,,,,1134735,1135000,42.46234043121338,3916.3775488796878,990.5
-267.5548178100586,914.66,7783,0.001,1268,3664.5018481099996,146,1135735,1136790,41.25808649158478,,
-268.58187454223633,,,0.001,,,,1139135,1140000,37.20376490592957,3875.549270247854,967.8
,908.66,7809,,1272,3640.7287591099994,145,,1140190,,,
-269.15307064819336,915.0,7831,0.001,1276,3670.0917576099996,146,1143135,1144190,37.72455247497559,,
-269.3311544494629,,,0.001,,,,1144135,1145000,40.049011872291565,3813.115585115226,938.8
-270.4002610778809,905.18,7860,0.001,1280,3631.459723300001,145,1147135,1147208,37.89279771232605,,
-269.8591497192383,888.16,7872,0.001,1284,3566.58067017,146,1149362,1149506,38.401342533111574,,
-269.8060920021751,,,0.001,,,,1149451,1150000,43.393381290221484,3476.881058217771,875.1
-269.9500181884766,885.19,7895,0.001,1288,3557.09686731,146,1152154,1153209,37.8561617269516,,
-270.4909602050781,,,0.001,,,,1154154,1155000,40.16729969596863,3779.5171529044396,947.4
-271.4780746459961,894.15,7924,0.001,1292,3587.2729529400003,146,1156154,1157209,35.75329768753052,,
-271.67953173828124,,,0.001,,,,1159697,1160000,42.68166860485077,4063.924127694592,1000.0
,898.65,7951,,1296,3600.3812161600003,145,,1160752,,,
-272.75673361206054,898.65,7973,0.001,1300,3605.1087837600003,146,1163697,1164752,41.48494411754608,,
-272.37001345825195,,,0.001,,,,1164697,1165000,42.21132033157349,3452.800597016513,824.8
-273.54020519562584,898.38,7997,0.001,1304,3608.8948738100003,146,1167018,1168073,36.85426015394894,,
-273.4390792541504,,,0.001,,,,1169018,1170000,41.02051653575897,4197.87901066055,1000.0
-274.14010928344726,898.38,8026,0.001,1308,3607.85231833,146,1171018,1172073,38.39940600776672,,
-274.46299432373047,,,0.001,,,,1174018,1175000,40.43913903808594,3674.3065426326007,934.4
-274.01996740722655,907.89,8055,0.001,1312,3649.48235498,145,1175018,1176073,38.80136832332611,,
-274.2826513977051,,,0.001,,,,1179018,1180000,41.481388308525084,3702.1767446910962,909.0
,907.89,8084,,1316,3647.9455812,145,,1180073,,,
-275.1989071655273,907.89,8106,0.001,1320,3648.1448818700005,146,1183018,1184073,39.79149929904938,,
-275.9426821899414,,,0.001,,,,1184018,1185000,44.88500263118744,3809.586302651279,920.3
-276.38222039606154,903.31,8130,0.001,1324,3633.83132569,146,1186212,1187267,38.37304853655628,,
-276.24020901489257,,,0.001,,,,1189212,1190000,36.776730197906495,4058.3763758246787,1000.0
-276.4317043457031,918.7,8160,0.001,1328,3705.46159308,145,1190212,1191267,40.15394267082215,,
-276.73692291259766,,,0.001,,,,1194212,1195000,37.05815095043182,4068.2932111040805,1000.0
,933.0,8189,,1332,3768.42448118,145,,1195267,,,
-276.4274921875,938.01,8210,0.001,1336,3793.54621283,146,1198212,1199267,33.953852648735044,,
-277.06210284423827,,,0.001,,,,1199212,1200000,35.613022846221924,3158.1977075096684,886.9
-276.9119159240723,930.55,8237,0.001,1340,3766.2369772299994,145,1201921,1202521,40.36775336074829,,
-277.80154739379884,,,0.001,,,,1204466,1205000,36.6917196149826,3398.2032306390233,983.9
-277.6821916503906,930.55,8264,0.001,1344,3766.0667316100003,145,1205466,1206521,37.657553270816805,,
-278.65422534179686,,,0.001,,,,1209466,1210000,36.10304881381988,3318.9361216829157,894.8
,930.55,8292,,1348,3764.9451691900003,145,,1210521,,,
-279.4325545654297,930.55,8314,0.001,1352,3750.5386457500003,146,1213466,1214521,45.06292937660217,,
-280.47978646414623,,,0.001,,,,1214494,1215000,42.72832918167114,4191.8415325200185,1000.0
-280.0537810058594,923.86,8338,0.001,1356,3722.7393180199997,146,1216494,1217549,39.43320046043396,,
-280.02630414019575,906.72,8350,0.001,1360,3654.57723131,146,1218750,1219462,38.24930050084879,,
-280.76610025545443,,,0.001,,,,1219407,1220000,59.468498618998304,954.9620774008566,688.1
-279.50219943237306,906.72,8375,0.001,1364,3623.6684390000005,146,1222407,1223462,38.41579657459259,,
-279.9954963684082,,,0.001,,,,1224407,1225000,35.523284902572634,3714.895360813732,921.2
-279.8007124023438,902.13,8402,0.001,1368,3603.7358018699997,146,1225948,1227003,36.20798113536835,,
-280.3584514172549,,,0.001,,,,1228963,1230000,40.116758987175345,3673.126325312257,899.4
,898.28,8426,,1372,3592.11819924,145,,1230018,,,
-280.7679214477539,898.28,8447,0.001,1376,3591.4890274,146,1232963,1234018,43.40229646205902,,
-281.3746061706543,,,0.001,,,,1233963,1235000,48.15374701786041,3654.7350250179647,915.4
-281.65658361816406,908.1,8476,0.001,1380,3635.3283119199996,146,1236963,1238018,45.62973418235779,,
-282.6603497924805,,,0.001,,,,1238963,1240000,42.40636387443543,3907.6760950458643,927.3
-282.2255479125977,917.64,8505,0.001,1384,3675.0520427099996,145,1240963,1241270,39.83269359397888,,
-281.4834113843513,900.46,8516,0.001,1388,3608.40520647,145,1243109,1243255,38.06305452308269,,
-282.50119326782226,,,0.001,,,,1244200,1245000,45.03385394954682,3748.664478780399,912.4
-282.56656231689453,900.46,8541,0.001,1392,3607.29506097,146,1246200,1247255,36.98287892532348,,
-283.8864465090308,,,0.001,,,,1249402,1250000,46.770949698910854,4040.7703776806593,1000.0
,897.05,8565,,1396,3600.7107969300005,145,,1250457,,,
-283.3295001220703,897.05,8587,0.001,1400,3604.2315930299997,146,1253402,1254457,40.929998707771304,,
-282.91567150878905,,,0.001,,,,1254402,1255000,41.31200120449066,3601.465205532126,941.3
-283.6413017578125,903.84,8617,0.001,1404,3630.90732826,146,1257402,1258457,37.294327891349795,,
-284.0358991699219,,,0.001,,,,1259402,1260000,45.956423677444455,3705.7908204572277,917.4
-285.1043094482422,903.34,8646,0.001,1408,3629.06458825,146,1261402,1262407,38.75542112255096,,
-285.3444751586914,,,0.001,,,,1264352,1265000,38.50002877902985,3794.156720715016,904.8
-285.6232470703125,901.76,8674,0.001,1412,3625.1514626499998,145,1265352,1266249,41.113606678009035,,
-285.7602547607422,,,0.001,,,,1269194,1270000,37.25537182998657,3608.2370380382226,1000.0
,901.76,8703,,1416,3627.5810170800005,145,,1270249,,,
-286.16594410905935,891.21,8722,0.001,1420,3586.1340324000003,145,1272789,1273194,37.54672899646919,,
-286.16939611816406,,,0.001,,,,1274139,1275000,43.56725098323822,3965.4770580159966,926.5
-286.342361328125,899.27,8748,0.001,1424,3622.9334876500006,145,1276139,1277194,44.94550141429901,,
-285.9772310180664,,,0.001,,,,1279139,1280000,42.53145819282532,4204.492292326921,1000.0
-286.42681939697263,899.27,8778,0.001,1428,3618.8328876499995,145,1280139,1281194,43.820376629829404,,
-286.65115209960936,,,0.001,,,,1284139,1285000,44.72034289073944,3554.4672268744093,862.9
,899.27,8806,,1432,3623.9723237099997,145,,1285194,,,
-287.8975735045316,887.5,8824,0.001,1436,3580.01093424,145,1287594,1288017,51.18201941605453,,
-287.5748900756836,,,0.001,,,,1288962,1290000,46.611086104393,4001.0784277453085,1000.0
-287.4535481567383,894.96,8850,0.001,1440,3611.29982454,145,1290962,1292017,44.05170279216766,,
-287.2469323730469,,,0.001,,,,1293962,1295000,43.11126970291138,4055.4632990652694,1000.0
-287.4135023193359,894.96,8881,0.001,1444,3588.3307834099996,145,1294962,1296017,42.602238399505616,,
-288.04786474609375,891.27,8902,0.001,1448,3576.4080143,145,1298962,1299648,38.928467262268065,,
-288.2348575652592,,,0.001,,,,1299593,1300000,38.46638389623675,3814.054337251838,970.8
-287.5206187855114,882.22,8924,0.001,1452,3553.94584598,145,1301703,1302743,38.62208381999623,,
-288.44156439208984,,,0.001,,,,1304490,1305000,45.41151418876648,3931.589088003151,957.3
-288.9218421020508,889.22,8952,0.001,1456,3584.2006038999994,145,1305490,1306471,47.493615676879884,,
-288.6680075768197,900.19,8970,0.001,1460,3631.67433441,145,1308820,1309481,41.702108135317815,,
-289.22407728138535,,,0.001,,,,1309426,1310000,38.3427785694009,4202.672771466523,1000.0
-288.4221140136719,896.68,8996,0.001,1464,3648.8456537100005,145,1312075,1313130,41.30596843338013,,
-288.8163125,,,0.001,,,,1314075,1315000,39.74453771781921,4062.8100059252233,1000.0
-288.5696576538086,891.52,9025,0.001,1468,3631.53809219,145,1316075,1316155,43.560318591117856,,
-288.97093518066407,,,0.001,,,,1319100,1320000,41.56535528945923,3621.092273485288,932.1
,901.37,9049,,1472,3668.0923882899992,145,,1320155,,,
-288.933890625,901.37,9070,0.001,1476,3666.1115660100004,145,1323100,1324155,50.102130022048954,,
-289.4492070922852,,,0.001,,,,1324100,1325000,48.08384801959991,4037.7705547572114,1000.0
-288.97368634033205,900.12,9100,0.001,1480,3656.8784234699997,145,1326975,1328030,49.59636908531189,,
-289.6459259033203,,,0.001,,,,1328975,1330000,38.08640621948242,3830.5328675563446,940.7
-289.6644782104492,906.5,9128,0.001,1484,3681.55520007,145,1330975,1331920,41.44265451812744,,
-290.12235662841795,,,0.001,,,,1334865,1335000,45.21388047790527,3984.314618380391,1000.0
,926.65,9158,,1488,3761.1688161200004,145,,1335920,,,
-290.54468017578125,926.65,9179,0.001,1492,3759.3873905499995,145,1338865,1339920,41.23915947818756,,
-290.3237606201172,,,0.001,,,,1339865,1340000,38.11381567001343,3157.832780372072,901.0
-290.314403137207,934.63,9208,0.001,1496,3790.4903452100007,145,1342865,1343920,44.94070407962799,,
-290.42493084716796,,,0.001,,,,1344865,1345000,38.90556950759888,3334.422397843562,946.7
-290.4747750854492,933.32,9236,0.001,1500,3781.1618925,145,1346734,1347789,47.80609826850891,,
-290.6253648071289,,,0.001,,,,1349734,1350000,41.60984553050995,3422.5661243730224,1000.0
-290.5232792358398,933.32,9266,0.001,1504,3775.1186174100008,145,1350734,1351789,42.048440581321714,,
-291.23207490340525,,,0.001,,,,1354287,1355000,44.010969593123974,4052.572072740039,994.1
,929.35,9293,,1508,3760.74820104,145,,1355342,,,
-291.10459729003907,930.93,9315,0.001,1512,3767.07212219,145,1358287,1359342,47.28743338489532,,
-290.7194182128906,,,0.001,,,,1359287,1360000,44.25355919837952,2643.9398742065764,723.4
-291.94122705078127,930.93,9342,0.001,1516,3766.00120543,145,1362287,1363342,39.92012983036041,,
-291.6430977172852,,,0.001,,,,1364287,1365000,38.43687675857544,3293.622592835128,811.9
-291.6870347764757,932.38,9365,0.001,1520,3770.34356635,145,1365377,1366432,35.831931591033936,,
-292.25890338134764,,,0.001,,,,1369377,1370000,44.26695746231079,4086.6160340206234,994.4
,932.38,9394,,1524,3766.07877381,145,,1370432,,,
-292.89893798828126,932.38,9416,0.001,1528,3770.3277913799993,145,1373377,1374432,43.70217916870117,,
-292.5925792236328,,,0.001,,,,1374377,1375000,41.95049561214447,3949.676647734968,1000.0
-293.0824838033537,929.75,9444,0.001,1532,3754.31789192,145,1377114,1378169,45.182384703181974,,
-293.2857553100586,,,0.001,,,,1379114,1380000,41.99608115768432,3250.150389840407,948.4
-293.9297998046875,935.52,9470,0.001,1536,3771.17509424,145,1380514,1381569,37.24912312030792,,
-295.0333017202524,927.35,9487,0.001,1540,3716.2249680599994,145,1383697,1384752,45.00361257563523,,
-295.3989819946289,,,0.001,,,,1384697,1385000,39.13167217254639,4140.190054744855,1000.0
-296.0917623291016,917.58,9510,0.001,1544,3698.778360799999,145,1386720,1387775,40.96653809833526,,
-296.5831382446289,,,0.001,,,,1389348,1390000,38.36659557914734,4290.995141377859,1000.0
-296.8816594238281,917.55,9538,0.001,1548,3652.1587509499996,145,1390348,1391403,38.429280406951904,,
-296.78687408447263,,,0.001,,,,1394348,1395000,40.20706833362579,3306.1701862151735,915.1
,926.6,9567,,1552,3694.49734809,145,,1395403,,,
-296.7903520507812,919.76,9584,0.001,1556,3645.43867853,145,1397392,1398447,43.06577006530762,,
-297.0852646484375,,,0.001,,,,1399392,1400000,47.92389912509918,3969.1120698574,943.6
-296.66739770507814,929.66,9613,0.001,1560,3689.8460519400005,145,1401392,1402447,40.1061649017334,,
-296.2859353027344,,,0.001,,,,1404392,1405000,46.40011252403259,2598.406857372355,836.4
-296.83543232143325,929.14,9639,0.001,1564,3687.8853235500005,145,1404989,1406044,44.83810741897404,,
-296.9663461914063,935.21,9659,0.001,1568,3718.6287622199993,145,1408621,1409676,42.78295349407196,,
-297.5768373413086,,,0.001,,,,1409621,1410000,40.03723454380035,2775.8427777790466,703.6
-297.4524557495117,935.21,9685,0.001,1572,3726.90105775,145,1412621,1413676,39.23226027202606,,
-297.7175341796875,,,0.001,,,,1414621,1415000,46.9134675989151,3642.7279103485866,864.0
-297.64104040527343,929.88,9714,0.001,1576,3707.5372887600006,145,1416621,1417143,39.4983475189209,,
-298.0825258178711,,,0.001,,,,1419088,1420000,43.71859436321259,3683.3675959499437,908.2
-298.50167828369143,931.13,9740,0.001,1580,3716.90668289,145,1420088,1421143,39.62327822971344,,
-298.64547521972656,,,0.001,,,,1424088,1425000,44.84345862007141,3913.8832792022267,1000.0
,932.23,9769,,1584,3684.9578416699997,145,,1425143,,,
-299.35938745117187,932.23,9791,0.001,1588,3687.9985596799997,145,1428088,1429143,35.97481723880768,,
-299.13208984375,,,0.001,,,,1429088,1430000,40.40666592884064,3692.587717274949,890.9
-300.0313653515884,929.78,9818,0.001,1592,3649.75908227,145,1431843,1432898,44.95359744267748,,
-298.93491632080077,,,0.001,,,,1434714,1435000,47.93284648990631,4015.2952029103412,1000.0
-299.2654006958008,928.49,9847,0.001,1596,3648.5990609400005,145,1435714,1436769,46.65229148769379,,
-299.00698333740235,,,0.001,,,,1439714,1440000,40.22799170780182,3426.131687944243,961.1
,929.8,9876,,1600,3657.2878400500003,145,,1440769,,,
-299.30176867675783,929.8,9897,0.001,1604,3667.8956033700006,145,1443714,1444769,41.6739406337738,,
-299.77863177490235,,,0.001,,,,1444714,1445000,41.493745840072634,2825.3439405600484,736.3
-299.5235296630859,918.22,9920,0.001,1608,3621.7503703800007,145,1446982,1447164,36.56089046001434,,
-299.8014231567383,,,0.001,,,,1449109,1450000,46.17869305610657,3357.9027627458795,925.3
-300.0893040771484,912.19,9944,0.001,1612,3601.4372768600006,145,1450109,1450561,37.256151522636415,,
-300.20834130859373,912.19,9963,0.001,1616,3607.29791283,145,1453506,1454561,38.82606422138214,,
-300.20835260009767,,,0.001,,,,1454506,1455000,49.82584942150116,4136.152469897422,1000.0
-300.0988928833008,921.29,9993,0.001,1620,3599.7456980700003,145,1457506,1458561,45.18354320526123,,
-300.07390399169924,,,0.001,,,,1459545,1460000,39.96995400238037,4323.8594966400415,983.9
-300.14494104003904,911.68,10017,0.001,1624,3562.3948153799997,145,1460545,1461600,44.556069215774535,,
-300.7832868652344,,,0.001,,,,1464545,1465000,45.083133903503416,2353.8733537709513,801.8
,907.32,10045,,1628,3546.21896589,145,,1465164,,,
-300.775933464206,895.48,10057,0.001,1632,3497.7516255699993,145,1466662,1467717,41.54149702033218,,
-300.356660949707,,,0.001,,,,1469662,1470000,44.95243024730682,3925.8738293863835,948.4
-300.0619465332031,901.48,10086,0.001,1636,3528.1920181799996,145,1470662,1471717,49.926439204216,,
-300.89746643066405,,,0.001,,,,1474662,1475000,43.10121976089478,4281.000700118823,1000.0
,909.65,10116,,1640,3587.805970690001,145,,1475717,,,
-300.4502053222656,919.42,10138,0.001,1644,3630.9507346000005,145,1478662,1479717,47.823581151008604,,
-301.0008465576172,,,0.001,,,,1479662,1480000,42.77102118206024,4030.9902632781423,1000.0
-301.264174621582,923.14,10167,0.001,1648,3688.92317636,145,1482662,1483717,42.108096220970154,,
-300.3668436889648,,,0.001,,,,1484662,1485000,38.335162531852724,4037.131937016174,1000.0
-301.02239477539064,923.14,10197,0.001,1652,3687.6071506999997,145,1486662,1487717,46.377990093231205,,
-301.5482294311523,,,0.001,,,,1489662,1490000,40.270741499900815,3541.2407633720895,843.2
-301.4805284423828,925.45,10224,0.001,1656,3725.05759562,145,1490662,1490992,39.89046810817719,,
-301.56216021728517,925.45,10242,0.001,1660,3730.9287676300005,145,1493937,1494992,46.408237626075746,,
-301.8470714111328,,,0.001,,,,1494937,1495000,43.502607132911685,3412.6296056746505,811.4
-301.77516174316406,916.33,10263,0.001,1664,3692.58432163,145,1496622,1497677,48.313159022297896,,
-301.4919024658203,,,0.001,,,,1499622,1500000,44.7274574508667,3905.037697293656,1000.0
-301.82778649902343,920.01,10293,0.001,1668,3705.7655295700006,145,1500622,1501677,43.65698979663849,,
-302.24398303222654,,,0.001,,,,1504226,1505000,41.84215914154053,3683.0596024593337,905.9
,916.05,10320,,1672,3688.2407471000006,145,,1505281,,,
-302.9414431152344,921.38,10341,0.001,1676,3716.25007369,145,1508226,1509281,48.03751437854767,,
-302.9733895874023,,,0.001,,,,1509226,1510000,42.198625175476074,3704.335105306469,901.0
-303.21375299072264,921.38,10370,0.001,1680,3717.9456146299995,145,1512226,1513281,45.010024524688724,,
-303.26396630859375,,,0.001,,,,1514226,1515000,48.26342460727692,4078.0407453559337,1000.0
-303.05268060302734,921.38,10400,0.001,1684,3760.6522998500004,145,1516226,1517281,39.16316009807586,,
-302.97471728515626,,,0.001,,,,1519226,1520000,47.07977982521057,3278.508183601685,778.0
-303.1817510375977,912.04,10427,0.001,1688,3687.6024325,145,1520226,1520347,50.817939918518064,,
-303.73679364013674,914.49,10445,0.001,1692,3732.3332947200006,145,1523292,1524347,43.40052096939087,,
-303.4287994384766,,,0.001,,,,1524292,1525000,43.387590978622434,3631.907728118845,881.9
-304.2043681640625,911.7,10472,0.001,1696,3718.42269699,145,1526884,1527939,40.43331573677063,,
-304.48199298095705,,,0.001,,,,1529884,1530000,38.228809916496274,3875.1018775047733,901.9
-304.69801892089845,911.7,10500,0.001,1700,3719.3092075,145,1530884,1531939,36.01241477108002,,
-306.23191162109373,,,0.001,,,,1534884,1535000,42.41788061618805,3977.7647610239683,972.1
,911.7,10530,,1704,3717.4730061799996,145,,1535939,,,
-305.69691870117185,927.75,10551,0.001,1708,3786.9181529499997,145,1538884,1539939,36.560321825027465,,
-306.24956481933594,,,0.001,,,,1539884,1540000,38.485014643192294,3099.5245091194984,774.6
-306.59756762695315,926.31,10575,0.001,1712,3780.144955549999,145,1542137,1543192,37.19864945602417,,
-306.6511522216797,,,0.001,,,,1544137,1545000,37.604987045288084,3880.153518237558,937.2
-307.08880352783206,926.31,10605,0.001,1716,3781.2834746599997,145,1546137,1547192,43.858809427261356,,
-307.6317233886719,,,0.001,,,,1549782,1550000,40.734431007385254,4129.3013007341415,980.6
,919.49,10632,,1720,3801.8498171799984,145,,1550510,,,
-307.897989074707,915.48,10649,0.001,1724,3781.93740958,145,1553003,1553148,41.957932554245,,
-308.2622768825955,,,0.001,,,,1554182,1555000,40.50383653533593,3809.48204466881,901.0
-307.75143572998047,910.73,10668,0.001,1728,3761.03177588,145,1555182,1556237,45.31604592514038,,
-308.7104419555664,,,0.001,,,,1559182,1560000,43.714191521644594,3419.63167594485,861.0
,925.2,10696,,1732,3823.486655909999,145,,1560237,,,
-308.4456016845703,918.24,10714,0.001,1736,3795.4751242200005,145,1562486,1563541,46.6135500535965,,
-308.66669244384764,,,0.001,,,,1564486,1565000,47.3707519865036,3901.994670176506,981.8
-308.6650275878906,908.48,10743,0.001,1740,3749.2610926199995,145,1566486,1566565,46.50157162189484,,
-308.88046368408203,,,0.001,,,,1568972,1570000,37.36307915592194,4320.846322393743,1000.0
,903.1,10765,,1744,3723.8765661700004,145,,1570027,,,
-309.09944023101434,902.99,10786,0.001,1748,3727.1784318400005,145,1572961,1574016,49.38342441659123,,
-309.3542283630371,,,0.001,,,,1574761,1575000,44.265652499198914,3592.0454678988085,862.1
-309.24826220703125,900.99,10814,0.001,1752,3716.0157977900003,145,1576761,1577816,46.73804395771027,,
-309.6026791381836,,,0.001,,,,1579761,1580000,44.29911726760864,4155.655847074231,1000.0
-309.50111791992185,908.24,10843,0.001,1756,3687.91625408,145,1580761,1581816,43.404246985435485,,
-309.9460021972656,896.0,10862,0.001,1760,3631.28947207,145,1584405,1584592,46.235338930130006,,
-310.38671320134944,,,0.001,,,,1584537,1585000,42.08455892765161,4045.6130383667537,953.4
-309.5232119140625,906.6,10886,0.001,1764,3686.7860767099996,145,1587282,1588337,42.14736354160309,,
-309.3861281738281,,,0.001,,,,1589707,1590000,40.5643525800705,4063.4647460952865,972.8
-309.4152116088867,900.85,10912,0.001,1768,3656.7867149000003,145,1590707,1591762,53.17303747463227,,
-309.56252716064455,,,0.001,,,,1594707,1595000,43.16596378135681,4110.915717326663,1000.0
,904.81,10942,,1772,3675.1427071000003,145,,1595762,,,
-309.9374533691406,904.81,10963,0.001,1776,3676.7965949599998,145,1598707,1599762,39.38561440563202,,
-310.09396643066407,,,0.001,,,,1599707,1600000,42.6842681684494,3833.7086259006524,934.3
-309.9715992997332,890.83,10987,0.001,1780,3612.96391541,145,1601789,1602364,41.95927787408596,,
-310.05433587646485,871.28,11000,0.001,1784,3529.36018638,145,1604322,1604409,40.09962440872192,,
-311.10045051574707,,,0.001,,,,1604354,1605000,44.21622881293297,3744.8866402147337,888.8
-310.4958346557617,879.93,11025,0.001,1788,3604.5162103400003,145,1607285,1608340,42.71400890731812,,
-310.416169921875,,,0.001,,,,1609285,1610000,50.62129676914215,2875.878304650937,672.2
-310.72426385498045,879.93,11052,0.001,1792,3607.10210746,145,1611285,1612340,49.909267973899844,,
-310.7456201171875,,,0.001,,,,1614285,1615000,38.90258608150482,4348.64583594799,1000.0
-310.77755279541014,880.92,11082,0.001,1796,3616.1064093399996,145,1615285,1616031,40.09552659130097,,
-310.45438212268755,871.94,11101,0.001,1800,3577.4849264700006,145,1618825,1619133,45.98271711526967,,
-310.8599298432117,,,0.001,,,,1619078,1620000,55.71144199371338,3531.6864526783115,835.6
-311.00370123291015,871.94,11125,0.001,1804,3576.9862059499997,145,1622078,1623133,46.64888826560974,,
-310.86580541992186,,,0.001,,,,1624078,1625000,41.69587056827545,4102.983432820625,1000.0
-311.07489764404295,871.94,11155,0.001,1808,3577.54092396,145,1626078,1627133,42.91471024417877,,
-313.12453206380206,864.92,11171,0.001,1812,3552.2556377899996,145,1629091,1629684,31.133506774902344,,
-310.86400936084164,,,0.001,,,,1629629,1630000,41.13504469882157,3446.4630851695315,850.5
-312.13439178466797,864.92,11197,0.001,1816,3549.2267428900004,145,1632629,1633684,40.370679770469664,,
-312.0526318359375,,,0.001,,,,1634629,1635000,42.847257308006284,4169.852328380663,1000.0
-312.138166809082,865.67,11228,0.001,1820,3548.06041041,145,1636629,1637077,47.15330054092407,,
-312.66962188720703,,,0.001,,,,1639149,1640000,47.95781146812439,4171.336045253277,1000.0
,870.56,11250,,1824,3565.45571551,145,,1640204,,,
-312.06884912109376,879.67,11272,0.001,1828,3603.22311945,145,1643149,1644204,44.247754691123966,,
-311.8816834716797,,,0.001,,,,1644149,1645000,51.91714042949677,4130.612480160594,1000.0
-312.2545908203125,872.3,11301,0.001,1832,3571.67066217,145,1647149,1647467,46.65423827552795,,
-312.82080963134763,,,0.001,,,,1649192,1650000,42.48801885128021,3813.480997419357,904.1
-312.5725672607422,877.06,11325,0.001,1836,3593.47601787,145,1650192,1651247,47.948038385391236,,
-313.28824296070025,,,0.001,,,,1654114,1655000,45.23645583667879,4176.467852411932,1000.0
,886.04,11354,,1840,3635.2053165899993,145,,1655169,,,
-313.33912890625,891.42,11376,0.001,1844,3664.4274034699997,145,1658114,1659169,48.797325191497805,,
-313.3500416259766,,,0.001,,,,1659114,1660000,48.498058004379274,4271.631871945993,1000.0
-313.7796834716797,891.53,11406,0.001,1848,3664.81469407,145,1662114,1663169,53.11755713367462,,
-314.02475146484375,,,0.001,,,,1664114,1665000,41.53749959373474,4283.226213846263,1000.0
-313.76782843017577,893.53,11435,0.001,1852,3680.2423125200003,145,1666114,1667169,37.99223955345154,,
-313.50682061767577,,,0.001,,,,1669114,1670000,53.85527092266083,3875.0195747913795,912.0
-314.08906646728514,893.53,11464,0.001,1856,3738.1122563299996,145,1670114,1671169,43.510957165718075,,
-314.07640161132815,,,0.001,,,,1674114,1675000,45.66968009567261,4205.062741221487,1000.0
,905.77,11494,,1860,3789.68675399,145,,1675169,,,
-314.29762341308594,908.32,11516,0.001,1864,3796.87618784,145,1678114,1679169,49.499710213661196,,
-314.91621673583984,,,0.001,,,,1679114,1680000,42.08631104469299,4198.149876805022,1000.0
-315.1419066772461,914.07,11545,0.001,1868,3830.91437252,145,1682114,1683169,46.12736738204956,,
-315.04876513671877,,,0.001,,,,1684114,1685000,46.68813210868836,4025.8895531089975,1000.0
-315.36634356689456,914.07,11575,0.001,1872,3827.3184587199994,145,1686114,1687169,47.044780501365665,,
-315.95350256347655,,,0.001,,,,1689772,1690000,48.31424314594269,3597.7589243064635,889.7
,910.65,11602,,1876,3809.96566385,145,,1690827,,,
-315.85532928466796,914.86,11623,0.001,1880,3833.37723902,145,1693772,1693850,60.1202866897583,,
-316.12146569824216,,,0.001,,,,1694795,1695000,53.787435347557064,3079.9380740353545,735.4
-316.5517646484375,934.41,11646,0.001,1884,3914.1342955299997,145,1696795,1697850,56.71502810382843,,
-315.1756605668501,,,0.001,,,,1699926,1700000,51.599909163613354,3878.289315539133,1000.0
,926.41,11671,,1888,3871.4510031499995,145,,1700981,,,
-316.6708860473633,926.41,11693,0.001,1892,3871.7577402099996,145,1703926,1704981,57.38160128307342,,
-315.66000604248046,,,0.001,,,,1704926,1705000,56.75673105049133,4251.8584305222375,1000.0
-315.9284971313477,920.08,11718,0.001,1896,3777.630174849999,145,1706984,1708039,55.70064337253571,,
-315.5389658813477,,,0.001,,,,1708984,1710000,67.72310593223571,3422.4122319748158,806.4
-316.1213628540039,929.06,11746,0.001,1900,3814.25521157,145,1710984,1712039,55.03697879219055,,
-315.4817428588867,,,0.001,,,,1713984,1715000,51.25858367538452,3852.693513184565,878.0
-315.23586444091796,929.06,11774,0.001,1904,3815.52475843,145,1714984,1716039,62.66518097877503,,
-314.9651578979492,,,0.001,,,,1718984,1720000,58.870096002578734,3771.8762254546864,942.7
,929.06,11803,,1908,3805.5636532299995,145,,1720039,,,
-314.5205296020508,943.55,11825,0.001,1912,3862.5979678900003,145,1722984,1724039,64.8298180179596,,
-314.84820013427736,,,0.001,,,,1723984,1725000,64.28697713756561,4082.1866882966365,972.1
-313.69643743896484,941.95,11854,0.001,1916,3856.911322,145,1726984,1727879,56.24526912689209,,
-314.2064545288086,,,0.001,,,,1729824,1730000,57.2790142660141,4081.555244281143,1000.0
-313.53447955322264,948.02,11882,0.001,1920,3883.28221691,145,1730824,1731879,53.21843001461029,,
-313.6435166015625,,,0.001,,,,1734824,1735000,62.32370411491394,4337.349129071832,1000.0
,956.75,11912,,1924,3929.440952,145,,1735879,,,
-313.36482464599607,956.75,11933,0.001,1928,3929.84645877,145,1738824,1739879,54.722467356681825,,
-314.10124212646485,,,0.001,,,,1739824,1740000,60.68659407424927,4029.1578551542016,955.4
-313.6080873413086,964.12,11962,0.001,1932,3962.38737543,145,1742824,1743879,49.30432216739654,,
-313.8405220336914,,,0.001,,,,1744824,1745000,51.25127872657776,4261.599551305548,1000.0
-313.8598681640625,966.32,11992,0.001,1936,3969.2724381099997,145,1746824,1747879,49.59506486415863,,
-314.2949669189453,,,0.001,,,,1749824,1750000,42.97716932106018,3415.9013015475125,821.9
-314.8681179199219,967.1,12020,0.001,1940,3969.90751763,145,1750824,1751879,39.64514688491821,,
-315.0467251586914,,,0.001,,,,1754824,1755000,50.50023151111603,4095.923149612453,983.4
,967.1,12050,,1944,3963.29251391,145,,1755879,,,
-315.5029989575583,960.89,12069,0.001,1948,3932.5225636000005,145,1758203,1759258,50.32242475021483,,
-315.48365490722654,,,0.001,,,,1759203,1760000,44.25973945426941,4115.780189069361,1000.0
-314.92914282226565,960.89,12098,0.001,1952,3928.9232744700003,145,1762203,1763258,43.169725684165954,,
-315.4723105813658,,,0.001,,,,1764924,1765000,50.9513026844612,4108.628947776602,1000.0
-315.7905670776367,958.1,12126,0.001,1956,3917.1864079499996,145,1765924,1766979,52.1426231470108,,
-315.4981851196289,,,0.001,,,,1769924,1770000,50.257301259994506,3801.1321743296926,973.3
,958.1,12155,,1960,3916.1835787700006,145,,1770979,,,
-315.94700745613346,955.54,12175,0.001,1964,3902.71349587,145,1773668,1774723,55.02437994044314,,
-316.52117248535154,,,0.001,,,,1774668,1775000,50.51469125366211,4237.117727827188,1000.0
-316.02311206054685,955.54,12204,0.001,1968,3900.24778567,145,1777668,1778723,47.91733120679855,,
-316.4427651367188,,,0.001,,,,1779668,1780000,46.953116799354554,3603.4273434016854,852.8
-316.4461945800781,955.54,12232,0.001,1972,3907.3843939600006,145,1781668,1782723,46.160441305160525,,
-316.76992095947264,,,0.001,,,,1784668,1785000,44.713284714698794,3651.467641616799,1000.0
-316.53484008789064,958.96,12262,0.001,1976,3921.26283491,145,1785668,1786723,51.84639469718933,,
-317.2239108276367,,,0.001,,,,1789668,1790000,46.10122098064423,3261.0263505959883,763.4
,968.73,12290,,1980,3967.9832887300004,145,,1790723,,,
-316.9276018066406,964.07,12309,0.001,1984,3953.68709654,145,1793202,1794257,47.07655016231537,,
-317.3336936035156,,,0.001,,,,1794202,1795000,44.83491247463226,4144.388593995432,980.2
-317.3574690551758,972.76,12339,0.001,1988,3995.025641840001,145,1797202,1798257,43.00812648677826,,
-317.76368701171873,,,0.001,,,,1799202,1800000,38.47116982650757,4141.637208278524,985.9
-317.9758697509766,971.68,12368,0.001,1992,3991.8079968299994,145,1801202,1802149,43.10348774242401,,
-317.7064576440928,969.42,12384,0.001,1996,4048.9818779699985,145,1803987,1804981,44.40692636918048,,
-317.9626855728474,,,0.001,,,,1804926,1805000,45.394125121850934,4246.4323721785095,986.5
-317.44137139892575,969.42,12413,0.001,2000,3998.19847499,145,1807926,1808981,47.0998636341095,,
-317.53597674560547,,,0.001,,,,1809926,1810000,46.190918073654174,4048.9415272504557,927.2
-318.0861471557617,969.42,12441,0.001,2004,4002.2714259900004,145,1811926,1812981,41.28876979637146,,
-317.6949392700195,,,0.001,,,,1814630,1815000,43.44804079818726,4244.342442713212,1000.0
,956.46,12464,,2008,3959.57703309,145,,1815685,,,
-317.92115435791015,956.46,12485,0.001,2012,3959.7335574000003,145,1818630,1819685,45.99485333442688,,
-317.8281319580078,,,0.001,,,,1819630,1820000,42.39051598453522,4110.370948914625,967.6
-318.3169457397461,958.06,12515,0.001,2016,3967.2459114300004,145,1822630,1823685,36.827918131828305,,
-318.0586525878906,,,0.001,,,,1824630,1825000,44.19481076717377,4303.199625019823,1000.0
-317.9546624145508,958.06,12545,0.001,2020,3977.844156980001,145,1826630,1827685,43.76868885803223,,
-318.92826898193357,,,0.001,,,,1829630,1830000,44.16966949558258,4135.820489577056,995.7
-318.70547357177736,958.06,12574,0.001,2024,3980.34642454,145,1830630,1831685,40.557673979759215,,
-319.06173291015625,,,0.001,,,,1834196,1835000,39.315840973854066,4265.924176198244,1000.0
,953.57,12601,,2028,3959.75369435,145,,1835236,,,
-319.78257141113284,953.57,12623,0.001,2032,3966.27349651,145,1838181,1839236,42.87465119838715,,
-319.06887857016034,,,0.001,,,,1839488,1840000,44.64870077623995,3603.0455869852567,871.3
-319.39594970703126,946.64,12649,0.001,2036,3939.41485112,145,1841488,1842543,40.758410470962524,,
-319.94678192138673,,,0.001,,,,1844488,1845000,43.241047634124754,3737.7865779366343,865.9
-319.7886255493164,946.64,12678,0.001,2040,3949.51997135,145,1845488,1846543,37.882972878456115,,
-320.0034510498047,932.18,12692,0.001,2044,3890.12231288,145,1848042,1849097,42.9935489654541,,
-320.55278456634676,,,0.001,,,,1849830,1850000,43.211603660873955,3487.1806096000596,827.7
-320.8499161376953,929.32,12715,0.001,2048,3887.8905018200003,145,1851135,1852190,47.96660102272034,,
-320.7887165527344,,,0.001,,,,1854135,1855000,43.113982350349424,4471.009942347184,1000.0
-320.9465726928711,929.32,12744,0.001,2052,3900.04306251,145,1855135,1856190,46.251868310928344,,
-320.69065435791015,,,0.001,,,,1859135,1860000,51.62213455581665,4074.7776262182742,1000.0
,932.11,12773,,2056,3910.7490785599994,145,,1860190,,,
-321.1895887451172,931.33,12794,0.001,2060,3911.9353628100002,145,1863057,1864112,40.42655827617645,,
-320.9552375488281,,,0.001,,,,1864057,1865000,49.43074243354798,4334.827052533068,1000.0
-320.87494598388673,933.89,12824,0.001,2064,3927.3054596399998,145,1867057,1868112,42.17242032909393,,
-320.70985552978516,,,0.001,,,,1869057,1870000,44.90878142929077,3706.3129092993213,867.2
-320.93076135253904,933.89,12852,0.001,2068,3924.35772218,145,1871057,1872112,48.76328949069977,,
-320.53503131103514,,,0.001,,,,1874057,1875000,43.136382809638974,4336.625639431202,1000.0
-320.6255484008789,933.89,12882,0.001,2072,3923.8139264400006,145,1875057,1876112,44.148608916282654,,
-320.86467944335936,,,0.001,,,,1879057,1880000,41.37615343761444,4342.673069265589,1000.0
,933.89,12912,,2076,3928.8772884200002,145,,1880112,,,
-320.54072723388674,933.89,12934,0.001,2080,3927.27488318,145,1883057,1884112,45.7848800907135,,
-320.16313317871095,,,0.001,,,,1884057,1885000,43.556098885536194,4222.360026048822,1000.0
-320.8512286987305,928.8,12962,0.001,2084,3907.0444462799996,145,1887057,1887137,44.26331203365326,,
-320.49361444091795,,,0.001,,,,1889082,1890000,47.45666270160675,4290.451678776275,963.0
-320.9059533081055,928.8,12987,0.001,2088,3914.2287899,145,1890082,1891137,42.07191780853272,,
-320.2803927001953,,,0.001,,,,1894082,1895000,47.317346251487734,3915.899742166023,912.3
,929.88,13016,,2092,3923.6561789099997,145,,1895137,,,
-320.51937774658205,941.56,13037,0.001,2096,3977.34247723,145,1898082,1899137,44.31428907775879,,
-320.3991544799805,,,0.001,,,,1899082,1900000,44.47179960441589,4272.778744130303,1000.0
-320.53119500732424,941.56,13067,0.001,2100,4034.78532672,145,1902082,1903137,43.52222601890564,,
-320.7383930664063,,,0.001,,,,1904082,1905000,39.452801731109616,4243.0776056925415,1000.0
-320.54475463867186,941.56,13097,0.001,2104,3992.65015897,145,1906082,1907137,43.31465702533722,,
-320.816655090332,,,0.001,,,,1909082,1910000,38.33477740097046,2594.063045425585,738.8
-320.63261633300783,954.52,13124,0.001,2108,4049.38145496,145,1910082,1911137,40.50249918174744,,
-320.80927990722654,,,0.001,,,,1914082,1915000,38.32995162296295,3966.1392680746503,920.2
,954.52,13154,,2112,4055.3368085900006,145,,1915137,,,
-321.1538576049805,954.52,13175,0.001,2116,4057.46009374,145,1918082,1919137,42.6984978723526,,
-321.72839923095705,,,0.001,,,,1919082,1920000,40.26092610359192,3989.053520318726,906.8
-321.49439538574217,954.52,13204,0.001,2120,4053.6501439800004,145,1922082,1923137,42.22991880989075,,
-321.6671864013672,,,0.001,,,,1924082,1925000,43.67976952362061,4321.4447723552585,1000.0
-321.4333186649776,947.38,13230,0.001,2124,4017.0746677600005,145,1925368,1926423,33.18088146689888,,
-321.3186188510914,945.86,13249,0.001,2128,4014.719855240001,145,1928767,1929822,46.41125756696352,,
-321.2665980834961,,,0.001,,,,1929767,1930000,43.73238014793396,3707.3318340787664,872.3
-321.53780572509766,945.86,13277,0.001,2132,4016.10603853,145,1932767,1933822,43.24359469032287,,
-321.30996209716795,,,0.001,,,,1934767,1935000,45.855368060112,4275.30897708293,1000.0
-320.56240564463087,952.58,13307,0.001,2136,4045.58727297,145,1936746,1937801,43.02659366615459,,
-320.8889799194336,,,0.001,,,,1939746,1940000,51.62997867012024,4351.80716458871,1000.0
-320.6965158691406,952.58,13336,0.001,2140,4044.67035488,145,1940746,1941801,47.29400851249695,,
-320.5438762817383,,,0.001,,,,1944746,1945000,49.101825448036195,3983.121796401031,903.8
,967.04,13365,,2144,4038.8651430100003,145,,1945801,,,
-320.6238386230469,973.7,13385,0.001,2148,4067.24703819,145,1948505,1949560,44.959267042160036,,
-321.2245770263672,,,0.001,,,,1949505,1950000,43.98449448871612,4352.29083183743,1000.0
-320.2616885986328,973.7,13414,0.001,2152,4064.8452733100003,145,1952505,1953560,49.41854974079132,,
-319.9515458984375,,,0.001,,,,1954505,1955000,52.407034686088565,4244.4490665311,987.2
-320.3902963867188,973.7,13444,0.001,2156,4072.3410608600007,145,1956505,1957560,46.90948680305481,,
-320.0520488891602,,,0.001,,,,1959505,1960000,53.22473897075653,4259.04841024424,1000.0
-320.2192006225586,974.48,13474,0.001,2160,4078.5971472000006,145,1960505,1961560,52.31905198097229,,
-319.211818359375,,,0.001,,,,1964505,1965000,50.663998315811156,4367.632381836791,1000.0
,974.48,13503,,2164,4077.5913823900005,145,,1965560,,,
-319.25844958496094,974.48,13525,0.001,2168,4085.3562146100007,145,1968505,1969560,49.61404969120026,,
-319.6519642944336,,,0.001,,,,1969505,1970000,51.50807444477081,3739.935843811184,1000.0
-319.6263460083008,974.48,13554,0.001,2172,4086.3928275900003,145,1972505,1973560,45.247227145195005,,
-318.88614739990237,,,0.001,,,,1974505,1975000,45.59096188640594,4271.173642331152,982.0
-319.4140556640625,966.49,13582,0.001,2176,4051.7561099299996,145,1976505,1976761,41.82245005035401,,
-319.06710803222654,,,0.001,,,,1979300,1980000,50.31915881824494,4230.48468083702,963.0
,962.43,13606,,2180,4034.40516719,145,,1980355,,,
-318.78555017089843,972.18,13628,0.001,2184,4076.1345699800004,145,1983300,1984355,49.34072471046448,,
-318.62976739501954,,,0.001,,,,1984300,1985000,52.63950519561767,3967.9517507255077,953.0
-318.5988923950195,972.18,13657,0.001,2188,4075.631344230001,145,1987300,1988355,52.593916135787964,,
-317.8814319458008,,,0.001,,,,1989300,1990000,50.92670783424377,4329.247176500736,1000.0
-317.82920715332034,972.18,13687,0.001,2192,4076.6999161900003,145,1991300,1992355,51.067366395950316,,
-317.84828491210936,,,0.001,,,,1994300,1995000,46.0742686214447,4449.977851611096,1000.0
-318.1242537841797,972.18,13717,0.001,2196,4075.3510719000014,145,1995300,1996355,50.673142914772036,,
-318.5408901977539,,,0.001,,,,1999300,2000000,46.27982606220245,3870.180290077813,1000.0
,972.18,13747,,2200,4071.62175424,145,,2000355,,,
