rollout/ep_len_mean,time/episodes,time/time_elapsed,train/critic_loss,train/learning_rate,train/n_updates,rollout/ep_rew_mean,train/actor_loss,time/fps,time/total_timesteps,eval/mean_ep_length,eval/mean_reward
511.5,4,12,0.3520723581314087,0.001,2015,-450.20810875,-3.7291597298213413,162,2046,,
,,,0.3598266863822937,0.001,4046,,-2.932416058897972,,5000,265.6,-95.65323179356346
755.75,8,34,0.36029977031052113,0.001,5046,-498.82898450000005,-4.071050203800201,174,6046,,
,,,0.8098694118261337,0.001,9046,,-6.773357681274414,,10000,1000.0,814.9207655158825
837.1666666666666,12,69,,,,-231.82426175,,143,10046,,
824.0625,16,89,1.0840614365159178,0.001,12185,-149.4878945625,-7.604663544806881,147,13185,,
,,,0.8175164645910263,0.001,14185,,-7.571285340309143,,15000,775.1,136.58522042403783
859.25,20,122,0.8432483243048191,0.001,16185,-98.0455755,-7.264025629043579,140,17185,,
821.2083333333334,24,141,0.8743439277013143,0.001,19275,-24.987538458333336,-8.1479659292433,139,19709,,
,,,0.8786031860635027,0.001,19709,,-8.487020268418272,,20000,1000.0,591.2226908326984
846.75,28,172,0.6644262347519397,0.001,22709,59.42502378571427,-9.764595875740051,137,23709,,
,,,0.6856814991533756,0.001,24709,,-11.470037199020386,,25000,1000.0,807.9010113083386
865.90625,32,208,0.6826448811292648,0.001,26709,143.535735,-13.14119408416748,133,27709,,
,,,0.7386743196547031,0.001,29709,,-15.183285831451416,,30000,905.0,376.9744687697363
880.8055555555555,36,242,0.8812657044827938,0.001,30709,145.79571291666664,-15.014633089065551,130,31709,,
,,,1.0077756756544114,0.001,34709,,-16.056646789550783,,35000,935.9,609.2926286586371
892.725,40,276,,,,178.16967565,,129,35709,,
902.4772727272727,44,300,0.9338334046006203,0.001,38709,232.24419731818182,-18.047477745056153,131,39709,,
,,,0.9266831245720386,0.001,39709,,-18.546249195098877,,40000,1000.0,806.8793230040231
910.6041666666666,48,337,0.8743379164338112,0.001,42709,280.1611647083333,-20.218327388763427,129,43709,,
,,,0.779448077082634,0.001,44717,,-21.991408348083496,,45000,675.3,529.1944291238513
898.4038461538462,52,363,1.0187118590176105,0.001,45717,299.78021330769224,-21.370993118286133,128,46717,,
875.0535714285714,56,377,1.3232420921325683,0.001,48003,312.2931750892857,-22.45739503808924,129,49003,,
,,,1.0923273688554764,0.001,49003,,-22.853109508514404,,50000,856.5,630.3116514231311
883.3833333333333,60,409,1.1855494492053986,0.001,52003,344.1749388999999,-24.619109203338624,129,53003,,
,,,1.1822902106642723,0.001,54003,,-26.0362794380188,,55000,813.0,404.27732804191766
890.671875,64,443,1.1915202515721321,0.001,56003,378.236655828125,-27.3784716796875,128,57003,,
,,,1.241517277121544,0.001,59811,,-29.624742805480956,,60000,1000.0,543.5576654829958
894.2794117647059,68,477,,,,403.4407363382353,,127,60811,,
878.7777777777778,72,492,1.7945594674203453,0.001,62272,415.5879648472222,-31.305121319965252,128,63272,,
,,,1.558062778711319,0.001,64743,,-32.99253147888184,,65000,804.5,418.1501402561786
871.2631578947369,76,521,1.5047322609424592,0.001,65743,425.71020492105265,-33.63892657470703,126,66216,,
,,,1.812972043454647,0.001,69216,,-34.58152890396118,,70000,952.7,884.3489790063308
877.7,80,554,,,,413.58464851249994,,126,70216,,
883.5238095238095,84,577,2.025235072731972,0.001,73216,443.64461141666663,-36.09911981582641,128,74216,,
,,,1.7990909752092863,0.001,74235,,-37.32753456963433,,75000,756.1,516.4486699257992
877.6704545454545,88,605,2.2116605422496796,0.001,76235,435.2152418181818,-36.77570958709717,127,77235,,
,,,2.4675771539211273,0.001,79393,,-37.94413559341431,,80000,494.5,540.3293920275726
873.8369565217391,92,630,,,,445.20739728260867,,127,80393,,
859.9270833333334,96,643,2.7713591390185885,0.001,81553,437.3641275416667,-38.327178955078125,128,82553,,
843.01,100,655,2.9323542213734286,0.001,83804,436.12878403999997,-39.718384636773,128,84301,,
,,,3.0083136565728448,0.001,84301,,-40.60888919522685,,85000,562.0,672.0234965413983
856.57,104,680,3.613578204776631,0.001,87134,495.51911523,-41.87484785121122,128,87703,,
,,,3.690688159823418,0.001,89703,,-44.03788739776611,,90000,1000.0,1455.401749147591
853.88,108,709,3.9435740019489085,0.001,90434,573.9035585500001,-44.467453398991154,128,91434,,
845.23,112,733,4.0841905628442765,0.001,94376,613.59634648,-47.8253623046875,128,94569,,
,,,4.112168210775741,0.001,94569,,-48.039666414260864,,95000,730.4,922.643079965422
853.84,116,760,4.8985136185884475,0.001,97569,634.80192459,-49.326762115478516,129,98569,,
,,,4.547573637366295,0.001,99569,,-50.309522392272946,,100000,729.2,1161.3986988384072
844.05,120,788,4.992219297647476,0.001,101569,653.5504653,-50.766149085998535,128,101590,,
,,,5.1491903614997865,0.001,104590,,-52.58515710449219,,105000,845.2,1035.1735453157685
858.81,124,813,,,,691.1427802300001,,129,105590,,
856.21,128,834,5.103106577396392,0.001,108590,698.89546744,-53.91861826324463,131,109330,,
,,,4.518147865931193,0.001,109623,,-55.75572465595446,,110000,811.4,1147.1888886896427
839.14,132,853,5.581854478478432,0.001,110623,709.38654688,-55.19492668151855,130,111623,,
,,,5.905344547748566,0.001,114196,,-57.481479919433596,,115000,1000.0,1792.5574675080832
834.87,136,882,,,,765.6704235700001,,130,115196,,
834.87,140,904,5.866098634004593,0.001,118196,802.2503290299999,-59.58109177398681,131,119196,,
,,,6.103561757564544,0.001,119196,,-60.170270072937015,,120000,1000.0,1734.3134685652797
834.87,144,938,6.014916525602341,0.001,122196,830.87317177,-62.025366134643555,131,123196,,
,,,6.146846548557281,0.001,124196,,-63.2813204574585,,125000,905.5,1479.7334380133834
834.87,148,969,6.408326418876648,0.001,126196,867.5401985899999,-63.6922710647583,131,127196,,
,,,6.475978820800782,0.001,129196,,-65.51350871276856,,130000,961.0,1788.353079456021
844.79,152,1001,6.828506977558136,0.001,130196,908.16323462,-66.32841843414306,131,131196,,
857.06,156,1023,7.098983630180359,0.001,134196,915.8462340799998,-67.62944396209717,131,134709,,
,,,7.170964632815088,0.001,134709,,-67.68421572446823,,135000,1000.0,1900.1153189681704
850.06,160,1049,7.724979499340058,0.001,137106,936.0193041,-68.81719787597656,131,138009,,
,,,7.752354488611221,0.001,139009,,-69.72222212982177,,140000,939.0,1828.9324345757486
850.06,164,1080,7.778020628929138,0.001,141009,971.60424236,-70.68477654266357,131,142009,,
841.36,168,1102,8.215672627446198,0.001,144681,995.9805968799998,-72.6675298781622,131,144947,,
,,,8.168442203586263,0.001,144947,,-72.61924663342927,,145000,783.2,1464.01251428885
855.8,172,1131,8.220047223567963,0.001,147852,1047.67658599,-74.05782266998291,131,148852,,
,,,8.581081318855286,0.001,149852,,-74.80258020019531,,150000,762.6,1379.6689742052229
854.1,176,1160,8.565566020965576,0.001,151488,1079.62205836,-75.83870788574218,130,151626,,
,,,8.931707774400712,0.001,154365,,-77.1990146331787,,155000,940.2,1463.163847448607
851.49,180,1188,,,,1121.88307484,,130,155365,,
846.0,184,1208,9.538750948905944,0.001,157816,1147.2338528299997,-78.00744603729248,131,158816,,
,,,9.49440269756317,0.001,159816,,-78.74656887817383,,160000,1000.0,1821.8556735741295
855.81,188,1242,9.466457911014556,0.001,161816,1213.50760744,-79.46727369689941,131,162816,,
,,,9.723292886257171,0.001,164816,,-80.26290070343018,,165000,891.2,946.430881569066
864.23,192,1276,9.381369232177734,0.001,165816,1200.16689636,-80.30997622680664,130,166816,,
,,,10.659233986377716,0.001,169816,,-80.46074731445313,,170000,879.3,1711.5306372056482
877.15,196,1308,,,,1237.1267722700002,,130,170268,,
885.35,200,1321,11.533772411068858,0.001,171836,1253.8555951699998,-81.41761311258023,130,172836,,
,,,11.300133625507355,0.001,174084,,-80.89629908752441,,175000,903.5,1782.3792132108763
883.81,204,1351,11.473677691459656,0.001,175084,1279.5424697699998,-81.4835213470459,130,176084,,
881.54,208,1373,11.432120291959672,0.001,178588,1286.46227889,-82.84458239116366,130,179588,,
,,,11.617184558868408,0.001,179588,,-83.57138523864747,,180000,713.7,1390.1798987454385
890.19,212,1404,11.298535357952117,0.001,182588,1302.87900829,-85.03310711669921,130,183588,,
,,,12.16458662700653,0.001,184588,,-85.48359381103515,,185000,1000.0,2054.700018736033
889.39,216,1439,11.921003095149993,0.001,186588,1361.9906958800002,-86.00589514160156,130,187508,,
,,,11.632156052589416,0.001,189870,,-87.83845318603515,,190000,593.4,1029.472591435304
892.8,220,1466,,,,1405.18357835,,130,190870,,
889.22,224,1489,11.389588190555573,0.001,193870,1433.6238206500002,-89.60662661743164,130,194512,,
,,,11.687662446238912,0.001,194512,,-90.87103416466638,,195000,1000.0,2013.9186544877477
891.82,228,1522,11.198196532249451,0.001,197512,1467.1044952199998,-91.67640174865723,130,198512,,
,,,11.187047688007354,0.001,199512,,-92.9896900177002,,200000,950.1,1801.4433321430465
908.89,232,1554,11.591020025730133,0.001,201512,1518.93566727,-93.3942232055664,130,202512,,
894.22,236,1571,12.447880503177643,0.001,204569,1480.3738740800002,-94.81675006103515,130,204618,,
,,,13.910653192169812,0.001,204618,,-95.82559844970703,,205000,358.3,770.4020326225997
877.12,240,1587,11.793708596274117,0.001,206725,1447.5809852500001,-95.98809137884176,130,206908,,
,,,13.1912219080925,0.001,209102,,-96.34829106140137,,210000,1000.0,1778.6790860444635
869.06,244,1611,,,,1447.9598766600002,,130,210102,,
869.06,248,1633,13.022541177272796,0.001,213102,1466.1049355200005,-97.20868225097657,131,214102,,
,,,12.92140992641449,0.001,214102,,-98.05666287231445,,215000,873.2,1969.4349496285897
864.62,252,1663,12.839167056560516,0.001,217102,1485.4450627400001,-99.26050921630859,130,217658,,
,,,13.81170219707489,0.001,219658,,-100.73235054016114,,220000,901.1,1714.0313220125063
869.49,256,1695,14.287972334384918,0.001,220658,1551.2800626099997,-101.0439003753662,130,221658,,
868.56,260,1713,13.440590760231018,0.001,223865,1573.3537321,-102.69603955078125,131,224865,,
,,,13.46445939540863,0.001,224865,,-103.47751350402832,,225000,813.7,1894.5126069762744
868.56,264,1744,13.213053103923798,0.001,227865,1586.9044387200001,-104.65841973876954,131,228865,,
,,,13.379617782115936,0.001,229865,,-105.47437802124024,,230000,914.4,2278.029098403128
872.4,268,1774,13.385063905239106,0.001,231865,1610.95759655,-107.00743714904785,130,232187,,
,,,14.311317424297332,0.001,234447,,-108.21674597167969,,235000,751.7,1706.5552306581842
865.95,272,1796,,,,1610.9541595699995,,131,235447,,
878.21,276,1817,13.174657099246978,0.001,238447,1640.4038303899997,-110.79154403686523,131,239447,,
,,,13.433038398265838,0.001,239447,,-110.57383984375,,240000,782.8,1941.9030970273539
868.82,280,1843,13.715189745177083,0.001,241581,1656.8715593100005,-112.64695375357101,131,242247,,
,,,14.417409983634949,0.001,244640,,-113.99447286987305,,245000,830.7,1655.7968872718106
868.24,284,1868,,,,1652.6034957400004,,131,245640,,
851.83,288,1883,14.517821765571052,0.001,247735,1633.38781409,-115.68065998966533,131,247999,,
,,,15.541187059398805,0.001,249925,,-116.16075630187989,,250000,527.5,764.6246389878564
837.25,292,1902,,,,1667.60765775,,131,250541,,
826.79,296,1918,16.005660278320313,0.001,252793,1677.1622830200001,-116.87513262939453,131,252947,,
,,,17.63715050458908,0.001,254947,,-117.61739741516114,,255000,966.4,2217.639772214758
841.11,300,1946,16.22125240564346,0.001,255947,1745.3665664199998,-117.79366979980469,132,256947,,
,,,17.048968289375306,0.001,259947,,-119.30517294311524,,260000,1000.0,2387.7221547095105
848.63,304,1978,,,,1756.9885802900003,,131,260947,,
841.41,308,1998,17.679271468047887,0.001,263679,1741.6175039099999,-119.83695304328627,131,263729,,
,,,17.126391680717468,0.001,264729,,-120.59072254943848,,265000,905.3,2133.8158347405843
833.25,312,2025,16.76347374868393,0.001,266729,1751.9522821700002,-121.13827325439453,131,266913,,
817.36,316,2034,16.260306065457726,0.001,268244,1729.21931662,-122.57895521684127,132,269244,,
,,,15.557156731128693,0.001,269244,,-122.5895803527832,,270000,876.6,2041.8533550683992
823.11,320,2066,15.742137697742995,0.001,272181,1756.22207903,-123.07634171053894,132,273181,,
,,,17.50498405122757,0.001,274217,,-124.24359976196288,,275000,720.4,1663.4387805137899
817.05,324,2091,17.017981466293335,0.001,275217,1714.9784107700002,-124.73343037414551,132,276217,,
812.77,328,2113,17.300894748210908,0.001,279217,1744.1835069800006,-125.1540980834961,132,279789,,
,,,17.010792782256654,0.001,279789,,-125.91717169168112,,280000,811.2,2136.2782644654158
812.77,332,2142,16.487018879890442,0.001,282789,1759.5380644800002,-126.51403157043457,132,283789,,
,,,15.892316546933404,0.001,284137,,-126.50505346539377,,285000,582.3,1536.3804852803253
825.19,336,2166,16.68408355140686,0.001,286137,1822.9647734599996,-127.30103170776367,132,287137,,
826.34,340,2180,19.38380545102633,0.001,288542,1846.9397844699997,-127.5270212913046,132,289542,,
,,,17.470678303718568,0.001,289542,,-128.13687384033204,,290000,692.8,1329.7075165044193
834.4,344,2209,18.121870469093324,0.001,292542,1880.7205807500002,-129.07040757751466,132,293542,,
,,,19.323121911003476,0.001,294754,,-130.36358424595423,,295000,1000.0,2528.4403582264667
816.52,348,2232,,,,1844.9535574000004,,132,295754,,
820.96,352,2254,18.723330657958986,0.001,298754,1866.3877838099997,-130.64853662109374,132,299754,,
,,,19.20278129196167,0.001,299754,,-131.3190149078369,,300000,1000.0,2294.2524184412323
819.39,356,2284,18.559612179279327,0.001,302600,1878.1964661300005,-131.7941029663086,132,303597,,
,,,17.93615455341339,0.001,304597,,-132.26749668884278,,305000,882.0,2058.015500276245
819.21,360,2313,19.63254035282135,0.001,306329,1827.95056794,-133.13527856445313,132,306786,,
,,,19.426376577590528,0.001,309779,,-133.68508449677498,,310000,988.5,2081.4571683824993
819.14,364,2342,,,,1842.39829254,,132,310779,,
818.14,368,2361,20.95588331079483,0.001,313001,1809.4998487300002,-135.0008093109131,132,314001,,
,,,20.407078659534456,0.001,314001,,-133.91992141723634,,315000,971.4,2519.5515157872114
816.33,372,2392,20.624509072303773,0.001,317001,1811.5848645700003,-135.19447195434572,132,317080,,
,,,20.416903211593628,0.001,319080,,-135.98986730957031,,320000,932.4,2336.3579140605457
816.33,376,2418,19.395401616096496,0.001,320080,1834.39596479,-136.99184642028808,132,321080,,
,,,19.65159530735016,0.001,324080,,-137.51239721679687,,325000,922.9,2254.679234946775
828.33,380,2450,,,,1880.0545741699998,,132,325080,,
824.68,384,2467,17.873089722224645,0.001,327108,1888.0734140299996,-136.3310149056571,132,328108,,
,,,20.385564083099364,0.001,329108,,-138.60641864013672,,330000,998.8,2009.958086186892
836.95,388,2498,20.645953617812015,0.001,330694,1921.1520285299996,-140.1283804206718,132,331694,,
,,,21.296585943222045,0.001,334089,,-140.9975048980713,,335000,755.2,1767.0384970914572
845.48,392,2525,,,,1966.20489945,,132,335089,,
861.42,396,2546,20.290965525627136,0.001,338089,2016.9460147900004,-141.7698472595215,133,339089,,
,,,19.827087488651276,0.001,339089,,-142.4416114654541,,340000,934.1,2406.0034839962727
853.78,400,2577,21.67419860744476,0.001,341903,2005.9622380900003,-142.263427154541,132,342325,,
,,,21.77354446172714,0.001,344325,,-143.8426226654053,,345000,923.1,2285.1204891434054
853.78,404,2606,21.617518297195435,0.001,345325,2038.32950612,-143.96372819519044,132,346325,,
,,,22.594104244232177,0.001,349325,,-144.78773834228517,,350000,869.6,2037.5196779576363
865.96,408,2638,,,,2093.35486128,,132,350325,,
866.8,412,2657,22.2915783367157,0.001,352593,2102.69372196,-145.16632530212402,133,353593,,
,,,24.170644025692994,0.001,354376,,-145.86697839230908,,355000,929.3,2258.189908892475
881.32,416,2687,25.11567183113098,0.001,356376,2145.57130943,-146.55453199768067,132,357376,,
,,,23.72990288734436,0.001,359376,,-147.40969903564454,,360000,901.4,2517.2288535252214
873.21,420,2718,24.07705096387863,0.001,360376,2133.09975669,-148.0661700439453,132,360502,,
882.85,424,2736,23.567282390117644,0.001,363502,2200.4965908500003,-148.43938916015625,133,364502,,
,,,23.74437266778946,0.001,364502,,-148.19159437561035,,365000,1000.0,2624.627422951255
887.13,428,2767,23.342838571548462,0.001,367502,2218.87062496,-149.6655027923584,133,368502,,
,,,23.182954195454634,0.001,369864,,-150.22277924764222,,370000,960.5,2751.52796140532
874.86,432,2791,22.579617602401697,0.001,370275,2189.4720188099996,-149.357474499214,132,371275,,
873.6,436,2813,23.15415813064575,0.001,374275,2186.56123322,-150.43064532470703,133,374497,,
,,,22.622267254837997,0.001,374497,,-150.5986987964527,,375000,814.4,2202.300948930485
886.33,440,2838,24.3297640542984,0.001,377175,2242.42500451,-151.27441857910156,133,378175,,
,,,21.860381883621216,0.001,379175,,-151.47679956054688,,380000,905.4,2576.2059999180287
886.33,444,2871,21.397643668174744,0.001,381175,2251.02452641,-151.9327098236084,133,382175,,
,,,21.292303027629853,0.001,384175,,-152.97033236694335,,385000,942.6,2485.6733465232683
904.21,448,2900,23.26093146800995,0.001,385175,2296.4394071099996,-153.2640615539551,133,386175,,
902.24,452,2922,24.20601639842987,0.001,388978,2304.26849817,-154.13875686645508,133,389978,,
,,,23.076274339675905,0.001,389978,,-154.50878775024415,,390000,930.2,2580.286123873107
903.81,456,2953,22.911731155872346,0.001,392978,2311.04157656,-155.90359771728515,133,393978,,
,,,21.423788121768407,0.001,394034,,-157.74036298479353,,395000,882.4,1782.4090739197097
902.48,460,2980,21.635901976585387,0.001,396034,2375.1750619100003,-158.05453952026366,133,397034,,
,,,22.948642711639405,0.001,399904,,-160.22145275878907,,400000,1000.0,2747.6496667098486
901.25,464,3013,,,,2390.59668581,,133,400904,,
896.23,468,3028,22.39857608306779,0.001,402624,2422.71419987,-161.429086514177,133,403624,,
,,,22.614203744888307,0.001,404624,,-161.80046350097658,,405000,984.0,2842.712533381558
905.44,472,3063,21.07318636035919,0.001,406624,2457.58483874,-163.27265493774414,133,407624,,
,,,22.207739223389936,0.001,409300,,-163.54417672241934,,410000,919.2,2667.7651767834336
902.2,476,3091,21.950204577445984,0.001,410300,2427.83270151,-164.33302740478516,133,411300,,
,,,21.597126996994017,0.001,414300,,-164.72267071533204,,415000,904.8,1827.1699882930377
902.2,480,3123,,,,2405.82170657,,132,415300,,
888.61,484,3136,23.110145450115205,0.001,416700,2382.71507255,-165.08341958618163,132,416969,,
879.69,488,3148,23.292452868918947,0.001,418663,2374.30852409,-165.48593525372473,133,419663,,
,,,25.29941666507721,0.001,419663,,-165.83927172851563,,420000,759.2,1873.7541716544365
884.76,492,3177,24.176006142616274,0.001,422565,2394.09147484,-166.28571719360352,133,423565,,
,,,26.14277925504746,0.001,424276,,-166.51874413651026,,425000,917.8,2661.394732114859
881.87,496,3210,23.851814517974855,0.001,426276,2394.6665905299997,-166.5391477355957,133,427276,,
,,,24.718315173149108,0.001,429276,,-167.02952111816407,,430000,901.1,2209.381600159174
889.51,500,3245,26.28259652519226,0.001,430276,2423.26720808,-167.12183557128907,132,431276,,
,,,23.937657870292664,0.001,434276,,-167.62979833984375,,435000,942.6,2761.885603424348
889.51,504,3279,,,,2427.0817387299994,,132,435276,,
882.1,508,3307,28.304247465833274,0.001,437535,2404.49602167,-168.36519605059956,132,438535,,
,,,26.55040861797333,0.001,439535,,-168.5016233215332,,440000,769.1,2020.207659886923
885.23,512,3357,24.387150389671326,0.001,441535,2418.52270073,-169.10321166992188,131,442116,,
,,,24.132327671220818,0.001,444790,,-169.76095540304212,,445000,1000.0,2284.8480808923414
884.14,516,3412,,,,2408.05651966,,130,445790,,
892.88,520,3443,24.72183612251282,0.001,448790,2454.28403231,-169.59222994995116,130,449790,,
,,,24.99390345287323,0.001,449790,,-169.42412832641602,,450000,983.8,2621.4825876350283
892.88,524,3483,25.915864062309264,0.001,452790,2472.8102760700003,-170.29562313842774,130,453790,,
,,,25.470536317825317,0.001,454790,,-170.7112809448242,,455000,1000.0,2892.5889154848605
892.88,528,3524,25.72601141166687,0.001,456790,2476.80168064,-170.97985055541992,129,457790,,
,,,25.519316450119018,0.001,459790,,-171.674139251709,,460000,901.5,2693.23233990334
905.15,532,3564,25.37216176557541,0.001,460790,2519.08460617,-171.58350604248048,129,461790,,
902.03,536,3584,22.765088705583054,0.001,463700,2523.54847828,-171.78895735307174,129,464700,,
,,,25.298900171756745,0.001,464700,,-173.15950888061522,,465000,908.8,1866.046294989172
898.84,540,3620,25.798012291908265,0.001,467059,2521.37145797,-172.88358020019533,129,468059,,
,,,25.724045972824097,0.001,469059,,-173.63116802978516,,470000,813.5,2502.8040159084835
898.84,544,3658,25.218871437072753,0.001,471059,2538.73292492,-173.08253488159178,129,472059,,
,,,24.927226114273072,0.001,474059,,-174.25972302246095,,475000,916.5,2865.6692969720375
898.84,548,3697,24.85351390314102,0.001,475059,2516.15979024,-173.593275970459,128,476059,,
,,,26.816085511207582,0.001,479059,,-173.8041784362793,,480000,993.1,3060.8117862627378
900.81,552,3743,,,,2493.97693567,,128,480059,,
896.02,556,3772,26.843949098587036,0.001,483059,2493.54769575,-174.57174243164062,128,483580,,
,,,28.016626284599305,0.001,484580,,-174.1542373046875,,485000,1000.0,3190.968575038528
905.46,560,3812,26.225657695770263,0.001,486580,2530.8688035100004,-174.40492190551757,127,487580,,
,,,27.51166663646698,0.001,489270,,-174.37436889648438,,490000,793.0,2034.4970666065697
903.66,564,3851,26.141772557258605,0.001,490270,2526.4843191100003,-175.5440168457031,127,491270,,
910.77,568,3875,25.537532838821413,0.001,493701,2547.96979794,-176.01107369995117,127,494701,,
,,,29.52243212509155,0.001,494701,,-175.67299249267577,,495000,978.8,3063.3546443000437
899.14,572,3910,26.634724400874237,0.001,496538,2523.1047842999997,-176.64136256577274,127,497538,,
,,,26.96758146887605,0.001,499681,,-175.5708687665793,,500000,882.6,2534.7059655887074
893.81,576,3948,,,,2538.73499666,,126,500681,,
888.06,580,3976,28.95656235694885,0.001,503681,2551.02434983,-175.47423495483397,126,504106,,
,,,29.53773473403033,0.001,504106,,-175.99116337019512,,505000,610.5,1825.663364932197
911.37,584,4009,28.77640579319,0.001,507106,2627.27811376,-175.88600323486327,126,508106,,
,,,28.051192262649536,0.001,509106,,-175.953229888916,,510000,1000.0,3241.0686090796253
924.43,588,4049,28.532613542556764,0.001,511106,2648.3326094100003,-177.6916603088379,126,512106,,
,,,28.924421684265138,0.001,514106,,-177.92593862915038,,515000,866.2,2325.987642046867
925.41,592,4090,27.863399196624755,0.001,515106,2658.5595163,-177.93519003295899,126,516106,,
,,,28.081145810127257,0.001,519106,,-178.67021630859375,,520000,1000.0,3265.211832271889
928.3,596,4130,,,,2681.61239295,,125,520106,,
925.68,600,4155,26.94522762584686,0.001,522844,2681.08420998,-178.61117056274415,126,523844,,
,,,29.479291655540468,0.001,524844,,-179.55028924560546,,525000,852.6,2768.7709086489863
925.45,604,4194,28.752623935699464,0.001,526844,2675.69822721,-179.8528911743164,125,527821,,
,,,27.653286160048793,0.001,529765,,-180.76566304998883,,530000,803.5,2508.1954667543296
932.3,608,4233,27.087384841918944,0.001,530765,2720.30198506,-180.43504232788086,125,531765,,
,,,32.48117435173113,0.001,534745,,-180.43611945327447,,535000,931.4,2522.2448372077897
936.29,612,4277,,,,2745.5090435899997,,125,535745,,
937.3,616,4304,32.18429345038629,0.001,538520,2774.2229103700006,-181.46809552379491,125,539520,,
,,,30.359057351112366,0.001,539520,,-182.1810375366211,,540000,901.4,2346.039580631908
930.03,620,4344,31.595899547100068,0.001,542520,2749.5788799200004,-182.14424768066405,124,542793,,
,,,27.73978111930322,0.001,544989,,-182.28187928244333,,545000,987.3,3331.5967433020473
921.99,624,4374,,,,2733.5346655600006,,124,545989,,
921.99,628,4403,28.43099105453491,0.001,548989,2709.5591987499997,-184.85905902099609,124,549989,,
,,,29.94977344417572,0.001,549989,,-183.9986655883789,,550000,828.3,2648.4454506337643
913.99,632,4442,29.50891482067108,0.001,552989,2686.1638455800007,-184.48785342407226,124,553189,,
,,,31.735225980758667,0.001,554189,,-185.7211940612793,,555000,642.8,2053.4341023078186
924.89,636,4475,27.880971453666685,0.001,556189,2727.49395473,-185.38332254028322,124,557189,,
,,,29.80745482158661,0.001,559189,,-186.40164205932618,,560000,706.4,2074.644872386963
931.3,640,4515,30.60857491493225,0.001,560189,2754.76066143,-186.9933103027344,124,561189,,
928.73,644,4544,31.383820251372427,0.001,563932,2724.68955994,-187.55118109590265,124,564932,,
,,,34.06630857181549,0.001,564932,,-187.9496885986328,,565000,810.3,2628.3511702185847
921.08,648,4580,31.92860867520596,0.001,567167,2757.8177665800004,-187.29327392578125,124,568167,,
,,,31.03758879973654,0.001,569154,,-189.02929610279406,,570000,841.5,2762.926004365459
916.17,652,4622,29.637317348480224,0.001,571154,2785.0148545700004,-188.25253887939454,123,571676,,
,,,32.777484751376015,0.001,574059,,-189.5475564548347,,575000,779.1,1935.6732252391405
914.79,656,4661,,,,2778.89004719,,123,575059,,
906.13,660,4691,35.620046206474306,0.001,577193,2756.8829640399995,-190.79612152099608,123,578193,,
884.73,664,4713,34.586254532814024,0.001,579526,2695.9065702399994,-191.7614476928711,122,579743,,
,,,43.936628341674805,0.001,579848,,-190.92565687647405,,580000,773.6,2592.238115077454
877.21,668,4748,35.70447928905487,0.001,581501,2680.1260321699997,-191.48212936401367,122,582422,,
,,,33.77980278520023,0.001,584626,,-192.53559965245864,,585000,881.6,2582.7186875753337
880.88,672,4794,,,,2695.9108880899994,,122,585626,,
875.2,676,4823,41.34325892162323,0.001,587749,2685.239452919999,-193.65206118774415,121,588201,,
,,,41.64530526351929,0.001,589201,,-194.20550799560547,,590000,966.2,3126.36678678093
880.95,680,4875,44.54581392669678,0.001,591201,2695.5973055,-195.08533111572265,121,592201,,
,,,82.80911343002319,0.001,594201,,-201.11574459838866,,595000,1000.0,-1727.4605397753417
880.95,684,4934,91.27042368125916,0.001,595201,2532.33284391,-204.66388739013672,120,596201,,
,,,147.07547061538696,0.001,599201,,-217.84668640136718,,600000,903.4,-1629.8336895036512
880.95,688,4987,,,,2389.51607733,,120,600201,,
880.95,692,5024,238.94141318511964,0.001,603201,2217.9886405700004,-262.00415478515623,120,604201,,
,,,254.88104988861085,0.001,604201,,-277.5213721923828,,605000,810.1,-859.3365566246212
872.84,696,5068,304.55547611297123,0.001,606390,2050.85332446,-319.0622044613487,119,607390,,
,,,330.3119259033203,0.001,609390,,-367.07923937988284,,610000,902.8,-80.97165699087782
875.46,700,5121,333.12069065856934,0.001,610390,1928.2419477799997,-387.0940532836914,119,611390,,
866.32,704,5150,312.6084230804443,0.001,613453,1781.4608337,-434.07274322509767,119,614453,,
,,,305.290599319458,0.001,614453,,-444.61918408203127,,615000,1000.0,-570.4564927862099
866.88,708,5205,265.99838252258303,0.001,617453,1624.1519444399999,-461.8649138793945,118,618453,,
,,,222.77394314575196,0.001,619453,,-460.59562622070314,,620000,906.3,-439.5061065637921
867.08,712,5259,172.12514727401734,0.001,621453,1489.1270942700003,-455.1736644897461,118,622453,,
,,,127.44818286132812,0.001,624453,,-436.78004766845703,,625000,917.2,-703.278042526776
869.33,716,5315,121.29169408798218,0.001,625453,1339.8459418099997,-429.25357073974607,117,626453,,
867.62,720,5347,110.17064412434895,0.001,628555,1208.3737629299999,-404.5518164541207,117,629555,,
,,,120.33093417930603,0.001,629555,,-399.3134354858398,,630000,831.7,-1033.8360091710115
875.66,724,5406,102.03868795585632,0.001,632555,1078.38553406,-380.631625,117,633555,,
,,,89.42871990776062,0.001,634555,,-368.7358903198242,,635000,885.9,-152.0833495916333
857.7,728,5455,95.05533763636713,0.001,635647,971.6379172400001,-358.07558208963144,116,635759,,
845.08,732,5471,96.28154958971894,0.001,637552,892.7783277400001,-350.4660805691494,116,637697,,
818.92,736,5483,54.480660943424,0.001,638879,781.29314442,-339.0458755493164,116,639081,,
,,,91.34114543046101,0.001,639081,,-340.6337120131691,,640000,831.6,2113.126884085091
816.22,740,5524,79.299551322937,0.001,641811,746.1110316199998,-330.1329331665039,116,642811,,
,,,74.47015621376038,0.001,644811,,-317.5802192993164,,645000,684.9,1267.270164128032
811.12,744,5569,75.23511599349976,0.001,645811,725.3970969499999,-312.6465924682617,115,646044,,
,,,78.50425587272645,0.001,649044,,-300.1979135742188,,650000,938.9,2762.7028623698743
818.77,748,5626,,,,701.0741391299999,,115,650044,,
814.98,752,5667,70.56978317832947,0.001,653044,669.2323783500001,-287.49729705810546,115,653174,,
,,,67.0087643737793,0.001,654174,,-284.84629150390623,,655000,1000.0,2624.152613296779
821.15,756,5716,61.19442962455749,0.001,656174,667.2344060500001,-280.18432736206057,114,657174,,
,,,60.98260480690003,0.001,659291,,-270.4450177001953,,660000,913.7,2265.629501556512
820.98,760,5762,,,,646.2560530000001,,114,660291,,
845.48,764,5800,59.597008681297304,0.001,663291,707.34858397,-261.01985794067383,114,664291,,
,,,59.09823592567444,0.001,664291,,-259.9531418151856,,665000,1000.0,2813.7903437460072
858.69,768,5855,51.5422710313797,0.001,667291,737.7759242599999,-252.7466828918457,114,668291,,
,,,54.096507151603696,0.001,669291,,-249.3888381958008,,670000,1000.0,2949.0766499806546
866.65,772,5910,49.91450947475433,0.001,671291,745.4106982999999,-245.5795241394043,113,672291,,
,,,52.04818650616043,0.001,674824,,-240.24119167827934,,675000,923.9,2886.590068057552
876.23,776,5960,,,,757.44160442,,113,675824,,
871.94,780,5993,47.132409912109374,0.001,678395,751.2344263899998,-236.6363821105957,113,679395,,
,,,50.77512757205963,0.001,679395,,-234.9637727355957,,680000,932.1,2851.458482515905
871.94,784,6045,47.54984831047058,0.001,682395,914.4824104400001,-232.41117819213866,113,683395,,
,,,44.40311361694336,0.001,684395,,-231.6447001953125,,685000,1000.0,3147.655616896588
871.94,788,6099,49.49125154399872,0.001,686395,1082.52850046,-231.07825427246092,112,687395,,
,,,50.87580892276764,0.001,689395,,-229.23420669555665,,690000,906.7,2879.1612723945173
871.94,792,6152,48.05620381259918,0.001,690395,1249.58801198,-229.43364862060548,112,691395,,
,,,45.437214406967165,0.001,694395,,-227.42653985595703,,695000,651.8,1983.511069135461
880.05,796,6202,,,,1357.7990906699997,,112,695395,,
858.51,800,6226,46.31499566643486,0.001,697135,1416.57018046,-227.26927088250565,111,697241,,
,,,47.8016002702713,0.001,699241,,-226.17947827148438,,700000,980.5,2793.8490866072475
867.88,804,6274,51.22558264541626,0.001,700241,1572.68452173,-224.73420764160156,111,701241,,
,,,44.46462365818024,0.001,704241,,-221.32582534790038,,705000,1000.0,3237.6258003572584
867.88,808,6330,,,,1730.5240679899998,,111,705241,,
851.95,812,6354,44.232713826497395,0.001,706648,1810.67431063,-220.03874720359335,111,707648,,
,,,42.52230172157287,0.001,709648,,-216.7095855102539,,710000,994.9,2725.632237408264
851.95,816,6407,44.15117088508606,0.001,710648,1965.9042508400003,-215.69100762939453,111,711648,,
,,,40.94302084781002,0.001,714630,,-213.9070727626078,,715000,904.9,2545.6778304086065
860.75,820,6459,,,,2089.2793741,,110,715630,,
860.75,824,6494,41.276589212417605,0.001,718630,2234.6306638200003,-211.63051400756837,110,719630,,
,,,40.63125036716461,0.001,719630,,-210.73915463256836,,720000,945.5,2945.699541207962
878.71,828,6544,43.72270713329315,0.001,722630,2374.49577974,-209.63772494506836,110,723630,,
,,,41.80762199211121,0.001,724630,,-208.07593731689454,,725000,1000.0,3084.0747194885857
891.78,832,6592,40.72533915519714,0.001,726630,2458.7335082500003,-208.5040581665039,110,726875,,
905.42,836,6616,41.37566275024414,0.001,729298,2526.33591679,-207.48036264038086,110,729623,,
,,,43.264327140221226,0.001,729623,,-207.20838551462433,,730000,1000.0,3334.5563962179936
908.12,840,6662,38.650478785514835,0.001,732623,2559.3317252499996,-206.17371362304686,110,733623,,
,,,40.18192611503601,0.001,734623,,-205.38796997070312,,735000,885.4,2782.891971551953
915.79,844,6710,39.64367029571533,0.001,736623,2623.88004024,-205.76149612426758,109,737623,,
,,,43.49796555423737,0.001,739623,,-205.84512371826173,,740000,1000.0,2787.7364402983453
915.79,848,6761,40.17284955883026,0.001,740623,2671.6667677200003,-205.60656311035157,109,741623,,
,,,35.88425771427155,0.001,744623,,-206.10846572875977,,745000,990.9,3159.2061381741196
924.49,852,6810,,,,2719.6085112,,109,745623,,
924.49,856,6845,40.127550426483154,0.001,748623,2746.6373416899996,-206.82026797485352,109,749623,,
,,,37.115174123764035,0.001,749623,,-206.47477270507812,,750000,898.0,3160.4596037011593
930.05,860,6891,32.104179100990294,0.001,752296,2790.77172533,-206.70536038208007,109,753296,,
,,,35.079236315727236,0.001,754296,,-207.11188177490234,,755000,668.7,1769.1511994843472
914.68,864,6929,33.934302224951274,0.001,755650,2736.8590445600003,-206.1778605832892,109,755759,,
912.98,868,6956,34.669091989907876,0.001,758589,2750.58303169,-206.5461627270802,109,759589,,
,,,34.65182478809357,0.001,759589,,-206.20555471801757,,760000,812.1,2795.2457078296925
912.98,872,7003,34.55149712371826,0.001,762589,2779.326966859999,-206.10409741210938,109,763589,,
,,,52.26902860403061,0.001,764240,,-206.83965682983398,,765000,602.4,2009.9122744917404
904.16,876,7124,35.66476733112335,0.001,765240,2770.5344249199993,-206.80379476928712,107,766240,,
901.86,880,7177,38.262446469306944,0.001,768581,2775.3040375,-207.19720993041992,107,769581,,
,,,32.537191898345945,0.001,769581,,-207.6140620727539,,770000,883.2,3017.188296581991
901.86,884,7225,38.50597096633911,0.001,772581,2789.34595056,-206.66516229248046,107,773581,,
,,,36.964189358711245,0.001,774581,,-207.92370806884765,,775000,858.2,3024.4618125882
901.86,888,7272,37.77512269592285,0.001,776581,2802.0182588800003,-208.5084320678711,106,777581,,
,,,34.57474245262146,0.001,779926,,-208.8754353942871,,780000,653.3,1806.4229144514538
895.26,892,7318,,,,2794.5978256200005,,106,780921,,
894.88,896,7354,36.77658449935913,0.001,783883,2860.171509189999,-209.19007202148438,106,784883,,
,,,35.853772597312926,0.001,784883,,-209.55072958374024,,785000,902.1,3096.565871902322
916.42,900,7409,40.80810504341125,0.001,787883,2944.5032027699995,-209.53751388549804,106,788883,,
,,,37.9486469335556,0.001,789883,,-209.76315249633788,,790000,885.8,3134.4346122391057
916.42,904,7460,36.66907096004486,0.001,791883,2968.9260372500007,-209.76804534912108,106,792883,,
,,,39.70407444190979,0.001,794883,,-210.09811303710939,,795000,927.6,3213.2512391963974
916.42,908,7512,37.99871460723877,0.001,795883,2983.0261310100004,-210.05920788574218,106,796883,,
,,,39.19513861656189,0.001,799883,,-209.76390203857423,,800000,938.8,3119.9071163171784
924.26,912,7562,,,,3025.8361106300003,,105,800074,,
924.26,916,7592,38.64523973941803,0.001,803074,3030.2533414899995,-209.749837310791,105,804074,,
,,,36.89541981983185,0.001,804074,,-210.00232357788087,,805000,936.0,2988.706562621519
916.28,920,7637,32.60241583119268,0.001,806258,3048.58045882,-209.0287614905316,105,807258,,
,,,37.9523914604187,0.001,809320,,-210.2962903442383,,810000,675.4,1494.435375379915
904.27,924,7675,,,,3018.5488474900003,,105,810057,,
897.91,928,7703,41.809104397773744,0.001,812421,2990.9994303900003,-211.1073518371582,105,813421,,
,,,38.468446936607364,0.001,814421,,-211.1295978088379,,815000,1000.0,3530.208501275722
902.87,932,7757,38.9652133625046,0.001,816162,3019.9206013900002,-210.77937008428444,105,817162,,
,,,40.20166211988453,0.001,819060,,-210.9633639533164,,820000,1000.0,3627.0698160575703
914.37,936,7808,36.8454817647934,0.001,820060,3076.42535471,-211.33550354003907,105,821060,,
912.73,940,7846,41.231800953865054,0.001,824060,3087.35430016,-212.94451043701173,105,824896,,
,,,38.1189590641186,0.001,824896,,-212.88316148091732,,825000,941.7,3496.177105633926
903.99,944,7890,38.769580843925475,0.001,827022,3061.2477755700006,-213.5380903930664,104,828022,,
,,,37.12487433052063,0.001,829022,,-213.3326701965332,,830000,901.2,3244.2907451669453
903.99,948,7944,40.00527317714691,0.001,831022,3074.374317,-212.94782958984376,104,832022,,
,,,38.02508281993866,0.001,834022,,-213.14581259155273,,835000,918.2,3318.181632895954
903.99,952,8002,40.52558280086517,0.001,835022,3066.11557903,-212.42363290405274,104,836022,,
896.52,956,8038,38.40263907146454,0.001,838778,3056.5993409999996,-212.9292192993164,104,839275,,
,,,41.05588545885604,0.001,839275,,-213.21007839325935,,840000,954.5,3597.365930266865
885.75,960,8079,46.80176271862454,0.001,840871,3020.9099913200002,-214.31887664794922,104,841871,,
,,,39.7280690612793,0.001,844387,,-213.71226333618165,,845000,1000.0,3656.0112811394038
896.14,964,8137,,,,3092.9628236699996,,103,845373,,
890.18,968,8169,36.785993981361386,0.001,847607,3076.9429679200002,-214.32687088012696,103,848607,,
,,,35.00453676004879,0.001,849511,,-213.80161345632453,,850000,722.1,2246.3332799797818
879.22,972,8213,39.23899621772766,0.001,850511,3041.5054562200003,-213.6819811706543,103,851511,,
876.6,976,8243,42.20173852920532,0.001,853782,3032.60504175,-213.50781854248046,103,853900,,
,,,37.82453845691681,0.001,854900,,-213.55300817871094,,855000,965.8,3517.2211728362367
881.79,980,8292,40.21513303184509,0.001,856760,3058.11592119,-214.2793360900879,103,857760,,
,,,37.97754956994738,0.001,859208,,-214.26408413478308,,860000,747.2,2679.725066135824
876.27,984,8340,43.27963023948669,0.001,860208,3032.9738853999997,-213.77393182373046,103,861208,,
,,,39.221520973205564,0.001,864208,,-214.46918106079102,,865000,928.5,3397.5732255963608
876.27,988,8395,,,,3035.87024569,,103,865208,,
876.2,992,8428,45.45630510044098,0.001,867541,3049.3892624699993,-215.26523629760743,103,868541,,
,,,38.490870253562925,0.001,869541,,-215.6396693725586,,870000,876.3,2983.065331944637
869.48,996,8477,38.153365296330946,0.001,870831,3026.8024014499997,-215.95314236344962,102,871831,,
,,,45.29352098846436,0.001,874560,,-215.87375100708007,,875000,997.0,3691.885845315014
862.91,1000,8530,,,,3007.0590586099993,,102,875174,,
862.91,1004,8566,39.40697486019135,0.001,878174,3009.383585649999,-215.7378793029785,102,879174,,
,,,40.86572588062286,0.001,879174,,-216.0256575317383,,880000,669.5,2430.7152527617754
862.91,1008,8618,41.479529922485355,0.001,882174,3015.1487105200003,-216.69635702514648,102,883174,,
,,,42.777716334342955,0.001,884387,,-216.9297451171875,,885000,915.3,3397.931532206014
863.13,1012,8667,46.44671716690063,0.001,885387,3019.5760262199997,-216.33702011108397,102,886387,,
847.28,1016,8692,42.584373634672325,0.001,888061,2975.3647383100006,-217.53583493216672,102,888802,,
,,,44.5354866733551,0.001,889802,,-217.160841796875,,890000,698.9,2622.790373787703
847.72,1020,8735,43.71818333244324,0.001,891030,2983.20828281,-216.84136557006835,102,892030,,
846.77,1024,8761,47.23049621295212,0.001,893734,2985.8526926800005,-217.784324244449,102,894734,,
,,,45.01139176940918,0.001,894734,,-216.951934967041,,895000,835.5,3049.4347769391725
853.13,1028,8816,43.415125231742856,0.001,897734,3033.92525568,-217.50256539916992,101,898734,,
,,,41.44576701164246,0.001,899734,,-217.61094201660157,,900000,981.9,3137.7342596513454
855.72,1032,8872,34.544373384475705,0.001,901734,3042.2407069299993,-218.37677648925782,101,902734,,
,,,43.465536984443666,0.001,904734,,-217.8436114807129,,905000,1000.0,2750.083856502082
854.96,1036,8929,40.1565988817215,0.001,905734,3036.878161909999,-218.25181845092774,101,906556,,
,,,41.27501405334473,0.001,909556,,-217.74587768554687,,910000,922.2,3301.2671705872754
856.6,1040,8982,,,,3046.9435111,,101,910556,,
856.71,1044,9013,39.4054189157486,0.001,912693,3056.14362183,-218.63856604003905,101,913693,,
,,,40.87734341907501,0.001,914693,,-219.42904708862304,,915000,855.4,3055.9818896964193
850.03,1048,9063,42.563793112944786,0.001,916025,3035.42081023,-218.87845160604004,101,917025,,
,,,43.507530539512636,0.001,919025,,-219.47242282104492,,920000,973.5,3553.611918117758
850.03,1052,9123,43.57299848842621,0.001,920025,3056.84057057,-219.51725756835938,100,921025,,
,,,39.10745656204224,0.001,924025,,-219.37449285888673,,925000,989.5,3630.067185869813
857.5,1056,9181,,,,3084.1174961499996,,100,925025,,
863.6,1060,9210,37.90634491396885,0.001,927231,3111.4457566100004,-219.6456805459814,100,928231,,
,,,44.20469872379303,0.001,929231,,-219.83554693603514,,930000,806.0,2896.2150579453214
861.73,1064,9258,40.499636178016665,0.001,931231,3103.0645071199992,-220.30888751220704,100,931546,,
862.54,1068,9285,48.38996057358999,0.001,933861,3113.62047703,-222.0145303519668,100,934861,,
,,,45.22692026805878,0.001,934861,,-220.7789584350586,,935000,876.7,3101.5267559003087
873.5,1072,9340,42.83475863170624,0.001,937861,3157.40887151,-220.9842119140625,100,938861,,
,,,39.944711284714465,0.001,939604,,-220.80411143969465,,940000,768.2,2819.3198139578512
884.18,1076,9390,41.31989985084534,0.001,941318,3205.9374170899996,-221.47068432617186,100,942318,,
,,,44.295293377876284,0.001,944708,,-222.68708209228515,,945000,937.6,3330.474083271809
873.65,1080,9437,,,,3173.36755067,,100,945125,,
871.59,1084,9468,41.346428121566774,0.001,948125,3180.7520030899996,-223.28753356933595,100,948367,,
,,,42.45556119060517,0.001,949367,,-223.7175042114258,,950000,691.4,2608.7242745036724
871.59,1088,9515,45.42676782608032,0.001,951367,3158.7985980399994,-223.36101013183594,100,952367,,
,,,45.69212797260285,0.001,954238,,-225.07455224609376,,955000,1000.0,3728.475585844647
876.97,1092,9573,41.98530180072785,0.001,955238,3173.6017350900006,-225.2231452331543,99,956238,,
,,,37.27652297115326,0.001,959028,,-226.08139611816407,,960000,881.0,2522.963169758953
881.97,1096,9628,,,,3202.7871000900004,,99,960028,,
870.78,1100,9653,36.42309757641384,0.001,961252,3168.1370720800005,-227.36568559919084,99,962252,,
,,,45.705099442481995,0.001,964652,,-226.31013272094725,,965000,916.6,3332.334225916956
864.78,1104,9709,,,,3149.3384688499996,,99,965652,,
864.78,1108,9750,45.606649911880496,0.001,968652,3155.8755224099996,-226.49172930908202,99,969652,,
,,,44.620116458892824,0.001,969652,,-226.54953494262696,,970000,1000.0,3728.510987806413
864.09,1112,9799,34.545766978683865,0.001,971845,3146.70275962,-227.95357131958008,99,972796,,
,,,46.89165842656008,0.001,974971,,-226.30623382882973,,975000,992.6,3700.752648179233
871.69,1116,9847,,,,3173.7791532299993,,99,975971,,
879.41,1120,9888,52.175673317909244,0.001,978971,3173.629583430001,-225.65055438232423,99,979971,,
,,,46.263841705322264,0.001,979971,,-225.95902770996094,,980000,1000.0,3776.950087495893
888.33,1124,9942,48.807629475593565,0.001,982567,3210.46060775,-225.1259838256836,98,983567,,
,,,48.97537698281392,0.001,984834,,-224.51530968964988,,985000,888.7,3240.234177025035
875.05,1128,9986,44.7855374418659,0.001,985239,3157.04875596,-226.25543439506305,98,986239,,
,,,52.592637669563295,0.001,989239,,-225.8259227294922,,990000,913.4,3336.8486118730157
875.05,1132,10044,,,,3167.05217591,,98,990239,,
876.83,1136,10081,49.12641751003265,0.001,993239,3178.3206120500004,-226.0469627380371,98,994239,,
,,,44.39751147174835,0.001,994239,,-226.5233741455078,,995000,957.6,3568.412713261787
874.47,1140,10138,43.7442168302536,0.001,997003,3175.36822379,-227.04787643432618,98,998003,,
,,,41.057431367874145,0.001,999142,,-227.0659228515625,,1000000,947.7,3069.700871872902
874.49,1144,10185,43.650483905792235,0.001,1000142,3178.04235825,-227.29032577514647,98,1001142,,
,,,45.00872270774841,0.001,1004142,,-228.46599203491212,,1005000,1000.0,3579.157654085383
881.17,1148,10246,,,,3198.4726397400004,,98,1005142,,
866.98,1152,10272,44.11264046669007,0.001,1006723,3150.4365164600003,-228.85142111206054,98,1007723,,
,,,45.54807361793518,0.001,1009723,,-229.51026858520507,,1010000,692.3,2517.4315020534677
866.98,1156,10323,51.286292315483095,0.001,1010723,3128.57362413,-229.8597110900879,97,1011723,,
,,,50.937300426483155,0.001,1014723,,-230.10689868164062,,1015000,817.1,2987.0132074820344
873.0,1160,10374,,,,3156.7061501600006,,97,1015531,,
879.85,1164,10407,51.1935586309433,0.001,1018531,3187.4196965000006,-231.08017547607423,97,1019531,,
,,,52.66559659385681,0.001,1019531,,-230.72016232299805,,1020000,913.5,3020.8317527630134
886.7,1168,10457,51.655858069419864,0.001,1022531,3214.1828415499995,-229.92408401489257,97,1023531,,
,,,46.49003427505493,0.001,1024531,,-230.41980578613283,,1025000,828.4,2874.6591364609076
886.7,1172,10512,48.69686834907532,0.001,1026531,3220.8117129,-229.92894970703125,97,1027531,,
,,,47.270547747612,0.001,1029975,,-230.2833038635254,,1030000,964.5,3437.195264755748
886.57,1176,10563,,,,3221.1171704999997,,97,1030975,,
898.5,1180,10604,46.33906056404114,0.001,1033975,3232.74896524,-230.59948483276366,97,1034975,,
,,,47.15589256858826,0.001,1034975,,-230.72090771484375,,1035000,963.0,3713.2028679168316
898.13,1184,10654,49.28448562202214,0.001,1037293,3230.4324810200005,-231.73426271834464,97,1038180,,
,,,42.657860225312255,0.001,1039120,,-232.0235002558282,,1040000,806.3,3112.106020481419
890.38,1188,10701,46.152748710230775,0.001,1040405,3230.4548977200006,-231.84826971779407,97,1041405,,
,,,53.040592609405515,0.001,1044130,,-232.37237786865234,,1045000,854.7,2659.0576425389386
888.92,1192,10755,,,,3231.4621777599996,,97,1045130,,
879.79,1196,10788,47.81879355485137,0.001,1047847,3190.490721,-232.69323900958014,97,1048007,,
,,,44.88539932823181,0.001,1049007,,-232.8042600402832,,1050000,1000.0,3412.9413316242862
889.36,1200,10837,44.14545916938782,0.001,1051007,3226.61956755,-232.45685659790038,96,1051188,,
889.89,1204,10869,52.827954123189855,0.001,1054017,3225.7215886100003,-233.2085208247825,97,1054641,,
,,,51.24494624290711,0.001,1054641,,-232.43549410502115,,1055000,809.9,3048.803762389626
889.89,1208,10916,50.46063590335846,0.001,1057641,3224.45362835,-233.04035009765624,96,1058641,,
,,,48.955800833702085,0.001,1059641,,-233.7267172546387,,1060000,905.6,3580.8732036646807
898.45,1212,10973,48.59530282020569,0.001,1061641,3267.2141705099993,-233.5611555480957,96,1062641,,
,,,46.84266195297241,0.001,1064641,,-232.86589212036134,,1065000,484.3,1805.974380486086
906.7,1216,11022,43.92161613082886,0.001,1065641,3302.6546704899997,-233.11018615722656,96,1066641,,
894.46,1220,11050,49.013935520337974,0.001,1068756,3289.7031319099997,-232.28114660854996,96,1069417,,
,,,50.78968106239538,0.001,1069417,,-233.04282055479106,,1070000,954.4,3797.797891069483
898.5,1224,11104,49.17471133136749,0.001,1072417,3314.9670659799995,-234.713016204834,96,1073417,,
,,,52.04725392436981,0.001,1074417,,-233.77861975097656,,1075000,837.3,3225.496706422791
906.18,1228,11154,47.29387709140778,0.001,1076417,3352.8470297,-234.61692337036132,96,1076857,,
,,,54.00063290309906,0.001,1079341,,-234.96239413452147,,1080000,741.7,2896.822793148737
901.02,1232,11195,,,,3335.8762669600005,,96,1080341,,
894.01,1236,11227,49.8680144367218,0.001,1082640,3313.5832401299995,-236.27052615356445,96,1083640,,
,,,44.49554642652854,0.001,1084297,,-236.428957425631,,1085000,926.8,3700.1864727855195
877.68,1240,11266,51.232171007156374,0.001,1085297,3250.684046889999,-235.99164346313478,96,1085771,,
879.88,1244,11293,50.67105243206024,0.001,1088130,3258.674478029999,-237.0809932861328,96,1089130,,
,,,47.9476057729721,0.001,1089130,,-237.25280444335937,,1090000,825.5,3009.9013975068665
866.99,1248,11331,51.7653903692541,0.001,1090841,3218.404807170001,-236.5940493306806,96,1091841,,
,,,53.34689773273468,0.001,1094841,,-237.5178785095215,,1095000,891.4,3425.2532418418677
881.18,1252,11380,,,,3274.1881904700003,,96,1095841,,
877.28,1256,11412,52.34018645763397,0.001,1098451,3291.61807866,-238.7587336730957,96,1099451,,
,,,53.11998409461975,0.001,1099451,,-239.05436096191406,,1100000,761.5,3015.559791325219
859.39,1260,11447,50.15171855896827,0.001,1101150,3224.3459845099987,-240.1428515957487,96,1101470,,
845.78,1264,11468,49.33657424797512,0.001,1103508,3169.75952358,-240.36317108592948,96,1104109,,
,,,42.12244801039106,0.001,1104251,,-240.22702823985708,,1105000,763.8,2432.011458061775
818.37,1268,11496,49.99725178432465,0.001,1105251,3064.6064642099996,-240.29453747558594,96,1105368,,
797.88,1272,11512,49.4282895304674,0.001,1106960,2982.8573759499996,-238.80873164077477,96,1107319,,
,,,50.719432567596435,0.001,1109952,,-241.55911026000976,,1110000,808.4,3070.9814269050958
799.77,1276,11551,,,,2991.5603564000003,,96,1110952,,
799.77,1280,11584,53.314750730514525,0.001,1113952,3030.14175223,-242.37140667724609,96,1114952,,
,,,51.53121522808075,0.001,1114952,,-241.94790872192382,,1115000,970.8,3820.2916732656768
800.9,1284,11635,50.958298238754274,0.001,1117952,3037.6093921799993,-243.52880313110353,96,1118270,,
,,,58.1576210269928,0.001,1119270,,-242.4950955810547,,1120000,964.7,3793.71605089847
802.1,1288,11679,56.51689610671997,0.001,1121270,3043.927134150001,-242.95344885253905,96,1121615,,
,,,51.60060982990265,0.001,1124615,,-243.86380407714844,,1125000,716.3,2718.493061277829
804.85,1292,11721,,,,3060.7596915599993,,96,1125615,,
801.62,1296,11744,44.436349846067884,0.001,1127169,3056.2801739099996,-244.09921361529638,96,1128169,,
,,,51.100806475639345,0.001,1129169,,-246.0777366027832,,1130000,626.5,2530.530905240122
809.81,1300,11789,49.276312252044676,0.001,1131169,3093.7505366600003,-245.5297582397461,96,1132169,,
,,,49.484127343177796,0.001,1134169,,-246.88162380981444,,1135000,877.6,3463.1997257903686
805.88,1304,11836,49.19882265377045,0.001,1135169,3087.68265235,-247.00161233520507,95,1135229,,
805.88,1308,11865,48.11502398967743,0.001,1138229,3090.6419174499997,-247.6893000793457,96,1139229,,
,,,52.72233260726929,0.001,1139229,,-247.87671649169923,,1140000,890.8,3288.044312011637
805.88,1312,11914,53.864688580513004,0.001,1142229,3089.05398387,-247.99331231689453,95,1143229,,
,,,48.70234140968323,0.001,1144229,,-248.4720001220703,,1145000,886.9,3394.941799501778
804.05,1316,11963,46.50346294116974,0.001,1146046,3084.60693183,-248.98795318603516,95,1147046,,
,,,46.488165810571694,0.001,1149833,,-250.01755075236312,,1150000,815.4,3234.1739002225922
814.16,1320,12016,,,,3125.997559560001,,95,1150833,,
813.16,1324,12052,48.980498237609865,0.001,1153733,3122.1425535800004,-249.35643435668945,95,1154733,,
,,,44.942161144256595,0.001,1154733,,-249.05448986816407,,1155000,631.3,2427.0934039974586
818.54,1328,12102,52.00078659629822,0.001,1157711,3141.9248756400007,-250.74519467163086,95,1158711,,
,,,48.108291481816494,0.001,1159850,,-251.32414257433987,,1160000,682.8,2545.6559262759984
805.09,1332,12138,,,,3090.21324447,,95,1160850,,
801.52,1336,12167,48.46919565255146,0.001,1162792,3077.2332260199996,-251.6381057348007,95,1163792,,
,,,49.798255350075515,0.001,1164809,,-252.43435339834176,,1165000,840.2,2936.2267708999107
808.18,1340,12210,53.87686988268143,0.001,1165589,3106.9322417300004,-251.7903118818234,95,1166589,,
,,,54.68585426044464,0.001,1169589,,-252.27782180786133,,1170000,995.8,3884.9542798964308
814.59,1344,12269,,,,3132.89222457,,95,1170589,,
818.1,1348,12308,49.60978479862213,0.001,1173589,3145.7187275300003,-253.17007733154296,95,1173651,,
,,,50.662135146270984,0.001,1174756,,-253.25104811013819,,1175000,670.0,2234.174758871645
809.15,1352,12343,57.17553405284882,0.001,1175756,3111.3262248100004,-253.77163760375976,95,1176756,,
,,,51.75837910366058,0.001,1179756,,-253.93684899902343,,1180000,1000.0,3928.010895317886
813.05,1356,12396,,,,3126.3064539599995,,95,1180756,,
832.86,1360,12435,49.18375384807587,0.001,1183756,3206.5263432300007,-253.55720901489258,95,1184756,,
,,,46.607091841150506,0.001,1184939,,-253.1496105822888,,1185000,1000.0,3892.448367415332
838.3,1364,12481,53.96488116550446,0.001,1186939,3232.6572915400006,-253.162426361084,95,1187939,,
,,,58.23957402610779,0.001,1189939,,-253.89713586425782,,1190000,930.7,3443.6763322966813
851.3,1368,12526,48.32160860266389,0.001,1190293,3286.29628586,-254.7709665244582,95,1190498,,
865.8,1372,12551,53.68113238811493,0.001,1192899,3345.64191088,-253.93431436157226,95,1193899,,
,,,51.759156089782714,0.001,1194899,,-254.99469979858398,,1195000,832.5,3296.5562131076817
869.47,1376,12603,55.16982139492035,0.001,1196899,3364.5074156999995,-255.1300032348633,95,1197899,,
,,,55.003060548681965,0.001,1199849,,-254.40629908511514,,1200000,665.0,2533.6661848156714
868.97,1380,12652,55.55862971973419,0.001,1200849,3356.7519512100007,-254.766341217041,94,1201849,,
865.36,1384,12681,44.82281141365524,0.001,1203806,3341.68361021,-254.51644281755415,95,1204806,,
,,,50.4192941532135,0.001,1204806,,-255.25604403686523,,1205000,917.6,3568.2431395527906
860.47,1388,12732,53.31053738212585,0.001,1207574,3322.3400122399994,-254.84015982055664,94,1207662,,
,,,51.190401933670046,0.001,1209662,,-254.60464108276366,,1210000,746.7,2903.022516415827
860.47,1392,12777,47.53974395561218,0.001,1210662,3325.4673104400003,-255.39945208740235,94,1211662,,
868.02,1396,12815,54.0862158900781,0.001,1214445,3353.86066921,-255.85955912011968,94,1214971,,
,,,50.34559769866131,0.001,1214971,,-255.48498082614216,,1215000,741.6,2948.1111641950906
866.22,1400,12862,52.97195098400116,0.001,1217971,3347.9710551099993,-256.069006439209,94,1218791,,
,,,52.81225564670563,0.001,1219791,,-256.8264326171875,,1220000,823.6,3201.7074838515373
866.87,1404,12906,52.355236127853395,0.001,1221143,3353.03939569,-256.7012566223145,94,1221916,,
,,,56.05264573097229,0.001,1224916,,-256.2877463989258,,1225000,552.8,2187.020983167086
865.56,1408,12954,,,,3357.28968658,,94,1225785,,
865.56,1412,12992,52.11773607063294,0.001,1228785,3363.91196258,-257.264456817627,94,1229785,,
,,,53.163861635959506,0.001,1229917,,-256.8379505041874,,1230000,851.2,3340.8107360234017
848.32,1416,13032,53.72936026573181,0.001,1231581,3300.09981501,-256.34917263793943,94,1231878,,
,,,54.35297866821289,0.001,1234878,,-255.95039376831053,,1235000,628.0,2097.8345063884276
844.02,1420,13075,,,,3283.1785014399998,,94,1235235,,
844.54,1424,13108,54.10883404827118,0.001,1238187,3283.93592503,-256.45194763183594,94,1239187,,
,,,50.429429263603396,0.001,1239544,,-256.869963576154,,1240000,894.6,3009.8260065177574
821.86,1428,13151,53.80543831634522,0.001,1240544,3202.2566494400003,-256.8011096801758,94,1240897,,
831.92,1432,13175,58.93331626415252,0.001,1243042,3243.03442931,-257.0153905029297,94,1244042,,
,,,52.437320185661314,0.001,1244042,,-257.83293478393557,,1245000,865.3,3527.4343980753792
841.87,1436,13226,50.13827392411206,0.001,1246979,3288.81111767,-258.1206098051153,94,1247979,,
,,,46.52404314136505,0.001,1249979,,-258.5816238708496,,1250000,927.3,3643.8334463547917
853.9,1440,13281,53.07242491054535,0.001,1250979,3336.5401720500004,-258.2920098876953,94,1251979,,
,,,50.291561589321425,0.001,1254750,,-258.4696346935213,,1255000,888.5,3644.424745185673
851.61,1444,13330,,,,3308.4489769399997,,94,1255750,,
858.85,1448,13367,54.2060700967415,0.001,1258536,3342.5149122899998,-258.6568420643115,94,1259536,,
,,,55.11693427467346,0.001,1259536,,-258.9778299255371,,1260000,754.7,3062.6937738373877
864.5,1452,13418,54.749286211834054,0.001,1262308,3363.3613454099996,-259.82376003759515,94,1263206,,
,,,53.54911374092102,0.001,1264493,,-260.1199090576172,,1265000,961.9,3679.9352048221976
847.37,1456,13454,,,,3293.0257036799994,,94,1265493,,
836.4,1460,13483,50.055476854370326,0.001,1267396,3252.21103288,-260.22738626462603,94,1268396,,
,,,57.55919758251735,0.001,1269536,,-259.92335008893696,,1270000,730.8,2961.7243568184786
835.63,1464,13527,54.36962170334336,0.001,1270502,3252.421409460001,-260.0241880871001,93,1271502,,
,,,53.63160475158691,0.001,1274502,,-259.5468180847168,,1275000,711.5,2882.194131869043
850.04,1468,13578,,,,3315.5194101200004,,93,1275502,,
843.66,1472,13607,47.60412305539793,0.001,1277392,3291.7937859500003,-260.9115266542177,93,1278265,,
,,,49.48610193099098,0.001,1279700,,-260.1805386324541,,1280000,684.2,2738.4007760485633
831.06,1476,13648,47.387994777605535,0.001,1280371,3246.2387919300004,-260.62567612377563,93,1281005,,
816.17,1480,13669,54.98827540968842,0.001,1282466,3195.5535445799997,-260.627640573602,93,1283466,,
,,,55.31990515613556,0.001,1284755,,-260.80267095947266,,1285000,915.0,3682.272172995284
810.08,1484,13714,55.59587771987915,0.001,1285755,3179.5770177,-261.3231074523926,93,1285814,,
817.05,1488,13741,63.31347146224976,0.001,1288367,3213.9727244700002,-261.06091082763675,93,1289367,,
,,,65.2815925912857,0.001,1289367,,-260.96847146606444,,1290000,815.8,3275.1787819024175
810.37,1492,13789,58.35019926357269,0.001,1292125,3193.30382338,-261.001678894043,93,1292699,,
,,,54.62865383338928,0.001,1294460,,-260.9892208557129,,1295000,1000.0,3474.736917477846
814.89,1496,13839,53.30641333961487,0.001,1295460,3218.56395857,-261.2638251647949,93,1296460,,
,,,58.403692163467404,0.001,1299460,,-261.64781860351565,,1300000,1000.0,4047.917944561108
816.69,1500,13895,,,,3230.9475839999996,,93,1300460,,
825.44,1504,13931,57.18532100582123,0.001,1303460,3231.42568798,-262.13246459960936,93,1304460,,
,,,58.91777971363068,0.001,1304460,,-261.4338418884277,,1305000,873.8,3546.8692058782267
823.78,1508,13983,59.67126148223877,0.001,1307163,3224.5708080599998,-261.9487727050781,93,1308163,,
,,,58.46782802963257,0.001,1309647,,-262.00145190429686,,1310000,1000.0,4031.1095671829767
818.62,1512,14035,60.585170476913454,0.001,1310647,3209.5917527299985,-262.14608142089844,93,1311647,,
,,,52.27631447124481,0.001,1314644,,-262.62445440673827,,1315000,828.2,3420.6358673315494
836.14,1516,14087,,,,3283.9610677,,93,1315492,,
835.45,1520,14124,55.295784044265744,0.001,1318490,3280.92294651,-263.97818099975586,93,1318780,,
,,,62.667839974558824,0.001,1319461,,-264.47230197682103,,1320000,982.1,3887.2784811418505
832.74,1524,14174,54.975810376167296,0.001,1321461,3268.63600434,-264.66738671875,93,1322461,,
840.93,1528,14200,59.866778920678534,0.001,1323990,3300.9675472699996,-265.7547039705164,93,1324990,,
,,,61.15146824359894,0.001,1324990,,-264.4327303466797,,1325000,827.8,3236.4236659575254
849.48,1532,14254,58.063525747299195,0.001,1327990,3334.56943646,-264.1095721435547,93,1328990,,
,,,54.42921681022644,0.001,1329990,,-264.74131802368163,,1330000,920.8,3587.1419186873127
845.08,1536,14310,62.693398818969726,0.001,1331990,3316.73941225,-264.9883358459473,93,1332487,,
,,,57.23035996437073,0.001,1334591,,-265.07025231933596,,1335000,855.5,3451.8440340486063
836.12,1540,14350,,,,3281.053700860001,,93,1335591,,
838.41,1544,14388,59.219194997787476,0.001,1338591,3319.7701689400005,-266.09303256225587,93,1339591,,
,,,55.27129079151153,0.001,1339591,,-266.6618031616211,,1340000,1000.0,4136.165437800158
826.86,1548,14432,51.316644071721704,0.001,1341222,3278.0262503299996,-266.11853336643526,93,1342222,,
,,,54.3520249414444,0.001,1344222,,-267.3121278991699,,1345000,742.8,3051.9323164715433
822.38,1552,14480,58.513862171173095,0.001,1345222,3267.5963693,-267.8476137084961,92,1345444,,
831.1,1556,14504,66.30888120365142,0.001,1347603,3302.4937431799995,-268.3421490783691,92,1348603,,
,,,68.59751092910767,0.001,1349603,,-269.1415849304199,,1350000,964.7,3839.6837043660694
842.07,1560,14563,60.64991517829895,0.001,1351603,3343.6185587499995,-270.0925334472656,92,1352603,,
,,,61.03490225028992,0.001,1354603,,-271.8792766113281,,1355000,691.7,2849.0993245905265
850.78,1564,14615,66.56796343128903,0.001,1355580,3379.23549145,-272.8207802489735,92,1356580,,
,,,64.20182327079773,0.001,1359580,,-276.80110833740235,,1360000,758.1,3153.2991149432955
847.1,1568,14672,,,,3366.2576345200005,,92,1360212,,
859.47,1572,14709,60.44102909088135,0.001,1363212,3413.1609157499997,-279.36718969726564,92,1364212,,
,,,77.98134785946284,0.001,1364426,,-279.1682782039464,,1365000,971.4,3846.1592432782054
863.67,1576,14754,65.33929549217224,0.001,1366426,3404.69872386,-280.41671667480466,92,1367372,,
,,,66.83613589668273,0.001,1369881,,-281.2714212036133,,1370000,738.5,2909.2542641491627
874.15,1580,14801,,,,3448.54345897,,92,1370881,,
890.67,1584,14842,72.59250952529908,0.001,1373881,3516.5680282999992,-283.8877963867188,92,1374881,,
,,,72.22597721862793,0.001,1374881,,-285.0493297729492,,1375000,712.7,2605.9327506602276
872.63,1588,14878,82.85373872595152,0.001,1376272,3439.4429732300005,-287.1800072303185,92,1376630,,
869.46,1592,14901,100.83664271036784,0.001,1378645,3252.24884151,-286.51949201311385,92,1379645,,
,,,85.51020455867686,0.001,1379692,,-290.37100982666016,,1380000,627.1,885.2627387627945
862.32,1596,14950,82.5757877960205,0.001,1381692,3053.496118339999,-286.54586636352536,92,1382692,,
,,,69.40685159492493,0.001,1384692,,-285.2754041748047,,1385000,868.7,1053.0147947111632
859.79,1600,15002,77.95338652379701,0.001,1385439,3000.5448026399995,-285.2180584045901,92,1386439,,
,,,71.03299725914002,0.001,1389439,,-283.3691754150391,,1390000,703.3,2464.736367592862
857.19,1604,15054,,,,3024.1732107400003,,92,1390179,,
847.62,1608,15079,72.42362908123285,0.001,1391925,2980.67054752,-281.0347836497073,92,1392925,,
,,,63.97956888771057,0.001,1394925,,-278.65652502441407,,1395000,1000.0,3677.073163498193
846.68,1612,15136,57.57518711090088,0.001,1395925,2967.38714207,-278.8855776672363,92,1396315,,
,,,65.91407129096984,0.001,1399315,,-276.7992631225586,,1400000,948.9,3925.725051624351
848.23,1616,15183,,,,2966.6598421199997,,92,1400315,,
837.77,1620,15204,69.49590251843135,0.001,1401557,2923.0575943100002,-275.48332691192627,92,1402557,,
,,,64.85734533500671,0.001,1404557,,-273.35826486206054,,1405000,626.2,2399.4223786527
840.96,1624,15251,65.94370830917359,0.001,1405557,2938.09967309,-272.92272079467773,92,1406557,,
841.07,1628,15276,57.22002341197087,0.001,1408097,2940.2720106000006,-271.91522529797675,92,1409097,,
,,,65.32705838394165,0.001,1409097,,-272.01877236938475,,1410000,792.7,2562.9234914292115
837.41,1632,15324,65.6145013217926,0.001,1411731,2923.54083868,-271.74422564697267,92,1412731,,
,,,69.69774844932556,0.001,1414731,,-270.48777416992186,,1415000,607.7,2320.8245901514774
836.63,1636,15372,59.23194587898254,0.001,1415731,2916.7905483699997,-270.3656934814453,92,1416150,,
,,,65.72056202125549,0.001,1419150,,-269.9213212890625,,1420000,831.3,3406.6729604743423
845.59,1640,15418,,,,2955.0439731399993,,92,1420150,,
845.59,1644,15456,63.29242458343506,0.001,1423150,2957.00160001,-269.71970513916017,92,1424150,,
,,,64.40467319869995,0.001,1424150,,-269.5740663757324,,1425000,738.8,3054.280565447919
850.85,1648,15504,58.489930494308474,0.001,1426307,2972.69965224,-269.58985037231446,92,1427307,,
,,,64.4514549331665,0.001,1429307,,-270.1543798828125,,1430000,903.7,3475.17306259335
858.63,1652,15561,55.703538191795346,0.001,1430307,3008.5971395999995,-270.1848980407715,91,1431307,,
863.7,1656,15598,62.7668451423645,0.001,1434307,3036.934812299999,-270.53184387207034,91,1434973,,
,,,60.56518312402674,0.001,1434973,,-270.64061748516093,,1435000,717.6,2797.269241115835
848.26,1660,15632,60.97884184939002,0.001,1436429,2973.59961716,-269.7494980169802,91,1437429,,
,,,64.6392447757721,0.001,1439873,,-269.601016784668,,1440000,931.1,3783.3074676472693
842.93,1664,15683,,,,2954.19983462,,91,1440873,,
841.82,1668,15716,60.88965685653687,0.001,1443394,2946.84399693,-270.5310332336426,91,1444394,,
,,,63.35233324813843,0.001,1444394,,-270.60442584228514,,1445000,573.7,2348.0427194743415
839.37,1672,15765,65.66424792099,0.001,1447149,2940.177511,-269.62991122436523,91,1448149,,
,,,66.52287971305847,0.001,1449149,,-269.58514208984377,,1450000,747.9,2544.7582938486826
837.94,1676,15813,69.78128364517028,0.001,1450979,2961.39274042,-269.7452049531132,91,1451166,,
,,,68.53656897926331,0.001,1454166,,-270.0198507995606,,1455000,801.1,3313.11285459589
842.85,1680,15859,,,,2982.8357621499995,,91,1455166,,
817.51,1684,15874,61.27002195328001,0.001,1455663,2879.13063029,-270.57259934948337,91,1456632,,
,,,72.23763617515564,0.001,1459398,,-270.01612045288084,,1460000,757.0,2412.998695424525
837.68,1688,15925,,,,2963.1017526500004,,91,1460398,,
840.26,1692,15956,80.59647113674289,0.001,1462671,3135.3603690899995,-268.95071714064653,91,1463671,,
,,,68.5657911196622,0.001,1464221,,-269.655400279652,,1465000,681.2,2475.0877952519804
845.29,1696,16001,77.85432043457031,0.001,1466221,3324.590127579999,-268.9843325500488,91,1467221,,
,,,70.05978902244568,0.001,1469221,,-268.28906161499026,,1470000,871.3,3625.7388110850006
846.98,1700,16055,66.94081229101623,0.001,1470137,3371.5748362300005,-268.9323706814295,91,1471137,,
840.84,1704,16085,70.09469108200074,0.001,1473263,3342.88675679,-269.0073865661621,91,1474263,,
,,,71.46494013404846,0.001,1474263,,-268.8226917724609,,1475000,703.4,2814.1782359339295
851.19,1708,16137,70.11544066238403,0.001,1477044,3391.5788690499994,-270.24471798706054,91,1478044,,
,,,67.80435799184767,0.001,1479688,,-270.6488301517399,,1480000,755.1,3100.743348825723
843.73,1712,16181,,,,3371.1074409900007,,91,1480688,,
832.69,1716,16214,61.606626048088074,0.001,1482844,3330.2060828099998,-270.8380715942383,91,1483584,,
,,,64.92151496315003,0.001,1484690,,-270.69207293701174,,1485000,624.9,2535.616903167218
841.33,1720,16255,65.67792533111572,0.001,1485690,3342.4818628900002,-271.77766598510743,91,1486690,,
832.54,1724,16289,73.6123521156311,0.001,1489690,3308.2144185100005,-271.01447393798827,91,1489811,,
,,,49.85474999482967,0.001,1489811,,-271.19279149373375,,1490000,534.8,2069.0498875471762
847.12,1728,16327,63.41404079483124,0.001,1492809,3366.91516636,-271.32903701078914,91,1493809,,
,,,70.9012419128418,0.001,1494809,,-271.15032028198243,,1495000,477.8,1896.6327735525206
842.6,1732,16366,71.28450332747565,0.001,1495991,3353.1289613700005,-271.2941036930791,91,1496991,,
826.73,1736,16392,57.381557497894974,0.001,1498788,3291.88506931,-271.8731901254227,91,1498823,,
,,,57.117952922203024,0.001,1499433,,-271.58343233076556,,1500000,782.3,3202.9947777339667
812.83,1740,16423,66.2405259103775,0.001,1500433,3238.70705878,-271.9626876220703,91,1501433,,
806.19,1744,16455,68.26670075189038,0.001,1503769,3207.38332861,-271.9363469545006,91,1504769,,
,,,68.3256772403717,0.001,1504769,,-273.17651196289063,,1505000,654.5,2690.181772419065
811.86,1748,16504,74.6371112499237,0.001,1507493,3234.2481306100003,-273.4591293334961,91,1508493,,
,,,61.314422607421875,0.001,1509517,,-278.56915283203125,,1510000,689.8,2717.1758409145286
798.25,1752,16544,73.92795229148865,0.001,1510517,3175.4095008800005,-273.27093978881834,91,1511132,,
788.45,1756,16566,89.35368724579507,0.001,1512818,3131.19934517,-276.7058817545573,91,1513818,,
,,,73.25109956327793,0.001,1514722,,-273.55948892103885,,1515000,653.3,2702.7919521356002
798.78,1760,16615,65.78487967681885,0.001,1516722,3182.0487491299996,-273.3096880493164,91,1517307,,
,,,72.59311540794373,0.001,1519307,,-273.37373110961914,,1520000,582.5,1698.9108162268997
804.34,1764,16661,71.18716374015808,0.001,1520307,3199.43474981,-273.6469855041504,91,1521307,,
798.25,1768,16696,63.81334820365906,0.001,1524036,3173.4347986200005,-273.1519924621582,91,1524219,,
,,,66.97614738589428,0.001,1524219,,-272.45052849067434,,1525000,666.8,2721.956741718203
797.65,1772,16736,64.016910698431,0.001,1526914,3170.5788754000005,-273.09968531816855,91,1527914,,
,,,72.37128651809692,0.001,1529425,,-274.25875018310546,,1530000,639.3,2480.6943038308877
796.7,1776,16780,71.7443566608429,0.001,1530425,3167.90312626,-274.2055365600586,91,1530836,,
793.93,1780,16813,67.20867048576054,0.001,1533559,3153.9428459800006,-273.86614910833435,91,1534559,,
,,,65.56010814189911,0.001,1534559,,-274.41540493774414,,1535000,580.4,2379.5534333195537
815.37,1784,16859,73.41328177833557,0.001,1537478,3240.2267934200004,-273.65356130981445,91,1538169,,
,,,73.15200832782763,0.001,1539523,,-273.9653252011254,,1540000,854.4,3375.5839846313
801.25,1788,16892,,,,3182.7962757,,91,1540523,,
790.03,1792,16923,67.2280570716858,0.001,1542552,3125.1805536499996,-274.95088983154295,91,1542674,,
,,,69.0667593126297,0.001,1544269,,-274.83022946166994,,1545000,823.6,3324.5022514715793
790.48,1796,16970,71.95958882808685,0.001,1545269,3128.8617640400007,-274.6514712219238,91,1546269,,
,,,73.86142547035217,0.001,1549269,,-274.9510595703125,,1550000,878.9,3529.913849704084
788.8,1800,17025,,,,3117.4636890499996,,91,1550017,,
780.64,1804,17047,75.67794333682971,0.001,1551327,3089.44351748,-275.78981926735867,91,1552327,,
,,,74.63082453346253,0.001,1554625,,-274.6976108703613,,1555000,843.1,3411.601239709603
775.81,1808,17091,,,,3064.693310709999,,91,1555625,,
780.74,1812,17117,66.69327211016007,0.001,1557762,3025.74366101,-275.4305324408844,91,1558762,,
,,,80.03634013938904,0.001,1559998,,-274.6336103210449,,1560000,899.1,3632.7459411919117
784.14,1816,17158,70.76322700023651,0.001,1560998,3041.8786800099997,-275.3447060546875,91,1561998,,
,,,79.32291027641297,0.001,1564767,,-275.35292169189455,,1565000,983.9,4029.4909166951898
789.65,1820,17208,,,,3099.53299083,,90,1565655,,
788.33,1824,17234,74.9489156544715,0.001,1567644,3094.7471147800006,-276.37462697864254,91,1568644,,
,,,75.80919969526389,0.001,1569762,,-276.32177279197566,,1570000,919.8,3677.718369229976
778.38,1828,17274,75.0065863571598,0.001,1570647,3055.5219503,-277.09004729257987,90,1571647,,
763.63,1832,17295,79.34561282579499,0.001,1573125,2997.7564421199995,-277.17479174284006,90,1573354,,
,,,74.24460666275024,0.001,1574354,,-276.715609375,,1575000,913.7,3778.509749323805
785.31,1836,17340,79.03616590690613,0.001,1576354,3086.2442996199998,-276.5177785949707,90,1577354,,
,,,70.5450186290741,0.001,1579354,,-276.64875247192384,,1580000,762.9,3118.6138665281237
799.21,1840,17388,73.64880396842956,0.001,1580354,3137.7773565499997,-276.31887838745115,90,1581354,,
,,,79.47867044258118,0.001,1584354,,-275.3961671142578,,1585000,831.7,3312.2642634060235
805.85,1844,17435,,,,3168.34175446,,90,1585354,,
796.95,1848,17461,69.15791560099133,0.001,1587209,3127.8514205300003,-275.352677123573,90,1588188,,
,,,66.17168078709531,0.001,1589052,,-275.6109360942134,,1590000,799.0,3296.1244347549973
802.95,1852,17504,74.71965078226725,0.001,1590427,3152.3996735499995,-274.5414582930784,90,1591427,,
802.0,1856,17530,57.32947643467637,0.001,1593488,3151.97318187,-276.76918669669857,90,1594018,,
,,,67.6046887919588,0.001,1594018,,-275.4132723250479,,1595000,748.3,3077.760422777012
801.77,1860,17568,76.8810510327325,0.001,1596484,3141.62118369,-276.464905728576,90,1597484,,
,,,69.7500621289322,0.001,1599260,,-276.48998028470066,,1600000,619.9,1932.9076874293387
799.53,1864,17615,74.37506838226318,0.001,1600260,3079.45677799,-275.8614012145996,90,1601260,,
,,,74.94783932876587,0.001,1604260,,-276.945373840332,,1605000,1000.0,3853.368684171932
810.41,1868,17673,,,,3126.2443584,,90,1605260,,
808.59,1872,17705,68.22931781196222,0.001,1607773,3118.1433202399994,-277.7053761482239,90,1608773,,
,,,73.80214286600994,0.001,1609186,,-277.9556203648664,,1610000,910.8,3373.9256202690767
809.01,1876,17751,75.50502778138093,0.001,1610737,3120.7583963499997,-278.0880011541193,90,1611737,,
788.71,1880,17773,69.41316794586182,0.001,1613396,3041.20698787,-279.0219324951172,90,1613430,,
,,,72.74485298347473,0.001,1614430,,-279.36012802124026,,1615000,803.2,3189.2345371540637
785.69,1884,17817,75.54338846206664,0.001,1616430,3028.39594592,-279.6462717590332,90,1616738,,
,,,85.40247603034973,0.001,1619738,,-280.36099102783203,,1620000,910.6,2989.330996349454
802.15,1888,17869,,,,3094.1388656599993,,90,1620738,,
813.75,1892,17899,71.27652877426148,0.001,1623049,3162.1958867699996,-282.0534306030273,90,1624049,,
,,,86.07755525588989,0.001,1624049,,-281.6264748535156,,1625000,802.9,3128.1871739018707
810.58,1896,17949,71.13078883743286,0.001,1627049,3142.8235064100004,-282.34093017578124,90,1627327,,
,,,71.03454848955262,0.001,1629380,,-284.51540120442706,,1630000,730.2,2860.305621053837
803.63,1900,17985,,,,3082.88123183,,90,1630380,,
812.28,1904,18018,88.2320528125763,0.001,1632555,3118.2208407299995,-282.85002731323243,90,1633555,,
,,,76.1524866657257,0.001,1634555,,-283.14149993896484,,1635000,840.1,3185.1844802137466
802.68,1908,18064,81.45777738062876,0.001,1635672,3080.26852291,-282.9626105057566,90,1635893,,
807.49,1912,18097,93.94393726730347,0.001,1638893,3149.18096144,-282.6364725341797,90,1639511,,
,,,79.66028931202032,0.001,1639979,,-282.26719978528143,,1640000,978.6,3888.7924171226796
809.0,1916,18141,84.62077028274535,0.001,1641979,3148.82503525,-282.2245036315918,90,1642898,,
,,,77.77398879641578,0.001,1644213,,-282.19524427280305,,1645000,831.3,3449.159929308732
805.58,1920,18185,86.4130780391693,0.001,1645213,3123.0363397099995,-282.92256927490234,90,1646213,,
805.93,1924,18218,81.59410740470886,0.001,1648854,3125.27041944,-283.2334203796387,90,1649237,,
,,,79.24020037638611,0.001,1649237,,-283.4169247612279,,1650000,978.8,3679.310761145316
815.04,1928,18264,74.08839751625061,0.001,1652237,3156.32735133,-283.4793834228516,90,1653151,,
,,,91.97470764528241,0.001,1654607,,-283.0460164923417,,1655000,956.3,3843.288554758311
827.85,1932,18312,75.43045081329346,0.001,1655607,3205.43867335,-283.69596173095704,90,1656139,,
818.18,1936,18336,75.6102673864104,0.001,1658172,3156.2993821599994,-284.1264536706476,90,1659172,,
,,,77.05526796531677,0.001,1659172,,-284.2281323852539,,1660000,947.4,3798.038698675204
818.18,1940,18387,72.59873958396912,0.001,1662172,3159.9629416600005,-284.00299560546875,90,1663172,,
,,,79.60662993621825,0.001,1664172,,-283.65538702392575,,1665000,846.4,3488.8671049301047
814.22,1944,18437,82.82892327592863,0.001,1665776,3135.9524972300005,-284.25221980012805,90,1666776,,
,,,69.72673937034607,0.001,1669776,,-284.38339422607424,,1670000,717.1,2637.733501327736
820.57,1948,18486,,,,3162.52383268,,90,1670245,,
822.18,1952,18514,82.49739987622652,0.001,1672645,3163.65423223,-285.1568783328741,90,1673645,,
,,,80.7478429698944,0.001,1674913,,-284.5879486694336,,1675000,947.1,3571.6916243649553
826.13,1956,18560,81.531514377594,0.001,1675913,3173.7845713199995,-284.41263653564454,90,1676631,,
822.75,1960,18593,77.72935591888428,0.001,1679597,3162.2138484199995,-284.4606469116211,90,1679759,,
,,,88.75259354673786,0.001,1679759,,-284.17122320481286,,1680000,775.8,3113.252028542012
818.75,1964,18633,70.82084525108337,0.001,1682490,3207.3982379999998,-284.2812474975586,90,1683135,,
,,,77.34085855484008,0.001,1684475,,-284.1275234446806,,1685000,1000.0,3972.1352153599264
810.43,1968,18675,74.42111939239501,0.001,1685475,3167.67410283,-284.30050170898437,90,1686303,,
806.34,1972,18704,87.47397060291742,0.001,1688407,3148.6723014,-284.58052448559835,90,1689407,,
,,,58.86891722679138,0.001,1689415,,-283.2886428833008,,1690000,900.4,3630.0524505037815
796.47,1976,18748,66.16345250782709,0.001,1691227,3104.6700343599996,-284.70043088414985,90,1691384,,
803.28,1980,18764,71.64151603889465,0.001,1692758,3129.3952226700003,-284.85660888671873,90,1693758,,
,,,83.6278013561083,0.001,1694942,,-285.1330161716627,,1695000,905.1,2807.894761705119
802.04,1984,18809,71.30388761138916,0.001,1695942,3125.27187505,-284.6496635742188,90,1696942,,
,,,75.2820802307129,0.001,1699942,,-285.11158154296874,,1700000,965.3,3905.460355354473
798.87,1988,18871,,,,3113.9073092600006,,90,1700625,,
805.76,1992,18907,75.10165612030029,0.001,1703625,3138.4666495699994,-286.0345239868164,90,1704625,,
,,,82.28629658699036,0.001,1704625,,-285.48392364501956,,1705000,927.1,3814.997204124555
808.28,1996,18951,74.87931612205506,0.001,1707155,3151.92436552,-285.6313238525391,90,1708155,,
,,,75.2353298147929,0.001,1709742,,-285.0833233705501,,1710000,876.0,2976.713275096743
803.62,2000,18991,,,,3167.3641519499997,,90,1710742,,
811.87,2004,19026,83.14970846748352,0.001,1713742,3203.3612457100007,-285.3528088378906,90,1714742,,
,,,74.30228949546814,0.001,1714742,,-285.53473431396486,,1715000,958.3,4004.6854137348246
825.84,2008,19075,75.79939220428467,0.001,1717742,3261.0692379899997,-285.72089440917966,90,1718477,,
,,,77.34016055870056,0.001,1719477,,-285.80471099853514,,1720000,940.4,3767.454089688696
826.02,2012,19123,81.83082817459106,0.001,1721113,3272.07706681,-286.23672717285154,90,1722113,,
,,,79.45582785973183,0.001,1724036,,-285.4708728872852,,1725000,959.2,3948.836620886234
831.38,2016,19181,81.50288091087342,0.001,1725036,3303.9935480999993,-285.616234375,89,1726036,,
828.82,2020,19211,80.67539496421814,0.001,1728095,3298.85790557,-285.8246657714844,90,1729095,,
,,,78.3493348827362,0.001,1729095,,-285.8118728027344,,1730000,914.0,3767.7828186395577
830.75,2024,19266,83.71401634979249,0.001,1732010,3306.13299714,-286.40065985107424,89,1732312,,
,,,77.50982088088989,0.001,1734312,,-286.3595690307617,,1735000,870.6,3616.108926416561
830.24,2028,19313,87.7084009826943,0.001,1735175,3308.83532144,-286.63082128113217,89,1736175,,
832.29,2032,19342,78.41118217468262,0.001,1738368,3323.78417368,-287.144714050293,89,1739368,,
,,,81.43514548683166,0.001,1739368,,-286.35717431640626,,1740000,839.5,3350.883773222193
841.96,2036,19395,81.01718513298034,0.001,1742368,3371.8970167599996,-287.24303741455077,89,1743368,,
,,,83.13815441131592,0.001,1744368,,-287.81291247558596,,1745000,1000.0,4101.949094090936
837.86,2040,19453,87.63841121479616,0.001,1745958,3352.339357290001,-287.33279956882285,89,1746958,,
,,,79.77917269706727,0.001,1749675,,-288.3300355834961,,1750000,850.4,3241.8993132732517
838.99,2044,19504,,,,3360.6260562400003,,89,1750675,,
844.3,2048,19543,81.56840310287475,0.001,1753675,3390.97552453,-288.67775994873045,89,1754675,,
,,,83.97903280448914,0.001,1754675,,-288.61811352539064,,1755000,813.2,3373.957261205092
850.3,2052,19595,80.73492635154724,0.001,1757675,3421.0082041799997,-289.17709381103515,89,1758675,,
,,,81.12932477378845,0.001,1759675,,-288.88902923583987,,1760000,828.6,3427.5184734754266
850.58,2056,19638,77.58023071289062,0.001,1760689,3424.6358794899993,-288.75978306361606,89,1761689,,
,,,77.51779930114746,0.001,1764292,,-288.19945013427736,,1765000,926.5,3783.386284145713
855.33,2060,19693,,,,3443.5352750100005,,89,1765292,,
861.57,2064,19736,86.38014576530456,0.001,1768292,3408.29501652,-287.7008033447266,89,1769292,,
,,,88.0263941496748,0.001,1769726,,-288.07589623235884,,1770000,922.2,3792.200122215226
864.23,2068,19782,78.40636632537841,0.001,1771726,3429.3662846899997,-288.1018571166992,89,1772726,,
,,,87.72421382859325,0.001,1774335,,-288.02699515323513,,1775000,818.4,3377.5057104688485
859.28,2072,19818,,,,3417.33315382,,89,1775335,,
870.16,2076,19853,81.930753282547,0.001,1778335,3462.0674032399997,-287.71927673339843,89,1778400,,
,,,85.63449593734741,0.001,1779400,,-288.6789592895508,,1780000,643.9,1731.6013365906197
881.37,2080,19889,91.24873442986998,0.001,1780895,3507.8900197499997,-288.78134402379334,89,1781895,,
,,,74.53877221298218,0.001,1784669,,-289.1937717895508,,1785000,860.1,3482.0768145438283
887.27,2084,19939,,,,3539.73275588,,89,1785669,,
890.44,2088,19973,88.99275273323059,0.001,1788669,3556.4408507699995,-288.65363732910157,89,1789669,,
,,,71.07203837002025,0.001,1789839,,-289.2560187844669,,1790000,632.1,2532.9588531736285
882.14,2092,20013,78.14492032051086,0.001,1791839,3530.7826008499997,-288.75840869140626,89,1792839,,
,,,80.0287480506897,0.001,1794323,,-288.9309555053711,,1795000,1000.0,4143.78571318211
881.68,2096,20062,76.51136560249329,0.001,1795323,3529.08849105,-289.0596711425781,89,1796323,,
886.94,2100,20093,84.1082179298401,0.001,1799323,3557.32437767,-289.0936010742187,89,1799436,,
,,,77.77310904781375,0.001,1799436,,-288.30284466659816,,1800000,504.6,1638.7300495276054
867.92,2104,20120,79.179705174764,0.001,1801043,3477.6750497900002,-288.9502189440605,89,1801534,,
861.3,2108,20151,86.83647841704351,0.001,1804058,3455.0727401,-288.5091006684064,89,1804607,,
,,,90.48029561207811,0.001,1804607,,-289.00105163128705,,1805000,958.8,4026.963045098353
857.24,2112,20209,91.30675124931335,0.001,1807607,3433.30724172,-288.1647125854492,89,1807837,,
,,,93.07691588783264,0.001,1809837,,-288.4980465698242,,1810000,865.5,3624.729685647413
858.01,2116,20257,96.69344258117675,0.001,1810837,3433.3940645800008,-288.4834731445313,89,1811837,,
,,,83.19971798324585,0.001,1814246,,-288.7178282470703,,1815000,820.9,3467.889389448799
861.51,2120,20303,,,,3448.3098224500004,,89,1815246,,
865.93,2124,20337,91.37177829424058,0.001,1817905,3470.7561654799997,-287.91476227084917,89,1818905,,
,,,87.71984047317505,0.001,1819905,,-288.4383793334961,,1820000,981.4,4095.193176973937
851.48,2128,20383,87.57926197052002,0.001,1821192,3413.1211499600004,-288.3163303527832,89,1821323,,
854.52,2132,20408,70.4520512893646,0.001,1823820,3425.1141430400003,-288.5854266676079,89,1824820,,
,,,83.13400288391114,0.001,1824820,,-289.1740930175781,,1825000,960.2,3894.6532117940487
843.41,2136,20443,84.97731976895719,0.001,1826709,3381.795949239999,-287.9705575479044,89,1827709,,
,,,90.62821058273316,0.001,1829709,,-288.7183709106445,,1830000,908.0,3864.495958288945
847.51,2140,20488,85.32426221466065,0.001,1830709,3405.32787211,-288.2176567382813,89,1831709,,
,,,78.94452107810974,0.001,1834709,,-289.21976733398435,,1835000,982.9,3917.8719396628903
850.34,2144,20534,,,,3418.713071750001,,89,1835709,,
841.81,2148,20571,83.90780793571471,0.001,1838709,3382.7407842899997,-289.80818115234376,89,1838856,,
,,,77.47766725540161,0.001,1839856,,-290.0569448852539,,1840000,950.9,4095.6273213975132
841.81,2152,20615,77.36324173355102,0.001,1841856,3390.2658938000004,-290.08281372070314,89,1842856,,
,,,79.39336361503601,0.001,1844856,,-290.100833984375,,1845000,682.8,2837.6844099269947
847.19,2156,20656,82.26285334946452,0.001,1845408,3423.62515647,-290.2629159015158,89,1846408,,
,,,94.26444498825073,0.001,1849408,,-290.51407330322263,,1850000,968.7,3962.46488865437
851.16,2160,20706,,,,3400.0260297299997,,89,1850408,,
836.89,2164,20730,92.11065960155875,0.001,1852831,3402.45852189,-290.31449188666323,89,1852981,,
,,,87.6091271572113,0.001,1854981,,-290.1696167602539,,1855000,807.6,2629.024927351391
842.55,2168,20769,84.32756498336792,0.001,1855981,3402.6172988900003,-290.85528686523435,89,1856981,,
,,,87.65808244895935,0.001,1859981,,-290.91166394042966,,1860000,998.2,4087.2601679045706
856.46,2172,20818,,,,3462.1426665400004,,89,1860981,,
855.22,2176,20844,79.35275276184082,0.001,1863387,3461.1867746599996,-291.88230279541017,89,1863922,,
,,,86.89354579734803,0.001,1864922,,-292.10766375732425,,1865000,728.3,3027.782346943207
853.63,2180,20877,96.1831912689209,0.001,1866258,3443.7379004099994,-292.33497485351563,89,1867258,,
,,,93.90064520454406,0.001,1869258,,-292.9615700073242,,1870000,737.2,2890.2719210743903
855.89,2184,20923,90.50901972961425,0.001,1870258,3431.2216538200005,-292.4052727050781,89,1871258,,
846.07,2188,20952,91.8798295917511,0.001,1874050,3393.703707310001,-293.2161610107422,89,1874276,,
,,,82.53359311027864,0.001,1874276,,-293.55980851164963,,1875000,818.9,3391.478833803162
851.48,2192,20992,79.00976985359192,0.001,1877276,3411.820612720001,-293.6425302734375,89,1877987,,
,,,97.5960023651123,0.001,1879987,,-293.3358681640625,,1880000,922.1,3815.081078628637
856.64,2196,21036,88.91870210838317,0.001,1880987,3414.71713093,-293.0365216064453,89,1881987,,
,,,88.81731567192078,0.001,1884102,,-294.19278607177733,,1885000,883.3,3128.3745073687983
856.66,2200,21076,,,,3410.960033049999,,89,1885102,,
862.93,2204,21100,86.75872674421831,0.001,1887157,3441.9208349299997,-294.8144067834925,89,1887827,,
,,,92.04311424602162,0.001,1889852,,-294.6594155051491,,1890000,743.9,3079.071787210554
857.26,2208,21138,,,,3420.4150510499994,,89,1890333,,
864.96,2212,21168,97.03679510116577,0.001,1893333,3458.4603697400003,-295.05929571533204,89,1894333,,
,,,82.12552659797669,0.001,1894333,,-294.7824548339844,,1895000,750.0,2755.168855601456
860.08,2216,21212,85.42070503532887,0.001,1896845,3444.14830847,-295.3745297193527,89,1897845,,
,,,99.68918803218608,0.001,1899947,,-295.71452373609804,,1900000,699.6,2958.839125478896
857.01,2220,21246,,,,3435.2623264400004,,89,1900947,,
860.42,2224,21280,87.89458950042724,0.001,1903947,3446.1305580300004,-295.03326971435547,89,1904947,,
,,,92.38654565048218,0.001,1904947,,-294.8241514892578,,1905000,987.2,4182.401287947828
876.24,2228,21328,88.367658411026,0.001,1907947,3514.14326646,-294.4381331787109,89,1908947,,
,,,88.60611953926086,0.001,1909947,,-294.27953204345704,,1910000,975.5,4206.76665985575
881.27,2232,21380,85.28925951385499,0.001,1911947,3514.7470640799997,-294.24301721191404,89,1912947,,
868.22,2236,21396,85.63867347695854,0.001,1913795,3466.60668714,-294.1335265770387,89,1914531,,
,,,86.09676047770873,0.001,1914531,,-294.2588690882144,,1915000,654.9,2580.846489248145
867.41,2240,21439,93.87682737350464,0.001,1917450,3467.96616774,-294.5739494018555,89,1918450,,
,,,93.89193389701843,0.001,1919450,,-294.2325154418945,,1920000,1000.0,4156.509782000421
867.41,2244,21489,78.82592519187928,0.001,1921450,3469.62665731,-294.68400201416017,89,1922450,,
,,,87.98151393318176,0.001,1924450,,-294.81420910644533,,1925000,703.0,2845.6194396380333
875.94,2248,21541,91.3565471496582,0.001,1925450,3503.94116162,-294.6821041870117,89,1926450,,
,,,82.29704617118836,0.001,1929450,,-295.00951208496093,,1930000,543.9,2250.4745601832865
875.94,2252,21597,,,,3471.905485340001,,89,1930450,,
880.42,2256,21631,97.21925448608398,0.001,1933450,3482.65149325,-294.62467291259765,89,1934450,,
,,,101.64974310550284,0.001,1934826,,-294.3268458589594,,1935000,848.4,2982.503808428114
874.18,2260,21673,83.89942966651917,0.001,1936826,3503.6975353899998,-294.7781030883789,89,1937826,,
,,,84.3446501235962,0.001,1939826,,-294.4383883666992,,1940000,596.4,1852.9847846865655
888.45,2264,21718,85.7324778213501,0.001,1940826,3515.06608704,-294.495311340332,89,1941826,,
875.1,2268,21739,74.53783573787447,0.001,1943491,3479.70448152,-294.31898726426164,89,1944491,,
,,,78.70608497238159,0.001,1944491,,-295.17401470947266,,1945000,766.7,3053.0244551125916
872.42,2272,21782,82.18272323799134,0.001,1947223,3470.1339780900003,-295.1137150878906,89,1948223,,
,,,97.52083237838745,0.001,1949223,,-295.0039273071289,,1950000,911.0,3937.108549977979
879.73,2276,21831,94.15477957850145,0.001,1950895,3502.80356148,-294.6685131903194,89,1951895,,
877.21,2280,21857,89.98440085029603,0.001,1953979,3507.8735320000005,-295.0047896118164,89,1954979,,
,,,87.1907302570343,0.001,1954979,,-294.4676326904297,,1955000,850.9,3641.9657053284345
877.21,2284,21904,98.3680746974945,0.001,1957979,3530.87273413,-294.76913232421873,89,1958979,,
,,,102.78160620880126,0.001,1959979,,-294.3243228149414,,1960000,896.9,3737.3876399345695
880.61,2288,21951,91.7544911365509,0.001,1961979,3542.0846070499997,-293.7688828125,89,1962337,,
,,,84.18845666334933,0.001,1964635,,-293.53316851110264,,1965000,803.9,3373.895589820854
876.48,2292,21983,,,,3532.6552111299998,,89,1965635,,
874.47,2296,22013,93.88994515991212,0.001,1968434,3548.54594692,-294.0787236938477,89,1969434,,
,,,87.0450933933258,0.001,1969434,,-294.29795581054685,,1970000,713.7,3053.665642377734
879.2,2300,22053,90.07142191505432,0.001,1972022,3578.4208553100007,-294.1463753662109,89,1973022,,
,,,90.78691764068604,0.001,1974022,,-293.7143930664063,,1975000,941.8,3992.087913790159
891.95,2304,22096,98.87780498695373,0.001,1976022,3587.161312659999,-293.92122930908204,89,1977022,,
,,,91.22021998152483,0.001,1979237,,-293.97181918674045,,1980000,968.9,4246.998001246155
899.04,2308,22133,,,,3614.5101078200005,,89,1980237,,
890.39,2312,22158,85.85862047090305,0.001,1982372,3583.9607873299997,-295.2706292437009,89,1983372,,
,,,95.27633224834095,0.001,1984416,,-294.24539323286575,,1985000,621.5,2558.415579142375
879.7,2316,22188,87.91091481018067,0.001,1985416,3535.60175383,-294.6355004272461,89,1985815,,
879.71,2320,22211,89.11337247524621,0.001,1988345,3536.3437818,-295.5442444999263,89,1988918,,
,,,88.3678994199778,0.001,1989145,,-294.75769718136405,,1990000,967.8,4187.086190036219
871.98,2324,22247,96.53710104179382,0.001,1991145,3509.7496175399997,-295.4740235595703,89,1992145,,
,,,107.84159765557928,0.001,1994271,,-294.82619002422047,,1995000,814.3,3433.614850375068
863.24,2328,22283,,,,3476.1459614800006,,89,1995271,,
862.66,2332,22315,100.22332686424255,0.001,1998213,3494.55117814,-295.0012893066406,89,1999213,,
,,,93.82869352912903,0.001,1999213,,-294.93804040527345,,2000000,742.6,2986.611998504959
