train/learning_rate,train/n_updates,train/critic_loss,time/episodes,rollout/ep_len_mean,time/time_elapsed,time/total_timesteps,train/actor_loss,rollout/ep_rew_mean,time/fps,eval/mean_reward,eval/mean_ep_length
0.001,1000,0.0475294008878991,4,511.75,9,2047,-1.7945016770362854,-239.73062475,224,,
0.001,4202,0.12590137943997978,,,,5000,-6.291134915351868,,,683.990965747158,1000.0
,,,8,656.125,47,5249,,-324.54235975,110,,
0.001,8202,0.11160424929484725,12,770.75,77,9249,-12.020017961502075,-22.252312416666637,119,,
0.001,9202,0.1038376987837255,,,,10000,-13.43520481300354,,,918.2166631455533,1000.0
0.001,11613,0.1462444493956864,16,791.25,118,12660,-16.86762605857849,121.46838887499997,107,,
0.001,14916,0.13677199854701758,,,,15000,-21.203831089019776,,,938.0366813063622,1000.0
,,,20,798.15,157,15963,,205.86079734999993,101,,
0.001,18916,0.12348080172762274,24,831.7916666666666,186,19963,-25.668958461761473,283.17481466666663,106,,
0.001,19916,0.12370154633745552,,,,20000,-26.86717152786255,,,950.2367098033428,1000.0
0.001,22278,0.19623208164796233,28,833.0357142857143,226,23325,-29.382570125579836,324.21819028571423,102,,
0.001,24278,0.15755042181536555,,,,25000,-31.604545696258544,,,960.2663239479065,1000.0
0.001,26278,0.16201808523014188,32,853.90625,271,27325,-33.70517896270752,371.10962821875,100,,
0.001,29278,0.1404479219764471,,,,30000,-36.747954765319825,,,963.6456993162632,1000.0
0.001,30278,0.11925037998706102,36,870.1388888888889,317,31325,-37.732649116516114,408.90378697222224,98,,
0.001,34221,0.1403914749585092,,,,35000,-41.39129301452637,,,966.9847452819347,1000.0
,,,40,881.7,362,35268,,438.42451335,97,,
0.001,37618,0.10568281124235701,44,878.75,387,38665,-44.451720884696925,453.8037610454545,99,,
0.001,39618,0.1456480573527515,,,,40000,-45.821255767822265,,,969.6935421586037,1000.0
0.001,41618,0.1988716576322913,48,888.8541666666666,433,42665,-47.36700713348389,475.4587586875,98,,
0.001,44618,0.13288762357831002,,,,45000,-49.61569757843018,,,969.2232121765613,1000.0
0.001,45618,0.167067227486521,52,897.4038461538462,479,46665,-50.32930204772949,494.30554811538457,97,,
0.001,49618,0.17457095673307776,,,,50000,-53.0535168838501,,,977.4469686388969,1000.0
,,,56,904.7321428571429,524,50665,,510.85013789285716,96,,
0.001,53467,0.16164457236358498,60,908.5666666666667,554,54514,-55.42547148578572,522.8015534,98,,
0.001,54467,0.11702083916217089,,,,55000,-55.97569408416748,,,973.3965960502625,1000.0
0.001,57467,0.3558484884127974,64,914.28125,601,58514,-57.629526153564456,535.08783646875,97,,
0.001,59467,0.3296662765368819,,,,60000,-58.68601954650879,,,965.8531500279903,1000.0
0.001,61467,0.4307278193458915,68,919.3235294117648,647,62514,-59.61513388824463,545.4223197647059,96,,
0.001,64467,0.17016984323039652,,,,65000,-60.99215064239502,,,972.2941704928875,1000.0
0.001,65467,0.17894261242449283,72,913.3333333333334,693,65760,-61.44828498077393,547.2685437083333,94,,
0.001,68713,0.1489273235462606,76,917.8947368421053,719,69760,-62.786943336486814,556.2182127763157,96,,
0.001,69713,0.31292648738995194,,,,70000,-63.19755072021484,,,957.0923364579678,1000.0
0.001,72713,0.23407307194545865,80,922.0,764,73760,-64.33042140960693,564.060099025,96,,
0.001,74713,0.1783517362959683,,,,75000,-65.05837190246582,,,937.3914794921875,1000.0
0.001,76713,0.1540770652294159,84,925.7142857142857,810,77760,-65.73236535644531,570.9986962738094,95,,
0.001,79713,0.1559787949733436,,,,80000,-66.71639016723633,,,958.5996393203735,1000.0
0.001,80713,0.15296872013062238,88,929.0909090909091,856,81760,-67.03032189941406,577.3905872727272,95,,
0.001,84713,0.11437967690825462,,,,85000,-68.23499284362794,,,964.7317512571811,1000.0
,,,92,932.1739130434783,902,85760,,583.4491853695652,94,,
0.001,88356,0.3382535256333649,96,931.28125,930,89403,-69.19710385131836,586.2220630625001,96,,
0.001,89356,0.11791293171048164,,,,90000,-69.46789245605468,,,973.3456278383732,1000.0
0.001,91544,0.2726419084183872,100,925.91,970,92591,-69.9338218536377,585.57409695,95,,
0.001,94879,0.5571944207213819,,,,95000,-70.66649935913085,,,948.0022734820843,1000.0
,,,104,938.79,1011,95926,,618.9830009100001,94,,
0.001,98879,0.26387361735850573,108,946.77,1040,99926,-71.3622942352295,663.60092359,95,,
0.001,99879,0.18970784607157112,,,,100000,-71.54576960754395,,,951.1729746162891,1000.0
0.001,102425,0.36240572095289825,112,942.23,1082,103472,-71.93197561645508,660.3178805,95,,
0.001,104425,0.7571341772414744,,,,105000,-72.20754956054688,,,962.6541693389415,1000.0
0.001,106425,0.5287031085006892,116,948.12,1129,107472,-72.48091487121582,666.0380830299999,95,,
0.001,109425,0.3676386831924319,,,,110000,-72.81145454406739,,,954.6724751234054,1000.0
0.001,110425,0.6307630705982447,120,955.09,1175,111472,-72.90670748901367,671.4959874,94,,
0.001,114425,0.18398032336682082,,,,115000,-73.3157737121582,,,955.5439672291279,1000.0
,,,124,955.09,1220,115472,,672.6041737500001,94,,
0.001,118425,0.3936315671019256,128,961.47,1252,119472,-73.68483604431152,677.9963516600001,95,,
0.001,119425,0.2796686868928373,,,,120000,-73.76738227844238,,,975.5191010832787,1000.0
0.001,121717,0.5359344330986273,132,954.39,1292,122764,-74.0213718153026,673.1374150499998,94,,
0.001,124717,0.16872110288590192,,,,125000,-74.18955265808106,,,965.4176908254624,1000.0
0.001,125717,0.31785839356854556,136,954.39,1339,126764,-74.27599467468262,672.79821899,94,,
0.001,129717,0.1414241413064301,,,,130000,-74.54499166870117,,,960.6678891897202,1000.0
,,,140,954.96,1384,130764,,672.9656066699999,94,,
0.001,133717,0.2818268787935376,144,960.99,1414,134764,-74.87460467529297,676.76332178,95,,
0.001,134717,0.2800195191800594,,,,135000,-74.92430964660645,,,963.4961088716984,1000.0
0.001,137687,0.24084520687535405,148,960.69,1460,138734,-75.08098422241211,676.08062237,94,,
0.001,139687,0.280232338514179,,,,140000,-75.20401553344726,,,979.9958564341068,1000.0
0.001,141687,0.34561248452961446,152,960.69,1506,142734,-75.36990773010254,675.6522058499999,94,,
0.001,144687,0.6016822348870337,,,,145000,-75.51451748657226,,,962.5217236101628,1000.0
0.001,145306,0.7127332497081195,156,956.88,1550,146353,-75.55034772811398,671.84424585,94,,
0.001,149306,0.43059171340987085,,,,150000,-75.67680763244628,,,965.9018021523952,1000.0
,,,160,958.39,1595,150353,,672.03132771,94,,
0.001,153306,0.2720603114515543,164,958.39,1625,154353,-75.7956685333252,671.18890288,94,,
0.001,154306,0.47528221598640086,,,,155000,-75.82110195922851,,,961.3469712257386,1000.0
0.001,157306,0.8053597102724016,168,958.39,1671,158353,-75.85985595703124,670.5322083200001,94,,
0.001,159306,0.6068591933250427,,,,160000,-75.83628410339355,,,949.380960214138,1000.0
0.001,161306,0.3582699761651456,172,965.93,1717,162353,-75.81700541687012,674.6579391399999,94,,
0.001,164306,0.37096504124999047,,,,165000,-75.81445445251465,,,958.2238691151142,1000.0
0.001,165306,0.5081519640237093,176,965.93,1763,166353,-75.8449236907959,673.0035030800001,94,,
0.001,169306,0.2364534067250788,,,,170000,-75.82538032531738,,,959.9622279405594,1000.0
,,,180,965.93,1809,170353,,672.06884211,94,,
0.001,173306,0.3069678784869611,184,965.93,1840,174353,-75.82008940124511,670.5213260300002,94,,
0.001,174306,0.24600421572476625,,,,175000,-75.79943161010742,,,953.0332036197185,1000.0
0.001,177306,0.4000236487463117,188,965.93,1886,178353,-75.8822652130127,669.39773499,94,,
0.001,179306,0.33547856198251247,,,,180000,-75.92546493530273,,,959.3706511378289,1000.0
0.001,181306,0.2838834439925849,192,965.93,1934,182353,-75.88758764648438,668.4152359,94,,
0.001,184306,0.26734165427461265,,,,185000,-75.9127333831787,,,961.1252605378628,1000.0
0.001,185306,0.5490606090277433,196,969.5,1980,186353,-75.93805804443359,669.9647491000001,94,,
0.001,189306,0.3068560814335942,,,,190000,-75.94162590026855,,,932.4215129435063,1000.0
,,,200,977.62,2025,190353,,674.63438602,93,,
0.001,193306,0.35072638116404414,204,977.52,2055,193678,-75.96636122131348,673.90727998,94,,
0.001,194631,0.5498169387690723,,,,195000,-75.9324948272705,,,952.8203770160675,1000.0
0.001,196631,0.2837365448437631,208,977.52,2096,197678,-75.95693785095214,672.9876402699999,94,,
0.001,199631,0.3568586438149214,,,,200000,-75.90849153137206,,,943.2827750027179,1000.0
0.001,200631,0.21220032331719996,212,982.06,2142,201678,-75.91116952514649,680.64906636,94,,
0.001,204631,0.2563425895683467,,,,205000,-75.94095161437988,,,941.1794882833958,1000.0
,,,216,982.06,2189,205678,,680.1118272400001,93,,
0.001,208631,0.2541159309744835,220,982.06,2220,209678,-75.96729231262206,680.00997521,94,,
0.001,209631,0.31411956502124666,,,,210000,-76.00296458435058,,,959.5896422922611,1000.0
0.001,212322,0.4579300149876285,224,978.97,2263,213369,-75.9909637539373,677.37059514,94,,
0.001,214322,0.2861812720485032,,,,215000,-75.9384994354248,,,955.8169179677964,1000.0
0.001,216322,0.3036297950223088,228,978.97,2309,217369,-75.92276739501953,676.37981761,94,,
0.001,219322,0.3900506905168295,,,,220000,-75.9147395324707,,,902.3715939700603,1000.0
0.001,220322,0.23050340182334184,232,986.05,2356,221369,-75.91424440002442,680.54976784,93,,
0.001,224322,0.17442184324190022,,,,225000,-75.92466424560547,,,921.3612963199615,1000.0
,,,236,986.05,2402,225369,,680.3264064299999,93,,
0.001,228322,0.2640174790918827,240,986.05,2432,229369,-75.9655601348877,679.17253006,94,,
0.001,229322,0.48706228150054814,,,,230000,-75.9621778717041,,,942.2634181797505,1000.0
0.001,232322,0.19636159877106546,244,986.05,2476,233369,-75.88609646606446,678.2222421599998,94,,
0.001,234322,0.35724197097867727,,,,235000,-75.85673736572265,,,905.8076039552689,1000.0
0.001,236322,0.3363819884620607,248,986.35,2521,237369,-75.85270469665528,677.80626482,94,,
0.001,239322,0.13580010724067687,,,,240000,-75.93759367370606,,,908.0794318556785,1000.0
0.001,240322,0.29981696119904516,252,986.35,2568,241369,-75.95547831726074,677.2188377,93,,
0.001,244322,0.2503321706019342,,,,245000,-76.05579319763184,,,923.4976066350937,1000.0
,,,256,990.16,2614,245369,,679.7345371299999,93,,
0.001,248322,0.09884612517431378,260,990.16,2644,249369,-76.09890168762207,679.0873977799998,94,,
0.001,249322,0.31283929181471465,,,,250000,-76.10201145935059,,,912.2626824319362,1000.0
0.001,252247,0.5116247430846498,264,989.41,2688,253294,-76.08690887715393,677.54172763,94,,
0.001,254247,0.35124729542806743,,,,255000,-76.06429434204101,,,907.9045546293258,1000.0
0.001,256247,0.2540880709141493,268,986.75,2732,257028,-76.10069093322754,674.85393825,94,,
0.001,258981,0.5425274887345731,,,,260000,-76.08502470397949,,,906.6932985067367,1000.0
0.001,259981,0.30483108877018095,272,986.75,2775,261028,-76.07273709106445,674.20004511,94,,
0.001,263981,0.16618904891982675,276,985.12,2804,264865,-76.0745749206543,673.44446912,94,,
0.001,264818,0.5623328670494374,,,,265000,-76.03489865323525,,,887.766729682684,1000.0
0.001,267818,0.4312758102715015,280,978.51,2849,268204,-75.93354995727539,668.0419092499999,94,,
0.001,269157,0.1652323577441275,,,,270000,-75.90525480651856,,,930.0158142507076,1000.0
0.001,271157,0.5940483320206403,284,968.69,2888,271222,-75.7922947845459,661.1981048600001,93,,
0.001,274175,0.4792309244126082,,,,275000,-75.64903240966797,,,881.2770852565766,1000.0
,,,288,968.69,2926,275222,,660.2024610199999,94,,
0.001,278175,0.5830389645919204,292,968.69,2955,279222,-75.49520388793945,658.79976834,94,,
0.001,279175,0.22642161217704415,,,,280000,-75.5038229675293,,,904.9692333042622,1000.0
0.001,282175,0.3425738297402859,296,968.69,2998,283222,-75.48231843566894,658.3578889300001,94,,
0.001,284505,0.5749902218015808,,,,285000,-75.40381858132102,,,884.6016919672489,1000.0
0.001,285505,0.3689912022724748,300,961.99,3037,286552,-75.38173439025879,652.9840022200001,94,,
0.001,289505,0.6828335252888501,,,,290000,-75.23808518981933,,,928.985542166233,1000.0
,,,304,968.74,3080,290552,,656.5791300300001,94,,
0.001,293505,0.5716262722723185,308,968.74,3109,294552,-75.0501563873291,655.5264715000001,94,,
0.001,294505,0.48985816026479007,,,,295000,-75.03081062316895,,,952.5288522422313,1000.0
0.001,297505,0.16946122641116382,312,968.74,3151,298552,-75.0160072631836,654.51162252,94,,
0.001,299505,0.46865827969834206,,,,300000,-75.01485493469238,,,941.1250383794307,1000.0
0.001,301505,0.4115889777690172,316,968.74,3194,302552,-75.00899987792968,654.16167389,94,,
0.001,304505,0.33452911629900334,,,,305000,-74.95750088500976,,,931.2637396037578,1000.0
0.001,305505,0.4212104493714869,320,968.74,3236,306552,-74.9180376739502,653.78764782,94,,
0.001,309505,0.24190945563837885,,,,310000,-74.89534747314453,,,946.6674919724464,1000.0
,,,324,971.83,3278,310552,,655.0952113,94,,
0.001,313505,0.446295581959188,328,971.83,3305,314552,-74.8527050628662,654.0111558,95,,
0.001,314505,0.2802803055495024,,,,315000,-74.82763166809082,,,908.0658594191075,1000.0
0.001,317505,0.21804222220554947,332,971.83,3346,318552,-74.77892298889161,653.4724481600001,95,,
0.001,319505,0.2942523632347584,,,,320000,-74.8283172454834,,,945.2175357580185,1000.0
0.001,321505,0.20630567492172122,336,971.83,3387,322552,-74.8643346710205,653.14945688,95,,
0.001,324505,0.310852162707597,,,,325000,-74.95611801147462,,,952.7050755918026,1000.0
0.001,325505,0.15656623838096856,340,971.83,3428,326552,-75.00905265808106,654.03932642,95,,
0.001,329505,0.24046074018627406,,,,330000,-75.11067372131347,,,938.1240425288677,1000.0
,,,344,971.83,3468,330552,,654.25011307,95,,
0.001,333505,0.25026109523326157,348,971.83,3497,334552,-75.1114465637207,653.9579395800001,95,,
0.001,334505,0.19007646927237512,,,,335000,-75.15692608642578,,,953.0537103891372,1000.0
0.001,337505,0.33466261243075135,352,965.47,3539,337916,-75.18937748718261,648.99816669,95,,
0.001,339869,0.40888720788061617,,,,340000,-75.23692942810058,,,933.6328723669052,1000.0
0.001,340869,0.8233807587847114,356,965.47,3578,341916,-75.21436741638183,648.49593326,95,,
0.001,344869,0.3280326181054115,,,,345000,-75.19052391052246,,,957.6821002483368,1000.0
,,,360,965.47,3621,345916,,648.6739437,95,,
0.001,348869,0.33904884807392954,364,966.22,3649,349916,-75.28176075744629,649.8179087699999,95,,
0.001,349869,0.21194283866137267,,,,350000,-75.3326537475586,,,937.8039461493493,1000.0
0.001,352869,0.34784774409607055,368,968.88,3692,353916,-75.3377582244873,651.5220072899999,95,,
0.001,354760,0.502826644515349,,,,355000,-75.36420026702197,,,962.7845792531967,1000.0
0.001,356760,0.339201523359865,372,967.79,3735,357807,-75.3975280303955,651.02177937,95,,
0.001,359760,0.42721531914919614,,,,360000,-75.42821617126465,,,839.6185181617736,1000.0
0.001,360760,0.45308713461458683,376,969.42,3779,361807,-75.45485543823243,651.94906907,95,,
0.001,363852,0.3984348684027791,380,964.16,3800,364620,-75.45025396728515,648.81635393,95,,
0.001,364573,0.34154240992669427,,,,365000,-75.43879629770915,,,965.7611603021621,1000.0
0.001,367573,0.40365238875150683,384,973.98,3843,368620,-75.46856253051757,656.6973531599999,95,,
0.001,369573,0.4553604716993868,,,,370000,-75.47801434326172,,,916.1693922936917,1000.0
0.001,371573,0.16084536441788078,388,973.98,3887,372620,-75.48960598754883,657.98014438,95,,
0.001,374573,0.3991653146594763,,,,375000,-75.53033207702637,,,970.2621191322803,1000.0
0.001,375573,0.4714388043731451,392,973.98,3932,376620,-75.55610136413574,659.47463044,95,,
0.001,379573,0.20299920888245107,,,,380000,-75.63432717895508,,,972.5088286399841,1000.0
,,,396,973.98,3975,380620,,660.0437084299999,95,,
0.001,383573,0.3329556805752218,400,980.68,4005,384620,-75.52268168640137,664.92068123,96,,
0.001,384573,0.12493736559152603,,,,385000,-75.49859088134765,,,956.3646779358387,1000.0
0.001,387267,0.34448178330436346,404,975.78,4046,388130,-75.4754443206787,661.8514698700002,95,,
0.001,389083,0.4000149979516864,,,,390000,-75.44531867980957,,,949.3897550344467,1000.0
0.001,391083,0.3419627150222659,408,966.19,4088,391171,-75.4621167602539,656.24874515,95,,
0.001,394124,0.154724834356457,,,,395000,-75.43489100646973,,,945.0406719386577,1000.0
,,,412,966.19,4126,395171,,656.9747574,95,,
0.001,397193,0.1290458785235018,416,956.88,4148,398240,-75.36649861055263,650.70079847,96,,
0.001,399193,0.6399015282317996,,,,400000,-75.32365701293945,,,945.7835508346558,1000.0
0.001,401193,0.5398818786814809,420,948.11,4189,401363,-75.26108006286621,644.9870771999999,95,,
0.001,404316,0.6208454937599599,,,,405000,-75.03681298828126,,,942.0643909573555,1000.0
,,,424,948.11,4228,405363,,644.9438063700001,95,,
0.001,408316,0.4692087804749608,428,948.11,4256,409363,-74.75669075012208,644.7035516699999,96,,
0.001,409316,0.4675135254189372,,,,410000,-74.68798233032227,,,967.5823175787925,1000.0
0.001,412316,0.4818355752043426,432,948.11,4302,413363,-74.56691011047363,644.5559154900001,96,,
0.001,414316,0.4264355140551925,,,,415000,-74.46140910339355,,,938.3027201175689,1000.0
0.001,416316,0.4475244993939996,436,948.11,4345,417363,-74.29472445678711,642.9787784499999,96,,
0.001,419712,0.44055185498297217,,,,420000,-74.20117247009277,,,919.6171590268611,1000.0
,,,440,942.07,4381,420759,,636.5403142,96,,
0.001,423712,0.32316200305521486,444,942.07,4408,424759,-74.06614224243164,635.59332769,96,,
0.001,424712,0.518829564154148,,,,425000,-74.0440915222168,,,936.709668713808,1000.0
0.001,427712,0.8213552183359861,448,942.07,4449,428759,-73.89619065856934,634.63061065,96,,
0.001,429712,0.34934530951455234,,,,430000,-73.80731970214843,,,911.4291767060756,1000.0
0.001,431240,0.6523864831860092,452,943.71,4487,432287,-73.72656195091479,634.47904062,96,,
0.001,434240,0.23610555502772332,,,,435000,-73.6539838256836,,,938.6950816035271,1000.0
0.001,435240,0.4089767040871084,456,943.71,4528,436287,-73.62157006835938,633.08566405,96,,
0.001,439240,0.5855645442046226,,,,440000,-73.3824875793457,,,916.6460839688777,1000.0
,,,460,943.71,4570,440287,,631.3022863699999,96,,
0.001,443240,0.5259448414891958,464,943.71,4597,444287,-73.14060063171387,629.61811262,96,,
0.001,444240,0.4631530776023865,,,,445000,-73.12387953186035,,,941.7658138155937,1000.0
0.001,447240,0.208430360250175,468,943.71,4639,448287,-72.99045838928222,628.63168224,96,,
0.001,449240,0.4936040562465787,,,,450000,-72.91035620117188,,,952.9197418272495,1000.0
0.001,451240,0.507565910037607,472,944.8,4680,452287,-72.86635485839844,628.0915426099999,96,,
0.001,454240,0.5320548987463116,,,,455000,-72.75506802368164,,,925.5166714668273,1000.0
0.001,455240,0.3495385458134115,476,944.8,4723,456287,-72.71799102783203,626.02877156,96,,
0.001,459240,0.44032373287901283,,,,460000,-72.60132955932617,,,933.4608282566071,1000.0
,,,480,956.67,4766,460287,,633.05675763,96,,
0.001,463240,0.2775965297780931,484,956.67,4797,464287,-72.49825498962403,630.7327272599999,96,,
0.001,464240,0.3432065488100052,,,,465000,-72.5100390625,,,907.1583858728409,1000.0
0.001,467240,0.34092920063436033,488,956.67,4838,468287,-72.49148776245117,628.53673407,96,,
0.001,469240,0.27606078899651765,,,,470000,-72.52177868652343,,,910.0850276589393,1000.0
0.001,471240,0.2264126722589135,492,956.67,4882,472287,-72.52500357055663,627.07831968,96,,
0.001,474784,0.49554104343056676,,,,475000,-72.54191606140137,,,930.1768104970455,1000.0
,,,496,952.11,4920,475831,,622.5013664000002,96,,
0.001,478073,0.4058639944344759,500,945.0,4942,479120,-72.40891746520997,617.19752906,96,,
0.001,479073,0.3344580390192568,,,,480000,-72.37087243652344,,,917.1682687282562,1000.0
0.001,482073,0.23982474187016486,504,949.9,4983,483120,-72.35024401855469,619.52681417,96,,
0.001,484073,0.4681371287330985,,,,485000,-72.33374269104004,,,942.581533807516,1000.0
0.001,486073,0.44418376601487397,508,959.49,5025,487120,-72.24800646972656,624.9329813600001,96,,
0.001,489073,0.489571835026145,,,,490000,-72.14612591552735,,,943.3685218930244,1000.0
0.001,490073,0.38231722615659236,512,959.49,5067,491120,-72.10900703430175,622.65628069,96,,
0.001,494073,0.28828837518393996,,,,495000,-71.95743905639648,,,925.2505482077598,1000.0
,,,516,968.8,5107,495120,,627.41469065,96,,
0.001,498073,0.24572502195090057,520,977.57,5134,499120,-71.938443359375,632.96770456,97,,
0.001,499073,0.24382661121338606,,,,500000,-71.89849635314941,,,905.4812424838543,1000.0
0.001,502073,0.23303287537395953,524,977.57,5174,503120,-71.92747897338867,632.0655041699999,97,,
0.001,504785,0.4211982921361923,,,,505000,-71.92551400756835,,,956.8255871236324,1000.0
0.001,505785,0.45467039181292057,528,974.69,5214,506832,-71.91483805847167,630.0158790199999,97,,
0.001,508861,0.14679623277563797,532,965.45,5235,509908,-71.66316122757762,622.3602166,97,,
0.001,509861,0.5381084004119039,,,,510000,-71.61390148925781,,,946.8729130327702,1000.0
0.001,512861,0.3426605305969715,536,958.62,5273,513225,-71.56482524108887,616.49677551,97,,
0.001,514075,0.4781935945269522,,,,515000,-71.50988294397082,,,936.8961390793323,1000.0
0.001,516075,0.3849394665285945,540,963.63,5310,517122,-71.57907861328125,620.6148637599999,97,,
0.001,519075,0.3687067171484232,,,,520000,-71.51659843444824,,,891.0704084992409,1000.0
0.001,520075,0.45358906646072866,544,963.63,5352,521122,-71.48930500793458,620.00013655,97,,
0.001,524075,0.21739692936837673,,,,525000,-71.38459413146973,,,920.2895082116127,1000.0
,,,548,963.63,5394,525122,,619.6579765500001,97,,
0.001,528075,0.39456757839024065,552,968.35,5421,529122,-71.31596363830566,623.07375313,97,,
0.001,529075,0.4918646465539932,,,,530000,-71.33343580627441,,,859.0243890821934,1000.0
0.001,531840,0.37982170493189804,556,966.0,5463,532887,-71.2213278588676,621.43552194,97,,
0.001,534923,0.49293974224478004,,,,535000,-71.21813954162597,,,876.9606475949288,1000.0
,,,560,956.83,5499,535970,,615.40287179,97,,
0.001,538923,0.44816204320639375,564,956.83,5526,539970,-71.19112477111817,615.14007498,97,,
0.001,539923,0.43214704673737286,,,,540000,-71.15511672973633,,,831.5364215731621,1000.0
0.001,542923,0.44431591852754354,568,956.83,5568,543970,-71.11973104858399,614.67677586,97,,
0.001,544923,0.38075026584416627,,,,545000,-71.02052206420899,,,933.4085747539997,1000.0
0.001,546923,0.33541032276302574,572,956.83,5611,547970,-71.08415881347656,615.77179131,97,,
0.001,549923,0.29518178816884755,,,,550000,-71.11616194152832,,,957.2563209116458,1000.0
0.001,550923,0.4874424153342843,576,956.83,5653,551970,-71.17226629638672,616.40989393,97,,
0.001,554224,0.3555525535643101,,,,555000,-71.24099201965332,,,954.5212654948234,1000.0
,,,580,949.84,5691,555271,,612.75892769,97,,
0.001,558224,0.41628491339832546,584,949.84,5719,559271,-71.48359127807618,614.46602074,97,,
0.001,559224,0.3886069895029068,,,,560000,-71.51799513244629,,,899.0698181390762,1000.0
0.001,562224,0.5904962721914053,588,949.84,5760,563271,-71.57968922424317,615.24593741,97,,
0.001,564375,0.7989714069180931,,,,565000,-71.57922434488933,,,936.7432839870453,1000.0
0.001,565375,0.518884011566639,592,941.35,5797,566422,-71.62463175964355,609.82501702,97,,
0.001,569375,0.38990006463229654,,,,570000,-71.72750233459473,,,908.2766744971275,1000.0
,,,596,945.91,5840,570422,,613.26096612,97,,
0.001,572789,0.45810580998659134,600,947.16,5863,573836,-71.66217666625977,613.4116404800001,97,,
0.001,574472,0.5118744642982371,,,,575000,-71.542836707935,,,913.5083886146546,1000.0
0.001,576472,0.4786741167530417,604,943.99,5904,577519,-71.51151307678222,610.77569258,97,,
0.001,579472,0.3987998555228114,,,,580000,-71.31684536743164,,,894.8593927562237,1000.0
0.001,580472,0.35134344374388454,608,943.99,5947,581519,-71.26438404846192,610.41993836,97,,
0.001,584472,0.3406844260543585,,,,585000,-71.22841580200195,,,931.4961133301258,1000.0
,,,612,943.99,5990,585519,,611.791063,97,,
0.001,588472,0.3024890256747603,616,943.99,6018,589519,-71.42168101501464,610.2511847000001,97,,
0.001,589472,0.4709131971001625,,,,590000,-71.39043598937988,,,895.6697528719902,1000.0
0.001,592472,0.5047288803681731,620,943.99,6062,593519,-71.44072479248047,610.74389231,97,,
0.001,594472,0.25036024605482815,,,,595000,-71.54278588867187,,,947.930045169592,1000.0
0.001,596472,0.5814207092151046,624,943.99,6105,597519,-71.61724829101563,612.20035972,97,,
0.001,599472,0.35386379627883435,,,,600000,-71.55337922668457,,,928.4124164283276,1000.0
0.001,600472,0.6118002084568143,628,946.87,6148,601519,-71.5223219909668,614.6111182,97,,
0.001,604472,0.6201594870612025,,,,605000,-71.39670487976075,,,936.8172457873821,1000.0
,,,632,956.11,6191,605519,,622.00582558,97,,
0.001,608472,0.38714523389935496,636,962.94,6220,609519,-71.5209806060791,628.44037708,97,,
0.001,609472,0.3222730537652969,,,,610000,-71.53987437438965,,,906.7807001829148,1000.0
0.001,612472,0.667950116187334,640,963.97,6263,613519,-71.49118843078614,629.2593711999999,97,,
0.001,614472,0.49310608618706464,,,,615000,-71.54143911743164,,,961.6402767598629,1000.0
0.001,616472,0.5909150674119592,644,963.97,6305,617519,-71.5365722503662,629.94688437,97,,
0.001,619472,0.47649957693368195,,,,620000,-71.53240089416504,,,913.785778337717,1000.0
0.001,620472,0.6459662759527564,648,963.97,6349,621519,-71.54916722106934,630.15321898,97,,
0.001,624374,0.8677735165372789,,,,625000,-71.40343351850488,,,925.8401683211326,1000.0
,,,652,962.99,6392,625421,,629.8901165400001,97,,
0.001,628374,0.49322267885506155,656,965.34,6421,629421,-71.1097555847168,631.7143650400001,98,,
0.001,629374,0.5964343107789755,,,,630000,-71.14294873046875,,,928.7877305686474,1000.0
0.001,631992,1.2513097265922135,660,970.69,6462,633039,-71.0519790155602,635.33871607,97,,
0.001,633992,0.6243027599677443,,,,635000,-70.92143144226074,,,905.8091123878955,1000.0
0.001,635992,0.4991307189464569,664,970.69,6506,637039,-70.80936605834961,634.69448685,97,,
0.001,638992,0.5272620907202363,,,,640000,-70.5266531829834,,,858.3467293679714,1000.0
0.001,639992,0.4273215581998229,668,970.69,6548,641039,-70.52086009216309,634.44619411,97,,
0.001,643992,0.46237918842583897,,,,645000,-70.48208337402343,,,902.0558118462562,1000.0
,,,672,970.69,6589,645039,,633.2454198,97,,
0.001,647992,0.3095083846375346,676,970.69,6616,649039,-70.40607206726074,632.96680576,98,,
0.001,648992,0.44099407220631837,,,,650000,-70.39806820678712,,,916.3511723220348,1000.0
0.001,651992,0.3944317428320646,680,977.68,6657,653039,-70.26925994873046,635.4771767,98,,
0.001,653992,0.4590696832537651,,,,655000,-70.3088678894043,,,871.7087289333343,1000.0
0.001,655992,0.2533183122500777,684,977.68,6699,657039,-70.28074899291992,632.68572518,98,,
0.001,659552,0.4061909883692861,,,,660000,-70.26897589111329,,,907.3757003605366,1000.0
,,,688,973.28,6737,660599,,629.5985292,98,,
0.001,663552,0.4251476781219244,692,981.77,6766,664599,-70.28671903991699,635.45879192,98,,
0.001,664552,0.49373491809517145,,,,665000,-70.35022550964355,,,875.1639502108097,1000.0
0.001,667552,0.4248721249252558,696,981.77,6809,668599,-70.20017559814453,634.41599976,98,,
0.001,669552,0.7368503904789686,,,,670000,-70.04449249267579,,,879.1491167902947,1000.0
0.001,671552,0.39725445056706665,700,987.63,6851,672599,-69.95873246765137,637.03531393,98,,
0.001,674552,0.3232798756435514,,,,675000,-69.66961965942383,,,918.8018691718578,1000.0
0.001,675552,0.3277089597582817,704,990.8,6895,676599,-69.73943341064454,638.8276780399999,98,,
0.001,679285,0.46599099892833223,,,,680000,-69.58539093517867,,,847.5967389643192,1000.0
,,,708,988.13,6935,680332,,636.41193237,98,,
0.001,683285,0.4460188112407923,712,988.13,6962,684332,-69.45401663208008,634.73809869,98,,
0.001,684285,0.31309746687114237,,,,685000,-69.46575273132325,,,918.68855920434,1000.0
0.001,687285,0.3978146372064948,716,988.13,7004,688332,-69.51286686706543,636.52663094,98,,
0.001,689285,0.29095219281315804,,,,690000,-69.513779586792,,,937.7792177498341,1000.0
0.001,691285,0.3628240241408348,720,988.13,7045,692332,-69.57328535461426,635.79555184,98,,
0.001,694285,0.30517802508920433,,,,695000,-69.61412030029297,,,946.6986961603164,1000.0
0.001,695285,0.6130821361392736,724,988.13,7089,696332,-69.64818298339844,635.02731623,98,,
0.001,699285,0.39457345508784053,,,,700000,-69.6881960144043,,,944.7177952826023,1000.0
,,,728,988.13,7131,700332,,634.6499936100001,98,,
0.001,703285,0.3287327761128545,732,988.13,7159,704332,-69.7732961730957,635.2013541199999,98,,
0.001,704285,0.5146314053460955,,,,705000,-69.83837252807618,,,940.7040995538234,1000.0
0.001,707285,0.49413538582623007,736,988.13,7201,708332,-69.90035983276367,634.64286702,98,,
0.001,709285,0.48362798435240983,,,,710000,-69.84518872070312,,,845.9393647253513,1000.0
0.001,711285,0.3747634247392416,740,988.13,7243,712332,-69.6478943939209,632.33253706,98,,
0.001,714285,0.49392495782673357,,,,715000,-69.58635087585449,,,895.5952003240585,1000.0
0.001,715285,0.3561571248844266,744,988.13,7286,716332,-69.60142405700684,631.6809825999999,98,,
0.001,719285,0.3850257734134793,,,,720000,-69.62068435668945,,,922.8071905612945,1000.0
,,,748,988.13,7329,720332,,631.3013034800001,98,,
0.001,723285,0.5028357840105891,752,989.11,7356,724332,-69.56052436828614,631.2233068600001,98,,
0.001,724285,0.40281421747803686,,,,725000,-69.53686065673828,,,904.4766186416149,1000.0
0.001,727285,0.41825984460115434,756,989.11,7400,728332,-69.5641480255127,631.2233109800001,98,,
0.001,729522,0.4362793990299106,,,,730000,-69.61017079162598,,,933.1421646654605,1000.0
0.001,730522,0.4756690828204155,760,985.3,7436,731569,-69.62128143310547,628.8847917400001,98,,
0.001,734522,0.45319159430265427,,,,735000,-69.64243696594238,,,921.7654145479203,1000.0
,,,764,985.3,7478,735569,,630.0674212099999,98,,
0.001,738522,0.38557947009801863,768,982.91,7505,739330,-69.68660884094238,628.9794765199999,98,,
0.001,739283,0.4775271818296355,,,,740000,-69.72959628858064,,,889.1694220662117,1000.0
0.001,742283,0.3656940044686198,772,982.91,7546,743330,-69.5275968170166,628.9122791499999,98,,
0.001,744283,0.39658497538417575,,,,745000,-69.42737962341309,,,898.637127918005,1000.0
0.001,746283,0.39408780373632907,776,982.91,7587,747330,-69.35841537475586,628.78589632,98,,
0.001,749083,0.46730201265215876,,,,750000,-69.34807769775391,,,903.4518455982209,1000.0
,,,780,970.91,7621,750130,,620.7708108999999,98,,
0.001,753083,0.700314883172512,784,970.91,7648,754130,-69.17425323486329,621.35484284,98,,
0.001,754083,0.34773348727077247,,,,755000,-69.21287355041504,,,882.4502315878868,1000.0
0.001,756306,0.3149853410050273,788,967.54,7685,757353,-69.2670355834961,619.11049587,98,,
0.001,759581,0.48962455573678015,,,,760000,-69.30926861572266,,,937.663212621212,1000.0
,,,792,960.29,7723,760628,,613.52519894,98,,
0.001,763581,0.3617071413770318,796,960.29,7751,764628,-69.27502015686035,611.79895305,98,,
0.001,764581,0.5695239452719688,,,,765000,-69.2341474609375,,,947.8394648194313,1000.0
0.001,767293,0.4577042779624462,800,957.41,7793,768340,-69.22635702514648,611.8402117999999,98,,
0.001,769293,0.6056481516510248,,,,770000,-69.30733282470703,,,946.3089047491551,1000.0
0.001,771293,0.38339567483216525,804,957.41,7835,772340,-69.36818083190919,613.1201703,98,,
0.001,774293,0.6036861734092236,,,,775000,-69.39687197875976,,,932.4652943193912,1000.0
0.001,775293,0.5778541707322001,808,960.08,7876,776340,-69.4379114227295,615.9987354,98,,
0.001,778897,0.5018592498973012,812,956.12,7900,779944,-69.44539730834961,614.060007,98,,
0.001,779897,0.683505702778697,,,,780000,-69.33336183166504,,,901.239368057251,1000.0
0.001,782897,0.6606064612418413,816,956.12,7941,783944,-69.18546318054199,613.3562968699999,98,,
0.001,784897,0.6518792359605432,,,,785000,-68.97137841796875,,,921.8961790382862,1000.0
0.001,786352,0.7516983686611056,820,950.67,7980,787399,-68.83799298095703,607.36226987,98,,
0.001,789352,0.6026784118339419,,,,790000,-68.65144317626954,,,926.9201359629631,1000.0
0.001,790352,0.7091375787258148,824,950.67,8021,791399,-68.55679823303223,605.5409596800001,98,,
0.001,794352,0.7228404388576746,,,,795000,-68.30938771057129,,,887.1657302558422,1000.0
,,,828,950.67,8060,795399,,604.0723651100001,98,,
0.001,797772,0.5813442680835724,832,944.87,8082,798819,-68.08283442687988,597.5602851,98,,
0.001,799772,0.7226451755240559,,,,800000,-68.07972491455078,,,918.1482206702233,1000.0
0.001,801772,0.8702343673408032,836,944.87,8123,802819,-67.94556401062012,595.69156794,98,,
0.001,804772,0.8209561597704887,,,,805000,-67.45443371582031,,,843.0303676784039,1000.0
0.001,805772,0.7124153808951378,840,944.87,8163,806819,-67.27595268249512,593.5370982200001,98,,
0.001,809772,0.9202620440050959,,,,810000,-66.89536170196533,,,897.3890067219734,1000.0
,,,844,944.87,8201,810819,,592.19376164,98,,
0.001,813772,0.9060270567387343,848,944.87,8229,814819,-66.52249350738525,591.25754976,99,,
0.001,814772,0.8009309653490781,,,,815000,-66.46234185791016,,,867.1940188229084,1000.0
0.001,817772,1.1231838356256485,852,944.87,8272,818819,-66.21539820861817,589.33812463,98,,
0.001,819772,1.0723120837286115,,,,820000,-66.08322594451904,,,843.8745870649815,1000.0
0.001,821772,1.1918389081209897,856,944.87,8313,822819,-65.75490577697754,586.62143997,98,,
0.001,824772,1.0486881590634585,,,,825000,-65.30680142211914,,,945.7647487461567,1000.0
0.001,825772,1.0320134830325842,860,952.5,8353,826819,-65.36186785125733,589.4318039899999,98,,
0.001,829772,1.1798493731990456,,,,830000,-65.16718765258788,,,934.8098886668682,1000.0
,,,864,952.5,8395,830819,,588.510111,98,,
0.001,833772,1.3495221907794475,868,954.89,8422,834819,-64.88011051940919,589.86730796,99,,
0.001,834772,1.4127692385315895,,,,835000,-64.89681254577637,,,930.0609246253968,1000.0
0.001,837772,1.571878169104457,872,954.89,8462,838819,-64.79657113647461,588.26932928,99,,
0.001,839772,1.5974364610314369,,,,840000,-64.91513469696045,,,826.6793454140425,1000.0
0.001,841772,1.673836147889495,876,954.89,8503,842819,-65.35965841674805,584.3717573899999,99,,
0.001,844772,2.1176565241217613,,,,845000,-66.26651447296143,,,735.5795479059219,1000.0
0.001,845772,2.3406936625242234,880,966.89,8542,846819,-66.6074303970337,586.61053619,99,,
0.001,849584,3.186262288263866,,,,850000,-66.31362124851772,,,-1092.7768232597969,1000.0
,,,884,965.01,8578,850631,,557.6502795499999,99,,
0.001,853584,11.708388234615326,888,972.78,8604,854631,-73.94848864746093,468.48183544000005,99,,
0.001,854584,14.976391114711761,,,,855000,-78.48719058227539,,,-1916.5902250885963,1000.0
0.001,857584,25.598547722816466,892,980.03,8646,858631,-90.86784436035157,375.33565534,99,,
0.001,859584,21.121563205718996,,,,860000,-89.81335946655274,,,-1863.1822874426841,1000.0
0.001,861584,21.30555643558502,896,980.03,8684,862631,-90.01161972045898,290.93009906,99,,
0.001,864584,16.861264604091645,,,,865000,-93.12952398681641,,,-492.5777359281143,1000.0
0.001,865584,16.970400755405425,900,982.91,8723,866631,-94.04013456726074,241.85874273,99,,
0.001,869584,15.475743691444396,,,,870000,-104.799627243042,,,-1532.6542783975601,1000.0
,,,904,982.91,8764,870631,,157.78674786,99,,
0.001,873584,13.632550924777984,908,979.65,8790,874305,-107.36714729309082,76.24115407999997,99,,
0.001,874258,15.518922092652817,,,,875000,-108.48116662452766,,,-763.1450588969049,901.5
0.001,877258,14.324137521266938,912,983.61,8828,878305,-115.16380456542969,-6.871808700000024,99,,
0.001,879258,20.28562703180313,,,,880000,-121.49193064880372,,,-1571.3805370743387,802.2
0.001,881258,11.96341370677948,916,983.61,8865,882305,-122.609552444458,-85.53620214,99,,
0.001,884760,9.845558756851105,,,,885000,-121.5873628897496,,,-1903.927828848362,932.7
,,,920,984.08,8898,885807,,-163.86420979,99,,
0.001,887855,9.696275210618973,924,975.03,8916,888902,-117.60777694702148,-236.65959249,99,,
0.001,889855,9.469792412042619,,,,890000,-113.46704425048829,,,-988.1014569597319,1000.0
0.001,891855,10.079998557806015,928,975.03,8949,892902,-110.72530743408203,-294.40287563,99,,
0.001,894577,10.146970972294953,,,,895000,-108.2695286082429,,,-88.32003157599247,1000.0
0.001,895577,9.37421202147007,932,978.05,8985,896624,-106.94284475708008,-353.01756144,99,,
0.001,899577,8.720576067209244,,,,900000,-101.14825579833985,,,-648.906640791148,1000.0
,,,936,978.05,9025,900624,,-405.58249859000006,99,,
0.001,903577,8.675490198850632,940,978.05,9051,904624,-94.20318440246582,-455.56390505,99,,
0.001,904577,7.88919178032875,,,,905000,-92.94493130493164,,,-136.5347192992951,1000.0
0.001,907577,7.143595942497253,944,978.05,9086,908624,-90.96324478149414,-504.73854546999996,99,,
0.001,909577,5.780973865628242,,,,910000,-88.53181300354004,,,141.58591630257797,1000.0
0.001,911577,5.584923745274544,948,978.05,9123,912624,-85.90147505187988,-555.55877816,100,,
0.001,914577,6.132092762708664,,,,915000,-82.82093589782716,,,427.95270063067437,1000.0
0.001,915577,6.262316044092178,952,978.05,9161,916624,-81.8054966430664,-578.42424353,100,,
0.001,919577,4.954355951070785,,,,920000,-78.77628143310547,,,693.1062666278333,1000.0
,,,956,978.05,9198,920624,,-600.1031443800001,100,,
0.001,923577,4.446619952619076,960,978.05,9222,924624,-75.02755372619629,-634.7439569600001,100,,
0.001,924577,4.335841615855694,,,,925000,-73.85619189453125,,,484.6910505021166,1000.0
0.001,927577,3.9872253232598305,964,978.05,9259,928624,-70.94010214233398,-664.1228166400001,100,,
0.001,929577,3.959448243021965,,,,930000,-68.75278128051758,,,274.44092566390754,1000.0
0.001,930701,4.433605396939862,968,969.29,9289,931748,-67.90269248716292,-687.9128782399998,100,,
0.001,934701,4.443944134533405,972,959.91,9314,934810,-66.8537126235962,-726.0290372700001,100,,
0.001,934763,4.339709297303231,,,,935000,-66.77339652276808,,,594.5783459961415,1000.0
0.001,937763,6.335343079090118,976,959.91,9351,938810,-66.27086543273926,-767.8265534299999,100,,
0.001,939763,8.076796292543412,,,,940000,-66.4566462020874,,,761.6877374842763,1000.0
0.001,941763,6.418137808561325,980,951.15,9392,941934,-66.25394245910644,-825.3897242400001,100,,
0.001,944887,6.511748356699943,,,,945000,-66.84124076843261,,,-94.6141156958416,907.0
,,,984,953.03,9427,945934,,-848.75832701,100,,
0.001,948123,5.116278800368309,988,945.39,9447,949170,-64.99865574645996,-778.4184205700002,100,,
0.001,949123,4.736410449802875,,,,950000,-64.23810166168212,,,677.6122294574976,1000.0
0.001,951512,5.02707668608427,992,939.28,9481,952559,-62.282576263427735,-706.43281411,100,,
0.001,954512,4.6161213743090626,,,,955000,-60.036060760498046,,,793.535127761215,1000.0
0.001,955512,4.179489563167095,996,939.28,9523,956559,-59.411403579711916,-635.2086047199999,100,,
0.001,959512,3.751732356548309,,,,960000,-57.54345158386231,,,820.5361215263605,1000.0
,,,1000,939.28,9563,960559,,-598.1928402399999,100,,
0.001,963512,3.8459034974575044,1004,938.68,9589,964499,-55.95054009246826,-528.69206375,100,,
0.001,964452,4.085938385382612,,,,965000,-55.78959982851718,,,711.5552390359342,1000.0
0.001,966016,4.316384805738926,1008,922.15,9619,966520,-55.118117268880205,-466.80463659000003,100,,
0.001,969361,4.033875948439042,,,,970000,-54.27831251127226,,,633.7310935861431,900.8
,,,1012,920.03,9656,970308,,-396.97536554,100,,
0.001,971713,5.371715039664261,1016,904.55,9672,972760,-53.13426741812993,-352.64950228000004,100,,
0.001,974881,4.668199856817722,,,,975000,-52.32514704895019,,,703.9100322604179,1000.0
,,,1020,901.21,9708,975928,,-286.44821688,100,,
0.001,978881,4.095068973302841,1024,910.26,9735,979928,-50.584682746887204,-223.82316874,100,,
0.001,979881,3.692937966644764,,,,980000,-49.89184743499756,,,751.160989654623,1000.0
0.001,982532,3.186606185257435,1028,897.47,9774,982649,-49.75763014984131,-180.96227829000003,100,,
0.001,984602,3.29152626568079,,,,985000,-49.31228167724609,,,831.3099243998528,1000.0
0.001,985602,3.154944823473692,1032,900.25,9807,986649,-49.21195991516113,-129.30938884000003,100,,
0.001,989602,2.6263817085027696,,,,990000,-48.693956634521484,,,772.609143525362,1000.0
,,,1036,900.25,9848,990649,,-86.21720578000003,100,,
0.001,993602,2.532098237365484,1040,900.25,9874,994649,-48.6115786895752,-41.41230289000001,100,,
0.001,994602,2.384041609376669,,,,995000,-48.67638796234131,,,630.957553719543,853.2
0.001,997602,2.1626219165623186,1044,900.25,9912,998649,-48.272192367553714,-40.541152129999986,100,,
0.001,999602,2.1230897087156775,,,,1000000,-48.08983915710449,,,799.7417786985636,1000.0
0.001,1001602,2.0216300695836544,1048,900.25,9953,1002649,-47.8669722366333,3.5592173599999986,100,,
0.001,1004602,1.96114562523365,,,,1005000,-48.02231771850586,,,817.2489932239056,1000.0
0.001,1005602,1.7521779898405074,1052,900.25,9994,1006649,-47.95859788513184,23.43150136,100,,
0.001,1009602,1.6022156510055066,,,,1010000,-48.274087341308594,,,948.6165032327175,1000.0
,,,1056,900.25,10035,1010649,,42.17065386,100,,
0.001,1013602,1.515427195340395,1060,900.25,10062,1014649,-49.12292797851563,75.92327356,100,,
0.001,1014602,1.4768576952517032,,,,1015000,-49.24918171691895,,,904.4435130774975,1000.0
0.001,1017602,1.2724566474556922,1064,900.25,10108,1018649,-49.903635681152345,103.03481936999998,100,,
0.001,1019602,1.2808575949370862,,,,1020000,-50.35179779815674,,,891.8071280419827,1000.0
0.001,1021602,1.42254271620512,1068,909.01,10153,1022649,-50.931186294555665,125.00489015000001,100,,
0.001,1024602,1.4517403258681296,,,,1025000,-51.66654013824463,,,891.7648980736733,1000.0
0.001,1025602,1.3749050845056772,1072,918.39,10196,1026649,-51.89351266479492,163.39401855999998,100,,
0.001,1029602,1.262132096424699,,,,1030000,-52.72625035095215,,,894.1036832034588,1000.0
,,,1076,918.39,10240,1030649,,207.33254219999998,100,,
0.001,1033602,1.1738153239190579,1080,927.15,10267,1034649,-53.629919075012204,270.06039878999997,100,,
0.001,1034602,1.1380245780795812,,,,1035000,-53.84811109161377,,,939.885168993473,1000.0
0.001,1037602,1.091667370006442,1084,927.15,10311,1038649,-54.477895797729495,322.67622731,100,,
0.001,1039602,1.4029952219724655,,,,1040000,-54.647003005981446,,,899.5333578646183,1000.0
0.001,1041090,1.2325293070673942,1088,922.67,10345,1041437,-54.86994125366211,335.77047539,100,,
0.001,1044390,1.3991229369938374,,,,1045000,-55.27178818511963,,,901.139625877142,1000.0
,,,1092,928.78,10373,1045437,,357.43914647,100,,
0.001,1048390,1.5104834427833558,1096,928.78,10394,1049437,-55.69532334136963,370.71761791000006,100,,
0.001,1049390,1.3141567896902562,,,,1050000,-55.73922282409668,,,851.457231926918,1000.0
0.001,1052390,1.3961791155338288,1100,928.78,10426,1053437,-55.887020874023435,381.9136403099999,101,,
0.001,1054390,1.3624181348979474,,,,1055000,-56.02499113464356,,,927.5225321173668,1000.0
0.001,1056390,1.3815201539993287,1104,929.38,10457,1057437,-56.16674063873291,393.68582392999997,101,,
0.001,1059390,1.5692233625948429,,,,1060000,-56.44001466369629,,,787.622738212347,1000.0
0.001,1060390,1.5877127330303191,1108,949.17,10487,1061437,-56.519148612976075,410.82976638999986,101,,
0.001,1064390,1.4190015117526054,,,,1065000,-56.71737017822266,,,882.118842959404,1000.0
,,,1112,951.29,10529,1065437,,423.2480516299999,101,,
0.001,1068390,1.4727393930256367,1116,966.77,10555,1069437,-56.97634816741943,455.95948869999995,101,,
0.001,1069390,1.4574673484414815,,,,1070000,-57.10324406433106,,,913.0297012329102,1000.0
0.001,1072390,1.4552261182367803,1120,975.09,10590,1073437,-57.324277366638185,471.06628027,101,,
0.001,1074390,1.3521169957220553,,,,1075000,-57.61859116363525,,,889.5251434803009,1000.0
0.001,1076390,1.2883000119924546,1124,975.09,10622,1077437,-57.548725997924805,480.17286829,101,,
0.001,1079390,1.2328164504766463,,,,1080000,-57.9628720703125,,,929.7182146012783,1000.0
0.001,1080390,1.3082182470858097,1128,987.88,10668,1081437,-58.118786933898924,494.61144864999994,101,,
0.001,1084390,1.4123468225896358,,,,1085000,-59.00760078430176,,,918.866441810131,1000.0
,,,1132,987.88,10715,1085437,,504.29655869000004,101,,
0.001,1088390,1.3534062034785748,1136,987.88,10746,1089437,-59.514107917785644,513.55689919,101,,
0.001,1089390,1.547417591392994,,,,1090000,-59.496405067443845,,,940.7206103146076,1000.0
0.001,1092390,1.5058592111766338,1140,987.88,10791,1093437,-59.882583114624026,520.06000997,101,,
0.001,1094390,1.3630321462601422,,,,1095000,-60.16729705047607,,,946.4426035165786,1000.0
0.001,1096390,1.321480217024684,1144,987.88,10835,1097437,-60.32022229003906,567.7963137200001,101,,
0.001,1099390,1.4077501175552607,,,,1100000,-60.265639793396,,,878.2098819613457,1000.0
0.001,1100390,1.1672521348893643,1148,987.88,10876,1101437,-60.5158895111084,572.72441168,101,,
0.001,1104390,1.5812525379359723,,,,1105000,-60.89851187133789,,,904.1617997586727,1000.0
,,,1152,984.6,10921,1105109,,572.76989041,101,,
0.001,1108062,1.6750150832384825,1156,984.6,10947,1109109,-60.8020693359375,575.52776424,101,,
0.001,1109062,1.5851519935727119,,,,1110000,-60.97113487243652,,,835.7074550271034,1000.0
0.001,1112062,1.461491887420416,1160,984.6,10992,1113109,-61.18349217224121,566.25037448,101,,
0.001,1114062,1.701319558262825,,,,1115000,-61.28723825836182,,,932.0399835944175,1000.0
0.001,1116062,2.0009222421348096,1164,984.6,11038,1117109,-61.34019792938233,567.6987645800001,101,,
0.001,1119062,1.3518835976421832,,,,1120000,-61.333805374145506,,,936.3499200046062,1000.0
0.001,1120062,1.3780589547157287,1168,984.6,11082,1121109,-61.37923393249512,568.74691365,101,,
0.001,1124062,1.306680773064494,,,,1125000,-61.90016796112061,,,947.2953994989396,1000.0
,,,1172,984.6,11126,1125109,,569.8878309899999,101,,
0.001,1128062,1.331731488481164,1176,984.6,11155,1129109,-62.67857134246826,563.43738376,101,,
0.001,1129062,1.4865137562304735,,,,1130000,-62.660269256591796,,,957.9871867716313,1000.0
0.001,1132062,1.0652201738506555,1180,984.6,11199,1133109,-62.88083600616455,563.4924396900001,101,,
0.001,1134062,1.2324274594634772,,,,1135000,-63.07969745635987,,,930.042461502552,1000.0
0.001,1136062,1.2794443795382977,1184,984.6,11243,1137109,-63.155156372070316,561.6850175899999,101,,
0.001,1139062,1.425796372666955,,,,1140000,-63.49559421539307,,,911.589418566227,1000.0
0.001,1140062,1.37563939422369,1188,996.72,11286,1141109,-63.4735354309082,570.6889840599999,101,,
0.001,1144062,1.1325839460492133,,,,1145000,-63.64424560546875,,,941.3470697581768,1000.0
,,,1192,996.72,11328,1145109,,573.86398385,101,,
0.001,1148062,1.2875721967369318,1196,996.72,11356,1149109,-63.9527825012207,575.0336760499999,101,,
0.001,1149062,1.25847280472517,,,,1150000,-64.1990016708374,,,909.2243556797505,1000.0
0.001,1152062,1.215335840716958,1200,996.72,11398,1153109,-64.2201841506958,575.9784209100001,101,,
0.001,1154062,1.2350457100868224,,,,1155000,-64.30188320159913,,,863.1345483243465,1000.0
0.001,1156062,1.2278361398726703,1204,996.72,11439,1157109,-64.35800168609619,575.2982333399999,101,,
0.001,1159062,1.121881257519126,,,,1160000,-64.49451400756836,,,879.5642565131187,1000.0
0.001,1160062,1.0267617722302675,1208,996.72,11482,1161109,-64.70335748291015,575.0635573999999,101,,
0.001,1164062,1.4117204365432263,,,,1165000,-64.96933771514892,,,785.1907698631287,1000.0
,,,1212,996.72,11525,1165109,,577.1180748099999,101,,
0.001,1168062,1.207385834261775,1216,996.72,11554,1169109,-64.77781336212158,578.25392836,101,,
0.001,1169062,1.3726657997518779,,,,1170000,-64.59995288848877,,,866.348245191574,1000.0
0.001,1172062,1.0645047496706248,1220,996.72,11597,1173109,-64.91619515228271,578.52578399,101,,
0.001,1174062,1.2658165955990552,,,,1175000,-65.20529856109619,,,908.9834854960442,1000.0
0.001,1176062,1.2042756529152394,1224,996.72,11639,1177109,-65.0938592376709,578.3797445499999,101,,
0.001,1179062,1.1246307204812764,,,,1180000,-65.0301064529419,,,879.2452882111072,1000.0
0.001,1180062,1.2795858063101768,1228,996.72,11681,1181109,-64.9307526473999,578.3752834699999,101,,
0.001,1184062,1.2910564406216145,,,,1185000,-64.88167546844483,,,895.9587363600731,1000.0
,,,1232,996.72,11727,1185109,,579.02338249,101,,
0.001,1188062,1.2838532770127058,1236,996.72,11755,1189109,-65.12730381774902,579.19883352,101,,
0.001,1189062,1.1939467561095953,,,,1190000,-65.13961545562744,,,937.9906572937965,1000.0
0.001,1192062,0.9715259552747011,1240,996.72,11785,1193109,-65.01593692016601,580.2816060099999,101,,
0.001,1194062,0.979369715437293,,,,1195000,-65.06652879333497,,,907.548138922453,1000.0
0.001,1196062,1.0461957441717387,1244,996.72,11815,1197109,-65.0502693939209,580.01985328,101,,
0.001,1199062,1.1422089933305979,,,,1200000,-64.95904653930664,,,932.3881162643432,1000.0
0.001,1200062,1.095717277571559,1248,996.72,11844,1201109,-65.06564718627929,581.89481365,101,,
0.001,1204062,1.1539036693274975,,,,1205000,-65.10594116973877,,,933.2626703381538,1000.0
,,,1252,1000.0,11891,1205109,,585.75867406,101,,
0.001,1208062,1.2401791998147964,1256,1000.0,11920,1209109,-65.23932320404053,587.0512713899999,101,,
0.001,1209062,1.520666276857257,,,,1210000,-65.20093120574951,,,937.3027231693268,1000.0
0.001,1212062,1.1404352591633797,1260,1000.0,11962,1213109,-65.38735191345215,598.67305536,101,,
0.001,1214062,1.1221583092212677,,,,1215000,-65.47343685150146,,,926.1267837822437,1000.0
0.001,1216062,1.3475381110310554,1264,1000.0,12007,1217109,-65.34670714569091,599.0732321200001,101,,
0.001,1219062,1.2211102790683508,,,,1220000,-65.61683364105225,,,963.749609720707,1000.0
0.001,1220062,1.401241408124566,1268,1000.0,12062,1221109,-65.59516886138915,597.33374983,101,,
0.001,1224062,1.21754499694705,,,,1225000,-65.90757693481446,,,922.0033444344997,1000.0
,,,1272,1000.0,12109,1225109,,596.66244663,101,,
0.001,1228062,1.3994916672557591,1276,1000.0,12139,1229109,-65.97679172515869,604.12933731,101,,
0.001,1229062,1.2471375481039286,,,,1230000,-66.09453298187256,,,925.242252779007,1000.0
0.001,1232062,1.0627488261014224,1280,1000.0,12184,1233109,-66.03591933441162,604.40167455,101,,
0.001,1234062,1.311166908994317,,,,1235000,-66.069584274292,,,939.9341623067855,1000.0
0.001,1236062,1.197852440983057,1284,1000.0,12230,1237109,-65.9986978378296,605.26754878,101,,
0.001,1239062,1.406272404715419,,,,1240000,-65.71580783081055,,,904.3651610672474,1000.0
0.001,1240062,1.4063749154806138,1288,1000.0,12275,1241109,-65.69953494262695,604.41318819,101,,
0.001,1244062,1.1789544769823552,,,,1245000,-65.68172604370118,,,923.0065567791462,1000.0
,,,1292,1000.0,12320,1245109,,604.3671379699999,101,,
0.001,1248062,1.0857927565723657,1296,1000.0,12350,1249109,-65.78068115234375,603.4874052499999,101,,
0.001,1249062,1.066269716322422,,,,1250000,-65.87014199066162,,,925.7627981901169,1000.0
0.001,1252062,1.3005852737873793,1300,1000.0,12395,1253109,-65.6440878982544,603.7279120100001,101,,
0.001,1254062,1.090715227395296,,,,1255000,-65.55331478118896,,,943.6035399019718,1000.0
0.001,1256062,0.9821623988598586,1304,1000.0,12440,1257109,-65.80417058563232,606.36230244,101,,
0.001,1259062,1.2890984286367893,,,,1260000,-65.93569844055176,,,899.8247121095658,1000.0
0.001,1260062,1.227189162403345,1308,1000.0,12485,1261109,-65.8821457748413,606.13713893,101,,
0.001,1264062,1.1534903215914964,,,,1265000,-65.8388963470459,,,943.2509632229805,1000.0
,,,1312,1000.0,12531,1265109,,606.63718457,100,,
0.001,1268062,0.9519632038474083,1316,1000.0,12561,1269109,-66.11201145935058,607.61626356,101,,
0.001,1269062,1.025926182463765,,,,1270000,-66.185016166687,,,943.5375054597855,1000.0
0.001,1272062,1.181285935819149,1320,1000.0,12606,1273109,-66.18650133514404,608.86971961,100,,
0.001,1274062,1.295664718106389,,,,1275000,-66.29494622039795,,,945.7429510951042,1000.0
0.001,1276062,1.098171042613685,1324,1000.0,12650,1277109,-66.44669654846192,610.99522792,100,,
0.001,1279062,1.2329873834252358,,,,1280000,-66.41845168304444,,,927.6837753534317,1000.0
0.001,1280062,0.9496112383231521,1328,1000.0,12696,1281109,-66.4659538269043,611.53336336,100,,
0.001,1284062,0.8995285115092992,,,,1285000,-66.50440462493897,,,937.1695646345615,1000.0
,,,1332,1000.0,12741,1285109,,612.06374432,100,,
0.001,1288062,0.9302806922718883,1336,1000.0,12767,1289109,-66.33779448699951,601.51405558,100,,
0.001,1289062,0.9604083037823439,,,,1290000,-66.42039457702637,,,944.9759043097496,1000.0
0.001,1292062,0.7958431457653642,1340,993.34,12805,1292443,-66.71771804046631,597.9549793699999,100,,
0.001,1294396,1.0979198667109014,,,,1295000,-66.61952773284912,,,872.7310978353023,1000.0
0.001,1295396,1.0082173374295236,1344,993.34,12842,1296443,-66.49966761016846,591.4403676799999,100,,
0.001,1299396,0.9890198744833469,,,,1300000,-66.37576837921142,,,929.107486307621,1000.0
,,,1348,993.34,12881,1300443,,578.6930109399999,100,,
0.001,1303396,1.0425997400730849,1352,993.34,12908,1304443,-66.20724927520752,570.85348156,101,,
0.001,1304396,1.3000831665098667,,,,1305000,-66.15580583190918,,,923.1542291164399,1000.0
0.001,1307396,1.4602595972418786,1356,991.07,12948,1308216,-65.75463150024414,561.7149194599999,101,,
0.001,1309169,1.7108910201787948,,,,1310000,-65.4121611404419,,,896.3013661563397,1000.0
0.001,1311169,1.5161525045931339,1360,991.07,12987,1312216,-65.06676779937744,549.49983176,101,,
0.001,1314169,2.07921202711761,,,,1315000,-64.32094190216064,,,806.0699473708868,1000.0
0.001,1315169,1.9611537098735572,1364,984.14,13026,1315523,-64.03812754058838,542.09936772,100,,
0.001,1317702,1.5995577753117654,1368,976.4,13044,1318749,-63.87929919757674,525.9329728199999,101,,
0.001,1319702,1.6683126083612443,,,,1320000,-63.173556800842285,,,889.79925506711,1000.0
0.001,1321702,1.7049850329756737,1372,976.4,13084,1322749,-62.92838703918457,521.096553,101,,
0.001,1324702,1.6130391383767129,,,,1325000,-62.933600402832035,,,862.653381550312,1000.0
0.001,1325702,1.7529397797137498,1376,976.4,13125,1326749,-62.77004284667969,509.47386174999997,101,,
0.001,1329702,1.6785933254212142,,,,1330000,-62.59355419921875,,,879.0961593717336,1000.0
,,,1380,976.4,13165,1330749,,497.1568416799999,101,,
0.001,1333702,1.4989078557938338,1384,976.4,13192,1334749,-62.04983660888672,492.15612797999995,101,,
0.001,1334702,1.6627277591228484,,,,1335000,-62.15440361785889,,,858.6746413111687,1000.0
0.001,1337702,1.4384041245877743,1388,976.4,13232,1338749,-62.04713410949707,492.0961269699999,101,,
0.001,1339702,1.7005835110545158,,,,1340000,-62.0507864151001,,,897.3785910367966,1000.0
0.001,1341702,1.5441461872458457,1392,976.4,13272,1342749,-62.02214907836914,490.62710591,101,,
0.001,1344702,1.4484118721336126,,,,1345000,-61.940405303955075,,,879.6344198584557,1000.0
0.001,1345702,1.423703182131052,1396,976.4,13311,1346749,-61.91525160980225,489.25733427000006,101,,
0.001,1349702,1.4456285549104213,,,,1350000,-61.980472915649415,,,864.885638910532,1000.0
,,,1400,976.4,13344,1350749,,483.84194623999997,101,,
0.001,1353702,1.4628061731606723,1404,976.4,13365,1354749,-61.34390972137451,479.17156155,101,,
0.001,1354702,1.4670796483308077,,,,1355000,-61.460871147155764,,,897.4586101710796,1000.0
0.001,1357702,1.0738213220834731,1408,976.4,13396,1358749,-61.70823770141602,478.20359621999995,101,,
0.001,1359702,1.0910504249632358,,,,1360000,-61.41505294799805,,,882.2581113219261,1000.0
0.001,1361702,1.1353239038139582,1412,976.4,13427,1362749,-61.27631188964844,475.02885053,101,,
0.001,1364702,1.185851575165987,,,,1365000,-60.93159287261963,,,934.8628085672856,1000.0
0.001,1365702,1.269239997908473,1416,976.4,13457,1366749,-60.98918811798096,472.09519241000004,101,,
0.001,1369702,1.130545108065009,,,,1370000,-60.86505558013916,,,873.8136841893196,1000.0
,,,1420,976.4,13488,1370749,,471.12006686000007,101,,
0.001,1373702,1.9385790679901838,1424,976.4,13509,1374749,-60.65500566101074,468.3222567300001,101,,
0.001,1374702,1.5616282476037742,,,,1375000,-60.89351037597656,,,873.9524156153202,1000.0
0.001,1377702,1.428983691751957,1428,976.4,13540,1378749,-60.61834700012207,467.78641181,101,,
0.001,1379702,1.6548244498670102,,,,1380000,-60.61411505126953,,,916.2761970430613,1000.0
0.001,1381702,1.558170944057405,1432,976.4,13571,1382749,-60.800084182739255,466.7295560700001,101,,
0.001,1384702,1.660415451347828,,,,1385000,-60.86932138061523,,,923.6295953273773,1000.0
0.001,1385702,1.5921880955398082,1436,976.4,13601,1386749,-60.76251966094971,476.30350908,101,,
0.001,1389702,1.5213388599455357,,,,1390000,-60.21159929656982,,,850.5711565688252,1000.0
,,,1440,983.06,13633,1390749,,476.28907319000007,102,,
0.001,1393702,1.3232949754744767,1444,983.06,13654,1394749,-59.48988692474365,480.474098,102,,
0.001,1394702,1.6885494600534439,,,,1395000,-59.37122069549561,,,798.0877356052399,1000.0
0.001,1397702,1.6953234314471484,1448,983.06,13685,1398749,-59.021218627929684,487.46930758,102,,
0.001,1399702,1.4551902644187211,,,,1400000,-58.88251473236084,,,547.6822254180909,1000.0
0.001,1401702,1.4351423269808292,1452,983.06,13715,1402749,-58.9267866897583,489.7178982,102,,
0.001,1404702,1.4525221027135848,,,,1405000,-59.14708302307129,,,891.8038436830044,1000.0
0.001,1405702,1.3161624760627746,1456,985.33,13746,1406749,-59.16995083618164,496.24044054999996,102,,
0.001,1409702,1.447571115590632,,,,1410000,-59.206308959960936,,,930.9409895598889,1000.0
,,,1460,985.33,13776,1410749,,505.26134804000003,102,,
0.001,1413702,1.561380160972476,1464,992.26,13797,1414749,-59.29458213806152,509.00231435,102,,
0.001,1414702,1.5503390112519264,,,,1415000,-59.16487093353272,,,808.1820387065411,1000.0
0.001,1417702,1.2566111633479595,1468,1000.0,13828,1418749,-58.98412020874024,523.24868291,102,,
0.001,1419323,1.6920140684370832,,,,1420000,-59.14010642267043,,,891.2441261708736,1000.0
0.001,1421323,1.178232819020748,1472,996.21,13857,1422370,-59.500523696899414,524.27008104,102,,
0.001,1424323,1.2296885938048363,,,,1425000,-59.90779093933106,,,890.1336797952652,1000.0
0.001,1425323,1.3151310552358628,1476,996.21,13888,1426370,-60.121891723632814,535.07837755,102,,
0.001,1429323,0.8693773363009095,,,,1430000,-60.79651320648193,,,937.21988286376,1000.0
,,,1480,996.21,13918,1430370,,547.41319255,102,,
0.001,1433323,1.010591851040721,1484,996.21,13939,1434370,-61.192592979431154,553.33207723,102,,
0.001,1434323,1.0182530279010533,,,,1435000,-61.48013793945312,,,943.9281205356122,1000.0
0.001,1437323,0.9884785587415099,1488,996.21,13970,1438370,-61.827406127929684,550.53864336,102,,
0.001,1439323,1.0302271548509598,,,,1440000,-62.03560466003418,,,925.5649424672126,1000.0
0.001,1441323,1.3187967716604472,1492,996.21,14000,1442370,-62.149308403015134,552.08915762,103,,
0.001,1444323,1.4523725149035454,,,,1445000,-62.415181983947754,,,919.1830646753311,1000.0
0.001,1445323,1.696253852263093,1496,996.21,14031,1446370,-62.42858203125,552.93183045,103,,
0.001,1449323,1.2226003823578357,,,,1450000,-62.6495548248291,,,923.097531992197,1000.0
,,,1500,996.21,14062,1450370,,557.5645089800001,103,,
0.001,1453070,1.4331021949828389,1504,993.68,14082,1454117,-62.44741534676781,559.3919652200001,103,,
0.001,1454070,1.7829195291250943,,,,1455000,-62.38122408294678,,,921.9582041323185,1000.0
0.001,1457070,1.6814193013757468,1508,993.68,14113,1458117,-62.5150375289917,560.68771126,103,,
0.001,1459070,1.3434198840409517,,,,1460000,-62.455001258850096,,,929.853347826004,1000.0
0.001,1461070,1.8241488245427608,1512,986.03,14143,1461352,-62.53473628997803,548.9244378799999,103,,
0.001,1464305,1.3583224331438541,,,,1465000,-62.733939880371096,,,907.0576383024454,1000.0
,,,1516,986.03,14170,1465352,,550.4428764300001,103,,
0.001,1468305,1.6893304005861283,1520,986.03,14191,1469352,-62.59489492034912,549.49761109,103,,
0.001,1469305,1.5999796263575554,,,,1470000,-62.66279490661621,,,891.9957983851433,1000.0
0.001,1472305,1.3638936040252447,1524,986.03,14222,1473352,-62.66765571594238,549.06990233,103,,
0.001,1474305,1.656687457203865,,,,1475000,-62.623083335876466,,,923.818652895093,1000.0
0.001,1476305,1.5603925653547048,1528,986.03,14253,1477352,-62.537491355895995,545.67190609,103,,
0.001,1479305,1.2753114063739777,,,,1480000,-62.3962103805542,,,903.3991807997227,1000.0
0.001,1480305,1.52051008823514,1532,986.03,14284,1481352,-62.44741740417481,545.03615998,103,,
0.001,1484305,1.2642075675576925,,,,1485000,-62.77597948455811,,,933.4159999310971,1000.0
,,,1536,986.03,14314,1485352,,546.62527098,103,,
0.001,1488305,1.229516866222024,1540,986.03,14336,1489352,-62.57093825531006,547.85360824,103,,
0.001,1489305,1.1928692818880082,,,,1490000,-62.57955656433106,,,912.9653101027012,1000.0
0.001,1492305,1.0774686048924922,1544,986.03,14367,1493352,-62.80394409179687,548.83715134,103,,
0.001,1494305,1.2632165801674127,,,,1495000,-62.85779875946045,,,902.1000989437103,1000.0
0.001,1496305,1.3855096208155155,1548,986.03,14398,1497352,-62.65531256103515,551.33042158,103,,
0.001,1499305,1.0552525015175342,,,,1500000,-62.60408867645263,,,938.5570810198784,1000.0
0.001,1500305,1.1134967324435712,1552,986.03,14429,1501352,-62.67511102294922,552.77686402,104,,
0.001,1504300,1.1734608202124361,,,,1505000,-62.89209093913496,,,938.9620662450791,1000.0
,,,1556,985.98,14461,1505347,,554.5014259100001,104,,
0.001,1508300,0.9640547063648701,1560,985.98,14483,1509347,-62.89077011108398,556.25471562,104,,
0.001,1509300,1.125975607380271,,,,1510000,-63.03587766265869,,,941.7835528433322,1000.0
0.001,1512300,1.1985703115016222,1564,985.98,14514,1513347,-63.49379888916015,559.50607088,104,,
0.001,1514300,1.1053879726231097,,,,1515000,-63.564187393188476,,,938.1374633491039,1000.0
0.001,1516300,1.4376650519669056,1568,985.98,14545,1517347,-63.733522315979,562.10701438,104,,
0.001,1519300,1.080750338330865,,,,1520000,-63.80996176910401,,,916.1749796032906,1000.0
0.001,1520300,1.2135330359637737,1572,989.77,14576,1521347,-63.897895599365235,566.03547758,104,,
0.001,1524300,0.9477247934490443,,,,1525000,-63.92259609222412,,,942.0333009302616,1000.0
,,,1576,989.77,14607,1525347,,562.9482465899999,104,,
0.001,1528300,1.165170569628477,1580,989.77,14628,1529347,-64.46772156524658,561.3918389700001,104,,
0.001,1529300,1.2202370032444596,,,,1530000,-64.54695944213867,,,924.5992762804032,1000.0
0.001,1532300,1.2169004446566105,1584,989.77,14664,1533347,-64.76693009948731,558.3348518100001,104,,
0.001,1534300,1.1034749280214309,,,,1535000,-64.9121178817749,,,937.6958875238895,1000.0
0.001,1536300,1.1289635764956474,1588,989.77,14707,1537347,-64.9627110824585,562.3320943400001,104,,
0.001,1539300,1.217380245015025,,,,1540000,-65.20579106903077,,,962.2013068258763,1000.0
0.001,1540300,1.1565067428946496,1592,989.77,14750,1541347,-65.34447241210937,563.1488414600001,104,,
0.001,1544300,1.237805154055357,,,,1545000,-65.56912796020508,,,934.3816350996494,1000.0
,,,1596,989.77,14794,1545347,,564.6849373499999,104,,
0.001,1548300,1.0948602989017964,1600,989.77,14824,1549347,-65.71976290893555,565.8190037500001,104,,
0.001,1549300,1.0465015273690224,,,,1550000,-65.81488883209228,,,963.3190978199243,1000.0
0.001,1552300,0.956292768791318,1604,992.3,14869,1553347,-66.03346228027344,568.70235403,104,,
0.001,1554300,1.1140024345815183,,,,1555000,-65.98212741088867,,,940.5832455158234,1000.0
0.001,1556300,1.25132186742872,1608,992.3,14911,1557347,-66.01414214324952,570.1497263599999,104,,
0.001,1559300,1.187083185084164,,,,1560000,-66.1570273361206,,,939.1430834412574,1000.0
0.001,1560300,0.9812447549551725,1612,999.95,14952,1561347,-66.11938098907471,585.42701378,104,,
0.001,1564300,1.0811074319183827,,,,1565000,-66.26451498413086,,,949.5381858348846,1000.0
,,,1616,999.95,14994,1565347,,585.2295454299999,104,,
0.001,1568300,0.8583085980638862,1620,999.95,15021,1569347,-66.60992719268799,587.62636675,104,,
0.001,1569300,1.3300092506408692,,,,1570000,-66.63042002868653,,,943.3227814733982,1000.0
0.001,1572300,1.1795191438496113,1624,999.95,15062,1573347,-66.79058824920654,591.3454386899999,104,,
0.001,1574300,1.203857290804386,,,,1575000,-66.928219871521,,,946.9317986130715,1000.0
0.001,1576300,1.0090837863385678,1628,999.95,15103,1577347,-67.18442141723632,596.6965318499999,104,,
0.001,1579300,0.9423528456538915,,,,1580000,-67.11175960540771,,,949.7578441560269,1000.0
0.001,1580300,1.0994864080250264,1632,995.64,15143,1580916,-67.2072925415039,597.0349439700001,104,,
0.001,1583869,0.8716290516108275,1636,995.64,15167,1584916,-67.39493451690674,598.04344828,104,,
0.001,1584869,0.9932525018751621,,,,1585000,-67.45601235198974,,,928.2986757814884,1000.0
0.001,1587869,1.1052245538309216,1640,995.64,15209,1588916,-67.62981874847412,601.5758796599999,104,,
0.001,1589869,1.063635535851121,,,,1590000,-67.91549921417236,,,924.1785462915898,1000.0
0.001,1591869,1.1157746154740453,1644,995.64,15251,1592916,-67.90962998962402,605.1293208499999,104,,
0.001,1594869,0.9833368411883712,,,,1595000,-67.97349532318115,,,932.4822453022003,1000.0
0.001,1595869,1.1431792683899402,1648,995.64,15293,1596916,-67.86972756195068,608.89100501,104,,
0.001,1599869,0.8915964865237475,,,,1600000,-68.12322769927978,,,966.0088377416134,1000.0
,,,1652,995.64,15334,1600916,,613.45013873,104,,
0.001,1603869,1.1259648030027747,1656,995.69,15362,1604916,-68.20785911560058,616.0362801699999,104,,
0.001,1604869,0.9445500235781074,,,,1605000,-68.11303713226319,,,935.3708158731461,1000.0
0.001,1607869,0.8492351272106171,1660,995.69,15404,1608916,-68.2936981048584,618.09553362,104,,
0.001,1609869,1.0177863195762038,,,,1610000,-68.3737116317749,,,950.2527099788189,1000.0
0.001,1611869,1.0324967155829072,1664,995.69,15447,1612916,-68.36764370727539,619.60266585,104,,
0.001,1614869,0.8458487405627966,,,,1615000,-68.56977439880372,,,957.9748562037945,1000.0
0.001,1615869,0.7881056209281087,1668,995.69,15488,1616916,-68.4792568435669,621.8704448899999,104,,
0.001,1619869,0.8774616914913058,,,,1620000,-68.43715162658691,,,948.5191803991795,1000.0
,,,1672,995.69,15529,1620916,,622.2475366699999,104,,
0.001,1623869,1.1815882133767008,1676,995.69,15556,1624916,-68.32107074737549,626.5128575299999,104,,
0.001,1624869,1.1064475055485963,,,,1625000,-68.38791822814942,,,885.618223541975,1000.0
0.001,1627869,1.206438345745206,1680,995.69,15596,1628916,-68.24277894592285,628.07753138,104,,
0.001,1629869,1.0888360851332546,,,,1630000,-68.03754418945313,,,969.6326135754585,1000.0
0.001,1631869,0.9070783786401153,1684,995.69,15636,1632916,-68.20408222961426,631.3320562499999,104,,
0.001,1634869,0.928183521322906,,,,1635000,-68.23388967132568,,,914.6102422833443,1000.0
0.001,1635869,1.0956683567389847,1688,995.69,15676,1636916,-68.22419270324707,631.8769271900001,104,,
0.001,1639300,1.0751765854135156,,,,1640000,-68.14763905334473,,,887.6832754552364,1000.0
,,,1692,990.0,15713,1640347,,628.0169841,104,,
0.001,1643300,1.1610013140589,1696,990.0,15739,1644347,-68.02455921173096,627.2225614599998,104,,
0.001,1644300,0.86009231723845,,,,1645000,-68.11748022460938,,,940.5903083503247,1000.0
0.001,1647300,0.876669252961874,1700,990.0,15779,1648347,-68.20542532348632,626.77238509,104,,
0.001,1649300,0.8204241104349494,,,,1650000,-67.98925820922851,,,911.7699653327466,1000.0
0.001,1650903,0.8767866218095,1704,986.03,15816,1651950,-67.99372110968808,620.1549286799999,104,,
0.001,1654903,1.2096967789903283,,,,1655000,-68.1181171875,,,938.3483225226403,1000.0
,,,1708,986.03,15860,1655950,,620.68273975,104,,
0.001,1658903,0.8411204593479633,1712,986.03,15888,1659950,-68.06319499206543,620.9816066000001,104,,
0.001,1659903,0.7567274869903922,,,,1660000,-68.18269990539551,,,940.8365763008594,1000.0
0.001,1662903,0.8040553247705102,1716,986.03,15930,1663950,-68.34052494812012,622.45180065,104,,
0.001,1664903,0.8405050196871161,,,,1665000,-68.20735318756104,,,950.3472373127937,1000.0
0.001,1666903,0.592718540392816,1720,986.03,15972,1667950,-68.28691038513183,622.6941908399999,104,,
0.001,1669903,0.7081019248515368,,,,1670000,-68.3463055419922,,,959.8313348591328,1000.0
0.001,1670903,0.6469936336502433,1724,986.03,16012,1671950,-68.28253545379638,622.94551727,104,,
0.001,1673991,0.9254406787753106,,,,1675000,-68.54982116699219,,,952.8736472249032,1000.0
,,,1728,976.91,16048,1675038,,616.94580873,104,,
0.001,1677991,0.9790205815583467,1732,981.22,16074,1679038,-68.71352101135254,619.92212633,104,,
0.001,1678991,0.754740232847631,,,,1680000,-68.66167901611328,,,925.9517971277237,1000.0
0.001,1681991,0.8552439937517047,1736,981.22,16115,1683038,-68.64766273498535,619.90024754,104,,
0.001,1683991,0.7397911861762404,,,,1685000,-68.7621114654541,,,869.4190712988377,1000.0
0.001,1685991,0.7535858355388045,1740,981.22,16154,1687038,-68.71406715393067,619.9047275199999,104,,
0.001,1688991,0.6196679325178266,,,,1690000,-68.78404608154297,,,870.3075410604476,1000.0
0.001,1689991,0.7166874329224229,1744,981.22,16193,1691038,-68.74483274841309,619.42770781,104,,
0.001,1693991,0.9079292533546686,,,,1695000,-68.64996868133545,,,938.854414665699,1000.0
,,,1748,981.22,16233,1695038,,618.87966653,104,,
0.001,1697991,0.8849074607715011,1752,981.22,16262,1699038,-68.5805417175293,619.16469275,104,,
0.001,1698991,0.9726873980164528,,,,1700000,-68.71840548706055,,,942.0300596058369,1000.0
0.001,1701991,0.7163642171472311,1756,981.22,16304,1703038,-68.80130514526367,618.4259318699999,104,,
0.001,1703991,0.9535324500501156,,,,1705000,-68.61014768981934,,,893.6432808578014,1000.0
0.001,1705991,0.9258314898312092,1760,981.22,16346,1707038,-68.47364275360107,617.00067981,104,,
0.001,1708991,0.786967460937798,,,,1710000,-68.35516386413575,,,945.2756761193275,1000.0
0.001,1709991,0.5874820360690355,1764,981.22,16387,1711038,-68.2491383972168,615.96746905,104,,
0.001,1713991,0.9292889373078942,,,,1715000,-68.56066090393067,,,920.8069280445576,1000.0
,,,1768,981.22,16429,1715038,,616.4319439000001,104,,
0.001,1717991,0.6698678536787629,1772,981.22,16457,1719038,-68.56928708648681,617.1415791200001,104,,
0.001,1718991,0.9025110551714897,,,,1720000,-68.63911534118652,,,930.2828180015088,1000.0
0.001,1721489,0.6555370478406548,1776,976.2,16496,1722536,-68.73645446777344,614.7433647700001,104,,
0.001,1724489,0.6528964372202753,,,,1725000,-68.9189928741455,,,960.2801507294178,1000.0
0.001,1725489,0.8407025298029185,1780,976.2,16537,1726536,-68.98926188659668,616.27248778,104,,
0.001,1729489,0.9157691048830747,,,,1730000,-69.02254789733887,,,968.8421792447567,1000.0
,,,1784,976.2,16578,1730536,,611.77334396,104,,
0.001,1733489,0.6795685375109315,1788,976.2,16606,1734536,-69.1783936767578,612.5321593799999,104,,
0.001,1734489,0.6006313650086522,,,,1735000,-69.32504791259765,,,965.9161646962166,1000.0
0.001,1737489,0.7726451327949763,1792,981.89,16648,1738536,-69.27169377136231,616.77196021,104,,
0.001,1739489,0.5315799532011152,,,,1740000,-69.21486897277832,,,963.3631777703762,1000.0
0.001,1741489,0.6230401935204863,1796,981.89,16690,1742536,-69.2350359954834,618.24380319,104,,
0.001,1744489,0.7995190888643264,,,,1745000,-69.24033992004395,,,928.5426226973534,1000.0
0.001,1745489,0.6679254661872983,1800,981.89,16733,1746536,-69.32373460388183,619.2830308099999,104,,
0.001,1749489,0.6765030025094747,,,,1750000,-69.24915235900879,,,943.2596595585346,1000.0
,,,1804,985.86,16776,1750536,,625.60586084,104,,
0.001,1753339,0.9628987233415246,1808,984.36,16803,1754386,-69.2014780883789,624.69670824,104,,
0.001,1754339,0.9464923274740576,,,,1755000,-69.18358863830566,,,910.0185028791427,1000.0
0.001,1757339,0.7323142688944936,1812,984.36,16845,1758386,-69.15686693572998,624.56827026,104,,
0.001,1759891,1.0459835186079145,,,,1760000,-69.15013407897949,,,923.9465198576451,1000.0
,,,1816,963.87,16875,1760337,,611.28840138,104,,
0.001,1763290,1.137279072523117,1820,963.87,16899,1764337,-69.0310951538086,610.56876865,104,,
0.001,1764290,0.995307605817914,,,,1765000,-69.06598477172851,,,888.0679598987102,1000.0
0.001,1767290,0.9486710678711534,1824,963.87,16941,1768337,-68.85990036010742,609.1922233199999,104,,
0.001,1769290,0.8136862601265311,,,,1770000,-68.80395796203614,,,930.2976759374142,1000.0
0.001,1771290,0.8865911036208272,1828,972.99,16983,1772337,-68.90131259155274,614.69071891,104,,
0.001,1774290,1.0647324072420596,,,,1775000,-68.81457035064697,,,907.1373333215713,1000.0
0.001,1775290,0.7782469069361687,1832,972.99,17025,1776337,-68.78433660888672,613.11694207,104,,
0.001,1779290,0.8860734236612916,,,,1780000,-68.5238366394043,,,856.671147108078,1000.0
,,,1836,972.99,17067,1780337,,611.54948553,104,,
0.001,1783290,0.7386644035726786,1840,972.99,17095,1784337,-68.33556035614014,610.5832209600001,104,,
0.001,1784290,0.794291377171874,,,,1785000,-68.324827583313,,,894.3120543599128,1000.0
0.001,1787290,0.7530654933527112,1844,972.99,17137,1788337,-68.33726124572753,610.43099966,104,,
0.001,1789290,0.7248322759047151,,,,1790000,-68.18686329650879,,,918.8608247280121,1000.0
0.001,1791290,0.8619402844458819,1848,972.99,17179,1792337,-68.2667922744751,610.73776136,104,,
0.001,1794290,1.3278558275997638,,,,1795000,-68.33040263366699,,,937.2567374587059,1000.0
0.001,1795290,0.8890788143202663,1852,972.99,17222,1796337,-68.47093502807617,611.1407810599999,104,,
0.001,1799290,1.0779379287138582,,,,1800000,-68.36882246398926,,,874.6710324883461,1000.0
,,,1856,972.99,17263,1800337,,610.7171046999999,104,,
0.001,1803290,0.8094973669871688,1860,972.99,17290,1804337,-68.24085235595703,607.8874034400001,104,,
0.001,1804290,0.8215323060005904,,,,1805000,-68.08127622222901,,,866.4069231986999,1000.0
0.001,1807290,0.8557686006426811,1864,972.99,17330,1808337,-68.16790481567382,607.3437132,104,,
0.001,1809290,0.931315196685493,,,,1810000,-68.00182350158691,,,906.6007607936859,1000.0
0.001,1811290,1.1572388804480433,1868,972.99,17370,1812337,-68.03769678497315,606.04992295,104,,
0.001,1814290,0.7807388893291354,,,,1815000,-67.87821449279785,,,901.0421688079834,1000.0
0.001,1815290,0.7289117727726698,1872,972.99,17410,1816337,-67.95861451721191,604.91888208,104,,
0.001,1819290,0.8826842246353627,,,,1820000,-67.91281008911133,,,890.8279261231422,1000.0
,,,1876,978.01,17451,1820337,,607.56867339,104,,
0.001,1823290,0.8161854936033487,1880,978.01,17479,1824337,-67.91551528167724,606.03026507,104,,
0.001,1824290,0.7717348781898618,,,,1825000,-67.92210652160645,,,953.4541202545166,1000.0
0.001,1827290,0.6855088415071369,1884,978.01,17521,1828337,-68.11573645782471,611.16206063,104,,
0.001,1829290,0.7974638265296817,,,,1830000,-68.21179914855956,,,903.088467758894,1000.0
0.001,1831290,0.8839943167716264,1888,978.01,17563,1832337,-68.24225509643554,610.66853135,104,,
0.001,1834290,0.8978558360785246,,,,1835000,-68.2828738861084,,,851.3803814232349,1000.0
0.001,1835290,0.9034501754939556,1892,978.01,17606,1836337,-68.25855117797852,605.94426371,104,,
0.001,1839290,1.0334258304908872,,,,1840000,-67.98136092376708,,,891.0032363593579,1000.0
,,,1896,978.01,17648,1840337,,604.64346402,104,,
0.001,1843290,0.8540522493422031,1900,978.01,17676,1844337,-67.87741373443603,603.4209246,104,,
0.001,1844290,0.932447888456285,,,,1845000,-67.80237533569336,,,836.495301938057,1000.0
0.001,1847290,0.8865671681836248,1904,978.01,17718,1848337,-67.66020791625976,601.96744881,104,,
0.001,1849290,0.8085835339725017,,,,1850000,-67.66631255340576,,,908.7150740265846,1000.0
0.001,1851290,0.91537714137882,1908,979.51,17755,1852337,-67.65675325775146,602.31019301,104,,
0.001,1854290,0.8815704395249486,,,,1855000,-67.91436098480224,,,905.9323558926583,1000.0
0.001,1855290,0.989702961191535,1912,979.51,17794,1856337,-67.84444876098632,602.46474045,104,,
0.001,1859290,1.3825785365402699,,,,1860000,-67.7987183227539,,,836.2253667354584,1000.0
,,,1916,1000.0,17835,1860337,,614.6438190199999,104,,
0.001,1863290,1.1477910270169378,1920,1000.0,17862,1864337,-67.72632933807373,613.75973546,104,,
0.001,1864290,1.07703295571357,,,,1865000,-67.56516613006592,,,887.8697088360786,1000.0
0.001,1867290,0.7922234850302339,1924,1000.0,17901,1868337,-67.54583728790283,613.5926493700001,104,,
0.001,1869290,0.6670370321944356,,,,1870000,-67.52415719604492,,,923.5106830000877,1000.0
0.001,1871290,0.5418154368847609,1928,1000.0,17942,1872337,-67.58465082550049,613.14720331,104,,
0.001,1874290,0.886230507336557,,,,1875000,-67.60767456054687,,,911.5712017357349,1000.0
0.001,1875290,0.8741781052127481,1932,1000.0,17981,1876337,-67.62514559173584,608.60157725,104,,
0.001,1879290,0.7828935454562307,,,,1880000,-67.74724633026123,,,931.6980561554432,1000.0
,,,1936,1000.0,18021,1880337,,607.42258744,104,,
0.001,1883290,0.9508058006986976,1940,1000.0,18048,1884337,-67.6925305633545,608.1636977200001,104,,
0.001,1884290,0.9357195329517126,,,,1885000,-67.93426625061035,,,915.9430368363858,1000.0
0.001,1887290,0.9462158842906356,1944,1000.0,18088,1888337,-67.8845362701416,604.54466,104,,
0.001,1889290,0.9102709052860737,,,,1890000,-67.93676064300537,,,938.4693890035153,1000.0
0.001,1891290,0.9645392636880279,1948,1000.0,18127,1892337,-67.86557259368897,604.7531239499999,104,,
0.001,1894290,0.9301307749450207,,,,1895000,-68.12161780548095,,,861.1384941458703,1000.0
0.001,1895290,1.0200413857847452,1952,1000.0,18168,1896337,-68.0729655532837,603.5362565099999,104,,
0.001,1899290,0.9036010437086225,,,,1900000,-67.80273455047607,,,851.2858015596867,1000.0
,,,1956,1000.0,18208,1900337,,602.7549333999999,104,,
0.001,1903290,0.8589690576344728,1960,1000.0,18234,1904337,-67.61316465759278,604.7898987,104,,
0.001,1904290,0.8871682921350003,,,,1905000,-67.55719553375243,,,820.5208623826504,1000.0
0.001,1907290,0.8376267862766981,1964,1000.0,18275,1908337,-67.4211876220703,604.98680359,104,,
0.001,1909290,1.00813730494678,,,,1910000,-67.4987112197876,,,908.1292787671089,1000.0
0.001,1911290,0.9995509646385908,1968,1000.0,18315,1912337,-67.43352136230469,604.4580519799998,104,,
0.001,1914290,0.7791203158572316,,,,1915000,-67.43220013427734,,,896.71175750494,1000.0
0.001,1915290,1.126206687629223,1972,1000.0,18356,1916337,-67.4581070022583,604.6075186899999,104,,
0.001,1919290,1.2215695171952248,,,,1920000,-67.34513834381103,,,805.5126963615418,1000.0
,,,1976,1000.0,18395,1920337,,603.6812879000001,104,,
0.001,1923290,0.7864693917632103,1980,1000.0,18422,1924337,-67.1274645690918,602.4462439,104,,
0.001,1924290,0.73021619836241,,,,1925000,-67.09575828552246,,,856.5164384722709,1000.0
0.001,1927290,0.9723476774841547,1984,1000.0,18461,1928337,-66.89912886810303,600.5401643900001,104,,
0.001,1929290,0.9444977823495865,,,,1930000,-66.88360620880127,,,868.7433657228946,1000.0
0.001,1931290,0.9021084287911654,1988,1000.0,18501,1932337,-66.65042561340331,598.26825341,104,,
0.001,1934290,1.1751026147082448,,,,1935000,-66.31852982330322,,,839.6437558829784,1000.0
0.001,1935290,1.0218279823064804,1992,1000.0,18542,1936337,-66.36256086730957,599.33476435,104,,
0.001,1939290,1.1258391897529363,,,,1940000,-66.28683548736572,,,871.7425293564796,1000.0
,,,1996,1000.0,18583,1940337,,588.0973793000001,104,,
0.001,1943290,1.081296924613416,2000,1000.0,18609,1944337,-65.9041798324585,585.9835572300001,104,,
0.001,1944290,0.8957540804743767,,,,1945000,-65.90148413085937,,,824.1008597195148,1000.0
0.001,1947290,0.8575426194816828,2004,1000.0,18650,1948337,-65.78525347137452,585.5233481800001,104,,
0.001,1949290,0.8629947818443179,,,,1950000,-65.79698550415038,,,818.7778159201146,1000.0
0.001,1951290,0.8172627149820327,2008,1000.0,18691,1952337,-65.81510346984864,583.6834086,104,,
0.001,1954290,0.7387690309360624,,,,1955000,-65.78572152709961,,,825.8648188829422,1000.0
0.001,1955290,0.9147070098221302,2012,1000.0,18732,1956337,-65.77637607574462,581.50739073,104,,
0.001,1959290,0.7923480473123491,,,,1960000,-65.55577883911133,,,919.1192959964276,1000.0
,,,2016,1000.0,18772,1960337,,580.8563440700001,104,,
0.001,1963290,1.0355030415281654,2020,1000.0,18799,1964337,-65.48854009246826,580.04672895,104,,
0.001,1964290,1.0129083767682314,,,,1965000,-65.43367447662354,,,811.5062274634838,1000.0
0.001,1967290,0.8975698984861374,2024,1000.0,18841,1968337,-65.21420526123048,577.29563059,104,,
0.001,1969290,0.735556664288044,,,,1970000,-65.15050743103028,,,794.360851508379,1000.0
0.001,1971290,0.9996905284672976,2028,1000.0,18883,1972337,-64.79295394134522,575.2482244099999,104,,
0.001,1974290,0.6732168371602892,,,,1975000,-65.0399384765625,,,865.6361544609069,1000.0
0.001,1975290,0.6303323240876197,2032,1000.0,18923,1976337,-64.93568304443359,579.1439322,104,,
0.001,1979290,0.5513646577596665,,,,1980000,-64.93085274505616,,,865.4337204098701,1000.0
,,,2036,1000.0,18963,1980337,,579.39206527,104,,
0.001,1983264,0.6356922530382871,2040,999.74,18989,1984311,-64.59727443695068,569.4481296900001,104,,
0.001,1984264,0.598977616906166,,,,1985000,-64.70569049835206,,,805.065518540144,1000.0
0.001,1987264,0.8350639022290707,2044,999.74,19031,1988311,-64.4715198059082,568.7153811999999,104,,
0.001,1989264,0.7324995354861021,,,,1990000,-64.31624262237548,,,843.3095560610294,1000.0
0.001,1991264,0.6401341531090439,2048,999.74,19073,1992311,-64.38883712768555,566.99968149,104,,
0.001,1994264,0.9316478225961328,,,,1995000,-64.3801309967041,,,860.8836559116841,1000.0
0.001,1995264,0.6865019649639725,2052,999.74,19114,1996311,-64.37243775177002,565.05379727,104,,
0.001,1999264,0.879727992862463,,,,2000000,-64.13962077331543,,,812.4788262873888,1000.0
,,,2056,999.74,19155,2000311,,563.02242703,104,,
